1.0 0.0 0.0 0.0 0.0 1.0 0.0 0.0 0.0 0.0 1.0 0.0
0.9991921186447144 -0.0013423264026641846 0.04016914963722229 0.08498737961053848 0.0013934075832366943 0.9999983906745911 -0.0012372732162475586 -0.009730019606649876 -0.04016749560832977 0.0012922883033752441 0.9991922974586487 0.9452413320541382
0.9966562967054156 -0.004400842143042372 0.08158836048447116 0.21210631529664561 0.00481492267620709 0.9999760474239237 -0.004880569982941285 -0.02471501431946882 -0.08156502115586761 0.0052573834688876 0.9966541774095858 1.8584142095272485
0.992330344649273 -0.004997576126672118 0.12350953649176426 0.42668358413894025 0.005984823169990352 0.9999528746107246 -0.007623136736068948 -0.054239952954263995 -0.12346568765414137 0.008303982272961514 0.9923140035238566 3.275682511724817
0.9858062954341459 -0.0033631679055999924 0.16785217405956343 0.6453074943864361 0.005004820138900747 0.9999438212211128 -0.009354811303310574 -0.0797410234902059 -0.16781150047001164 0.010062024219594562 0.9857679783859572 4.267562499460281
0.9775279619036356 -0.005168730407585444 0.21074203154385363 0.8998851284281013 0.007299070165419524 0.999929839099273 -0.00932978224413559 -0.09971319257376093 -0.21067902855006002 0.010658374033978534 0.9774974241156251 5.202585738375715
0.9672308531559661 -0.0063913000301437225 0.25381767314764975 1.1839896399542895 0.00922010457785207 0.9999078771403963 -0.009955227400852635 -0.12089491960900756 -0.25373061020070925 0.01196924785704634 0.9672012517647676 6.091268228265167
0.955244206963724 -0.00798652250162631 0.29570984878891926 1.5143538916832229 0.01204624102928667 0.9998562459119245 -0.01190835021941999 -0.14439481164593332 -0.29557227372273076 0.014937639950419152 0.9552037994695355 6.993291504993327
0.941676093412798 -0.009486144258533958 0.33638572050569976 1.871539533601624 0.014663920076863119 0.9998090681857539 -0.012854963278293205 -0.16857812472799955 -0.3361996383208583 0.017038317429910514 0.9416367552188949 7.857602325431019
0.9258792985433333 -0.009159652981512237 0.37770777888729107 2.267353881526543 0.015240484133073412 0.9997971697909699 -0.013112638445257336 -0.19277467826603972 -0.37751128256361954 0.017897322445491266 0.9258322379337557 8.710568608160823
0.9079590976611013 -0.008953231473720787 0.4189630511661173 2.7033893688974233 0.015601168335138504 0.9998006673732085 -0.01244341407508833 -0.21351818659694555 -0.41876822742622527 0.017834227268212533 0.9079183884358586 9.547595436993069
0.8879214005004393 -0.0083358953315119 0.4599201823552135 3.1832437652511314 0.015563041234213705 0.9998075995399694 -0.011924273258859861 -0.23444987060871042 -0.45973243306131456 0.01774551280042028 0.887880707223936 10.375607785976115
0.866035388823991 -0.008387888130239248 0.4999124707004029 3.6974195595414647 0.01621200335938772 0.9998045545262138 -0.011309984295896872 -0.25470880707537813 -0.49971986599564966 0.017899366390445537 0.8660024638606093 11.173647285746043
0.8427775816566189 -0.008595228964269112 0.5381933752574101 4.244403084621341 0.01734705728365875 0.9997865057886509 -0.011198020579422138 -0.27568669100311266 -0.5379821464371879 0.018773719996187745 0.842747486840361 11.944641402196464
0.8179328086931683 -0.009620041955585058 0.5752328185329992 4.8127101068265175 0.01932925660372476 0.9997544677602951 -0.0107658231787301 -0.29456666164590806 -0.5749884248311947 0.019925010428771744 0.8179190424733355 12.672496029215706
0.7910369056040747 -0.008180389150652827 0.6117129456681747 5.416555877736723 0.01890983741585029 0.999758800905491 -0.011084935256529458 -0.315777610064715 -0.6114751756186607 0.020336835078575508 0.7910021516959389 13.381914525640958
0.7633385913126797 -0.009998543524828004 0.6459207684892198 6.037805866211332 0.02168881016639352 0.9997123933941482 -0.010157735816923336 -0.3318693953328639 -0.6456338605743509 0.021763923166878932 0.763336916460808 14.041389949366515
0.7333499174798783 -0.008955923085338416 0.679792236646947 6.719906272957118 0.021456487897718715 0.9997197840348513 -0.009977359496081771 -0.34732713337278337 -0.6795127977437614 0.0219033925690099 0.7333369094892342 14.707061230185786
0.701545070021414 -0.007802123662425837 0.7125822586210032 7.399057216810916 0.021618048542991604 0.9997126269080644 -0.010338611464326894 -0.36551491760265015 -0.7122970375114969 0.022658263663136162 0.7015125243795214 15.306064668741769
0.6691242883183567 -0.00852574445589288 0.7431016481336093 8.117670708818444 0.02449433141824196 0.9996434631711067 -0.010587965182027129 -0.3842738979300243 -0.7427468828842392 0.025287173171637593 0.6690950428148544 15.885961642615044
0.6351447171374431 -0.007079599576209373 0.7723607476214708 8.850534590397793 0.024169143832215464 0.9996501561609935 -0.010713304980295414 -0.4038814756286633 -0.7720149482837211 0.025472406683975657 0.6350941478243131 16.42973803769027
0.6008281283464402 -0.006716187708545543 0.7993499767637753 9.598633159866067 0.02666324769450096 0.9995763842982114 -0.011643681018353202 -0.4253124229538578 -0.798933569340928 0.02830948642449348 0.6007531141192743 16.930704571012363
0.5659775361271555 -0.005777941609776564 0.8244003311238773 10.370377938586401 0.03000334045282315 0.9994573115353692 -0.013594272158478193 -0.44942451323728644 -0.8238747646575352 0.03242903900780874 0.5658440475549599 17.40213012842034
0.5296167914460074 -0.005430022548648953 0.84821949397038 11.156780890661578 0.03123939712266273 0.9994260232827072 -0.013108461100245073 -0.4714935537052055 -0.8476616860138841 0.0334406225157149 0.5294826988654738 17.83983768633325
0.49367378782589205 -0.00705434313589033 0.8696184507864031 11.956945919209545 0.03440678139249453 0.9993432413427644 -0.01142659715240641 -0.48878697846360136 -0.8689665869468466 0.03556187778171438 0.49359234080670233 18.240786693392142
0.4589865084546873 -0.007927388403484975 0.8884077011199456 12.776445375208874 0.03728156661863524 0.99925111699054 -0.010345474882246925 -0.5055833880642495 -0.8876608926128113 0.0378702833113408 0.4589387442025526 18.61597907745354
0.42632150223703413 -0.0062932048732328005 0.9045495769555805 13.6134440907419 0.03914265730555939 0.9991674918852448 -0.011497691230013884 -0.5267432023622397 -0.9037246801947497 0.04030874792636741 0.42621323445243775 18.966601297137217
0.3949832923291557 -0.007661673652804152 0.9186562496325749 14.458855977408176 0.04006328625740904 0.9991574476324935 -0.008893592869355104 -0.5408325974679965 -0.9178147807979778 0.04031748299878069 0.39495793685885977 19.289637494582106
0.3635239790101446 -0.009955096749240555 0.9315315453776803 15.32674350935953 0.04240091508300615 0.9990832952449294 -0.005870773900289006 -0.5507680563699876 -0.9306201027255493 0.041632162000881934 0.36361345147862945 19.587922573902446
0.3325804601531979 -0.010672904533833067 0.9430143223730568 16.21461744903516 0.042958616549575286 0.9990692477364437 -0.003844270237024539 -0.5607216380028603 -0.9420969696263585 0.04178905823745694 0.3327300875370194 19.864625948679695
0.30272670557354975 -0.008367900832893804 0.9530405755250976 17.12264395842803 0.040411257299904385 0.9991744005114411 -0.004064310768482844 -0.5746248680825002 -0.9522214842484553 0.039743957881605736 0.3028153441885559 20.118506398710426
0.2734474314954328 -0.007829690314979045 0.9618550669000908 18.023533072837335 0.0403384052204192 0.9991800663879703 -0.0033355583477731434 -0.5876990660915015 -0.9610418315235658 0.039711822255397156 0.2735393341164041 20.339204360564736
0.24346677107765063 -0.008970581706689212 0.969867629442853 18.945631688721736 0.042575773520450874 0.9990915309616212 -0.0014480894075146204 -0.5964801966696424 -0.9689752878065616 0.04164549566209674 0.24362768949601582 20.53686397534154
0.2135548515733702 -0.010124677439940982 0.9768783137416881 19.89668156911549 0.044309057093247575 0.9990167458412259 0.0006666133319089716 -0.5975886345976826 -0.9759259637563814 0.04314239715679389 0.213793424870255 20.710556758015876
0.18383441965502545 -0.011178599392729388 0.9828935207000196 20.845964556975083 0.04330462400620427 0.9990559918192474 0.003261596839211401 -0.5963252713303252 -0.9820033908268708 0.04196418818179543 0.1841451913612467 20.855375051346112
0.15446370522378855 -0.012101193140583047 0.9879240092555394 21.792820295468122 0.04433355133565692 0.9990018545428526 0.0053039431173612095 -0.5955988712606799 -0.98700340336794 0.04297891124121999 0.1548458154225547 20.970496673024773
0.12653972739387115 -0.012381519757004236 0.9918838448707905 22.75707756740494 0.047346711933356926 0.9988566949577302 0.006426786135544777 -0.594995686446897 -0.9908310048120982 0.04614926706879899 0.1269809731827185 21.062742692287568
0.10036762968826864 -0.012053060559696 0.9948774563016208 23.732254132789862 0.05073546764787192 0.9986869674602892 0.006979772810025599 -0.5944321276970873 -0.9936569605389426 0.04977536307523329 0.10084755513767733 21.13336383381171
0.07672587419962204 -0.011502354028377695 0.9969860293785632 24.747078007503223 0.054250251849078286 0.9984998725057972 0.007343926657468918 -0.5937354578282418 -0.9955767475051039 0.05352368077555508 0.07723532573836003 21.18682710823895
0.0559076249432871 -0.011800409463483747 0.9983665010694122 25.77938112690912 0.05884294435377425 0.9982308841253911 0.008502689071182791 -0.5910424002835549 -0.9967023094960276 0.05827171804910833 0.0565038853117671 21.221359835709055
0.03887138145778571 -0.012571230407061321 0.9991654644638059 26.813389055305382 0.061853531874412476 0.9980334661922972 0.010149905305110715 -0.5872565559129767 -0.9973303292185132 0.06140753464852936 0.03957338482043758 21.240299112194023
0.023706069274638124 -0.012798034873103627 0.999637036509699 27.85618209083343 0.06426444005992239 0.997869088584007 0.011250553019329658 -0.585131326640166 -0.9976532032782888 0.06397444911396243 0.02447883374845821 21.244917331086853
0.009754188301762053 -0.013382874355284546 0.9998632541131149 28.906109095954665 0.06642611097957103 0.997710464404556 0.01270557217236767 -0.5814357767421993 -0.9977464350937955 0.06629347624637036 0.010622081497585485 21.235463259616466
-0.0028340622999719362 -0.013987634692121222 0.9998985208330949 29.9759531545703 0.06658051673423818 0.9976805543270438 0.014144843692135246 -0.5759734806188028 -0.9977796042735063 0.06661434878369074 -0.0018951268582476175 21.2142450126174
-0.014324430976588856 -0.01371215171264355 0.999804117736689 31.050094467455605 0.06646921488975195 0.9976816985307903 0.014635014825699405 -0.5720743370414756 -0.9976886955132384 0.06666579387926745 -0.013379005674900843 21.181058781076114
-0.025468507018034298 -0.011262606695528522 0.9996129082318251 32.12441857110354 0.0669268957029715 0.99767482669525 0.012945703021526957 -0.5727507949307385 -0.9974360766016076 0.06723043701215749 -0.024654777071824827 21.136743439017692
-0.03589929201665855 -0.008051446123574401 0.9993238046870188 33.20849281995381 0.06727266455998289 0.9976808958539144 0.010454639900007522 -0.5756732457355803 -0.9970920439786696 0.06760205928869188 -0.035273730805805564 21.08179024905286
-0.04559398056657814 -0.006035361592709381 0.9989426298354971 34.29859202332077 0.06848177911351716 0.9976110929812126 0.00915273614145038 -0.5790040651761098 -0.9966133025463607 0.06882647901508426 -0.045071038144431155 21.01597623833084
-0.053336088469174016 -0.005549030643064636 0.9985619457872589 35.43436476911265 0.06846131476456986 0.997612064553673 0.00920019103309259 -0.5811322981070586 -0.9962304369656945 0.06885330926349051 -0.052828196587880856 20.94191871526317
-0.05982043044944334 -0.0053741083536758645 0.9981957367408544 36.60570831793194 0.06827849680590363 0.9976228921350936 0.009463272516087765 -0.5766482831228399 -0.9958749045902134 0.06872091393268852 -0.05931066150973437 20.862165014209797
-0.0656602645807021 -0.004675598569989914 0.9978322142150657 37.78171873491113 0.06902563408056593 0.9975738359603548 0.009216932847695498 -0.5755639074225316 -0.9954556563925722 0.06948075123905334 -0.06517755970388033 20.7726961490097
-0.07119964944418988 -0.003924802653672105 0.9974553424779654 38.97772197304017 0.06837917875262767 0.9976215705634025 0.008806518381057038 -0.5764813286934678 -0.9951191188598473 0.06883220416563265 -0.07076108688446223 20.678061242951934
-0.07539073124295935 -0.0037047402925514104 0.9971483130929282 40.184129136480024 0.06857188295974416 0.9976077740344114 0.008890955217906364 -0.5766261110981483 -0.9947972674596055 0.06904644556618653 -0.07495547922012218 20.575569608483345
-0.07813623711680108 -0.004435529431423324 0.9969340041720862 41.42106794821388 0.06829186802678167 0.9976186535616989 0.00979105386658072 -0.5725490663740216 -0.9946047875523293 0.0688474521375469 -0.07764641042408184 20.470845020369918
-0.0795760427091208 -0.00655973832929361 0.9968083530246469 42.67705045536038 0.06817914909248877 0.9976021403163955 0.012007734458169795 -0.5655508953911831 -0.9944983379230237 0.06891698010059706 -0.0789371814223353 20.36201012881027
-0.08103794834312178 -0.0073897986750608114 0.9966846740984535 43.95831299825908 0.06779850293059914 0.9976168582601022 0.012909201337024771 -0.5570806612412869 -0.9944062594822841 0.06861973348068748 -0.08034296752677231 20.250473319798502
-0.08281950634212235 -0.006998268199910815 0.9965410390828225 45.24243839428303 0.0695636602018753 0.9974966353030427 0.012786186620132112 -0.5506281026215643 -0.9941375491950745 0.07038194708170313 -0.08212453734866296 20.130693035552728
-0.083441736245682 -0.007080665400510753 0.996488401399697 46.54631640053532 0.06912538472465164 0.9975257013383306 0.012876551933425039 -0.5425569833949572 -0.9941159011256938 0.06995672954903609 -0.08274484215244406 20.01492101569686
-0.08386396799976123 -0.006428456985417334 0.9964573854626801 47.87249747554566 0.06993308042634995 0.9974765071186423 0.012320915973038893 -0.5372706057970202 -0.9940238787314158 0.07071824984654976 -0.08320194382777597 19.892131388713757
-0.08404116776578752 -0.006300049083041021 0.9964432067353804 49.210360808712394 0.06944615872177241 0.9975122454898766 0.012164252803828934 -0.5305898310555006 -0.9940428856006677 0.07022077906014251 -0.08339351853176652 19.77351299768913
-0.0838769978415156 -0.005565902150096426 0.9964611565242247 50.555750783885465 0.06887781344915485 0.9975607934437956 0.0113702642973132 -0.5270868916182464 -0.9940964708969466 0.0695868250875129 -0.08328770813907298 19.6541625205333
-0.08333973469442489 -0.00581156266191988 0.9965047240000817 51.90567436089552 0.06875490559802591 0.9975667505503459 0.011568516724777574 -0.5203703309634318 -0.9941498381369511 0.06947749434130784 -0.08273582806265245 19.53690753512517
-0.08274003373651434 -0.006536326035715679 0.9965499644625122 53.29585481438819 0.06799013736699383 0.997611362623734 0.012189192570735962 -0.5109419511688692 -0.9942519814559673 0.06876260008544283 -0.08209623829057258 19.41982291089309
-0.08243381345157559 -0.006322294595871404 0.9965767983502078 54.68498672225043 0.06805453924403508 0.9976096623726961 0.011958932444065205 -0.5046456446349175 -0.9942730602171853 0.06880588129094445 -0.08180469741474096 19.298486418145384
-0.08224502033822939 -0.006098309811715298 0.9965938300134515 56.10216594937422 0.06760248747019497 0.9976437810097549 0.011684311244172643 -0.4984325312357854 -0.9943197732226143 0.06833179156844359 -0.08163735777020144 19.176468337058015
-0.0820369120277091 -0.006020771975602287 0.9966114173770071 57.54912296752004 0.06767062665018155 0.997640167931248 0.011597771622970456 -0.489143814642628 -0.9943325937501535 0.06839146220013467 -0.08143431735364794 19.05194496154872
-0.08169329667162836 -0.006155721971933589 0.9966388173265023 58.999368996173985 0.06706421440302339 0.9976803392600628 0.011659641694999438 -0.47963616579936036 -0.9944022126931777 0.06779011676805327 -0.08108945332849513 18.9302958357301
-0.08129297436734172 -0.008334563109212573 0.996656054156658 60.46958114000143 0.06740171998062504 0.9976301554025508 0.013841174419991355 -0.4681476282756006 -0.9944126979177043 0.06830091612030023 -0.08053674828786389 18.80331606948607
-0.08091146660633149 -0.010903668014729547 0.996662437101329 61.956364599273385 0.0680046322154766 0.9975500389934786 0.016435191129478405 -0.45320322449557526 -0.9944025404790597 0.06910697387828423 -0.07996979896012062 18.674723699266714
-0.08075962282014716 -0.010454189217404734 0.9966792094560664 63.44147067891545 0.06856483622916186 0.9975178252412521 0.01602009754775018 -0.44096580245190664 -0.9943761049101785 0.06962996228889945 -0.07984010876775276 18.545260699457675
-0.08064598782165065 -0.009398114020569667 0.996698685917201 64.94515653919294 0.0698571046189874 0.9974427769765177 0.015059071422592983 -0.43090521770256707 -0.9942951501555966 0.07083970404099976 -0.07978083294482534 18.413525902690687
-0.08049799084922926 -0.009598881100889758 0.9967086452988904 66.46548370139871 0.06912381208737871 0.9974918573456641 0.015190946489865163 -0.41753377975053446 -0.9943582530774697 0.07011780131664365 -0.07963003136546937 18.285846522374555
-0.08043319056287426 -0.0098697792502433 0.9967109738685159 67.97757076199431 0.06908405857976987 0.9974904882803091 0.01545411312185025 -0.4049334985260281 -0.9943661424037677 0.07009848501887085 -0.07954694739139885 18.155670330532878
-0.08032432702716527 -0.010891099949039454 0.9967090740123414 69.52014309743275 0.06871370883088164 0.9975002814129376 0.01643879565596102 -0.38964912491214726 -0.9944006778738884 0.06980680501878778 -0.07937273437700075 18.024598295845177
-0.08030131214346291 -0.010978652253616236 0.9967098596706918 71.12962969086286 0.06932359769891377 0.997455918180661 0.01657337290392789 -0.3750534651543046 -0.9943600939796131 0.07042535285326515 -0.07933349828904207 17.88365702833872
-0.08035218202078565 -0.011373915858168535 0.996701402044597 72.72930087242399 0.06946015998714744 0.9974399400091563 0.01698320382127486 -0.35955962519214724 -0.9943467051785319 0.07059510630808499 -0.07935414606986635 17.743920388084177
-0.08052212951166866 -0.011066483984302253 0.9966911474187216 74.31151647941907 0.06955710797619553 0.9974379691003403 0.016695596225561934 -0.3464282694164415 -0.9943258402719581 0.07067080175612689 -0.07954373881674599 17.605113676232367
-0.08098374059481017 -0.010812746132395397 0.9966567856062343 75.93249404491324 0.0690242153397912 0.997479654714938 0.016431355490437376 -0.3331518048446246 -0.9943259768671752 0.07012388476875486 -0.08003123896348711 17.463766095244655
-0.08171027032075111 -0.010577364144117573 0.9966003130590462 77.53998597776797 0.06816725665285846 0.9975430137019672 0.016177187266512655 -0.31987040256357424 -0.9943256943485707 0.06925723165093095 -0.08078667453975584 17.323012877610427
-0.082434438015297 -0.010333406743676566 0.9965434038156096 79.16893509722604 0.06753054795355219 0.9975904440093605 0.01593116896675563 -0.30763763503906505 -0.9943098363053705 0.06861047198761186 -0.08153648983827642 17.177617604029784
-0.08270124848631412 -0.010719638010892337 0.9965169764855399 80.82895249535603 0.0666841986299052 0.9976416722627863 0.016266935470985098 -0.2928475873471614 -0.9943442390988617 0.06779701353299743 -0.08178949504485046 17.030185102674128
-0.08311719196995186 -0.010965462880123348 0.9964796847526606 82.48982027022527 0.06626606153492255 0.9976659265921498 0.0165063819093521 -0.27339289422988067 -0.9943378067131874 0.06740475198955886 -0.08219476932387028 16.88409823773278
-0.08323808395169868 -0.011312544399550014 0.9964656389844709 84.19358141072482 0.06450320824780985 0.9977779952324373 0.0167161556064564 -0.25376497908047857 -0.9944435061022883 0.06566654618645568 -0.0823214737969764 16.736464158960356
-0.08395456554226748 -0.010921889878715592 0.996409899601673 85.84385664596623 0.06378314882270418 0.9978310248914756 0.016312228644877677 -0.24004365393470217 -0.9944301213735068 0.06492354449875089 -0.08307383391209655 16.586705184474052
-0.08641582054692515 -0.010462956824075173 0.9962046258556608 87.58298267091122 0.06250487819106144 0.9979185421654313 0.015903392488667543 -0.22691486415120654 -0.9943006671276762 0.06364189970527263 -0.08558029371053719 16.426279140235916
-0.09096689722733539 -0.01021325299951465 0.9958020020033729 89.31234767015727 0.062419864821341244 0.9979234565730258 0.015937714729874566 -0.21529235403465202 -0.9938999271450568 0.06360776821566644 -0.090138740333133 16.254857335377867
-0.09614749595842233 -0.0106381728502778 0.9953108287224208 91.06665476042399 0.060886502250061376 0.9980087370461925 0.016549588697245283 -0.19922680032298154 -0.9935074460496471 0.06219221632217283 -0.09530658065653702 16.076123938931584
-0.10173466445785985 -0.011023953592161424 0.994750964053 92.85888216756926 0.05989570452348512 0.9980577640036885 0.01718691451357061 -0.18230830515695431 -0.993010972245912 0.06132988993860958 -0.10087504589673811 15.8823835625278
-0.10725858696293077 -0.010499635476723699 0.9941764675479156 94.61697631548273 0.05894438754331261 0.9981193674270551 0.016901391798863585 -0.1684257035086804 -0.9924864638944065 0.06041385404160682 -0.10643641140029633 15.682188047067704
-0.11272727769684499 -0.00945365717047644 0.993581680605843 96.37281719305473 0.05935351510378399 0.998106676179337 0.016231440704261323 -0.1576602574551531 -0.9918560323295789 0.06080237333395586 -0.11195110073010876 15.469871322586574
-0.11801478807960109 -0.008213562782629365 0.9929784147533295 98.14431696571923 0.0592034909096054 0.9981306704487283 0.015293299858727736 -0.14834189080012772 -0.9912501927072883 0.06059249940699723 -0.1173064296088343 15.247588831976346
-0.12322191371621716 -0.00786913640523497 0.9923483428551854 99.95022691644893 0.05840141595120899 0.9981798293663879 0.015168439178685433 -0.13666788959509277 -0.9906641485355959 0.059823502978917115 -0.12253671532969407 15.013848397624304
-0.12839587722418191 -0.007765974280300811 0.9916929738111674 101.81924089826946 0.05750600418033339 0.9982296906283759 0.015263249937202657 -0.12396434958230529 -0.9900589434663581 0.058988180611999404 -0.12772050393837156 14.76221268268594
-0.13434495178909445 -0.007838537664935977 0.9909039341763216 103.67310395950659 0.056768156391023485 0.99826659484827 0.015593734923708913 -0.11090161444557124 -0.9893118161697888 0.05834703635054697 -0.13366564607240589 14.500472153373385
-0.14044269554163258 -0.008046853706170944 0.9900563550049727 105.5406167917686 0.05663512955673235 0.9982650069999434 0.016147635259343436 -0.09710700974412877 -0.9884724239520873 0.05834008581028341 -0.1397416604773938 14.222500376787373
-0.145911911187685 -0.008209435011091724 0.989263808372991 107.40334393244042 0.05703587408326468 0.9982328391217142 0.016696441286425483 -0.08275303807007645 -0.9876569616972806 0.05885992030731858 -0.1451841341393627 13.931408519932958
-0.15234284008192106 -0.007359483799384512 0.98830066164642 109.27133916718071 0.057897943917920525 0.9981887659270163 0.016357955971858098 -0.07100701225228381 -0.9866352614394824 0.059712769025782465 -0.15163919587050606 13.627937600554437
-0.15866355782535535 -0.006934559974298128 0.9873087110422336 111.14266812105981 0.05848048849572069 0.9981539650814273 0.01640875333553767 -0.05211270758686949 -0.9856042193660712 0.060341903960823666 -0.15796345091183836 13.317736226132158
-0.16529963850346927 -0.00711801521017599 0.9862177920013971 113.01306063840548 0.05954671451126376 0.9980771161452453 0.01718391996263017 -0.03273097295250668 -0.9844488502479356 0.06156635411723834 -0.16455649699593028 12.992369323433586
-0.17094325574270086 -0.007420542469068438 0.9852531758239028 114.888183257099 0.059653031681527115 0.9980593324872966 0.01786665542142174 -0.013421965258044247 -0.9834782698978596 0.061827421857038656 -0.17016741603035448 12.654315092457168
-0.17646024073164873 -0.007434839183343382 0.9842798905612773 116.70457635632131 0.059762674000722375 0.9980455765789825 0.01825279035078312 0.004195348557785274 -0.9824968701318191 0.06204390747742973 -0.17566961097906497 12.314605074456168
-0.1813283091101624 -0.007671724449257829 0.9833933797926 118.6263375476175 0.059216277220577325 0.9980706123736605 0.01870499832253406 0.024087265775404283 -0.9816435910042473 0.06162431986957424 -0.18052256203472286 11.946781688717056
-0.18520676838242406 -0.008958123355636142 0.9826591881849085 120.61884196519915 0.0590583354296868 0.9980494382626165 0.020228871083966017 0.04805927563065076 -0.9809283162386765 0.06178002821066418 -0.18431528055948637 11.55553983277509
-0.18867090675579481 -0.009844735074975207 0.9819915144993521 122.63046575596753 0.05940797103094128 0.998004169677477 0.02141902616989798 0.07380262361975759 -0.9802472567086171 0.062378921721440425 -0.18770806920380387 11.149064964628932
-0.19187163691220707 -0.009663000258204634 0.9813731171913312 124.58244806897224 0.060033706973797826 0.9979637898227559 0.021563396683288882 0.09795467327956317 -0.979587748666513 0.06305268688304433 -0.19089941406146252 10.747834341619349
-0.1943798502544541 -0.00927191555905482 0.9808831267310028 126.55385751225727 0.060339045582222375 0.9979494367258261 0.021390006836699303 0.12182768708813063 -0.9790748332457918 0.06334357543929554 -0.19342044596135205 10.336955481306717
-0.19698531772371713 -0.009447696349762776 0.9803615317472771 128.5116399404468 0.059747000102663005 0.9979799808384967 0.021622090150807616 0.14737193006710586 -0.9785900284857891 0.06283286913298099 -0.19602142581422058 9.927669012798194
-0.2003951008949145 -0.009230732580560085 0.9796724128836656 130.46531279526604 0.058496056786369204 0.9980595621429582 0.021369159987479163 0.17201381136163407 -0.9779732110894079 0.06158915620118113 -0.19946479288621605 9.514490696738775
-0.20474028695495886 -0.008946867827662365 0.9787764389600689 132.4021750887676 0.05789036366054496 0.998098136148924 0.02123242536533523 0.19518265356921494 -0.9771092627933461 0.061008536522680464 -0.20383160653203045 9.094334377639285
-0.20885869344430674 -0.009221522584909382 0.9779035198443634 134.3274283246976 0.05746453568563431 0.9981134409098138 0.02168499482829495 0.2206563673015589 -0.9762627501916642 0.060723736629435004 -0.2079334280260546 8.66584111537063
-0.2133649659863759 -0.009046335717098418 0.97693182244158 136.5262672966981 0.05795846991077569 0.998080004680552 0.02190008023272876 0.2505682070622842 -0.9752584443389101 0.061294042801078245 -0.2124298341124496 8.166932966484712
-0.21849684899914895 -0.008914486174609524 0.9757979898316629 138.95133169094453 0.05797054926300735 0.9980744926518568 0.022097948683260017 0.28549214801316336 -0.9741208033444154 0.06139547764678761 -0.21755838546035483 7.608150073446547
-0.22338840801614673 -0.009052628249041676 0.9746887145756945 141.00972914725094 0.057755773768440835 0.9980774876908252 0.022505986748253215 0.3137142103280598 -0.9730234261963955 0.06132090695155704 -0.22243531030632793 7.1196505707446525
-0.2274364517454849 -0.009380808697487511 0.9737491110589357 142.98559401541925 0.05776065585897749 0.998063814186952 0.0231052892254564 0.3492216949823674 -0.9720849564340553 0.061498904384711776 -0.22645333968120956 6.647206282678277
-0.23146575202427044 -0.009409314021048375 0.9727986442194575 144.97767983505662 0.05811235861309441 0.9980343209835254 0.023479458923148757 0.38239180923259936 -0.971112133237969 0.06196544690866563 -0.2304632212775617 6.1582465694537065
-0.2356250383388694 -0.009049210860051777 0.9718031887584972 146.9178746502698 0.05893617238931694 0.9979840203167194 0.023581810066275688 0.41179565958611564 -0.970061887803217 0.06283027367512699 -0.23461588451364895 5.670165873343786
-0.23907637140925803 -0.008480193879821199 0.9709649442047197 148.87185390967537 0.05917140332229207 0.9979766795767347 0.0232849845007511 0.43987325661144644 -0.9692023943119741 0.06301933153949431 -0.23809013333672102 5.172323984715476
-0.24281927880097745 -0.007429338763165062 0.970044345694033 150.89245210140723 0.05902766583412727 0.9980050457720839 0.022418514399301766 0.46653889911774377 -0.9682803276577667 0.06270206737943845 -0.2418954172160519 4.650890012608345
-0.24641037080424918 -0.006923945765451871 0.9691421169742453 152.88703244746168 0.059347594190528284 0.9979906962347166 0.022218997593839235 0.49254422667704634 -0.9673533770339855 0.06299033881356109 -0.24550343213932563 4.126838020996311
-0.24999664007562322 -0.006559610404378997 0.968225805083294 154.86305658867272 0.05894726978905717 0.9980197341787026 0.021981366943097068 0.5185712850779788 -0.9664575165424956 0.06256843098937626 -0.24911399010322877 3.6013904286523095
-0.2535272686993135 -0.006707753259912201 0.9673064109025001 156.8405484945545 0.058785702421084204 0.9980211257442296 0.02232802794306448 0.5463940397454696 -0.9655470588109193 0.06252308305737815 -0.25263048014554895 3.0659157770310492
-0.25809312373272497 -0.006791082485948043 0.9660976603011203 158.83324605525905 0.05850722623325159 0.9980305900161398 0.022645451475659342 0.5751180385096774 -0.9643535309452331 0.06236688615834397 -0.25718678416896434 2.5177241749990444
-0.26202637649807536 -0.006428910590734629 0.9650408152433031 160.83588159935687 0.060295314000258726 0.9979157775150537 0.023019048661527014 0.6042012268195213 -0.9631819933896381 0.06421778336307819 -0.26109185583846745 1.9518886200499646
-0.265186453069267 -0.006660998180484537 0.9641757765372065 162.802762166632 0.061581932408369386 0.997818431019678 0.023830845966484375 0.6350783564053109 -0.9622354623309041 0.06569425757530252 -0.26419685284090483 1.389401476345923
-0.2678782094672641 -0.007264434622717243 0.963427317379762 164.8086546772617 0.06162339854386061 0.9977963274273048 0.024657940062153407 0.6690452941531981 -0.9614873812880886 0.06597424039401296 -0.26683906397909257 0.812165027778102
-0.2702883777837949 -0.0077023322951314055 0.9627505685652654 166.80188132962925 0.061487985967194736 0.9977902966704851 0.025245358139189183 0.7044772095446146 -0.9608214660840669 0.06602084451819124 -0.2692163645349695 0.23391428351624133
-0.2728848434280513 -0.007472945840129905 0.9620194663570133 168.8720523495584 0.06062105080491697 0.9978506249513811 0.024947137279210756 0.7396902225704555 -0.9601420661019177 0.06512591625341671 -0.2718440147458838 -0.368035690116563
-0.276132456936484 -0.006124474792066973 0.9611017856644838 170.95402780988397 0.059939356519804664 0.997924970191757 0.023580319760278745 0.7703205056910604 -0.9592560686935678 0.06411866582282763 -0.27519113007257906 -0.9797967590293725
-0.2793985025832949 -0.004998503425642939 0.9601638085800588 173.04106397073463 0.05932348463688737 0.9979875537215926 0.02245850926476763 0.7980214875699834 -0.9583480436549372 0.06323452590123602 -0.2785382283871279 -1.6014031224559917
-0.2826674319886387 -0.0044740021828743246 0.959209406841277 175.13304031179365 0.05884333856263341 0.9980265166033527 0.021996061395602777 0.8322748995415435 -0.9574190120450997 0.06266012616196368 -0.2818449459725178 -2.2257774831125
-0.2860775591719988 -0.003735800946637121 0.9582010296962368 177.25519864204983 0.05776237047512981 0.9981082197334847 0.021137199281494358 0.8625400548541934 -0.9564716707583948 0.061394385990027195 -0.2853192827347473 -2.867253350405569
-0.2904665714103297 -0.003458489361626152 0.956880706521595 179.34808052655453 0.05846469081971002 0.9980625559270595 0.02135493008405481 0.8907409859025731 -0.9551049841424483 0.062145867133901155 -0.28970050294708644 -3.518595466945747
-0.29453176027643396 -0.00397753492796988 0.9556353528985445 181.4056633637846 0.057888772176461885 0.9980822139646703 0.021996185520007063 0.9211041082047167 -0.9538944416881531 0.061798394333380524 -0.2937355846759812 -4.166880235813299
-0.2985876512905653 -0.00442550749843232 0.9543739054460574 183.50267037358287 0.05762058270090965 0.9980828506600481 0.02265570886555934 0.9526995452719002 -0.9526491362690672 0.06175541709542468 -0.2977591427592445 -4.839009140257278
-0.30305430110866016 -0.004671177749491855 0.9529634540015394 185.60254166831783 0.057479852028350625 0.9980784530940254 0.02317155651609635 0.9847832243694663 -0.9512459031789785 0.061797301048832604 -0.3022026395445501 -5.523612953810073
-0.30720179161455213 -0.004611895604352497 0.9516348976915632 187.6705600018993 0.05684753189332982 0.9981141183328741 0.023188270522374484 1.0165521685519963 -0.9499523686370366 0.06121997744692357 -0.30635967184429114 -6.205532896380028
-0.3113028403098265 -0.0043378513070355 0.9503025713966687 189.7482260197034 0.05628609204585544 0.9981505039451456 0.022994478915041815 1.0475452868628985 -0.9486498850282162 0.06064546409888324 -0.31048237367645704 -6.90030073631489
-0.3144612744638809 -0.004137930709175561 0.9492628714181213 191.84639439996803 0.056128176866483914 0.9981602432998276 0.022944340019775394 1.0788556769528146 -0.947616828962432 0.06049357181939504 -0.31364991308336065 -7.612388445378508
-0.317020398047583 -0.003909730277679768 0.9484123269262538 193.98553807091142 0.05620729271602419 0.9981567755153448 0.02290272563943127 1.1116265925379718 -0.94675919745451 0.06056639856224996 -0.31621574322510254 -8.34635137261665
-0.3196014393324206 -0.004232412444060562 0.9475445095320703 196.16534215433313 0.05636637509300078 0.9981347278000581 0.023470225271341096 1.1478869531492064 -0.9458817154159413 0.060908915149466454 -0.3187661511937218 -9.100531230328665
-0.32164390838592305 -0.0050108243469744055 0.9468492517695862 198.30811538472196 0.056578188663897716 0.9980978744220403 0.02450159320685381 1.1855079459618632 -0.9451766973229683 0.06144993570539241 -0.3207479286553472 -9.848849047224531
-0.324143631005452 -0.0046299473296072405 0.945998339276011 200.4233379665951 0.057410006580294166 0.9980490820483905 0.024555965190652247 1.2222217167732714 -0.944272398778438 0.062267664776989355 -0.32324472011752214 -10.594061412826697
-0.326312149923927 -0.004122563701405699 0.9452548047161837 202.59306622916682 0.057597229952475515 0.998045844251249 0.024236149196877322 1.2587587681053736 -0.9435137140143002 0.062350586333975576 -0.3254363649948392 -11.361897675144283
-0.32837566579258065 -0.003964853188473792 0.9445406200292886 204.7324540147629 0.05742272846393197 0.9980578786806542 0.02415314743176872 1.2950897651432214 -0.9428080471949785 0.062167428021195764 -0.32750963370233444 -12.123760182268837
-0.3309232769430501 -0.0031166560645426947 0.9436541422716939 206.88396060988916 0.05721335780612873 0.9980886935286803 0.02336037537554467 1.329387651196073 -0.9419294905721799 0.061718197784732316 -0.33011197886205135 -12.895374467241101
-0.33326046255198594 -0.002423063425530535 0.9428332595413307 209.01588888856082 0.05723515439260735 0.9981001733231376 0.022796098681133272 1.3690674028139138 -0.941103507317906 0.06155792477740922 -0.33248819400889607 -13.659286049431437
-0.3353218468777357 -0.0022301326034541336 0.9421025820317359 211.1556592547372 0.056205959798965754 0.9981682524702107 0.022368412671082926 1.4063568577399512 -0.9404330841002311 0.06045009784445926 -0.3345819705187773 -14.428940712889466
-0.3380755025243434 -0.0017272036947254738 0.9411189264712301 213.25399843390193 0.05663116778465056 0.9981482232086523 0.022175381657763477 1.43845985195759 -0.9394212570044828 0.06079148528261503 -0.33735144395336203 -15.199057543763153
-0.34025653649306326 -0.0024280933391129527 0.940330978840561 215.37320144418035 0.0571731682278591 0.9980924375208177 0.02326536865201723 1.4736921462981334 -0.9386007590888531 0.06167573773581805 -0.3394684275611339 -15.985738077471892
-0.3424674608441458 -0.003468572918474459 0.9395249098623855 217.52608970649038 0.05722455926536853 0.9980592071371204 0.024544151683493956 1.512079427238787 -0.9377934648643541 0.06216768982995945 -0.34160378776742134 -16.790524620413176
-0.3448844266131061 -0.003854506774132162 0.9386389017780761 219.66088692148267 0.056474571296421264 0.9980943882439047 0.02484988650977397 1.5509300247486189 -0.9369525185543524 0.061577521329873985 -0.34400905595763326 -17.592498597334874
-0.34692730345897316 -0.003654859976996218 0.9378864395019118 221.78248608203626 0.05561254454001507 0.9981522412981381 0.024461735106020534 1.5877546119264856 -0.9362495800019823 0.06064263874529937 -0.3460825946330418 -18.395075416789155
-0.349620861983833 -0.004089321452513117 0.9368840374252815 223.89187064956127 0.054599326849046205 0.9982017570501096 0.02473289247561156 1.6259619910216592 -0.9353071398784601 0.05979851203621998 -0.348768593086788 -19.199293369224645
-0.35203506381445415 -0.004563026450440069 0.9359774324975746 225.9748073726704 0.05413162877779998 0.9982152233532556 0.02522699202804471 1.6646546273310021 -0.9344286222547524 0.05954531298078248 -0.35115937835318034 -20.002043151427856
-0.355167983991077 -0.004511624457216663 0.9347934973059536 228.117064877485 0.05372305836262671 0.9982371139349484 0.02523026375229503 1.7031487296900005 -0.9332659322379662 0.059179282496764796 -0.3542990284750664 -20.834424633818266
-0.35811497260349023 -0.004869466292467554 0.9336668818744656 230.26599879330533 0.053409161659834316 0.9982424670593352 0.025692568497346004 1.743533017543489 -0.9321576213179812 0.059065730999935055 -0.35722465876838033 -21.67761613495758
-0.3613490760024657 -0.005265924283511219 0.9324180483325648 232.36718186121612 0.05301799878482255 0.9982513972528505 0.02618553139096296 1.784078135187668 -0.9309317344907455 0.05889624553073685 -0.360436573732869 -22.510552876276194
-0.365316323851492 -0.005345323718644935 0.9308704369912448 234.4979923195427 0.0527717931201479 0.9982575810265261 0.026443467102913277 1.824617879601903 -0.9293961590691963 0.058783322277472745 -0.36439625546465293 -23.364130843705585
-0.3687095670652602 -0.004957919196213288 0.9295337242047804 236.59468475629419 0.053226061832856185 0.9982332135555109 0.026437923362754925 1.8635538706245696 -0.9280287568825285 0.059222226194598195 -0.3677930618742955 -24.216334036386403
-0.37093141356672205 -0.004639329256484332 0.9286508927585848 238.69035617462893 0.05402877509298587 0.9981863211300142 0.026568233183042928 1.9033620630422334 -0.9270961115060659 0.06002722383643012 -0.37000713197881574 -25.075603381704514
-0.37360893441558274 -0.004822497915336368 0.927575821820753 240.7893625517845 0.05399461550841652 0.9981779380937474 0.026938224548168646 1.9450081629465426 -0.926022126345506 0.06014650525980657 -0.3726670535959725 -25.94109530586469
-0.37644834147911543 -0.00450769783948586 0.9264285013224988 242.85409214281052 0.05363842559663774 0.9982043669843772 0.026653374047398332 1.9917438842335222 -0.924891713715216 0.05972324189338283 -0.37552976647199654 -26.789841182697476
-0.37953621205582444 -0.004569379991238615 0.9251674778933585 244.9429241484882 0.053922198092205005 0.9981784605878419 0.02705154733081727 2.0372479922763027 -0.9236122433055346 0.060151566338517024 -0.3785976927188284 -27.661021099526945
-0.3818576581567916 -0.004347585267614243 0.9242129074552028 247.08282768439116 0.05432579135374404 0.9981540004336101 0.027141973153360147 2.081589680269077 -0.9226311208977324 0.060570341969782525 -0.38091586696370094 -28.563825751728665
-0.3847445228637433 -0.004030137176787948 0.9230164667846629 249.19336401933896 0.054603483429651094 0.9981397706153927 0.027119501324708 2.123913120449108 -0.9214147843016286 0.060831556121926665 -0.3838078757760418 -29.461849205342972
-0.3873064361785812 -0.0026655555282326525 0.9219494145257866 251.30242299980978 0.05662031494519814 0.9980398840754594 0.026672497883118526 2.1638060837442175 -0.9202195644839953 0.06252953764246011 -0.3863950543965644 -30.371270114510672
-0.38883969690194 -0.002391364688816739 0.9213045977745239 253.41430404429013 0.05739643056900335 0.9979919758577177 0.026815927625232383 2.2052070393503915 -0.9195247984349424 0.06330492847790795 -0.38792016331357737 -31.28592373472796
-0.3912514602895131 -0.0011435548114691189 0.9202852616286784 255.5334723849635 0.058818456911287224 0.9979242378028603 0.026247444680689992 2.2440664014088796 -0.9184109837664748 0.06439735230374496 -0.39037069650373135 -32.209985401073475
-0.3929904535903716 -4.6972565458850476e-05 0.9195446426671943 257.64893046664275 0.05940720635080958 0.9979102703897534 0.025441275404293785 2.2807605317947375 -0.917630241471546 0.06462403265735747 -0.3921649333321685 -33.136553348618634
-0.39477407097674716 -6.057329564737314e-05 0.9187802341574394 259.7692952061259 0.060142183263715496 0.9978543359133235 0.025908466433206562 2.320269914013815 -0.9168163242250935 0.06548404583059456 -0.3939218441129116 -34.071520684346034
-0.3971454668832444 0.00029396386536661144 0.9177579943761228 261.89132096513464 0.06012161981433962 0.9978615146959544 0.02569810581618103 2.3592763093158045 -0.9157938983626572 0.06538227324613041 -0.3963123868605009 -35.009855105031775
-0.3996427795094956 0.00014964261708817086 0.916673531789778 264.03020703898267 0.05962298903280783 0.9978883978344483 0.025831902912055345 2.400567832754386 -0.9147400568477473 0.06497810058636612 -0.39880648994843687 -35.96047732092682
-0.4025523957746172 0.000750815910240141 0.9153991120310666 266.188670206916 0.060303942010182646 0.9978506125214435 0.025701396530763993 2.440380121933526 -0.9134182839274112 0.06554783696545666 -0.4017312670728489 -36.93136722635731
-0.40538475574372884 0.0008489021131073003 0.9141484439774546 268.3091578129892 0.059918157877398445 0.9978756995903465 0.02564501521244747 2.4797405847602114 -0.9121910590083085 0.06517026360264305 -0.40457328480696253 -37.88915982026654
-0.4073093612500306 0.0007525226496828419 0.9132924142837703 270.4677367708946 0.05893654548688062 0.9979388242477681 0.025462780801455507 2.5204538968708152 -0.9113973468318635 0.06419763629392693 -0.40651289426673703 -38.86792538568173
-0.4088242191502569 0.000799193263400339 0.9126153000162192 272.61719927918443 0.05977965066094067 0.9978771137626323 0.02590631496719551 2.561247452331637 -0.9106639892083943 0.06514709284707919 -0.4080028449546685 -39.85465341621455
-0.40978017902229386 0.0003682115846613739 0.9121867867805412 274.78409979138814 0.0606962570499886 0.9977962245676715 0.026864433802273782 2.604716488070175 -0.9101736742719827 0.06637492411783015 -0.4088983186913455 -40.85247729434981
-0.4106434148506664 4.3203776575111846e-05 0.9117985144303162 276.948938397668 0.061033832955487345 0.9977596244471433 0.02744102372914182 2.658853929701038 -0.9097617253898678 0.06691884674635325 -0.40972501465565675 -41.840538134194524
-0.411858185570406 -0.0004164147778201153 0.9112503939126139 279.13314565046153 0.06030417917486322 0.9977965151441359 0.027712386200917982 2.7112826399664884 -0.9092611764993298 0.06636552999011881 -0.41092445065811656 -42.83922650225029
-0.413126869434849 -0.0012449806677550673 0.9106751666641113 281.29394075323296 0.05974329358317265 0.9978086630559025 0.028467539268178854 2.761060712087719 -0.9087223330614682 0.0661668985769348 -0.41214609059194135 -43.83472394731963
-0.4143056175610683 -0.0018215894007089972 0.9101386203439505 283.46697353250323 0.060117435222447495 0.9977603117205563 0.02936416229800579 2.811293324507999 -0.9081610570723689 0.06688068397214036 -0.4132671158453357 -44.84449724257871
-0.415430091711082 -0.002283544474149783 0.9096249685863794 285.64847808868785 0.059977507224392185 0.9977528878459763 0.02989780888559162 2.8626655989861103 -0.9076566715002907 0.06697706499416771 -0.41435840445580185 -45.859860397359746
-0.41654018461476866 -0.0018510895927123109 0.9091181923866584 287.86480223941663 0.059470637988797474 0.9978016916060423 0.029280906046669542 2.9125648215226 -0.9071812896168228 0.06626211729285171 -0.4155131279714863 -46.89232207387034
-0.4180748341705395 0.0002572678732710612 0.9084154765457862 290.033214840285 0.05945423263170812 0.9978647690775199 0.027080957247901834 2.954670472288326 -0.9064763322866106 0.06533072283596314 -0.4171961964109025 -47.909119732954686
-0.421080331872481 -0.00015240366074373488 0.9070260082247619 292.2367843831948 0.058669345675669435 0.9979020656627914 0.027405768393881893 3.0004683721925827 -0.9051342753306889 0.06475352944853469 -0.4201867472038538 -48.946469105584036
-0.42552197973297495 -0.0015260366782092042 0.9049494513569307 294.4475266581108 0.05755064825191756 0.997929254817146 0.028745175947691458 3.0502613398378475 -0.9031266981287565 0.06431101280635665 -0.4245518566142864 -49.998923868956865
-0.43035159580020976 -0.0031961949338814464 0.9026584900110237 296.6545311914211 0.05632908656628732 0.9979506077852885 0.030390029409783834 3.1043410951597816 -0.9009124783844327 0.06392332987629903 -0.4292884216974919 -51.06405156442542
-0.4347350058549193 -0.00418325077469796 0.9005517929683111 298.8675312608777 0.05570087209392806 0.9979511164151902 0.03152620006177392 3.1618468321106397 -0.898844625405387 0.06386601932736927 -0.43360997415836144 -52.14678413880005
-0.4390585227090991 -0.003971679606696777 0.898452956859064 301.08814321831534 0.05637431560188401 0.9978993850371964 0.031961503778054165 3.219211298256917 -0.8966984378001022 0.0646816831314977 -0.43791124777679996 -53.24906337700351
-0.4432883160139449 -0.003000440878850797 0.8963775514533145 303.3228643822556 0.05850112032121791 0.9977674731088962 0.032272052936477114 3.276768552548818 -0.8944787517425001 0.06674419421133292 -0.44212163060883614 -54.37456065201157
-0.44727507185255366 -0.002367638191531163 0.8943968944664125 305.5591523805745 0.05941472849949647 0.997710884175335 0.032355205822156334 3.335059327740038 -0.8924317560582091 0.06761146715481484 -0.4461088820338263 -55.511517473471294
-0.45089515134335684 -0.0027066306641532426 0.8925763092566087 307.81218281118 0.05954026353313849 0.9976787399593372 0.03310432219279995 3.3972348607619707 -0.8905995655023103 0.06807039964625763 -0.4496858007568016 -56.666437543995514
-0.4538725568723199 -0.004019792949120529 0.8910612498238765 310.11409394426727 0.059070655884596195 0.9976567469492525 0.034590973239782066 3.466538476311895 -0.889117451712767 0.06833524357356786 -0.45256968930780356 -57.85566249845951
-0.4571365820708956 -0.005228663200016302 0.8893846806458844 312.3744547008084 0.05792795934357098 0.9976860468777928 0.035641461349134484 3.5470898111822216 -0.8875190437962088 0.0678127796154447 -0.45577433994307814 -59.02260279779834
-0.4610171869780364 -0.005227349626922639 0.887379313809155 314.690909285448 0.05769230586086656 0.9976918348110386 0.035851226016117274 3.625943765698117 -0.8855247387553914 0.06772245264522384 -0.4596499909089783 -60.231669426812154
-0.46540611309298185 -0.005325464049967111 0.885084770259964 316.92242722717583 0.057967027135625314 0.9976528107313039 0.036485012319968334 3.7002996464134426 -0.8832081543147783 0.06828538379845259 -0.464003485692928 -61.41399810003466
-0.46997679839871526 -0.0053054114342214595 0.8826662587602958 319.121748939541 0.05884835626281127 0.9975699162363654 0.037331277577176546 3.773907183121035 -0.8807261161598402 0.06948756758894228 -0.46852085891000494 -62.59583936459688
-0.474478938907354 -0.006002233399085758 0.8802501055706837 321.3394313451681 0.05844726694676424 0.997557169414087 0.03830864487668516 3.852019988915901 -0.8783359658276363 0.06962420693686754 -0.47296692029325504 -63.80072635095627
-0.4779535390423935 -0.006503931872115681 0.8783651352123982 323.5974561450554 0.05746196163515498 0.9976013435302177 0.03865612855198926 3.9333250729565146 -0.8765157113230344 0.06894802590233644 -0.47643083144812703 -65.03816731565084
-0.48151838539452174 -0.0073268396638017244 0.8764099251721672 325.8181577828095 0.057132544154717066 0.9975785810621786 0.03973209448414394 4.014798978532092 -0.8745845865202773 0.06920318282385653 -0.479930737290962 -66.26917240397238
-0.4840494224221659 -0.008095639499728267 0.8750077142115857 328.042041678316 0.057125053897388534 0.9975346353059616 0.04083304323667069 4.09897456969591 -0.8731869926817734 0.06975008427557727 -0.48239027809323315 -67.51343261042935
-0.4875263251425259 -0.008470985343161532 0.8730715635273271 330.2569977629892 0.05526820577262662 0.9976508595649662 0.040544135515026454 4.183904778439304 -0.8713699899516106 0.06801951567691332 -0.4859094373046521 -68.75580412086492
-0.4908249975755683 -0.009068318549764321 0.871214938313265 332.4745579541964 0.05182812207312404 0.9978735399637388 0.039588024302305506 4.268218143077213 -0.8697279543903599 0.06458433932766733 -0.4893077542455984 -70.00870056652978
-0.49490722658655006 -0.009694169582302566 0.8688955772174836 334.7115565568776 0.04839722174988283 0.9980804526330298 0.038704101073239496 4.3507294002774985 -0.8676096385250252 0.061207159661610576 -0.49348455879873665 -71.28675797261873
-0.4987045747263799 -0.012012855461664813 0.8666926040715063 336.8854401889983 0.04632602881871476 0.9981078376435658 0.04049331685855675 4.432845551133368 -0.865545868813914 0.06034456682862815 -0.4972008855469683 -72.54713574756418
-0.5022783155186238 -0.01303760540825723 0.8646116171848008 339.1175840226888 0.04592067306957676 0.9980756983300135 0.04172922419933315 4.520729376350685 -0.8634988171541341 0.06066322869378523 -0.5007093722497087 -73.85841659332077
-0.5062200041870136 -0.012976114309482702 0.8623110085857318 341.3241353791735 0.04541885267076678 0.998101271144903 0.04168566941774626 4.607659030154836 -0.8612211696159487 0.06026749049388976 -0.5046651788319635 -75.16696026615612
-0.5105532198193943 -0.01333622189601702 0.8597470247595639 343.4991303415959 0.044201980684589755 0.9981540263803192 0.041735230386609486 4.695096418264244 -0.8587231400758576 0.059310301282847096 -0.5090170975269703 -76.4691961878528
-0.5148637235754687 -0.016262702236549128 0.857122525602193 345.6688201906793 0.042900682527537606 0.9980823085103149 0.04471049603303463 4.788181983116695 -0.8562121696304107 0.05979074604651339 -0.5131742092202474 -77.78510286116277
-0.5189929617738842 -0.017483037921282 0.8546044403009229 347.8262861879809 0.041361152659882425 0.9981097725120542 0.04554051798069713 4.89250943728458 -0.8537916524416581 0.05898235108569426 -0.5172842598873946 -79.09858538351435
-0.5228450998356281 -0.01780635226002185 0.8522463436092799 350.0281462026109 0.04062767247638405 0.998128493038496 0.04578263021538267 4.996452252155 -0.8514735004301109 0.05856161912174869 -0.5211386133809277 -80.45700873455614
-0.5259117937810407 -0.017593590611949008 0.8503617492858823 352.1325946421446 0.04070463982393513 0.9981231748344505 0.045828220363532915 5.09224606033895 -0.849579019107552 0.05871493345631673 -0.524204140827395 -81.77278408465966
-0.5283093605784291 -0.01802981035524043 0.8488648859504178 354.22965219641503 0.04048646345841818 0.998105419974561 0.0464006549107028 5.18968228642787 -0.8481002540577495 0.05888094625083773 -0.526574133128711 -83.09590590158028
-0.5310462070120626 -0.018524448900707736 0.8471448442646049 356.3604426095054 0.040418834899908225 0.9980722236761157 0.0471652843608089 5.290358668541416 -0.8463925556339804 0.059287114837052984 -0.529269612662925 -84.45115858705539
-0.5344121337358186 -0.0190887799151884 0.845012522706517 358.5566919707759 0.03840998793616568 0.9981661444565999 0.04684316693424669 5.396087091408295 -0.8443645731811263 0.05749042601850887 -0.5326944242542314 -85.85133668283156
-0.5394682176569843 -0.02072426604334083 0.8417553646808577 360.773494598994 0.03043883035454924 0.9985661072032382 0.044095640032229176 5.500297800258556 -0.8414697092835941 0.04940991221556633 -0.5380595726294625 -87.27162986339593
-0.5453226586005909 -0.017672923245529354 0.8380439213071118 362.8555373843291 0.02417429667886689 0.9990327758277957 0.036801287446165135 5.58011023296731 -0.8378914428410179 0.040327291607905075 -0.5443635159776337 -88.62827040442009
-0.547737162808758 -0.010727866700947969 0.8365856361627231 364.84898863308644 0.031086144622570533 0.998969055468067 0.033166237306014215 5.644417031809637 -0.8360865040440901 0.04417246146208636 -0.5468345706528251 -89.96921042609257
-0.5480275791502017 -0.011079004736470938 0.8363910889356371 366.9136166563534 0.0378977424530994 0.998559597535115 0.038062269947528926 5.723049037337964 -0.8356148825510191 0.05255646405211453 -0.5468139090962248 -91.34816594491937
-0.5486594176154342 -0.02203421454586787 0.8357596335618213 368.9609389743194 0.035530687043382705 0.9981379240791585 0.0496438504608461 5.826568505248838 -0.8353041467003125 0.05693235574558806 -0.5468504840714008 -92.70545488895814
-0.5512409192493405 -0.03199974707049839 0.8337366658658477 371.0524483041109 0.030133589511129214 0.99785178606514 0.05822532222338277 5.956626067995697 -0.8338154000255708 0.057219340729959024 -0.54908802801739 -94.09378116767977
-0.5539786294557398 -0.03651360152985133 0.8317337270112353 373.16735432049364 0.025969812394233554 0.9977967042756928 0.06110396795276535 6.095846533875301 -0.8321392993406699 0.055450089400381146 -0.551805511332862 -95.51475582302697
-0.556007616493244 -0.03661573003699869 0.8303742720059653 375.3354809375824 0.025496267206751858 0.9978107011882209 0.06107367561557776 6.236958282639096 -0.8307997337927885 0.05512881364907589 -0.5538524705428363 -96.9849743431251
-0.5583858534909123 -0.03205981581441002 0.8289653051136203 377.46070002037516 0.03017898736742996 0.9978092246712963 0.058920931395282435 6.370046766722127 -0.8290455872599597 0.05791794636219334 -0.556190876529416 -98.44131239068714
-0.5614908673599076 -0.026645510989119502 0.8270574207768345 379.52182818140506 0.03362372310154113 0.9979238020508046 0.05498046978569202 6.489222663020843 -0.8268127482619558 0.05867989986247317 -0.5594252121383164 -99.86055319408436
-0.564669437938715 -0.02463593361515193 0.824952952077812 381.5759961846977 0.033877982605815544 0.9980224426640606 0.052996114100915516 6.610182212624263 -0.8246350202242985 0.057873349259007015 -0.5627142488270596 -101.26884422239222
-0.5680644138590922 -0.024863491924730412 0.8226118897190378 383.68228024678154 0.033655806330105675 0.9980074628731186 0.053408904682794675 6.73364754783014 -0.8223092982951531 0.05802552896128091 -0.5660918835997909 -102.72874487621412
-0.5711339067067202 -0.026215266444239955 0.8204417344543868 385.7846238309557 0.03336441282259753 0.9979244305567444 0.055115273411594036 6.85954017996469 -0.8201922003350485 0.058851766214138415 -0.5690701459297013 -104.20419263311963
-0.5732828528303484 -0.027137639079100908 0.8189112432297199 387.8847993021331 0.033293852055790295 0.9978559372590294 0.05637768960253421 6.988257775627474 -0.8186941524686722 0.05958505641992408 -0.5711469038491991 -105.69265731573492
-0.574781390343105 -0.027299569371919918 0.8178547395617367 389.92062154548404 0.033025794207536416 0.9978567721099421 0.05652064988146759 7.112201178182012 -0.8176535243176529 0.05949731760863849 -0.5726448037820144 -107.14265196547845
-0.5759367510853189 -0.027562427606105902 0.8170326150302368 391.9952012425464 0.03259125477649567 0.9978642849620198 0.05663893513252293 7.239062624034089 -0.8168575798788149 0.05924869019750049 -0.5738052204933146 -108.62423648640643
-0.5770973202045021 -0.02743672614503376 0.8162174287130863 394.0200648907187 0.03266988268809301 0.9978614777443379 0.056643718410800646 7.3617138516520875 -0.8160347007838241 0.05935445143721246 -0.5749637236668923 -110.07684152385369
-0.5778897304836821 -0.028531855299733268 0.8156187365653854 396.0872089610402 0.03295715772000602 0.9977590514898332 0.05825678388663635 7.491321668527566 -0.8154619276463841 0.060546071702416354 -0.5756515088978394 -111.56357024150743
-0.5784603982992644 -0.02991582291072405 0.8151650722334532 398.1987035292396 0.03370784549688739 0.9975987798422474 0.06053364546918762 7.629346058972136 -0.8150271709209778 0.062493667486831814 -0.5760594259801672 -113.08258960635987
-0.5792895995659733 -0.03095464118013609 0.8145367628438474 400.2944590810558 0.03429552279037647 0.9974694694711291 0.06229962011856881 7.771726860336828 -0.8144130227419273 0.06402431548839564 -0.5767590362506556 -114.59493218303902
-0.5809417634003814 -0.03103830763399324 0.8133563229212196 402.37645882819805 0.03277142787585989 0.9975715933048537 0.06147769255086882 7.911798883844136 -0.813298796747565 0.06236953147385587 -0.5785108938803295 -116.09567855307827
-0.5841584024323122 -0.03043151135609335 0.8110722480625194 404.4535820592726 0.029157047617349795 0.9978661186534241 0.05844218266946316 8.046226531350028 -0.8111294709419168 0.057787724768298916 -0.5820217063978883 -117.59504335093672
-0.5868450060984269 -0.03065849674775875 0.8091222026132048 406.52077241022903 0.02649244063475104 0.9980221432500072 0.057033177955052056 8.17427284265227 -0.8092798966811472 0.05490485626544027 -0.5848694158589955 -119.10227418160765
-0.5876776452193077 -0.03150164989789836 0.8084852722806383 408.5917960394449 0.02533043010111241 0.9980370622539962 0.05730215105431395 8.303547327782871 -0.8087125277893198 0.054154134107965934 -0.5857233218080145 -120.62449041196597
-0.5886246170887834 -0.03244257242141331 0.8077588805997017 410.6594408652802 0.02306959437804868 0.9981149743949129 0.05690146314807573 8.432529349425161 -0.8080911366406416 0.05212793267372963 -0.5867639615845185 -122.14578470934087
-0.5905809445231679 -0.033001853498683564 0.806307250864542 412.67472019926373 0.02059356513821619 0.9982236328475126 0.05594346546052586 8.555475147945483 -0.806729789773882 0.04964326335017567 -0.5888497573007669 -123.633715054855
-0.5915002110113569 -0.03309069567631416 0.8056293996895506 414.6822534913496 0.020202320750060183 0.998237343620828 0.055837434654549184 8.684928423770955 -0.8060654751703487 0.049302499887559095 -0.5897867003904085 -125.11694639863181
-0.5918796535223668 -0.035080036845102136 0.8052658034577586 416.7520168118096 0.019925803950809874 0.9981118564505045 0.05812877075677839 8.820493807483093 -0.8057930762992886 0.0504499245017781 -0.590061390566236 -126.65184636091678
-0.5912620175579971 -0.0372433122715155 0.805622440947025 418.77153676516315 0.02121507150153743 0.9978708511751597 0.06170291959578009 8.95889536963034 -0.8062135400270029 0.05357310822338438 -0.5892112709798553 -128.15128375210148
-0.5895444966641487 -0.03867452580061223 0.806812373827226 420.803386439338 0.02537875820451813 0.9974744321325322 0.06635976218719325 9.110744205420996 -0.8073499054480269 0.0595969791274669 -0.5870725341653912 -129.65723886233383
-0.5869110536005765 -0.04004707449524914 0.8086632344169813 422.8945935731311 0.028874942126853348 0.9971065788448019 0.07033720496259051 9.274439758313347 -0.8091492893851883 0.06463095544226734 -0.5840551250065931 -131.19529569553438
-0.5860224304995585 -0.04196807604717571 0.8092101790251819 424.9431379637064 0.023762119475944643 0.9973392693602073 0.06893436600783205 9.433243200394644 -0.8099592194502083 0.059624798636030846 -0.583464837081637 -132.68083457673274
-0.586609845840308 -0.04266275751249398 0.8087483791146854 426.9969311648214 0.016772342809074393 0.9977584816821307 0.06479992997384526 9.582748993510128 -0.8097090989354645 0.05157589379881876 -0.5845782541542345 -134.1714171434075
-0.5857246351088958 -0.04407749468475793 0.8093134792558312 429.0278495054241 0.013261050669438109 0.9978662541470464 0.06394549706892576 9.724738631636747 -0.8104146823422986 0.048185521337275626 -0.5838888111909605 -135.6486904932505
-0.5846571912110012 -0.04450033336276665 0.810061537929976 431.0409113614709 0.011584316946803036 0.9979357682181969 0.06318362866395688 9.861778861959408 -0.811210677247007 0.046323319192048094 -0.5829330224413903 -137.1133824943216
-0.582266174454381 -0.0442966743170157 0.8117930229083478 433.10852566445465 0.013261593644600727 0.9978650262709007 0.06396359014936935 10.006330751506402 -0.8129029481364465 0.048008176752722335 -0.5804338477646909 -138.6157078553591
-0.5796172369370716 -0.04495653392075581 0.8136503623156107 435.13010293675336 0.013325689629147026 0.9978212780332507 0.06462699599828839 10.1495435933552 -0.8147927045392529 0.04829993449547841 -0.5777537005669968 -140.07382019442403
-0.5785726709796575 -0.044430825126070723 0.81442231262628 437.1100389402017 0.011244081396176322 0.997986540173681 0.06243493327954562 10.283464143032422 -0.8155660226307464 0.04527894409515715 -0.5769061774596435 -141.4920349470739
-0.5771932508966529 -0.04914657788276158 0.8151301869640112 439.13371409612813 0.004502872553683995 0.9979813469204813 0.06336155258614326 10.423132715629121 -0.8166080949131762 0.0402406938277427 -0.575804820938173 -142.93760240838398
-0.5754689670229516 -0.05506140301044887 0.8159712342754023 441.21613987863765 -0.0037073317201788323 0.9978970957906518 0.06472505544476635 10.569572233535567 -0.817828189542181 0.03422044766984586 -0.5744609473790394 -144.42231436625656
-0.5746837743394488 -0.05858912069305883 0.8162787765757423 443.2466407040307 -0.010442811837507456 0.997878555274945 0.06427351014848329 10.710617230552758 -0.8183215926146958 0.02841092026187139 -0.574074566272895 -145.86788006419164
-0.5744328512981287 -0.05902409236113285 0.8164238498335095 445.24848811716225 -0.011953980255730405 0.997895966107451 0.06373504696288755 10.848448153830741 -0.8184767765998955 0.026850005192665134 -0.5739275307776869 -147.29559598426033
-0.5738877680282688 -0.059519584639666855 0.816771184325422 447.2193508570787 -0.01059287609823453 0.9978119769185826 0.06527138098085132 10.995593233666792 -0.8188778329482473 0.028804425738783213 -0.5732603379116443 -148.6934734543441
-0.5718672532235387 -0.0615167132168338 0.8180389369933923 449.2616247963673 -0.009667534451987243 0.9976208145194951 0.06826425691897559 11.152038515977743 -0.8203013966738304 0.031127734145638523 -0.5710995679823645 -150.13747312625622
-0.5704172891259572 -0.06313605017330497 0.8189275762877765 451.3025065425639 -0.010554755399851477 0.9975225878883569 0.0695545745517625 11.311283020875267 -0.821299600340265 0.03102957902459445 -0.569668792802996 -151.57387163368503
-0.570114236363145 -0.06358631283276849 0.8191041008108882 453.35167748363733 -0.012625958861171117 0.9975613484739703 0.06865287077088342 11.466608137730997 -0.8214809936808559 0.028796399908631632 -0.5695255388933658 -153.01251934422723
-0.5699347403940428 -0.06330492273390154 0.8192510329388522 455.35023729093245 -0.013920797862632074 0.9976291765253295 0.06740517480284795 11.612445989776473 -0.8215849380615191 0.02701018578962359 -0.5694633602718137 -154.41931033384697
-0.5695895503273175 -0.06258732222488067 0.8195463784613938 457.3364920090893 -0.013499085303551636 0.9976750359869581 0.06680972609117315 11.754506770793208 -0.8218315452214892 0.02698941849826971 -0.5691087317780213 -155.81856443486083
-0.5683446490308326 -0.06313625544226047 0.8203679701926295 459.3895008729789 -0.012726794978783746 0.9976072407258587 0.06796065988472581 11.906581303541463 -0.8227050169629113 0.028182724566370602 -0.5677870180530475 -157.2619137326399
-0.5676044327174696 -0.06346227247983624 0.8208553440558009 461.4192337184217 -0.011138847488987219 0.9975260621754302 0.06941990663478831 12.060836330530739 -0.8232389919203672 0.03025812544511482 -0.5669056478355452 -158.68599943829128
-0.5671215353929161 -0.06357759577484023 0.82118028980669 463.4117985691357 -0.011036767137765165 0.9975140636807563 0.06960857720305177 12.213030070408406 -0.8235733230060965 0.030411798583035842 -0.5664118221778469 -160.08150868878258
-0.5666730011583914 -0.06394890653644159 0.8214608985600628 465.421611912741 -0.011353006746878926 0.9974952644640503 0.0698221961358271 12.36727116574516 -0.8238773741298858 0.030238449251082048 -0.5659781099584074 -161.4868801863817
-0.5661341861825276 -0.06465301786436589 0.8217772753506363 467.45783615542814 -0.011504988693145075 0.9974425133801049 0.07054863453400981 12.52559785865451 -0.824245886441885 0.030483570175214636 -0.5654284577517951 -162.90977450895915
-0.5657185008662194 -0.06533078696863302 0.822010001172089 469.5154442256732 -0.011910535702753248 0.9974003603375649 0.07107457383142723 12.687047458195982 -0.8245255970173585 0.030415563802695757 -0.5650242809245539 -164.34609853435123
-0.5656925184127124 -0.06499841911765061 0.8220538941381961 471.5295791850487 -0.0124527814268055 0.9974484174842407 0.07029877944924402 12.84020427083795 -0.8245350120778114 0.02952814222008446 -0.5650567436949696 -165.75174368780245
-0.5657014430942536 -0.06457013380872619 0.822081758360981 473.55301236054 -0.012631303389245325 0.9974914063191428 0.06965691997159336 12.9918683990658 -0.8245264817024904 0.02901880741189047 -0.5650960579298338 -167.16458082440514
-0.5652770220767364 -0.06506315870727533 0.8223345943499704 475.57636978089295 -0.012462665178359922 0.9974448550968154 0.07035215426058887 13.146574499006075 -0.8248199707655585 0.02951776478500264 -0.5646414863543967 -168.57684232460795
-0.5650538000347406 -0.06592789437051359 0.8224193978264641 477.6439342427729 -0.01283857888999865 0.9973850047922844 0.07113410366626113 13.308212839301014 -0.8249677067349127 0.029634101054306874 -0.5644205528266895 -170.01764525735962
-0.5648768749092723 -0.06644909799592862 0.8224987682356103 479.67712937796495 -0.013622973005178738 0.9973682394353944 0.07122216518957879 13.473557328167203 -0.8250758881665162 0.02902476198443334 -0.564293380163225 -171.42378631775176
-0.5650720445752211 -0.06674191168615562 0.8223410612882649 481.74324174743157 -0.013956226047286018 0.9973539549337982 0.07135755916160372 13.639594376876104 -0.8249367639309583 0.028843195689754988 -0.5645061631990753 -172.85690371455277
-0.5654561490510769 -0.06662386706329904 0.8220863974646515 483.77239948738577 -0.014084578436906078 0.9973672936957798 0.07114245600842645 13.79853209244888 -0.8246710494256286 0.02864686281145729 -0.5649037029552877 -174.27028156049633
-0.5657182927425238 -0.06624061499007443 0.8219366207361529 485.8072416863717 -0.013566322351382594 0.9973813182189449 0.0710436826328856 13.956865535392708 -0.8244994320683511 0.029037414141838757 -0.5651333705192085 -175.69186474422617
-0.5658312863001803 -0.0672365620811884 0.821778284465394 487.89352472245434 -0.013948016117859644 0.9973080778158872 0.07199534582104927 14.122474235043983 -0.8244164889194873 0.029272855450590392 -0.5652434990031098 -177.1495907125949
-0.566082069684764 -0.06841927829632259 0.8215080345856338 489.9524568630403 -0.014531127526718214 0.9972236488479862 0.07304166213308178 14.28792076428644 -0.8242347871869887 0.029408252506073054 -0.5655022935615278 -178.5907633305882
-0.5662256359159986 -0.068749558917482 0.8213814134495696 492.0050690895872 -0.015084683759273776 0.9972133392381902 0.07306886229637126 14.453051328167605 -0.8241262808741787 0.0289813455766927 -0.5656825144378282 -180.0279409865593
-0.5662507077546203 -0.0689237497565047 0.8213494960932087 494.0574248137466 -0.015775076571427644 0.9972219191303803 0.07280744607886032 14.616525615994139 -0.8240961276641401 0.028268824973058666 -0.5657626260391665 -181.4632431721862
-0.5665370725292124 -0.06860680431586359 0.8211785168690023 496.1228788921199 -0.01581905980239313 0.9972501254320949 0.07240446339468547 14.779088390588297 -0.8238985176014977 0.02802761204142737 -0.5660621808159996 -182.91037161086325
-0.5666298706808613 -0.06849365536543778 0.8211240677981528 498.1670687108376 -0.015568806570014205 0.9972514273939136 0.07244270185572609 14.940440475168389 -0.8238396562336353 0.028262499675600312 -0.56613648968635 -184.34425314143016
-0.5665825434751139 -0.06872748805502403 0.8211370767952545 500.24478028903945 -0.015680047102244018 0.9972343997392513 0.07264847841085827 15.106103866908311 -0.8238701054234807 0.028283976082180647 -0.5660909745910653 -185.80007477335542
-0.5665827016252167 -0.06859556530475751 0.8211480109945986 502.30755420798005 -0.015785641931146482 0.997249695267127 0.07241568990007723 15.26914762624825 -0.8238679868134926 0.02806526361865923 -0.5661049881120395 -187.24498565191274
-0.5666504345602446 -0.06877540918341832 0.8210863205836801 504.3548060900847 -0.01665258443050945 0.9972627506990676 0.07204121872236527 15.43031640596056 -0.8238044318316156 0.027146974471978773 -0.5662423736768977 -188.67718291900195
-0.5665791803058263 -0.06934376280706138 0.8210876846184175 506.38423901092983 -0.016885993704203402 0.997220607516752 0.07256816799561959 15.591878080105054 -0.8238484362799728 0.027248626785746303 -0.5661731442085062 -190.09992871137877
-0.5664501958472877 -0.07025440876447664 0.8210991361432426 508.405768495343 -0.017062977456430956 0.9971460534611075 0.07354732808967443 15.755123606798353 -0.8239335147840332 0.027648635498771477 -0.5660300891706475 -191.5179117382602
-0.566233565525286 -0.07126915884934704 0.8211609120361211 510.4729846915161 -0.017057957701373045 0.9970548209162436 0.074773922857184 15.925285582873856 -0.8240825524171066 0.028330225991193038 -0.5657793085981783 -192.9662115736567
-0.566442518335741 -0.07065772326438872 0.8210695786536607 512.485583952648 -0.016590753468936587 0.9970934892435909 0.0743611596881789 16.09565936778824 -0.823948215466885 0.028496983931574748 -0.5659662090643315 -194.36565729247286
-0.5666033486328093 -0.07014126950852793 0.8210028777122721 514.5573956092936 -0.015846334755675748 0.9971134785633226 0.07425210572030229 16.268699747271118 -0.8238522767572297 0.029059262555196773 -0.5660770931942323 -195.80927130384458
-0.5666135737472331 -0.0703684973933267 0.8209763906859704 516.6313386132024 -0.015709989736250738 0.9970879682501502 0.07462218857663895 16.441317397007484 -0.8238480118547821 0.029382002606013497 -0.5660667553051553 -197.25721311840525
-0.5666441422292023 -0.07084490936523195 0.820914154252851 518.675329607637 -0.016022993329548017 0.9970554381873187 0.07498703601584399 16.612049113524215 -0.8238207290685785 0.02933478370135717 -0.5661083967749543 -198.6871306125845
-0.5668037816874623 -0.07103166708254387 0.8207877961993685 520.6904065551882 -0.01649483254390395 0.9970546581333162 0.07489640302426451 16.778477809707756 -0.8237016737195103 0.028910296169063203 -0.566303635364875 -200.09831631129808
-0.5671438000652081 -0.07095922091004978 0.8205589488405202 522.7323685681512 -0.01679629714141764 0.9970704096152088 0.0746155908624608 16.945153932835613 -0.8234612272643514 0.028532718724183944 -0.5666718312078252 -201.53131547986706
-0.5671060379941593 -0.07173419298687037 0.8205177678845613 524.8202141674187 -0.016843936737033823 0.997001587816492 0.07552280961355914 17.119052120858466 -0.8234865531432325 0.029006130659552414 -0.5666113779407119 -202.99766310537606
-0.5672800054860289 -0.07299745678715491 0.8202855454278921 526.887071835723 -0.016915213559565524 0.9968855887252153 0.07701604293843341 17.294456257632724 -0.8233645649522107 0.029811486008225616 -0.5667460085460891 -204.45026166728778
-0.5674174604417545 -0.07347581324037349 0.8201477938751531 528.932574543485 -0.01730222277561921 0.9968542162255553 0.07733678876466407 17.469444030608134 -0.8232618365810468 0.029689252068740256 -0.5669018005561564 -205.88844181063007
-0.5677828446073114 -0.07234716553000012 0.8199952929426143 530.9769228576912 -0.01769389493825673 0.9969722435853483 0.07571054874246873 17.63802638935531 -0.8230016952676837 0.028475482766905365 -0.567341438690473 -207.32592423813765
-0.5681353114183092 -0.0708180213283519 0.8198845998957589 533.0068532643286 -0.0183973324032559 0.9971337528536578 0.07338017848736549 17.800081818703276 -0.8227428243543756 0.0266034662709376 -0.567807258515327 -208.75384509924072
-0.5681866423271928 -0.07071409988999774 0.819858282483949 535.023132577747 -0.018530476095871343 0.9971473292202111 0.07316382072036662 17.96034545030306 -0.8227049801293113 0.026375745718591196 -0.5678734302044438 -210.17385941458298
-0.5682131939391819 -0.07245967489853015 0.8196875971969356 537.1184945904223 -0.017810337476603634 0.9969647989607567 0.0757850759053792 18.134267770376287 -0.8227026473248028 0.028460667763635174 -0.5677761602983816 -211.6507716540492
-0.5683830749112633 -0.07314901372502094 0.8195083471288832 539.1693532997883 -0.016746264958873054 0.9968616716628472 0.07736523632199162 18.30938894536993 -0.8226074115587143 0.03024679644796378 -0.5678215104376769 -213.09685265358286
-0.568440119528688 -0.07281474030456292 0.8194986953111971 541.2105467556028 -0.01637708077266092 0.9968794460075171 0.07721580399415523 18.483220299532764 -0.8225758025342957 0.03046939131029857 -0.5678558003350038 -214.5350189809723
-0.5686225136757015 -0.07250719596873875 0.8193990520152068 543.2548963149094 -0.016332337236643152 0.9969057178200498 0.07688091333703204 18.65535382236475 -0.8224499245204376 0.03033111995112652 -0.5680445089525562 -215.97535666539
-0.5687137288290242 -0.07217285577726276 0.8193652427133467 545.2621628457965 -0.01611000269153873 0.9969285792817352 0.07663135313668316 18.83117545193456 -0.8223911307465049 0.03037896837351948 -0.5681268450081176 -217.37879573455913
-0.5685812898941021 -0.07235376831717247 0.8194408379800348 547.3439838127315 -0.015686436589156024 0.9968958778539758 0.07713801351531784 19.01370670030614 -0.822490363934212 0.031002648554759125 -0.5679487444895084 -218.8365308804815
-0.5682663775641468 -0.07314163255321766 0.8195895427405141 549.4227854903907 -0.015758447889285824 0.9968253069359649 0.07803222849459984 19.196357254416192 -0.8227072682084758 0.031425443851902136 -0.5676121105931511 -220.29416102033034
-0.5680838781272658 -0.07376001742017486 0.8196605122953464 551.4795873860583 -0.01630447754675204 0.9967874216794403 0.07839912606036264 19.37702060695149 -0.8228225041558181 0.03117085423315121 -0.5674587761800985 -221.737374997485
-0.5681018292737086 -0.07367707431867264 0.8196555649655276 553.5433745698432 -0.016387529352967965 0.9967986637223959 0.07824170255363051 19.555739681919324 -0.822808754296625 0.031015281219690046 -0.5674878816761336 -223.18720516123201
-0.5681139135123449 -0.07340445560576027 0.8196716590343546 555.5464706043284 -0.01560410816273514 0.9967949261472998 0.07845092326802926 19.728895495554227 -0.8228155083658615 0.03177720722501924 -0.5674357898633822 -224.59679013344615
-0.5678748692557488 -0.07388770784942761 0.8197936575853514 557.5988025175396 -0.015293718637851363 0.9967370536582535 0.0792408904068756 19.908900848093012 -0.822986010355221 0.032459363683210174 -0.5671492915754743 -226.03891704688232
-0.567585274440417 -0.07441558639856098 0.8199467319718349 559.6499153633775 -0.01596586583121127 0.9967134634468495 0.07940559858853397 20.090029184175712 -0.8231733452719923 0.031976659070680424 -0.5669052237755254 -227.47694559413682
-0.5674895910341349 -0.07482915601858277 0.8199754601123412 561.7204112035737 -0.016565693654581066 0.9966970135597392 0.07949074264376384 20.272645373120223 -0.8232276850631748 0.031525113318272395 -0.566851956533842 -228.93052525744574
-0.5673568611486673 -0.07451498430343623 0.8200960527644682 563.7940555258364 -0.016818229106461708 0.9967375569190302 0.07892859926581301 20.452062401700594 -0.823314679712282 0.030987147270440694 -0.5667565539036855 -230.38602033516565
-0.5673382091587511 -0.07335674481568838 0.8202135637776488 565.8415684702964 -0.015541999896148987 0.9968003888844348 0.07839864725962833 20.627641396873635 -0.8233530263492707 0.03173009900898318 -0.5666603180854036 -231.82477828452474
-0.5670793437962423 -0.07290175631587743 0.8204331103426102 567.8869563281324 -0.015053235323957853 0.9968257545242295 0.07816961254764876 20.802618569397826 -0.8235404834041563 0.031977595823009734 -0.566373904260604 -233.26035023482893
-0.5667797142837354 -0.0733176613278196 0.8206026925430198 569.9703379645873 -0.015195583243335966 0.9967924706783703 0.07856294574267408 20.98422619416065 -0.8237434804400281 0.03205766480968559 -0.5660732253941354 -234.71987009067118
-0.5661800558041581 -0.07408134042285457 0.8209482389337547 572.0532955144337 -0.015393825231230318 0.9967295467739767 0.07932586907807058 21.16766782180062 -0.8241527136147432 0.032275087652687266 -0.5654659968203606 -236.17783639798077
-0.5660194357448836 -0.07353471025816197 0.8211080356382155 574.125209958527 -0.015281489719258936 0.9967783363967111 0.07873175553880749 21.347142284598444 -0.82426515653008 0.03201563077673081 -0.5653167141868647 -237.62737954204235
-0.565710385387272 -0.07383590603578606 0.8212940916781627 576.1599015303161 -0.016310705371885423 0.9967898043577034 0.07837737547215673 21.523023586138375 -0.8244577937488222 0.030942591289684896 -0.5650958253364107 -239.04696540056938
-0.5652657815580835 -0.07400614759922057 0.8215848716270923 578.1775574958307 -0.016786911118752322 0.9967927806169151 0.0782377061058394 21.70341018229875 -0.8247534447685783 0.03043277944195551 -0.5646923710301592 -240.44371809612272
-0.5648280408360917 -0.07453849185164928 0.8218377918685318 580.2698905942143 -0.017543061915586057 0.996770991348859 0.07834657034324438 21.889907032024116 -0.8250375672065408 0.02983430274294456 -0.5643090929228011 -241.8922831574981
-0.5644901035063568 -0.07483059592119796 0.8220431561021624 582.3104541929704 -0.018046933730567177 0.996762172337735 0.07834177911573335 22.06858616644341 -0.8252575595738764 0.029387173788222243 -0.5640100368732006 -243.3087499468865
-0.5641597844722981 -0.07543654444466057 0.8222144006742615 584.3785475823115 -0.019089005852569722 0.9967422380166827 0.07835040403002991 22.248641776543433 -0.8254599936316156 0.028506168519573553 -0.563759036560316 -244.74381611343145
-0.5639736986278602 -0.07583738096357225 0.8223050688622833 586.4239414085058 -0.02016005262729934 0.996741163087863 0.07809700417583357 22.424971802365967 -0.8255615387489782 0.02746630785131066 -0.5636618064013047 -246.1638587890554
-0.5642144703349553 -0.07556178640490988 0.8221652850465443 588.4630774056644 -0.02093201986053162 0.9967914917898163 0.07724521597716306 22.596754384669428 -0.8253777708289827 0.026372635318774793 -0.5639830132974775 -247.58275769757932
-0.5642181156430758 -0.07565109614110511 0.8221545167557764 590.4975893197957 -0.020566473298674226 0.9967709446756747 0.07760329183489156 22.769481893642574 -0.8253841166288657 0.026875272918942372 -0.5639494557298435 -249.00261431819425
-0.5640090097192267 -0.07666329983219057 0.8222041883897585 592.5920273656169 -0.020711413275504312 0.9966800565338129 0.07872299523184437 22.951600531441077 -0.825523302842714 0.02737036835368088 -0.5637217976114604 -250.46324499773618
-0.5640394838050166 -0.07729771640691338 0.8221235955891906 594.671983949904 -0.021240437927734036 0.9966364040186269 0.07913205091908718 23.13381828677397 -0.825488631016389 0.027169946215727707 -0.5637815863072282 -251.91281407234885
-0.5643308905802581 -0.07693081501498499 0.8219581124303554 596.7577945846529 -0.022067169107632952 0.9966971833091816 0.07813376862543865 23.31236163085192 -0.8252676649830903 0.025953609663386185 -0.5641621752857771 -253.36663429361911
-0.5644511135282755 -0.07552632581349245 0.8220057163421108 598.824589765732 -0.021836413726964328 0.9968218261080809 0.07659290479308535 23.484239284135743 -0.8251914802602722 0.025281831985357987 -0.5643038981556273 -254.80932350493492
-0.5646626145285089 -0.07442668946650699 0.8219608305291866 600.8530773559418 -0.021348805378322996 0.9969083272629705 0.07560047378654798 23.649662648146805 -0.8250600004291401 0.025139714573381784 -0.564503141594232 -256.22646817471133
-0.5645213083634293 -0.07452039989630105 0.8220493339411331 602.9221747349644 -0.021271051699099295 0.9968974437357662 0.0757620358983464 23.82057939163771 -0.825158432918139 0.02528201107799229 -0.5643524239373404 -257.6707237452252
-0.5643925635226953 -0.07511467188038295 0.8220837097327651 605.007304143988 -0.02101435833198762 0.996834813632795 0.07665332004903776 23.996504188067735 -0.8252534194377584 0.02598578267041188 -0.5641819586910086 -259.12589848292595
-0.5640954011231631 -0.07573849375877023 0.8222302978837547 607.0728952798062 -0.021112130266876486 0.9967801380649536 0.07733134035725672 24.172672300977595 -0.8254538002354842 0.026261628055504437 -0.5638753927554488 -260.5658579003338
-0.5639665633821068 -0.07606444165974734 0.8222884527163242 609.1201832230347 -0.021054869547137645 0.9967478123359315 0.07776065899652178 24.34781605270019 -0.8255431658744731 0.02653946780289726 -0.5637311847958185 -261.99381631200004
-0.5638909755824116 -0.07590290011263603 0.8223552874377406 611.1569898900881 -0.02127369398938629 0.9967703484448603 0.0774123020840487 24.527716460912664 -0.8255896554581652 0.026156079913764407 -0.5636817478541335 -263.40011210133247
-0.5636389581918344 -0.07560683594520821 0.8225549589010438 613.2407933405229 -0.021316042921138433 0.9967997748438691 0.07701505187294864 24.70847288405301 -0.8257602643491523 0.02587332401349078 -0.5634441550766246 -264.83985007195
-0.5634446655285649 -0.07553968669693052 0.8226941260185733 615.3258872560355 -0.020896418471080407 0.9967930713728966 0.07721261518593937 24.888116804596592 -0.825903500521844 0.026311652433497573 -0.5632136655808482 -266.2850235602193
-0.5629879967877265 -0.07571713898019788 0.8229902722271879 617.3733530820268 -0.02082822562008691 0.9967755003141061 0.07745649941057378 25.064176830706586 -0.8262164867741941 0.026463326299258304 -0.5627471126275017 -267.7047917425352
-0.5626478407595683 -0.07596541785099814 0.8232001195142695 619.4255343517817 -0.02094038542582676 0.9967569930175532 0.07766759254147057 25.24041051931382 -0.8264455891432566 0.02645907077558984 -0.5624111635114922 -269.1275967500515
-0.5623685671605159 -0.07602952964858535 0.8233848932008306 621.4989359698039 -0.02102298015225964 0.9967540798587595 0.07767821168765562 25.41798609564039 -0.8266333398993854 0.02637123918102555 -0.562138817849343 -270.5640616308553
-0.5622778502574093 -0.07501825957481745 0.8235398866763503 623.5326286315743 -0.02081978891807239 0.9968429087702753 0.0765887489846424 25.58756500926982 -0.8267005128883083 0.02591574000466099 -0.5620617014418237 -271.9749940854669
-0.561837585258506 -0.07511983282855354 0.823831028399605 625.5983663189762 -0.020784921250390425 0.9968334220265765 0.07671878660508794 25.761295268214376 -0.8270006942055752 0.02597742150270444 -0.5616169696296541 -273.4054154035019
-0.5614692453326255 -0.07547637252708864 0.8240497107316941 627.6481830238054 -0.02075892905807385 0.9968004816900136 0.07715395441305234 25.93554842037024 -0.8272518760457628 0.026210418455433787 -0.561236632214084 -274.8255031486137
-0.5611588438972637 -0.07557101734801734 0.8242523884582704 629.7389814018621 -0.02059629627014763 0.9967871575449109 0.07736681553776206 26.113415162718795 -0.8274662015078404 0.026435489105426948 -0.5609095684064065 -276.2714487826814
-0.5611488015047532 -0.07466368914857986 0.8243419967840061 631.781417653373 -0.020349483961847475 0.9968639875674599 0.07643624904865884 26.28304329342181 -0.8274793003039259 0.026114243566307378 -0.5609053920390531 -277.6843665631971
-0.5611800006085098 -0.07365073315512279 0.824412045912107 633.8075549017594 -0.019885606430186668 0.9969427064115469 0.07552703355046095 26.448476204747756 -0.8274696962540666 0.025987163125322656 -0.560925706477624 -279.0870540127121
-0.5610205594143554 -0.07350061342961023 0.8245339548828173 635.8471864509253 -0.019370746280136242 0.996940454806356 0.07568816927838723 26.617124144782668 -0.8275902031683711 0.02648747025557703 -0.5607245160543175 -280.4985235404226
-0.5607093967521054 -0.07407983294511396 0.8246939267035117 637.8905913006771 -0.018968508170967728 0.9968749691593463 0.07664861646710372 26.78918495474363 -0.827810989402975 0.027331374076823744 -0.5603586788036212 -281.91084533325386
-0.56044536521031 -0.0742957730545788 0.8248538234448644 639.9495530648327 -0.018954833426446917 0.9968551411516198 0.07690820456029074 26.963376754629046 -0.8279899271492055 0.0274649175107483 -0.5600874197772125 -283.3322655038858
-0.5604705211356124 -0.07434941494666653 0.8248317518284621 641.9993077526382 -0.01899780554657244 0.9968513049047629 0.07694509855738846 27.136232511882547 -0.8279718437290374 0.027452541774004094 -0.5601146464765336 -284.74800503376736
-0.5605161302019035 -0.07438129100928197 0.8247982661707028 644.0032503569719 -0.019106276794782235 0.9968520248009299 0.07691218705770919 27.311674856211244 -0.8279387685255982 0.027348767077079998 -0.5601691179107074 -286.12230191803724
-0.5605032854773618 -0.0738710278141389 0.8248525689120799 646.0820966239057 -0.01882700299943067 0.9968898918943147 0.07648389401504405 27.48929755947019 -0.8279533343257326 0.027336671981609353 -0.5601473282995849 -287.54997173727526
-0.5607170775864622 -0.072946716288175 0.8247897068740645 648.1355002093185 -0.018420880617356864 0.9969612374904788 0.07565001967846072 27.65970867422178 -0.8278179820692061 0.027221715125348118 -0.5603533304626428 -288.9639471370384
-0.5607342942305525 -0.07261761240193039 0.8248071973241782 650.1884347012016 -0.018457533718735777 0.9969925759462175 0.07522806029736046 27.827714838157192 -0.8278059366749219 0.026955905385392963 -0.5603845520026217 -290.37894639811196
-0.5607759379700191 -0.07270801416594816 0.8247711243658951 652.2314318954473 -0.018628035122006444 0.9969898740990537 0.0752235428249074 27.99505518120833 -0.8277745018139637 0.026816739353215734 -0.5604384658860582 -291.78938119555283
-0.5608819910466156 -0.07296979923728614 0.824676057615311 654.2940053490653 -0.01896414425247589 0.9969766933713599 0.07531647566652758 28.164434576001483 -0.827695234685324 0.02660147182532176 -0.5605661112958891 -293.21479369834947
-0.5609454530891115 -0.07318181527577683 0.8246143666468965 656.3513785415518 -0.019472797181903277 0.9969737254896451 0.07523090243072675 28.33256519355253 -0.8276407176650575 0.0261401424628745 -0.5606690040139202 -294.6370550693689
-0.5610814076067169 -0.07349743501326306 0.8244939521317342 658.4267310666464 -0.019927253010085043 0.9969588917676708 0.07530979128989228 28.50324349818261 -0.8275380218146814 0.025822327167431144 -0.560835734644353 -296.072774333257
-0.5614350263601756 -0.07341320542576571 0.824260812643744 660.4469964695421 -0.02041424519960483 0.9969807807271734 0.07489093210664526 28.66661213131933 -0.8272863892749999 0.02521702041701249 -0.5612345122609925 -297.4725439790732
-0.5615913544540092 -0.07347113879284692 0.8241492924140837 662.4929850476515 -0.02088085474572896 0.9969894275431265 0.07464989331589973 28.831863206906654 -0.8271687812078975 0.024711276650243957 -0.5614308875219283 -298.8914204473432
-0.5618721500841145 -0.07367214135357096 0.8239402520038306 664.5199438356481 -0.02080682054095489 0.9969687129945466 0.07495359797220098 28.997504790581974 -0.8269805840446124 0.024968681687386557 -0.5616977928586351 -300.3003072982998
-0.5620697972583253 -0.07366557224624969 0.8238061275718744 666.5495118672653 -0.020197278939227195 0.9969507022261691 0.07536719444418818 29.164912244749576 -0.8268617780913 0.025721484454972274 -0.5618392412416945 -301.71073952785196
-0.5625899654037662 -0.07345506783881621 0.8234695140260739 668.6457466419106 -0.019399250308395958 0.9969431187993292 0.0756746682866395 29.338446645600587 -0.8265263808902753 0.026597392466892453 -0.5622910348595299 -303.1690611958602
-0.5626938538147802 -0.07390973817061096 0.823358076824912 670.7019336820507 -0.01982636672008112 0.9969148834972589 0.07593847052986677 29.509639776626123 -0.8264459293116613 0.026404557767668372 -0.5624191555786096 -304.59745672841706
-0.5627888533513035 -0.07349772315587531 0.8233300828257122 672.7345087414438 -0.019863277179324988 0.9969537831181534 0.07541778521022394 29.674803541257212 -0.8263803617141943 0.026089162734969272 -0.5625303365775011 -306.008669856627
-0.5632346589860032 -0.0726377329932955 0.8231012571332256 674.7378894160307 -0.018759548331828024 0.9969955860087979 0.0751453210401451 29.836214580478558 -0.8261023465167421 0.02688242496121166 -0.5629010417257494 -307.4030987798008
-0.5631997293321531 -0.07216909746849486 0.8231663294444382 676.762194237413 -0.01794861814644786 0.9970116143650414 0.0751287462518488 30.008467747416862 -0.8261438568688277 0.027536478684173787 -0.5628081015236832 -308.7984728919742
-0.5631002083198259 -0.07153245218809023 0.8232900277758158 678.8486568388789 -0.0171241425939479 0.9970424190802044 0.07491512647633397 30.183083299690242 -0.8262295453361148 0.028085308606223436 -0.562655482322085 -310.2408576075375
-0.5630031941609924 -0.0712511957263974 0.8233807326250491 680.8996639745859 -0.016150040970971835 0.9970346563139025 0.07523379697627366 30.354323081424788 -0.8263154224093987 0.029058098162053028 -0.5624801173204732 -311.66175823681203
-0.5628994902063366 -0.07099742917093947 0.8234740938997132 682.9446590024556 -0.015950201568477027 0.9970519619444322 0.07505773144222216 30.522820602471587 -0.8263909970976483 0.029115257090089497 -0.5623678475156588 -313.07994531167714
-0.5626861767621163 -0.0707354754044577 0.823642478331944 684.9818237903254 -0.016125600538218335 0.9970824630483426 0.07461226269956821 30.689061201406474 -0.8265330566970412 0.028701311178602376 -0.5621805250104325 -314.49058657613557
-0.5624865535197141 -0.07066218002049633 0.8237848280966747 687.016133127333 -0.016566685692704853 0.997104690414732 0.07421549719683491 30.854148127084795 -0.8266597744079315 0.028097303276581182 -0.5620239918968872 -315.89845632091243
-0.5623938593331638 -0.0700579652195618 0.8238996638257483 689.0420754908816 -0.016355515977492463 0.9971522246252497 0.07362386017706872 31.015838182315374 -0.8267270074720564 0.027929944618462602 -0.5619334795843132 -317.30201693921646
-0.5619482096223899 -0.0702773735966048 0.824184871659563 691.0748933517464 -0.016216481162055003 0.9971293897167199 0.07396555404221859 31.180520869324784 -0.8270325613117108 0.028199123222355713 -0.561470112934226 -318.7091834180554
-0.561685842373092 -0.0710538778979582 0.8242970685535147 693.1189849462154 -0.01566034015502319 0.9970406546559182 0.07527145040626085 31.349033221120028 -0.8272214527527765 0.02936997085910135 -0.5611316805941617 -320.12517602591095
-0.5609785835628711 -0.07144604091042041 0.8247447478976054 695.179481370678 -0.015346310488748346 0.9969958916431395 0.07592756706474854 31.521288390276343 -0.8277072021203962 0.029936784538996963 -0.5603849588895164 -321.54941498520424
-0.5607409174759105 -0.0710920461131179 0.8249369912392819 697.2197385639582 -0.01496684717810407 0.9970155451760907 0.07574608727668054 31.69040797111544 -0.8278751021166147 0.03012707086564844 -0.560126611837727 -322.95891501531685
-0.5606160813732947 -0.07006449584428112 0.8251095091074625 699.2806851162244 -0.01432870936449363 0.9970863744516939 0.07493028680993441 31.85735315314495 -0.8279706912011036 0.030184029056509354 -0.5599816834406575 -324.38159161244727
-0.5601286907656555 -0.06929437206547166 0.8255054754259644 701.3347849309419 -0.013823640288255556 0.9971393682886619 0.07431981149161146 32.02242295792782 -0.828309446668211 0.030217107148781848 -0.5594792876423583 -325.7969164883985
-0.5598256999120669 -0.06833145590272079 0.8257911736586471 703.3871575497122 -0.013301179551239157 0.9972073794256894 0.07349612983943919 32.18537957277329 -0.8285227010118568 0.030161195255685454 -0.559166304959069 -327.20912210481794
-0.5595420113135504 -0.06791282273075173 0.826017925868467 705.425963410746 -0.012914380458261734 0.9972313532062351 0.07323915203565316 32.346526337487404 -0.8287204553563731 0.030313018022171727 -0.5588648858317563 -328.6113970609828
-0.5593320978000842 -0.06709849301197447 0.826226819024254 707.4461153131394 -0.01230968738260175 0.9972822243024747 0.0726544324584436 32.504271103890666 -0.8288714680101321 0.0304677740956979 -0.5586327623170106 -330.0005152692154
-0.5588877507386456 -0.0668333850419748 0.826548806023627 709.4345327053996 -0.01196954121274438 0.9972940624341499 0.07254381032545422 32.66763523319937 -0.8291756546280846 0.030650421438510343 -0.5581703872845445 -331.35486737323174
-0.5582739872393646 -0.0674226981625953 0.8269152294472387 711.4851840629582 -0.012623098079496535 0.9972676772101884 0.07278813771986409 32.83554831920138 -0.829578479966142 0.03019673802056394 -0.5575946312725631 -332.75033946394075
-0.5578555135150152 -0.06788584326966994 0.8271598228687863 713.5165985948972 -0.013611768822330618 0.997263880357795 0.072664020972699 32.999345405496655 -0.8298446222946804 0.02927622144610303 -0.5572480972271926 -334.1334620381573
-0.557708197159527 -0.06756225504747101 0.8272855063165994 715.5835734244921 -0.013685274569416747 0.9972948308359194 0.072218530755281 33.161788475610344 -0.8299420903490727 0.028953923069513457 -0.5571187720650999 -335.54518710299135
-0.5577090192282478 -0.06616889988219918 0.827397508831676 717.6278751220137 -0.01223917913938418 0.9973645734244366 0.0715095821564483 33.31941962103758 -0.8299642376130458 0.029753494100676077 -0.5570437139227333 -336.94477596295087
-0.5573642050799551 -0.06518269311583569 0.8277080333007261 719.6583658898822 -0.011336389984663358 0.9974182473493485 0.07091148449825142 33.474124599668734 -0.8302088279300186 0.030139442062549683 -0.556658722687018 -338.33376463147283
-0.5571612495200832 -0.06512755158642863 0.82784909749297 721.6702709580554 -0.01128748771009427 0.99742217328974 0.07086895374814364 33.62819031936178 -0.8303460392717738 0.03014063648042801 -0.5564546014970456 -339.7085199443271
-0.5570475395449084 -0.06627789130176404 0.8278341859651964 723.760446625512 -0.011488523836344433 0.9973304545021607 0.07211516134091796 33.79255122998705 -0.8304194625400213 0.03066058066419126 -0.5563164602905504 -341.13737398150624
-0.5570494530652104 -0.06698462252897758 0.8277761639830188 725.8269923736949 -0.012121508758222608 0.9972920218206623 0.07254248470223185 33.95689636205162 -0.8304092772916652 0.030375270382945126 -0.5563474061808618 -342.5488996584719
-0.5571565785476565 -0.06679183153191212 0.8277194746666818 727.8531094327772 -0.013464186172664348 0.9973560226706161 0.07141522649219971 34.11305719297967 -0.8303165936258546 0.028644174127781002 -0.5565773488183439 -343.9313705121482
-0.5572182060921441 -0.06596199636456838 0.8277446150777378 729.8793428593956 -0.013653273714018312 0.9974333726727809 0.07029085260808589 34.265167706307125 -0.8302720299794659 0.02786508199113448 -0.5566831632325226 -345.31698761105895
-0.556667134311359 -0.06616476451469083 0.8280990651439177 731.9312700759684 -0.012640196077573088 0.9973829075789541 0.0711909836737513 34.42344798703831 -0.8306573855531537 0.029161539635129213 -0.5560411737071239 -346.71958888847877
-0.5558628044672623 -0.0665191007254076 0.828610730701143 734.0154539179777 -0.01119831787349232 0.9973022755745351 0.07254642461547235 34.58827366057274 -0.8312164925924549 0.031045862055400626 -0.5551028239472025 -348.14127597600617
-0.5557376987449983 -0.06596355864240515 0.82873910245113 736.0879559353511 -0.009490755086612332 0.9972863431082777 0.07301229066088916 34.75332816536104 -0.8313215867240338 0.03270951567348899 -0.5548499918342296 -349.5544460857195
-0.5556603667089425 -0.06472667648427433 0.8288884789738882 738.1607445145847 -0.008903935647904091 0.9973717729953305 0.07191157263758217 34.91388014226313 -0.8313796973445943 0.03257724974062874 -0.5547704340472942 -350.96570630278995
-0.5555710575762706 -0.0632786282791851 0.8290601252354075 740.1832270374701 -0.008652483318981167 0.9974864712459965 0.07033289201292851 35.06562105781655 -0.831442081996745 0.031900608317505866 -0.554716250167766 -352.3417197971487
-0.5553603606652088 -0.06195168410371833 0.8293016934338849 742.208090096633 -0.008464211721110613 0.9975916489648865 0.06885224522538136 35.22228519148908 -0.8315851176917058 0.031217767145805386 -0.5545413330538981 -353.7047919192506
-0.5551302644811954 -0.06144202197567943 0.8294935800196688 744.2579343397216 -0.007663684675406965 0.9976041422835816 0.06876256554925993 35.37972811215939 -0.8317466480747409 0.03181464085923376 -0.5542651817705831 -355.0865621338357
-0.5544510282967249 -0.062286352787122815 0.8298847150410598 746.2977821828779 -0.00760318283010533 0.9975334815568845 0.06978652821654585 35.53735061741167 -0.8321999770514793 0.03238291126604652 -0.553551166949217 -356.46326674520674
-0.5538371868792564 -0.06297789556406959 0.8302421763726021 748.3551256079327 -0.00793378518034397 0.9974897451681585 0.07036908928841869 35.69714607996166 -0.83260521359906 0.03238536474110442 -0.5529407326051089 -357.8513015518629
-0.5534221326760008 -0.0630211616429287 0.8305154901041439 750.393417227432 -0.008622593032837033 0.9975137574538424 0.06994495174158706 35.851691617888484 -0.8328743096162415 0.03154691983315823 -0.5525836796196586 -359.22412713424495
-0.5529605438240184 -0.06326236038367561 0.8308045183457049 752.4390088616643 -0.00905967771116233 0.997511006463457 0.069924087973693 36.00676107922208 -0.8331759267690863 0.03113697114736108 -0.5521514852144862 -360.60222251269795
-0.5523535779369705 -0.06341678556856539 0.8311967165996518 754.4996284692317 -0.009255085976139062 0.9975075630533753 0.06995285459834537 36.16281916583125 -0.8335770637466652 0.03094503370341323 -0.5515579252446371 -361.9900710840592
-0.5517164308468939 -0.06345794664677144 0.8316168050415872 756.5343038219971 -0.009502123972946891 0.9975154857848326 0.06981043688397004 36.31530823068385 -0.8339966602080124 0.030613004838396008 -0.5509428020147515 -363.3581211594243
-0.5511138077692966 -0.06364379305191215 0.8320020031835392 758.5882004507602 -0.010150402612606062 0.9975254117578124 0.06957896775480914 36.469014824288095 -0.8343873600668849 0.029900445787423537 -0.5503901513791956 -364.7352077475167
-0.551135973410371 -0.06289966436425928 0.8320437273719656 760.625491071384 -0.009404318636251501 0.9975604825902418 0.0691798654477581 36.61909346764572 -0.8343811540592524 0.03030230923177868 -0.5503771001277332 -366.106006929298
-0.5507612097601231 -0.06315933466463801 0.8322721709667382 762.6530364457467 -0.00907211833444029 0.997527963649697 0.06969362294073392 36.77099342134007 -0.8346325877527508 0.030833853705607418 -0.5499666218908348 -367.4688442587973
-0.5504002852635177 -0.0643073704158817 0.832423251013307 764.7153453970224 -0.009752705547987708 0.9974576171014952 0.07060502576859586 36.928576281506224 -0.8348635025651182 0.030742695194210606 -0.5496218375638219 -368.8530957750634
-0.5502497796478337 -0.0646273638599655 0.8324978816963442 766.7931827603339 -0.010156299556876545 0.9974456914129791 0.0707161726852946 37.08736930175256 -0.8349578692352444 0.03045641124674752 -0.5494943098890499 -370.2471219061581
-0.5502906548267426 -0.06457960038851458 0.8324743883228519 768.8338948457449 -0.01092774352899267 0.9974771694189088 0.07015306512516437 37.24035909938235 -0.8349211182882649 0.029507274502083677 -0.549601940360346 -371.6154618922059
-0.5504512617448336 -0.06399017583217176 0.83241379863703 770.8463375544533 -0.010837135100911947 0.9975228708009097 0.0695127837626245 37.388584982716694 -0.8348167339612772 0.02924223047371728 -0.5497749041338477 -372.9678631875148
-0.5507215961158448 -0.06361491111296191 0.8322638451698181 772.8886642561556 -0.010392825100961518 0.997537960864194 0.06936717775461572 37.539589136501945 -0.83464453665082 0.029552700937577 -0.5500203619045381 -374.34304823498417
-0.5511535588196307 -0.06318719253261748 0.8320103432093661 774.8994495130066 -0.009505124441741043 0.9975405393570331 0.0694584360643515 37.69642253194342 -0.8343701389875555 0.030374248674603074 -0.5503919010786448 -375.6881681470143
-0.5516905435505416 -0.06254018753877334 0.831703199916455 776.9472674300797 -0.008456267234349172 0.9975541427802016 0.06939865498386887 37.853460319813 -0.8340263731167693 0.031253792277192625 -0.5508633163974122 -377.06267229495984
-0.5520799348069203 -0.06235181001859139 0.8314588640876641 778.9683099278881 -0.007699754078300063 0.9975399858386621 0.06969041150351105 38.007324869984544 -0.833775896080043 0.032073072273565865 -0.5511951406712754 -378.42330062480397
-0.5522992160853248 -0.06254372005783194 0.8312988323428333 781.0205807987539 -0.007407417140987299 0.9975117596839502 0.07012416809348308 38.1643436397931 -0.8336335417159864 0.032572334467951276 -0.5513813767030245 -379.80658892771174
-0.5524918170058613 -0.062556121328917 0.8311700107096428 783.067559281236 -0.007729965980058004 0.9975227904392021 0.06993469786333861 38.318799952313476 -0.8335037869698205 0.03221435987922353 -0.5515996964621039 -381.1865503612878
-0.5526580496618204 -0.06180982577943744 0.8311154337026001 785.0644143976943 -0.008227009436417403 0.9976036062104543 0.06871756998399553 38.46511584012228 -0.8333888446932776 0.03114064139985485 -0.5518349604880657 -382.53300004159985
-0.5526192502499276 -0.060470611636171866 0.8312399153082859 787.055515285373 -0.008518370725672745 0.9977241328244262 0.06691533993006987 38.60608986815954 -0.8334118412516739 0.029899237199789458 -0.5518695355641617 -383.87602675023527
-0.5524840284599726 -0.05979182606095227 0.8313789672628217 789.0323010805425 -0.00824768241032822 0.997769387844281 0.066273923988001 38.74419205601457 -0.8335042720659898 0.029759870514425163 -0.551737542733018 -385.21013366868624
-0.5523507324999738 -0.059917972459838015 0.8314584221600004 791.050234442749 -0.007996247216717139 0.9977508546324285 0.06658597566116503 38.88860056439124 -0.8335949011475301 0.030131834975281553 -0.5515802223146646 -386.57160250673746
-0.5519464015185598 -0.06025522370498497 0.8317024951463022 793.0606990709181 -0.008080759575129161 0.9977279658002186 0.06691704718846446 39.03428470281463 -0.8338617224706543 0.03021519375995072 -0.5511718985895718 -387.925836877431
-0.5517299310366978 -0.060070358508227 0.8318595709405031 795.0706694314299 -0.0072370962687535925 0.9977130120108935 0.067242967806148 39.179947292019115 -0.834013185446667 0.03108161817475946 -0.5508950849827567 -389.27979684609573
-0.5513091860819382 -0.06003101455511336 0.8321412234996982 797.0818120731155 -0.006508573309807966 0.9976898462508258 0.06765756883754456 39.327208343579606 -0.834297133674337 0.03188598828164583 -0.5504186297593413 -390.632736872611
-0.5508835395676605 -0.059595448070664754 0.8324545072990885 799.101132268729 -0.005723032383256246 0.9976964343920751 0.06763381874774423 39.47441933805901 -0.8345841066044556 0.03249614577093561 -0.5499479110504026 -391.9890225683852
-0.5502784630485332 -0.05966451725088588 0.8328495834105991 801.1280333909996 -0.005445356516964263 0.9976818202342526 0.0678711735432853 39.6235378449957 -0.8349847650375952 0.03281452311692395 -0.5493200361850034 -393.3469139189923
-0.5496370347602739 -0.05976293140821679 0.8332660088895579 803.1470603572953 -0.005209729679314704 0.997666600237784 0.06811354742009784 39.772203381871925 -0.8354088115323746 0.03309835300411404 -0.5486580679539065 -394.69795456185744
-0.5489896104478866 -0.059852495355266065 0.8336862048479087 805.1775464400787 -0.005161091808229716 0.9976595678104885 0.06822190027838108 39.921786137912065 -0.8358347199869964 0.03315222237278692 -0.5480057905922885 -396.0531562463764
-0.5480873892497579 -0.06027732223234184 0.8342487661862377 807.2103948957122 -0.005201109223346211 0.9976288725087439 0.06866111116188205 40.07907048077454 -0.836425860465676 0.0332946315821025 -0.547093421149137 -397.3984129122226
-0.5470999386714941 -0.060940262437748145 0.8348487205132569 809.3190875190347 -0.005376994082688261 0.9975845042510628 0.06929152843264187 40.242410407285526 -0.8370714668936634 0.0334221360935335 -0.5460981265671623 -398.79095531295485
-0.5463588085674006 -0.061444281657293265 0.8352968988860824 811.3747477752886 -0.005460827414718085 0.997548361777568 0.0698035905485518 40.40000457834514 -0.8375551849565697 0.03357839896648995 -0.5453467882717212 -400.1492915650074
-0.5457545375663431 -0.061569755298492936 0.8356823653901935 813.4323873073971 -0.006064056488321724 0.9975637195243144 0.06953265061988255 40.554463641829585 -0.8379447974482125 0.03288185765893645 -0.5447901779973321 -401.5071016270763
-0.5453103443051537 -0.06149481468660392 0.8359776488486436 815.5230460202782 -0.005958352240355037 0.9975670236283364 0.06949103203269412 40.71060431720082 -0.8382344424149749 0.032914686997888805 -0.544341877892347 -402.88776516750744
-0.5447128375295206 -0.061238123769663214 0.8363859721974052 817.5724086103423 -0.005281596035247875 0.9975635042346922 0.06959585515835261 40.86292754735607 -0.8386273940221988 0.033493701843458575 -0.5437009647816586 -404.24062679864113
-0.544340992280838 -0.061603357253428075 0.8366011585951965 819.6396794759008 -0.005257564516121222 0.9975331592501714 0.07002927921524164 41.01954865022139 -0.8388688589515741 0.03372263150735919 -0.5433140145287847 -405.60326362011443
-0.5441388225460264 -0.061841205525736874 0.8367151446701102 821.7230052595602 -0.005348273419945146 0.9975174631187858 0.07024445860313189 41.17703747643111 -0.8389996215927692 0.03374892081667431 -0.5431105397993895 -406.97634210192217
-0.5439788711145156 -0.06333833478287956 0.8367073530565164 823.8178233330993 -0.005787170568682707 0.9974090714602359 0.0717375613295893 41.33950283531724 -0.8391009885942338 0.034182959661797775 -0.5429274451704554 -408.35734526896664
-0.5439126284539139 -0.0638410014344382 0.8367120420804308 825.9271220230332 -0.006627405703281366 0.9973998386194952 0.07178982878377543 41.50422007992565 -0.8391374280409681 0.033503515804092866 -0.5429128732117658 -409.746678612984
-0.5439661092120488 -0.06395406866967074 0.8366685874113499 827.9906775543519 -0.007604924671683437 0.9974282127837412 0.07129439298044848 41.66256451428117 -0.8390941897293565 0.032420188129834056 -0.5430448102388291 -411.10605751048735
-0.5439262261419913 -0.06340903500903429 0.8367363531352257 830.047847914465 -0.008086087891383953 0.9974930118546486 0.07033135798658646 41.81651256283371 -0.8391161104738527 0.03149064943092573 -0.5430666226601104 -412.4626267452112
-0.5436341622912767 -0.06349778287764844 0.8369195341583051 832.1369926344344 -0.007994255275509954 0.997483259938863 0.07048332090330477 41.975183184596 -0.839306601062017 0.03162843505336491 -0.5427647002098898 -413.8380842868332
-0.5433331041095361 -0.06405519769602094 0.8370724697908231 834.2481648853585 -0.008355528619090209 0.9974504231626165 0.0709005475313291 42.1373016223424 -0.839497736748643 0.03152991292017875 -0.5424741447388014 -415.22667951583145
-0.5432238400572051 -0.06325994648814622 0.8372039670621468 836.301002189635 -0.00830349962354822 0.997515810846049 0.06998172920882756 42.29028127786797 -0.8395691142806402 0.031065541417245063 -0.5423906693475253 -416.5777910490432
-0.5431026560145501 -0.06212186257258553 0.8373680073539619 838.356300464196 -0.007723078679587679 0.9975892334290875 0.0689952651551302 42.44056950758651 -0.8396535488695241 0.03100617652084674 -0.5422639792703382 -417.9307911134764
-0.5430158409709712 -0.06188563973329752 0.8374421841853202 840.3967453685354 -0.006589905621044686 0.997566739050894 0.06944191444463146 42.5996863748444 -0.8397200546892585 0.03219171674842556 -0.5420928207147009 -419.2640465547933
-0.5427353308238392 -0.06249368527919223 0.8375793770929593 842.5095948023132 -0.0051991972622129345 0.9974621121520812 0.07105082957744184 42.76642609408457 -0.8399118677727102 0.03420969122224296 -0.5416726760524251 -420.6457254234057
-0.5425219474521208 -0.06364392201909036 0.8376308873675481 844.5725131264313 -0.004869859469492476 0.9973503328298398 0.07262230554357697 42.93080001578635 -0.8400514366563491 0.03532250948941866 -0.5413845745448694 -421.997844603069
-0.5421301463760752 -0.06409619459076889 0.8378504096081277 846.6513298625281 -0.005212147727298926 0.9973271600786281 0.07292068421691736 43.09708830466662 -0.8403033395835625 0.03516866438547588 -0.5410053396670247 -423.3588711721655
-0.5415852124886357 -0.06432671174341675 0.8381851533065954 848.7260930305061 -0.005130198764418199 0.9973056540007132 0.07322074714308174 43.26203155756395 -0.8406554209180168 0.03535844950345216 -0.5404460320161041 -424.7168645018505
-0.5410781438800788 -0.06314866322189142 0.8386021716700314 850.8307158064381 -0.003876848514188459 0.997357028497097 0.07259898516054487 43.425882167518886 -0.840988752214777 0.03603406574307033 -0.5398828466535511 -426.0934467151773
-0.5403466547526916 -0.061603084122846666 0.8391886266871528 852.9324080229738 -0.0016343154963337743 0.997395283013086 0.07216152519807612 43.58817494878809 -0.8414665277075686 0.037624389893390085 -0.5390295094474781 -427.4653499366255
-0.5396110097410336 -0.06024926612325341 0.8397600209926355 855.00609422106 0.0006952358904351018 0.9974075608000716 0.07200355348650059 43.74787541395938 -0.8419394772423487 0.0394412337816528 -0.5381600788603189 -428.81702569099934
-0.5380104252364617 -0.05993635058330273 0.8408084980757633 857.1143498518448 0.002248988797911727 0.9973668324909422 0.07253245990179476 43.91252479843333 -0.8429604982926133 0.040917595249741014 -0.5364486789299288 -430.18393822026815
-0.5364072125186049 -0.060632408479114885 0.8417824543815573 859.2372668878546 0.002499257020439153 0.9973011865602488 0.07342368685869555 44.08155770017964 -0.8439812350030637 0.04149238687783621 -0.5347975036352179 -431.55330589000073
-0.5353864770324367 -0.06087431405709443 0.8424143864671384 861.3864142530302 0.0031223868599673014 0.997253166411829 0.0740444075722262 44.25441405821748 -0.8446267285634432 0.04227594607295624 -0.533715476738153 -432.9361757757627
-0.534045304023918 -0.06142292755968598 0.8432254198959832 863.5328182578911 0.0033575724144625893 0.9971988952439326 0.07476187942089946 44.42898852112985 -0.8454744483309811 0.04276062250895502 -0.5323327739816424 -434.3116162394249
-0.5331440457741905 -0.06174559061390788 0.8437718813230226 865.6967721367864 0.0029039631947246104 0.9971971008757335 0.07480450715828056 44.60466377715781 -0.8460444094384424 0.04233477763553961 -0.5314598297006214 -435.69329988780754
-0.532577384246579 -0.06168049285747897 0.8441344067142429 867.8505213526159 0.0024385668978840324 0.9972285966623444 0.07440211370240757 44.77755343469124 -0.8464026057066818 0.04168637278953196 -0.5309404539825944 -437.0644521473853
-0.5319306198045441 -0.061689298050037436 0.844541576244321 870.0005215631394 0.0025839394659088687 0.9972233597100042 0.07446592240222952 44.95013007309113 -0.8468085869830912 0.04179577400828381 -0.5302837042441694 -438.43387157809724
-0.5310375159659861 -0.0614657387901917 0.845119830289398 872.157759783731 0.0033655674214388195 0.997208489208458 0.07463859433307912 45.12267630600399 -0.8473665831407093 0.0424834407016042 -0.529337495792701 -439.8060344915777
-0.5303023882103205 -0.06123207464951236 0.8455984150713455 874.296303843911 0.0038002172372118615 0.9972108267816215 0.07459053523245052 45.30033192296632 -0.847825065782877 0.04277226801405018 -0.5285797258298026 -441.15190617603434
-0.5292885001865124 -0.06088334504870752 0.8462582104040475 876.5021926831353 0.00466047060110174 0.9972017786430581 0.0746541289137142 45.48177633242915 -0.8484532765357478 0.04346020588495296 -0.5275130886030691 -442.53864943652553
-0.5281189254087689 -0.061295618231657856 0.8469588083298252 878.6526962700169 0.00514472802481804 0.9971457629620316 0.07536906604113328 45.659058269092284 -0.8491789698021164 0.044163902778689194 -0.5262854821750861 -443.89010708455476
-0.527341452081075 -0.061248428643907636 0.8474465599736052 880.8056279793412 0.005812501141713541 0.9971188450111376 0.07567887612030624 45.83649393893099 -0.849657889155654 0.044837208225628075 -0.5254551410511775 -445.2413600025536
-0.526661420935038 -0.06150188095437567 0.8478509791426534 882.9568225384668 0.005899175780786644 0.9970946240378225 0.07598824362354248 46.01392689428732 -0.8500789407095019 0.04502434024825302 -0.5247575414122148 -446.58907783028275
-0.5259125954610159 -0.06152756756905013 0.8483137803187112 885.06310798193 0.00606236086098838 0.9970873646450104 0.07607213429907748 46.18631505719776 -0.8505412510476164 0.0451526758666675 -0.5239967306944766 -447.90773569277394
-0.5256423628000965 -0.061242356800564245 0.8485019243601982 887.1385831439868 0.005782206774417553 0.9971290960140416 0.07554748262013519 46.353294259449115 -0.8507103416100631 0.04461972847191337 -0.5237680806852775 -449.20459277495263
-0.5252308279214593 -0.06129003739147875 0.8487534396156715 889.3123346025146 0.0055670383828497275 0.9971381668550554 0.07544569228721602 46.52951787297547 -0.8509663683056339 0.0443542318999974 -0.5233753071036112 -450.5620096540518
-0.5250207834945602 -0.06102533261942707 0.8489024513048882 891.4257626315449 0.0056023221771698325 0.9971608212511512 0.07514358224687727 46.698541973443895 -0.851095781392094 0.04421068171613556 -0.5231770928842405 -451.88284316241396
-0.5248424168784733 -0.06017404253024105 0.849073523631946 893.5019975395651 0.0066346016453579125 0.9971830109380605 0.07476690462134435 46.861833233083225 -0.8511987357028583 0.044877169462565786 -0.522953273939317 -453.18182774134544
-0.5246649064547145 -0.05895279960466083 0.8492689867581411 895.6040275874874 0.007307698032216057 0.9972551105693929 0.07373527364885452 47.02480164115173 -0.8513024504399727 0.04489526460288262 -0.5227825059019502 -454.4971172165025
-0.524360667786065 -0.05871381064301063 0.8494737975788583 897.702998224637 0.008519541669631767 0.9972130904852359 0.07417978126272326 47.19035204124319 -0.8514796925141908 0.04613724288092078 -0.5223869717082846 -455.80879114673183
-0.5236744874837451 -0.061336457942520344 0.849711901580573 899.8868082517037 0.008346775468493162 0.9969926106224044 0.07710800376736149 47.369925049670854 -0.8519037101671435 0.047474982060852815 -0.5215752685939344 -457.1709194512109
-0.5236197908603126 -0.06152406595546325 0.849732427053304 902.0637807409912 0.007595628484293833 0.9970176988107171 0.07686437402024042 47.549969379318355 -0.8519452540129016 0.046705682033639666 -0.5215787634761183 -458.5240982050437
-0.5250553789733887 -0.05732654957693994 0.8491394473706574 904.088697200367 0.004824173304862193 0.9975175228759973 0.07032251806384965 47.70211056952968 -0.8510807697296978 0.04102341297678136 -0.5234630147256459 -459.78134003446985
-0.525400666634305 -0.05422733084015065 0.8491295441828248 906.1021706608662 0.003956576899610052 0.9978057009242393 0.06616599973578968 47.841302822630624 -0.8508722503216358 0.03812710471601853 -0.5240208844812356 -461.0404567139151
-0.5242438523588207 -0.0577853277452491 0.8496103659019975 908.1621509369357 0.004013998669088489 0.997521801223311 0.07031877332603334 48.001189586281335 -0.8515853933226507 0.04027808038298659 -0.5227000667563818 -462.32303144193605
-0.5230572785748541 -0.061109035185778614 0.8501089594438116 910.3097468059013 0.005109579862477734 0.9971891544990311 0.07482228460961637 48.17813926312692 -0.8523087372950803 0.043483582730497745 -0.5212621891465111 -463.6582922929669
-0.522577013679804 -0.06261823022085784 0.8502947479014417 912.4264241313635 0.005621784815102595 0.9970304226066804 0.07687649983198012 48.35419011570988 -0.8526004032009195 0.04495775333042576 -0.5206600808088242 -464.9740715227364
-0.5223278759675375 -0.06213362153699479 0.8504834083309499 914.499824855981 0.006527071545764713 0.9970269949628129 0.07684552627960818 48.52553485535718 -0.8527465046033583 0.04569289086667994 -0.5203565493865924 -466.2632998494391
-0.5220711259029663 -0.06137303021943902 0.8506965946547093 916.5926566629402 0.007423878508535449 0.9970492287508499 0.07648481473176263 48.696337101903495 -0.8528970441141006 0.046249857876116234 -0.5200618403687529 -467.56227354745437
-0.5213392854114877 -0.06222920439086226 0.8510832027708111 918.6801439183556 0.007200111688718695 0.996987629216133 0.07730524898584011 48.87030879150331 -0.8533467567372092 0.04643398961238882 -0.51930751096348 -468.85518636205705
-0.5206382290668068 -0.06288475808729956 0.8514640844717513 920.7528254608147 0.006739315797334715 0.9969562884391426 0.07774826346620466 49.04407981129174 -0.8537782506479205 0.046220652690835494 -0.5186164175953362 -470.13571326658916
-0.5202182574713438 -0.06283665452397165 0.8517241114647984 922.7900351709966 0.00685116253513773 0.9969565721713836 0.0777333821282962 49.21301524443275 -0.8540331905552774 0.046277404312250775 -0.5181911592763033 -471.3947716526297
-0.5197020404282978 -0.06113260287039013 0.8521634751183504 924.843986957944 0.007196689006755237 0.9970944277575022 0.07591575194487882 49.37801213610118 -0.8543450029217096 0.04559036218193248 -0.5177386784967724 -472.66167136481323
-0.5188123130840558 -0.06026928690741792 0.8527669016179634 926.9088144031883 0.008284115300136619 0.9971166906631257 0.07550837225098127 49.541895939501686 -0.8548755327318247 0.046242824267314436 -0.5168039431027736 -473.93431979674926
-0.517991510139574 -0.06025416450498729 0.8532670368728654 929.0124131307139 0.009029276527535476 0.9970814203915112 0.07588867188151677 49.712063090670476 -0.855366167585207 0.047017972841468 -0.51592230159902 -475.2267204389927
-0.5174381046360959 -0.06008950480013381 0.8536144540309006 931.1199950574144 0.009505762239350696 0.9970725817368105 0.07594796396847155 49.88210018665223 -0.8556961293111323 0.047416458922862975 -0.5153386477880394 -476.5195288816611
-0.5169946465055095 -0.05933907210538708 0.8539355395751662 933.2047884188823 0.00980395333760564 0.9971245065208951 0.07522254047082762 50.04772406230825 -0.8559608364333449 0.04726550150359808 -0.5149127826605304 -477.79653556538574
-0.5164574370506966 -0.05910050217843154 0.8542771160202097 935.2919802243412 0.01002467843854217 0.9971357612042573 0.07504238031952572 50.21318539546573 -0.856282641131915 0.04732379927891997 -0.5143721635840927 -479.07293737534934
-0.5157793780741613 -0.06003960595629576 0.8546211897571357 937.389802203348 0.010039855403749647 0.9970551709242118 0.07610345753403631 50.38339736949611 -0.8566908728160038 0.047836537870296084 -0.5136441710265245 -480.35532237290164
-0.5151135053105304 -0.06000828295342458 0.8550250438579895 939.5067061598202 0.010584415854579022 0.997031090446635 0.07634957336666481 50.55566998615947 -0.8570852473538108 0.04838279543938187 -0.5129352881289667 -481.6469738392549
-0.5141592533656265 -0.061323947356724924 0.8555057372348905 941.5658630953783 0.010657509783149837 0.9969127924519812 0.07786341733613324 50.732595302141384 -0.8576568855528464 0.04915561345400702 -0.511904942243253 -482.8913653791381
-0.5126809738294494 -0.06483135147163331 0.8561339719056152 943.6921928240947 0.010611301474960897 0.9965962515011142 0.08182042673683383 50.922271779273046 -0.8585418765577476 0.05103617603698709 -0.5102344810645716 -484.1759285500308
-0.5116780614165714 -0.06728629904128305 0.8565446642880783 945.8065351701637 0.010049415125425893 0.9963977115484234 0.08427422528195738 51.11451384399579 -0.8591471639824029 0.05173278042335972 -0.5091448558876437 -485.45065353830864
-0.5112801763613046 -0.06720830191537572 0.8567880638314623 947.8780155443862 0.009415498572088675 0.9964453057900626 0.08378056287309714 51.30021230601961 -0.8593907862570744 0.05090594288300028 -0.5088160385881528 -486.6980139596516
-0.5114804282383709 -0.06368793299284937 0.8569375750488042 949.9445155754188 0.011691705366777728 0.9966473380825374 0.08104815677341629 51.477851776341915 -0.8592438575909742 0.051477337136989945 -0.5090071748545387 -487.9475016503299
-0.5116456863898455 -0.06091858298241655 0.8570400937061826 952.0160721609129 0.015084086308271679 0.9966986120636803 0.07984914694528053 51.65291804574287 -0.8590925107180746 0.053786025932746756 -0.5090237448757157 -489.20165381816906
-0.511880084869741 -0.05894800609967582 0.8570382997787028 954.0910447831892 0.017290211895508226 0.9967402994623338 0.07888244312172477 51.82551324714193 -0.8589119442776596 0.055201218267321696 -0.5091781805171639 -490.4566107023444
-0.5114783193027514 -0.059192434166110926 0.8572612794654999 956.1593404247998 0.01701795678464546 0.996737430790429 0.0789753766226803 51.99846513660727 -0.8591570041652203 0.05498765650983547 -0.508788114600816 -491.70459148216423
-0.5112900062352862 -0.05976671979665741 0.8573335635390956 958.2508930604253 0.014735928666182032 0.9968287390193981 0.07827821632627463 52.17262550632741 -0.8593112742948802 0.05266099574561467 -0.5087736038258338 -492.9614653244212
-0.5112899830208711 -0.058472961701090065 0.857422644272569 960.3187206187922 0.01476393403278307 0.9969438370818708 0.07679061413675045 52.33867952583756 -0.8593110851712213 0.05192564337341395 -0.5088498016933178 -494.21011735478123
-0.5114258307254699 -0.0565458281959787 0.8574709796442732 962.4253856257908 0.017023106356603306 0.9969763014799741 0.07589774670099152 52.50663650783861 -0.8591889307198746 0.05341754015065432 -0.5089022827788504 -495.48332413588975
-0.5113733410806232 -0.054873054343877035 0.8576110634049428 964.5541749794081 0.02122669719935361 0.9968543319020957 0.07643849194591747 52.679348314967214 -0.8591265972242251 0.05729774874054145 -0.5085853644301885 -496.7704829189939
-0.5114734473607445 -0.05310503299911892 0.8576626263530386 966.6420555018168 0.02404281446403713 0.9968194292283754 0.07605872953309412 52.84758311640095 -0.8589929745969779 0.05952769585780322 -0.5085551423737015 -498.03139581260876
-0.5116233126226616 -0.051490234909107264 0.8576720915379772 968.7078869577359 0.02570261938180703 0.9968454635484768 0.07517717381396569 53.010990807755526 -0.8588562997857259 0.060512407507306236 -0.5086707940332271 -499.2798397522153
-0.511512628477785 -0.051057439949785455 0.8577640451826715 970.8034046254181 0.02625433475380433 0.9968454420234628 0.07499160421400208 53.17625049382083 -0.8589058589854195 0.060885017708916495 -0.5085430591920642 -500.544828090164
-0.5111934585471994 -0.050815232185553914 0.8579685829216842 972.9125609445389 0.02681517127324344 0.9968286161221322 0.07501580353652414 53.34237109525827 -0.8590782360820837 0.06135975593979157 -0.5081942586161223 -501.816837389764
-0.5107930338762317 -0.05051171631380495 0.8582248517495462 974.9885231996916 0.027062708394194623 0.9968398539442574 0.0747761787487561 53.511764366028586 -0.8593083650923694 0.06142661683674797 -0.5077965094228046 -503.055677736236
-0.5104745145323357 -0.04935162725399263 0.8584817198898025 977.0888967662602 0.026864696460017726 0.9969557375189846 0.07328567374350539 53.67680567186329 -0.8595039390859371 0.060478557357509226 -0.5075792878989808 -504.30899613619385
-0.510180242688746 -0.04911528010386923 0.8586701945270664 979.1789116301992 0.027053013633599594 0.9969645286370252 0.0730982242114663 53.83855418643052 -0.8596731034325004 0.06052848379191969 -0.5072874624139555 -505.5584529996534
-0.5098361005314574 -0.04910735045065416 0.8588750765065636 981.2982507778177 0.027329876502835353 0.9969476787679384 0.07322378196437657 54.002735672007624 -0.8598683469150468 0.0608105144914396 -0.5069223347832889 -506.82735344440385
-0.5091393499185624 -0.0503684751211085 0.8592154578760288 983.4089294823548 0.027765516389563528 0.996812341669241 0.07488607768753051 54.16972280708961 -0.8602672039763908 0.06198941392775682 -0.5061023258354808 -508.09132518211095
-0.5085910215459216 -0.051644380900510746 0.8594645461624161 985.5252772497468 0.027408812084597528 0.9967296206972401 0.07611045511494514 54.34037104011684 -0.860603104343501 0.062271364301185725 -0.5054966206576439 -509.35705067545166
-0.5083626095676212 -0.052006701186974945 0.8595781906797598 987.6549396610843 0.02640712653686868 0.9967712176160898 0.07592308830841248 54.51126112203833 -0.8607697215654698 0.06130113261933149 -0.5053323166344255 -510.62906478917034
-0.5082206653842773 -0.050873341786654265 0.859730085611799 989.75468011744 0.025355373241227868 0.9969444725131141 0.07397975793505074 54.673061186459535 -0.8608853416654916 0.05940249346702824 -0.5053622703118393 -511.8833429950265
-0.5080016630862085 -0.04959665348632335 0.8599342928581113 991.83919024473 0.025213775902942426 0.9970641214801436 0.07239905307347269 54.828517253309286 -0.8610190780143546 0.05846663997643139 -0.5052441550881069 -513.129315717468
-0.5077859186823022 -0.04914668350793038 0.8600874989026471 993.9582624812148 0.02612739740671333 0.9970406104188246 0.0723962953381666 54.98762763507752 -0.8611187769966414 0.05923918874997933 -0.5049837895375635 -514.3958394388379
-0.5075504061756265 -0.048857170193749945 0.8602430154325524 996.0866356241837 0.026931030657650498 0.9970106168174264 0.07251279894577921 55.14845851455348 -0.8612324359724517 0.059976228572587324 -0.5047020914414702 -515.6675103452778
-0.5073617920294259 -0.047835362516295644 0.8604118222714202 998.1601067590362 0.02755680169711047 0.9970541184253559 0.07168011153552163 55.30147097344211 -0.8613244359206775 0.06008348099333783 -0.5045335351219749 -516.9057458498955
-0.5072085640120635 -0.04737360208053164 0.8605276668329634 1000.2428087480164 0.028504393951976723 0.9970268586812562 0.07168742369537827 55.4564544097553 -0.8613838875837697 0.06089463629228611 -0.50433470207717 -518.1502334335729
-0.5068931601032914 -0.04684027100241309 0.860742529496907 1002.3588771221977 0.029938406339472975 0.9969703037928378 0.07188267735956762 55.61499116810109 -0.8615206227479197 0.06221119136603049 -0.5039398599735817 -519.4124776065133
-0.5066894532054461 -0.0450482998961367 0.8609578030929731 1004.4532340616449 0.032203785998911286 0.9969543236682183 0.07111475387054987 55.769364520082 -0.861558489038253 0.06376396270956172 -0.5036804069718448 -520.6612917716776
-0.506073103986326 -0.04459896079115749 0.8613436585411478 1006.5154492701917 0.032950418579002105 0.996939489040468 0.07097760530112487 55.92076132460364 -0.8618925050538745 0.0643059272654556 -0.503039502975095 -521.8873728934306
-0.5050559661536427 -0.04503068512578754 0.8619181355071652 1008.5959952397028 0.032790022710293854 0.9969220973826671 0.07129567190073618 56.081873784195885 -0.8624952462342185 0.06427520340764022 -0.5020096502147013 -523.1095553704013
-0.504420355015632 -0.04585516718576238 0.8622465310938517 1010.7227903620491 0.029847861372190414 0.997072110032577 0.0704846760789621 56.242786940625976 -0.862973926166332 0.06129453633043162 -0.5015593351269646 -524.3523806174851
-0.5036649237565171 -0.04701363993466564 0.8626252243978298 1012.8400789940888 0.026783651569526206 0.9971941269962504 0.06998430737497705 56.39960448475035 -0.8635152711892861 0.058357186422206046 -0.5009770843460505 -525.5915729297669
-0.5031338559898527 -0.047173733570695583 0.8629268941813523 1014.9429574470497 0.02422733632309579 0.9973526183755469 0.06864624699831558 56.548808902961206 -0.8639006052650582 0.05544919865908828 -0.5006442135957864 -526.8229168352447
-0.5025283445562683 -0.04636974740194436 0.8633234416995434 1016.9880432343094 0.022855568877369413 0.9975053559097666 0.06687870039758424 56.68734346416035 -0.8642907671724943 0.05334486541326129 -0.5002002212515001 -528.0237973604302
-0.5018556783446061 -0.045439162130078044 0.8637642820202037 1019.0564909300617 0.023880169583468707 0.9975170716376018 0.0663480608842775 56.825960477670314 -0.8646545736435269 0.05392916610774715 -0.4995095832548258 -529.2415004786602
-0.5004146640841182 -0.045705057037930916 0.8645862745992683 1021.1354446779673 0.02568122962217947 0.9973892532233687 0.06758760761074786 56.970942980621324 -0.8654381060209775 0.05603092956467896 -0.4979193340870895 -530.4615609789972
-0.4990720627910921 -0.04584781474202017 0.8653544346377916 1023.2338658232653 0.026736637986031028 0.9973159208511618 0.06825688255309681 57.119729547678716 -0.8661811090383366 0.05720722436442312 -0.49649152932428375 -531.6876362378936
-0.4981473867274219 -0.045933128997209485 0.8658822799161314 1025.3199504681731 0.027248281997484032 0.9972796556290889 0.0685777168513894 57.267786552204065 -0.8666969904197681 0.057760723442492376 -0.49552561082825436 -532.9023980562531
-0.49747145506063273 -0.04412192084324036 0.8663649842129432 1027.3810732264894 0.026941724853064748 0.997444360102168 0.06626561694072346 57.4070736785848 -0.8670945843907663 0.056311738110522966 -0.4949963518967883 -534.1002439888712
-0.4970169765938977 -0.042510471640213904 0.8667065979482669 1029.4681182518198 0.02663779679759333 0.9975874441350158 0.06420354234749381 57.54264599396039 -0.8673649130378984 0.05500271515591102 -0.49467041428835434 -535.3111128059254
-0.49659279210190177 -0.04176143676364147 0.866985955610509 1031.509396759903 0.027582527189584812 0.9975843107045976 0.06384890122116355 57.673757765456386 -0.8675778611995416 0.055625523831024315 -0.4942263816541807 -536.4960830371646
-0.4950873774113582 -0.04344281019495524 0.8677631772351255 1033.5635418182171 0.0290206678607895 0.9973707107017847 0.06648582547910706 57.81304223213655 -0.8683903841295801 0.058104185916010014 -0.4925106899763697 -537.6855813853408
-0.4938613058692028 -0.04587504346946459 0.868336094295365 1035.6403041963367 0.03014206945303615 0.9971094489142865 0.06981838573214863 57.96225854597994 -0.8690497874636439 0.06065879014272093 -0.49103706767316574 -538.8830479772205
-0.4927036126221361 -0.04732594865958554 0.8689161438950401 1037.7431363071262 0.029402328211746917 0.997050387102258 0.07097385016758667 58.1183778325272 -0.8697330007155534 0.060522548138980455 -0.4898450751587755 -540.0894776805575
-0.49177225737588687 -0.0488381653579184 0.8693596297361423 1039.8421889681147 0.025808168847145905 0.9971751579694409 0.07061429769661004 58.27292763776278 -0.8703739186742244 0.05716803155676051 -0.48910878347517633 -541.2864510564034
-0.4915719265998428 -0.048863470504136836 0.869471689760172 1041.9184658306892 0.023197006721467326 0.9973411673756307 0.0691611502071986 58.425951947884286 -0.8705606456086517 0.05417218789044946 -0.4891177065302369 -542.4588963648151
-0.4912072471895461 -0.04856895613989399 0.8696941536463535 1044.0293589230575 0.02266280899781946 0.9973992523782176 0.06849743101226496 58.57634902417729 -0.8707803254947135 0.05336175221739495 -0.48881536990776636 -543.6570064329478
-0.4907803295530394 -0.04719183315658216 0.8700109645349662 1046.1307686502175 0.023171400750261004 0.9974773411473193 0.06717397779002444 58.720923261879676 -0.8710072277564616 0.053132074644997106 -0.48843497378847134 -544.8527880454529
-0.4908150030966221 -0.044878216623292264 0.8701139519639501 1048.21085138321 0.025399627099028203 0.9975162032975212 0.06577356982681053 58.859886430586 -0.8709255270484163 0.05438796911193241 -0.4884423089621873 -546.0406266764079
-0.4908517561619366 -0.04285322395302495 0.8701953779419707 1050.2809354540077 0.02811462449827598 0.9974954415360925 0.06497759227456464 58.99667551102521 -0.8708215829903949 0.056364216079416454 -0.4884038389202194 -547.2253473022107
-0.4909566131074004 -0.04031590263553161 0.8702576253417098 1052.3403720610695 0.03199191524790954 0.9974253124885767 0.06425209164753481 59.1318108079992 -0.8706285187859708 0.05939084170076422 -0.48838933710721244 -548.4058306444651
-0.49036571510682136 -0.04029200127798874 0.8705920126750532 1054.4184787114107 0.03387806284222589 0.9972993296016173 0.06523507373906154 59.27011449492123 -0.8708903632601988 0.06148794298055242 -0.48766269674169677 -549.5932858882568
-0.48911643006330313 -0.04183164448732916 0.8712220325823551 1056.513737998402 0.03393344305922258 0.9971852797754704 0.06692757503705919 59.41423055201002 -0.8715909540756143 0.06230378117654718 -0.486306156040676 -550.7857069975017
-0.4886582566788072 -0.04149742929412007 0.8714949889590986 1058.615691949482 0.03410114293740508 0.9972010684666552 0.06660135374988943 59.55746196048894 -0.8718411998223782 0.06226876962799191 -0.48586131306558006 -551.9790385842367
-0.48809028001499266 -0.03756166929110983 0.8719913311567143 1060.7218178052794 0.036716378012280886 0.9973097183047775 0.06350857051657308 59.69336333694684 -0.8720525230905123 0.06301863817758833 -0.48538395419210695 -553.1749879901383
-0.4872657643819609 -0.03226231035568481 0.872664583283255 1062.8240127273273 0.041786011566543386 0.9973161356662342 0.060199561849329744 59.823199924084875 -0.8722859067557607 0.06580346258128748 -0.48459540383757255 -554.3674747327873
-0.48562116794991783 -0.03126778361127344 0.8736166023660381 1064.9371103706253 0.043122490591918756 0.9972912223048385 0.05966180501866447 59.94940590502492 -0.8731368747199729 0.06665060067629311 -0.48294312474071466 -555.5568544271583
-0.4843174592537136 -0.031460843955852816 0.874333048962907 1067.0424156069137 0.04528907878489985 0.9971163763598734 0.06096284736175647 60.07958932942781 -0.8737509987178695 0.06912820226092374 -0.48148167848590073 -556.7384685620839
-0.48362494153263813 -0.031035773597213125 0.8747314757378506 1069.0623467826654 0.04508611151413064 0.9971656240373031 0.060304339105689386 60.20113595813359 -0.8741451775465293 0.06860779304726834 -0.48084030909489217 -557.8674940099767
-0.4818944745495018 -0.0350140729083494 0.8755372200815815 1071.1447304003716 0.04431543010359309 0.9969535166394536 0.06425825170688265 60.33670600629343 -0.8751403466475395 0.06977038437844725 -0.47885951551562045 -559.028158319802
-0.4800681366266394 -0.03855679613167233 0.8763917964662401 1073.2706283188243 0.04461015936263246 0.9966730277889871 0.06828253129251582 60.484865099822166 -0.87612891213627 0.07188103846062656 -0.4767351887654616 -560.2089299346627
-0.4786325906456261 -0.03895321059906558 0.8771588285482582 1075.4072690199584 0.04570064078277095 0.9965609663886336 0.06919022669096019 60.64266044827201 -0.8768575284261378 0.07320822842587651 -0.4751906217036319 -561.3785385893818
-0.4774513942150798 -0.03688951272831009 0.8778912251615822 1077.5452451259662 0.04686878633053461 0.9966314019704359 0.0673666998334906 60.791921883936574 -0.8774394916472699 0.07331490169868135 -0.4740984437268305 -562.5467880878491
-0.4764482345815661 -0.03437573614911173 0.8785383120976721 1079.6153997000013 0.04708204290386362 0.9968088143891322 0.06453434772272532 60.92744836322475 -0.8779734167026404 0.0721158678868973 -0.47329416305446415 -563.6755405884918
-0.4753956532090336 -0.03405667756076598 0.879120635871758 1081.703399653749 0.04731103994001297 0.9968196844200157 0.06419786257197585 61.06115415643679 -0.8785314554650776 0.07211687567898371 -0.4722573610744025 -564.8134115371289
-0.4739737258226696 -0.03458751097686238 0.8798675819022491 1083.8016046803884 0.04775426944780821 0.9967530403648899 0.06490439534707168 61.198511989202885 -0.8792758040160238 0.0727857844415533 -0.4707676925318181 -565.9562381764365
-0.4729423096441776 -0.034866948863872343 0.8804115974757037 1085.8871528917268 0.048175715330395975 0.996704104088398 0.06534902521857093 61.335766444498354 -0.8798086941690124 0.07332647810718178 -0.469688099883896 -567.0889470427938
-0.47175292790383794 -0.03548283076281842 0.8810248266253211 1087.994812548314 0.0484049126583552 0.9966463202734688 0.0660557051749928 61.47673415794308 -0.8804341416976941 0.07381342823129465 -0.46843763201973737 -568.2302531942005
-0.47065563874239036 -0.03615668894033126 0.8815842815151043 1090.1251822732672 0.048358605582931785 0.9966063249283585 0.0666888973500518 61.62072218921893 -0.8810245007563606 0.07402551464275747 -0.467294221888945 -569.3804868857501
-0.46991165787993794 -0.03590875467356215 0.8819910697975343 1092.2424812971715 0.04853430360118006 0.996614855029211 0.06643128185541426 61.76087302144324 -0.8814117597523883 0.07402935593732068 -0.4665625329948721 -570.5222276999646
-0.4692460406839547 -0.034815210492472895 0.8823892182566997 1094.3371178266298 0.04881292049382359 0.9966772210452591 0.065280339499731 61.895414941043406 -0.8817512126129976 0.07371048933725542 -0.465971969759485 -571.649079110085
-0.46846897774630514 -0.0345196639523037 0.8828132247874894 1096.4489976716459 0.04847086428903175 0.9967318028992708 0.0646934128472959 62.03006031904333 -0.8821826712941785 0.07310309161537988 -0.46524910391099883 -572.7804119451082
-0.46735863512812764 -0.03516760036857913 0.8833759276788232 1098.6009505945215 0.048010428704888 0.996728728823763 0.06507886302132294 62.170136434545995 -0.8827962515886928 0.07283168226754441 -0.46412559327446384 -573.9295476063318
-0.46672310785861 -0.03474353965250391 0.8837287934151653 1100.7152726745696 0.04878558331097517 0.9967000965466241 0.06494812690786199 62.30603171233496 -0.8830903396337795 0.07343162037311887 -0.4634719275013742 -575.0594518395511
-0.46575290480521175 -0.03288926402030063 0.884311404381515 1102.8346833461942 0.050022955609094755 0.9967376571234897 0.06341488371442014 62.437890268311556 -0.8835331158599847 0.07377725499022349 -0.4625720432867684 -576.1899540758171
-0.46494766200745014 -0.032128178668546475 0.8847632916316056 1104.949714010693 0.049745861292982814 0.9968199144076316 0.06233642256797144 62.5664161432631 -0.8839732882109125 0.07300273176502764 -0.4618549852463822 -577.3129669215115
-0.4641161750935512 -0.03190125794195645 0.8852082535597696 1107.090603722912 0.049792047594428554 0.9968372381228688 0.062027575678540926 62.697171541721026 -0.8844082998548399 0.07287093314127606 -0.4610440132076441 -578.4464357334346
-0.4635461360349268 -0.031117579900425928 0.8855347790232324 1109.1898638062075 0.050021417433829506 0.996876364151145 0.061211787617755954 62.83019637687636 -0.8846945277140917 0.07267711931874814 -0.46052580881030725 -579.5468488722017
-0.4626286762682468 -0.030624394043378727 0.8860316804852174 1111.383548852478 0.05039525364625325 0.9968847982233917 0.06076627954377049 62.966307014312356 -0.8851532938074912 0.07277096228914108 -0.45962838226993685 -580.6956245933809
-0.46166260613579246 -0.030749228056192603 0.8865313978684046 1113.5104300910907 0.050356830545147876 0.9968851748904193 0.060797399942923554 63.09656272460107 -0.8856604027352925 0.07271817759031808 -0.45866030626550464 -581.810572868588
-0.46069590379883907 -0.031102828146378582 0.8870217203914081 1115.6211915349784 0.05013522834775582 0.9968841767297619 0.06099122701367519 63.22494281386675 -0.8861761048532912 0.07257658816363793 -0.45768519006458863 -582.9158836869738
-0.45977746187547236 -0.031436728340270746 0.8874864285213043 1117.7611801219055 0.04968566113908767 0.9969030675734494 0.06105034305876573 63.35488727877003 -0.8866786773112244 0.07217232789892346 -0.4567758965905133 -584.0346736727598
-0.4589715406640275 -0.03198893094594669 0.8878836470046074 1119.903700095542 0.0492282269559551 0.9969063810460064 0.06136182084910674 63.48547652089584 -0.8871212754875272 0.07187939257369133 -0.45596105559217964 -585.1538953501426
-0.45869846223343286 -0.03196773364499548 0.8880257411296406 1122.039256923424 0.04869572658657157 0.9969526120112738 0.061039598669520606 63.6139793381834 -0.8872923818104039 0.07124922037610333 -0.4557282482164292 -586.2682760712397
-0.45857789796409826 -0.03189205030441912 0.8880909300376307 1124.1938776398088 0.04796644194655463 0.9970170210104815 0.06056910575579072 63.74188688997984 -0.887395008741083 0.07038182176510024 -0.4556647671885645 -587.393433994575
-0.4584690360843524 -0.03212453086567541 0.8881385580744094 1126.3852786861619 0.04812065434297712 0.9969894107813005 0.06089943636874849 63.87374413112503 -0.887442659604337 0.07066594769408312 -0.45552750368592837 -588.5407626654032
-0.4585839149507278 -0.031675179014844686 0.8880951687330273 1128.5642796415304 0.04877589128047275 0.9969667270811734 0.06074191626193751 64.00348645194244 -0.887347103687643 0.07118019643680487 -0.4556326371273188 -589.682358302672
-0.4584580582436954 -0.030810157570870054 0.8881905225723815 1130.6901826882802 0.04906166001672285 0.9970029046368124 0.05990644201142934 64.12642768532554 -0.8873960332840484 0.07104750658147954 -0.4555571204574004 -590.7957877778214
-0.4583124121346139 -0.030865314802346812 0.8882635570788665 1132.883695990825 0.05012013634855448 0.9969134679601881 0.06049780842568508 64.25762924611075 -0.8874112049608966 0.07225278582260966 -0.45533630045399864 -591.9458632003499
-0.45814941912761065 -0.030302941698191976 0.8883667173612455 1135.0121728883614 0.05075164279193673 0.996900768491043 0.060175829426806784 64.3825325754738 -0.8874592427929391 0.07266168108641027 -0.4551771848150212 -593.061262913259
-0.4582826369056211 -0.027980400509598113 0.8883739016668322 1137.1509073959314 0.05124186184252205 0.997014047681444 0.057833385445982315 64.50200297017467 -0.8873617593888249 0.07203170946850077 -0.455465795010477 -594.1829593276586
-0.45841023620400817 -0.028042745158837507 0.8883060634954141 1139.2991564277308 0.051139419441250326 0.9970178480484632 0.05786229709020807 64.62319302261666 -0.8873020450956027 0.07195819276079532 -0.4555944402848376 -595.3098984766174
-0.45835890548563574 -0.02974937413688352 0.8882768937802551 1141.5007151946675 0.0508452337954775 0.9969286478041242 0.05962189752267379 64.7522505980799 -0.8873451187695204 0.07249845560659672 -0.455424157523497 -596.4644539118509
-0.45847742897854177 -0.029636281382632065 0.8882194350033112 1143.658790296043 0.050527295458882314 0.9969613293243513 0.059342892233765154 64.88358064630744 -0.8873019139431767 0.07209212520690755 -0.4555724944860708 -597.5840999903038
-0.45846034359180293 -0.027936330057023888 0.8882835754958667 1145.89055951593 0.05110786475064241 0.9970265074040437 0.05773126373805807 65.01260209736957 -0.8872780807427673 0.07187137687635381 -0.4556550316409245 -598.743151585557
-0.4581718714390279 -0.025418013919332613 0.8885082354630011 1148.0495111908276 0.0525620092034203 0.9970707946603518 0.05562513753787275 65.13034813589208 -0.8873424251910751 0.07219357840567471 -0.4554794819969592 -599.8665335279659
-0.45746682787356574 -0.025367914677008017 0.8888728448119964 1150.1986165305586 0.05349517851529623 0.997001539614893 0.055982850706204866 65.24893663631964 -0.8876507156819017 0.07316698491069498 -0.45472349755995417 -600.985719623674
-0.4561511897830388 -0.027555152785684454 0.8894835323044984 1152.389103739259 0.0535653925584309 0.9968619655614834 0.05834848661897593 65.37422167930437 -0.8883233143752653 0.07426750849911432 -0.4532293079788322 -602.1250063835894
-0.4555035678969784 -0.02987446210609313 0.8897407130974946 1154.5698570853563 0.05377169896596128 0.9966927086700786 0.06099131628759609 65.50536307728873 -0.8886431568350499 0.07563088049251487 -0.45237602829722523 -603.2584818559915
-0.45514370003716687 -0.030831439257854528 0.8898924088516006 1156.7554505810879 0.05429585066669392 0.9965839014558286 0.06229541505038605 65.6399642636726 -0.8887958989036516 0.07667744345731382 -0.4519001197032506 -604.3926769469664
-0.4547880280179574 -0.030707901074413534 0.8900785304308145 1158.950380848198 0.05416270682368615 0.9966061839774825 0.06205512165642369 65.77363584331017 -0.888985901984704 0.07643748059023653 -0.4515664677158346 -605.5273652975366
-0.4546123733909132 -0.0303160150013057 0.8901817376045195 1161.1547081054343 0.05395589319804363 0.9966523306798296 0.061494353400907475 65.90535931732406 -0.8890884998829519 0.07599319322829551 -0.4514397082917013 -606.6655222785768
-0.4541599939930015 -0.02982695483178779 0.8904293415210386 1163.3773225950763 0.05407199361807043 0.9966788395863156 0.06096244265546104 66.03683351924722 -0.8893126319359154 0.07584060699173284 -0.4510237937274944 -607.8131999798716
-0.45328488641757153 -0.02930771585233125 0.8908922976172484 1165.6116083486295 0.05540632831527779 0.9966048801293323 0.06097314977995203 66.17062962036124 -0.8896769223180233 0.07700589854337564 -0.4501069052291186 -608.9646021953816
-0.4523390206015291 -0.02838940306566309 0.8914024812861714 1167.835376964544 0.056896730330490544 0.9965431099199148 0.06060688271320453 66.30160713618099 -0.890064062591264 0.07813946324694382 -0.4491448687428659 -610.106582511133
-0.4517409207777314 -0.027411458126338533 0.8917364599904374 1170.0243643463982 0.057415953523326076 0.9965668895125627 0.059717019126072884 66.42782666269133 -0.8903345596650425 0.07818309770874693 -0.4486009245466828 -611.2282037764488
-0.4512937457512322 -0.026270341161267072 0.891997278853961 1172.2353251862519 0.05816475255422444 0.9965797511134509 0.058775234300913165 66.55246811888463 -0.8905128862992869 0.07841467646703956 -0.4482070461325377 -612.3595213059072
-0.45075743757498754 -0.02600101411969622 0.8922762726402687 1174.461395374769 0.05883514512525628 0.9965414618401058 0.058758578177043504 66.67916273978737 -0.8907404817507587 0.07899007247452283 -0.4476534599058285 -613.4977780640288
-0.44971816779869755 -0.026071268002816887 0.8927984122038908 1176.6958346261224 0.05949511320329219 0.9964839464564722 0.05906482890605129 66.80824057125874 -0.8912217339730598 0.07968660872290204 -0.44657064938881214 -614.6382336940654
-0.44882015573130807 -0.025690102117791967 0.8932612032559475 1178.8892629362886 0.0605515223800431 0.9964193203370432 0.059078269844171735 66.94188430188939 -0.8916031433130822 0.08061059409071734 -0.44564230962890994 -615.7444496606183
-0.44808591100959877 -0.02555832589840504 0.8936334282633072 1181.1664704351404 0.06146460453046102 0.9963493133825974 0.05931274470146296 67.07975674717245 -0.8919100649772461 0.08151064472785441 -0.44486391832182687 -616.8927211048011
-0.4472317911270551 -0.026266597376802127 0.8940406317402902 1183.4088283805806 0.06122928328760004 0.9963289605711595 0.059898018470029464 67.21469230415761 -0.8923548498265237 0.08153662265543221 -0.44396655710081595 -618.0234247754283
-0.4464045483474726 -0.02612485636454697 0.8944580457798705 1185.6383723914416 0.061403692637756045 0.9963278074582735 0.059742411924410196 67.34555745521888 -0.8927568122684929 0.08159930387495158 -0.4431459079184343 -619.1472525443621
-0.44566226032786493 -0.02546420585767456 0.8948471583925688 1187.8639479845892 0.06305957799791255 0.9962238168540303 0.05975164683737012 67.47594633572476 -0.8930118019042749 0.08306463263324042 -0.4423585943649263 -620.2693429453301
-0.44467836123844173 -0.02455518873049123 0.8953621649693736 1190.0907445858245 0.06414924399942272 0.996189048052805 0.059176702630690345 67.60345618034482 -0.8934251989473502 0.0837589262062399 -0.44139337657948413 -621.3879816325707
-0.4431707803939186 -0.023845165775455656 0.8961287363572119 1192.307328762418 0.06396361190874882 0.9962623151061352 0.05813876243605224 67.72734817296451 -0.894187420149971 0.08309274299631422 -0.4399740488751732 -622.4958729406565
-0.442155036673569 -0.02275856938078447 0.8966584397965862 1194.5138747924836 0.064453545352655 0.9962924308615838 0.057067143706529634 67.84710141141119 -0.8946545188842662 0.08303270002088814 -0.43903366340291866 -623.5967195772405
-0.4415151952793205 -0.021163594359721365 0.8970127120502838 1196.7286058493487 0.06482338981826996 0.9963620429607929 0.055410798168610866 67.96323901157069 -0.8949435594427562 0.08261946352280854 -0.4385219048297691 -624.699140197329
-0.4408889283526318 -0.020855093237689006 0.8973277476018352 1198.9408788182443 0.0650286252715222 0.9963654212336586 0.05510465952896423 68.0785312094009 -0.8952371240433901 0.08265414023571548 -0.43791508760729353 -625.7999587124854
-0.44001652065135627 -0.021425454519499815 0.8977423893475035 1201.2037782326313 0.06483561651310764 0.9963530025046308 0.055554326720998685 68.19978280451102 -0.8956802585690244 0.08265777483790919 -0.437007500052214 -626.9230474737557
-0.43932480944362456 -0.021788663690950814 0.898072452660492 1203.4943952843319 0.06420839248125965 0.9963920647688911 0.055581008169691255 68.32398920815879 -0.8960652145324409 0.08208910593319531 -0.4363255153266457 -628.0559531725961
-0.4390419502155487 -0.021044236273983972 0.89822818661605 1205.733766779267 0.06342349393366443 0.9965102507993839 0.0543445029306179 68.44030158933047 -0.8962593468614583 0.08083530975473212 -0.4361597672869169 -629.1620958256284
-0.4387712174926908 -0.020141334496962315 0.8983811322571961 1208.004913417499 0.06331985821134423 0.9965751992202491 0.05326533668375896 68.55462094667884 -0.8963993026210616 0.08026373069690818 -0.4359777614152874 -630.2834866536414
-0.438521916804616 -0.018693828724876505 0.8985341522405962 1210.2440498599262 0.06445434658923561 0.9965594406323202 0.052186471491448866 68.66397614439845 -0.8964401186346507 0.08080633808026144 -0.43579290166056145 -631.3909082348963
-0.4385168752856067 -0.0171694871907239 0.8985667627562726 1212.5082166494615 0.06632284940080456 0.9964772098291964 0.051403672793220515 68.77377539058114 -0.8963058952160027 0.08214373550708133 -0.43581818274200823 -632.5114191766664
-0.437955370174245 -0.017001398656396972 0.8988440326605447 1214.7656217534109 0.06734872853393056 0.9963957203394609 0.05165837385406911 68.89305713628812 -0.8965042921585701 0.08316752026020037 -0.4352164663775211 -633.6150469281348
-0.4377079350745347 -0.016529737318535506 0.8989734314588593 1217.0792498262917 0.06834713033791324 0.9963312770901731 0.05159458254327184 69.01277551797247 -0.8965500218135546 0.0840332346635047 -0.4349567945615704 -634.7466993446262
-0.4370084431684523 -0.016803052286072335 0.8993086732839063 1219.3857196055471 0.06859988716062033 0.9962955661771623 0.05194725177073677 69.13078362505394 -0.8968717200476051 0.08440150357740966 -0.4342213910005038 -635.8751636051269
-0.43653747420419875 -0.017076809590645402 0.8995322249569437 1221.6845759573087 0.06873755319952594 0.9962694931654915 0.05226785488497117 69.24794325516542 -0.8970905393517605 0.08465622057352687 -0.433719627219791 -637.0012901496258
-0.4360887824534172 -0.01742986783450266 0.899743109338571 1223.9584788570762 0.06866195406343559 0.9962586831108683 0.05257535961190877 69.3638620693243 -0.8973150710802681 0.08471363861565928 -0.4332449185697217 -638.1162583564279
-0.4354252526835285 -0.01792416375513214 0.9000548649806857 1226.2395322943494 0.06906983554040892 0.9961948757395009 0.05324960492789825 69.48093609811426 -0.8976059946389942 0.08536100992279423 -0.4325148240269055 -639.2343788417461
-0.4345146270404848 -0.018502066631601036 0.9004829646990766 1228.5455655550338 0.07071712157594004 0.9960068274515532 0.054584442425724224 69.60186187598404 -0.8979185713004922 0.08740518785107391 -0.4314558792761238 -640.3625124067032
-0.43433235562048406 -0.017549895158828103 0.9005895522027102 1230.8738650136072 0.07235319374011677 0.9959043742878325 0.05429752862208281 69.72238884128494 -0.8978757830700727 0.08875118380099065 -0.4312687577272026 -641.5002566053356
-0.4338689685604075 -0.015159235344634554 0.9008563128311391 1233.191101908972 0.07151473031930987 0.9961292368539596 0.05120144117712551 69.83459687874556 -0.8981671135296161 0.08664666109591683 -0.4310904875723108 -642.6286011107593
-0.43376784173531624 -0.010391856798209033 0.9009726736552343 1235.4901401605746 0.07128115817364976 0.9964086759318631 0.04580671073844617 69.93375310384955 -0.8982348291677775 0.08409926800448944 -0.43145454090303875 -643.7475706385119
-0.4336211557878798 -0.005270511048161788 0.9010875050949381 1237.764072401516 0.0707267987591251 0.9967035484585401 0.03986126184091791 70.01575106032368 -0.8983493973086333 0.08102324286303614 -0.4318040445042793 -644.8535400605292
-0.4332666909476645 -0.004243440289840167 0.9012632343985877 1240.0756173876111 0.07108947182654418 0.9967167248852722 0.03886440600206109 70.09439937466637 -0.8984915381015041 0.08091616247110815 -0.4315274363978606 -645.9825915172872
-0.43232731972658633 -0.006091547600413248 0.9017036500203676 1242.408785644709 0.07157369249352945 0.9965947858869585 0.041045698453824234 70.18105495869223 -0.8989054047595999 0.08229052497938097 -0.43040408748716424 -647.1195271081823
-0.43197327497020266 -0.00703295251121621 0.9018662896996388 1244.7214786204245 0.0710180297875274 0.9966037633514767 0.04178433656405575 70.2713720642072 -0.8991195988606955 0.08210558728349249 -0.42999179793231607 -648.2446142966536
-0.4315960155137114 -0.008852043180392129 0.902031203551318 1247.0529386127696 0.07080254606230874 0.9965392728634064 0.04365329938099761 70.36636343602422 -0.8993178714848898 0.08271377966049553 -0.42946052648860034 -649.377928570852
-0.4309843435017623 -0.01028784494846987 0.9023083775216915 1249.401201071106 0.07071675422092083 0.9964791950636932 0.04513595407889619 70.46540720397633 -0.8996179116050981 0.08326816588999164 -0.4287243008650412 -650.518061351926
-0.43064889732715217 -0.0103851740154821 0.9024675970881634 1251.7409980258385 0.07109845050461396 0.9964408795480341 0.04539089160654321 70.57174963809354 -0.8997491377553418 0.08371901275769604 -0.42836263758257714 -651.6413130116543
-0.43029389818355557 -0.010173505916581265 0.9026391896305498 1254.109209091025 0.07156637479981588 0.9964095258829626 0.04534338005586107 70.67621392063937 -0.8998820055764256 0.08411706742575213 -0.42800560778695157 -652.777453350596
-0.4300285866108757 -0.009362749202235185 0.9027744121040856 1256.4562024790553 0.0715173345253571 0.9964558876905 0.044397654782047574 70.7742459047409 -0.9000127030988847 0.08366375758140923 -0.42781951966276666 -653.9040361106327
-0.42978322003513825 -0.008772401271235125 0.9028970991798401 1258.8229344082476 0.07114549098086578 0.9965201008451137 0.04354417759407535 70.86895025024522 -0.9001592260451141 0.08295923936527023 -0.42764809516650115 -655.0412178212623
-0.4294805062095661 -0.007853898954854478 0.9030496010374017 1261.1487350891327 0.07069870835527475 0.9966060529369049 0.042287737539235544 70.95757735628338 -0.9003389412858204 0.08201370983330801 -0.42745197563839715 -656.1605419525908
-0.42928266016182554 -0.007450868792704783 0.9031470226996855 1263.4962483108513 0.07033430780122486 0.9966586341756258 0.04165011877775129 71.04487531495549 -0.9004618694132456 0.08140964282731743 -0.4273086890234895 -657.2909900507128
-0.4290060404349121 -0.007897671825228025 0.9032748713835357 1265.8624308068818 0.07022537346707484 0.9966490234230493 0.0420637769781028 71.13592312061971 -0.9006027832593733 0.08148642567233134 -0.42699842629265433 -658.4313662152548
-0.4286980172723754 -0.008264820879485388 0.9034179837661187 1268.264171362432 0.06965757226464102 0.9966843434267058 0.042169248026018694 71.22907169681945 -0.9007937917471497 0.08101586805923565 -0.4266855734291028 -659.5860453925196
-0.42859862942800225 -0.00809413130755786 0.9034664177823648 1270.6438404352814 0.06903000331984033 0.9967484591966758 0.04167403563510116 71.31876061546913 -0.9008893623993549 0.08023557614103849 -0.4266308550258265 -660.7294053405664
-0.4281327470166387 -0.008201881879565635 0.9036861061001278 1272.9931261409645 0.06895817041501988 0.9967515822757489 0.041713345488756486 71.4071881178895 -0.9011159816494569 0.0801829321833756 -0.4261609476738112 -661.8586460631722
-0.4278244417500928 -0.007374754152204968 0.9038395211291197 1275.323119532549 0.0694234450365603 0.9967495797642277 0.04099065037253467 71.49144911130922 -0.9012272488756319 0.08029243674514021 -0.42590637411323895 -662.9783758233724
-0.4275056160097735 -0.006130020144195459 0.9039998395507379 1277.6540894343366 0.06966744740420709 0.9967848331874951 0.0397019329960097 71.57220286064252 -0.90136006574488 0.07996016263404579 -0.4256885206083396 -664.0966297433831
-0.4274983755002394 -0.004902150446596148 0.9040106605829822 1279.96130065913 0.0701464961265385 0.996795410007418 0.03857349592995772 71.64851258762994 -0.9013264687547892 0.07991123986488338 -0.42576897883956183 -665.2054372186989
-0.42753947353158483 -0.004468825619114715 0.9039932928696871 1282.2842787150385 0.07015176869097679 0.9968129993196888 0.03810211026208213 71.7249734245596 -0.9013063672029777 0.07971465576915185 -0.425847727019011 -666.3212371518251
-0.4271643075742629 -0.004609708091495156 0.9041700434921661 1284.6122503266756 0.06990597806151098 0.9968303199535388 0.03810475330049023 71.80331620674666 -0.9015033298294035 0.0794916369409519 -0.4254722829608631 -667.4373490245235
-0.42659845846808 -0.005799438213688811 0.9044301819109567 1286.9331432640856 0.06998046564890391 0.9967749963332686 0.03939624665840389 71.88531850196857 -0.9017654077141875 0.08010675628683311 -0.4248009810261764 -668.5498284101858
-0.42646008898269977 -0.005280412662872312 0.9044986304959489 1289.2525027811967 0.07038696939931634 0.9967616798756611 0.039002181089003704 71.97311606621025 -0.9017992498584361 0.08030558275180005 -0.4246915197101087 -669.6489325787816
-0.4262584439873657 -0.0044965516731170045 0.9045977686432656 1291.602536828029 0.07041240111594442 0.9967933395566279 0.03813060031971985 72.05680515245297 -0.9018923578515846 0.079955941399107 -0.4245590281551877 -670.7634612119326
-0.4260044818180514 -0.004485690576621347 0.904717465504745 1293.914499134043 0.06991658632686626 0.9968385302495172 0.03786078686926293 72.13596158133062 -0.9020505719829994 0.07939086364337462 -0.42432794846572286 -671.8616738695453
-0.4258732864304825 -0.0045442783963097 0.90477872460487 1296.2572367354724 0.06907992766442662 0.9969096096558555 0.037519160898666144 72.21459897759811 -0.9021765931837454 0.07848745937725209 -0.42422697999996933 -672.9767309683598
-0.4259378104892202 -0.003912660563534618 0.90475101507476 1298.6058156099723 0.06834591355985789 0.9969984815859485 0.03648428320228454 72.28894012277829 -0.9022017500640159 0.07738293241015227 -0.4243755080532962 -674.0961226229178
-0.42602118707726155 -0.001709150746578297 0.9047185521206905 1300.90081403708 0.06757777345264727 0.9971487741165973 0.03370223309598365 72.35430622251802 -0.9022200555059562 0.075503822267556 -0.4246746555452924 -675.191911715359
-0.42620906938280656 -0.0003258989071845658 0.904631571559016 1303.1948000479028 0.06793524639986136 0.9971686437704258 0.032363206965330155 72.41534144356257 -0.9021044948112075 0.07525688823738749 -0.4249637103611383 -676.2899313784994
-0.4259906596558845 -0.0006922719269966979 0.9047342192354516 1305.4984452332737 0.0680808240818546 0.997143954802323 0.03281535232483942 72.4802362123145 -0.9021965879113317 0.07558089485271118 -0.4247103434087774 -677.3938160432589
-0.4253884136737842 -0.0012968693226985588 0.905016871469333 1307.816143913778 0.06855579721936837 0.9970835914395489 0.033649052033033144 72.5479429991714 -0.902444574849711 0.07636473736709647 -0.4240424008065958 -678.5034850582998
-0.4252832161905265 -0.001556735929695824 0.9050657500380388 1310.1736475263285 0.06844220766603691 0.997083649058831 0.03387226519135792 72.6189196440917 -0.9025023955682572 0.07635645238609504 -0.4239199449112295 -679.630001881433
-0.4255356901862114 -0.0012392600156509448 0.904947649058969 1312.477699460337 0.06684147336272638 0.9972285643278618 0.03279346680346325 72.683265923418 -0.9025033768437862 0.07444928906053445 -0.42425703303153894 -680.7296020515593
-0.425665050325362 -0.0008797364684972242 0.9048872618907033 1314.7989508328092 0.0651971347756989 0.9973748245963627 0.03163582747331685 72.74380327149282 -0.902562990795081 0.07246870588651907 -0.42447364689726275 -681.8379343640019
-0.4259366688887146 -0.0002469031938509451 0.9047599588357752 1317.148875017386 0.06470146610222963 0.9974356480773862 0.030728712096551848 72.80220803295092 -0.9024708320961299 0.07163424616633779 -0.42481180223424553 -682.9649849401993
-0.4259678178006567 0.0003099185070785025 0.9047450880653333 1319.4924463605462 0.06426163135045915 0.9974886871921601 0.029910719496364722 72.85780653080768 -0.9024874035457899 0.0708875676420033 -0.4249012488137556 -684.0891501265647
-0.4259378298680047 0.0007216643645805148 0.9047588401281076 1321.8850170891726 0.06531564080381672 0.9974186459877271 0.029950473354243196 72.91649334971272 -0.902425970338389 0.0718579984721236 -0.424868746913273 -685.2368957656744
-0.4258352243265993 0.0008466128831257156 0.9048068046497061 1324.2260530224066 0.06618141112444006 0.9973539820365306 0.0302111686971661 72.97550070785924 -0.9024113335715203 0.07275274508604378 -0.42474752557455575 -686.3593879515072
-0.425230752737522 0.0004791130055831288 0.905091230154076 1326.5027204799335 0.06639938867800316 0.9973254944116339 0.03066483167738216 73.04188285954426 -0.9026804537808254 0.07314350570263126 -0.4241082438596799 -687.4375282295797
-0.4251327905551539 0.000754870095959896 0.9051374264380265 1328.8281332108197 0.06624932055898493 0.9973474941198321 0.030281734696600403 73.10524278543997 -0.9027381693126465 0.07284495167543296 -0.42403820336602055 -688.5389860018528
-0.425014707289801 0.0009319896258949767 0.905192867881031 1331.0965677737117 0.06646680630738407 0.9973366469869305 0.030177811518344436 73.16418786327684 -0.9027783446854666 0.0729981899910329 -0.4239275641232964 -689.6179682953392
-0.4250453297916402 0.0016248143299409474 0.9051775033110314 1333.3691685288143 0.06646174320275265 0.9973597791670836 0.029414779196490392 73.21961727962467 -0.9027643009361508 0.07266916709513203 -0.42401385385919993 -690.7008537856686
-0.424974004479101 0.0018872154308131575 0.9052106966589787 1335.6520886461487 0.06638110671951361 0.9973747574363654 0.029081941676441066 73.27421660907645 -0.9028038197795702 0.07245441682651298 -0.4239663682242557 -691.7897904365033
-0.42482428216028917 0.0021494254217442276 0.905280594722345 1337.9374704662832 0.06685697571692437 0.997345173951082 0.02900329755107792 73.32912405485077 -0.902839172285409 0.07285157281819533 -0.42382280610903705 -692.881523639525
-0.424750698040486 0.0027024665015907994 0.9053137131684749 1340.2162857512242 0.06741680321871704 0.9973177870675353 0.028650399364583815 73.38182702696996 -0.9028322039253169 0.07320858225878914 -0.42377621897207957 -693.9702105600599
-0.42470781145269915 0.0036959438324694555 0.9053302030431687 1342.4838424861323 0.06788276102612188 0.99731096587905 0.027770432380747282 73.43150044301814 -0.902817450525771 0.07325668860059081 -0.42379908576657044 -695.0542228943461
-0.4243147273118774 0.0051119715132886085 0.9055072711890735 1344.7656145387807 0.0689079848109335 0.9972702978009133 0.026656671187920873 73.47861924719278 -0.9029239511850318 0.07371289414509796 -0.42349115151922534 -696.1443773948527
-0.4241623498260339 0.005768929931242353 0.9055746156860806 1347.045211590182 0.06940031155372721 0.9972496808794541 0.026150288660635977 73.5244371770879 -0.9029577838916977 0.0739446613850602 -0.42337861352542067 -697.2330850524185
-0.42350062612527095 0.006605544408979967 0.9058786186799079 1349.3202376612126 0.06971141436018624 0.9972495865626473 0.025315417688205773 73.56856618952811 -0.9032440515798853 0.07387661568194982 -0.4227788267202059 -698.3161611217542
-0.4233512286463191 0.007554234087935018 0.9059410592836932 1351.5820531804604 0.06965796741913066 0.9972802612164919 0.02423251848428544 73.60902193307847 -0.9033181578684829 0.07337039520529001 -0.4227086212768551 -699.3931120473604
-0.4231821135117022 0.008735581140281204 0.906009496368194 1353.8532116908086 0.06954252978528316 0.9973206927523761 0.022863146481175226 73.64656380649149 -0.9034067137383495 0.07268693121377492 -0.4226382079335939 -700.4732387102008
-0.4228096181891742 0.00880282780062338 0.9061826984412235 1356.1510097680243 0.06955968555416113 0.9973217728983454 0.02276424334742608 73.6858815387715 -0.9035798794624178 0.0726640259349534 -0.4222718452870892 -701.565407983689
-0.4225048973702318 0.008822919299143514 0.9063245112372496 1358.435313852882 0.06938286509808744 0.9973368221581129 0.022632926468769167 73.72483996791654 -0.9037356830484325 0.07245091622318311 -0.4219740371472593 -702.6508661884359
-0.4219988101819769 0.00847991314503723 0.9065637650092524 1360.7303927965354 0.06951872641299674 0.997318341895402 0.023028822252824623 73.76596639364458 -0.9039621140272509 0.07274628807889835 -0.42143878833596304 -703.7399095800906
-0.42165650967448653 0.008764169440501545 0.906720222005529 1362.9971117832263 0.06977848343584847 0.9973050211694405 0.02280684705955122 73.81174382418513 -0.9041014039650314 0.0728908694789452 -0.4211137993713361 -704.8035935268837
-0.420789601869149 0.008853020667434586 0.9071218546841161 1365.342059976188 0.07072602730577578 0.9972316099125944 0.023072500110033197 73.8582865453747 -0.904431122627204 0.07386998086610029 -0.420233227338077 -705.9042896342376
-0.4206537417737485 0.009155011571076862 0.9071817258952424 1367.6196184175697 0.07167521770477613 0.9971614527895395 0.02316936615444375 73.90118188240159 -0.9044192428624007 0.07477290148508041 -0.42009838680065875 -706.9767281015235
-0.4207541692095713 0.010808326455318438 0.9071172437243874 1369.8869221277455 0.07386691234903536 0.9970201393188362 0.022380016953746692 73.9398684832607 -0.9041968515723106 0.07642723601748498 -0.4202808882424429 -708.0465753909475
-0.4204013024159321 0.011108154093617949 0.9072772201569637 1372.171435567561 0.07472779097228277 0.9969550547747443 0.022417586248837662 73.97843992639429 -0.9042900581207295 0.07722771715377166 -0.41993346191630887 -709.1245366760497
-0.42035392394061455 0.011504168158039046 0.9072941164050007 1374.5125752826193 0.07547847609996135 0.9969002514564226 0.02232657056882353 74.01748918476946 -0.9042493856200252 0.07787056373069394 -0.41990167494378056 -710.2297668241981
-0.4200939691555709 0.012888821136901336 0.9073960176058875 1376.8153958942964 0.07662256875208505 0.9968356031038579 0.021311639502747365 74.05202968068795 -0.9042744591153606 0.0784844928482532 -0.4197344745317893 -711.317085723791
-0.4198248471799525 0.013805216767017887 0.9075069963702576 1379.1223733928214 0.07783306247372035 0.99675172211465 0.02084081826127645 74.08538101609963 -0.9042961139780429 0.07938805934508919 -0.4195179001565651 -712.4059192678219
-0.4198470620588064 0.015439933108691078 0.9074701957809403 1381.4217035725246 0.07983271100453926 0.9966108482109775 0.019975483885741167 74.11679846926617 -0.9041111725783532 0.08083659633373479 -0.4196392233978755 -713.4918183635864
-0.4197396641128699 0.017212301316366155 0.9074878755663013 1383.6911254144968 0.08164295229616889 0.9964858412275053 0.01885873520452925 74.14414949978995 -0.9039994762248339 0.08200983242516664 -0.41965231239018963 -714.5635775230661
-0.4194909191189167 0.017463335027919396 0.907598028482992 1385.9771845817404 0.08218622423167932 0.9964420295115163 0.018810319611814067 74.17232567947048 -0.9040655075447485 0.08248662089293667 -0.41941600348546104 -715.6423691020655
-0.4192747598575157 0.01748750251455818 0.9076975270399222 1388.241371083354 0.08181464028238744 0.9964769272146613 0.018589770791750112 74.20055890239105 -0.904199851168174 0.0820613523254787 -0.4192108721391518 -716.7095285962401
-0.41892250358221733 0.017330029936829826 0.9078633740187753 1390.5303118601134 0.08151583638677735 0.9965018245414605 0.018588884655791234 74.22978615458727 -0.904390492113999 0.08179691881652908 -0.41885209804497747 -717.7862796537414
-0.4188619573679595 0.017652638463571447 0.9078851034471841 1392.8580095630155 0.08090442349833825 0.996563367994539 0.017945534934408713 74.25696894744718 -0.9044733863619608 0.08097290723219588 -0.41883298861558743 -718.8810737321952
-0.41889099353218223 0.018751885104316995 0.9078500796176784 1395.1789448453792 0.08014994197936204 0.9966514989242228 0.016392000671806153 74.27853551581498 -0.90452795934944 0.07963523197720132 -0.4189740622200794 -719.9731218298889
-0.4188337313832445 0.019121101306729713 0.9078690733801974 1397.4635198106898 0.0788190483608801 0.9967739293456862 0.01536469410976711 74.29817663013876 -0.9046714933826193 0.07799718903428625 -0.4189725397516141 -721.045579175149
-0.41885035070579923 0.019389110813253726 0.9078557420427512 1399.744331691817 0.07855716111569755 0.996801126801495 0.014950545485264229 74.32515425356029 -0.9046868811942188 0.0775854008252217 -0.41901661912859484 -722.1087058037313
-0.41874965468495207 0.019323330168264135 0.9079036635559214 1402.061763601971 0.07782157452259678 0.9968630112102457 0.014672585459469705 74.34984409631345 -0.9047973133377175 0.07680361883622526 -0.4189229963750167 -723.1897448191373
-0.4186222072101858 0.018437964632013512 0.9079810757314289 1404.4089623218326 0.07734908563538748 0.9968887006943723 0.01541396433217952 74.3740794390636 -0.9048972023844929 0.07668906558563028 -0.41872896775078294 -724.2914460475797
-0.4191117346667373 0.018577212531156472 0.9077524261915002 1406.6849242044989 0.0764574244023017 0.9969654781771026 0.014893521104598536 74.39434729777012 -0.9047465014310654 0.07565122983314766 -0.41924308410098193 -725.3630761629591
-0.4192701745197316 0.018857482374134274 0.9076735776140104 1408.9975999613073 0.07597765927992259 0.9970099572720003 0.014377689663648604 74.41277655393947 -0.9047137849991655 0.07499617341923516 -0.41943242225794886 -726.4542758676029
-0.4194609422407966 0.018711879997544575 0.9075883472550729 1411.344266995059 0.07546760492994992 0.9970494461210184 0.014318620370750806 74.43215440316727 -0.9046676887003552 0.07450458982318382 -0.41961860578712 -727.5624502578057
-0.41955694150566464 0.018906495517245818 0.9075399854736275 1413.6940909124016 0.07498644434718389 0.9970918342682441 0.013890446316600179 74.45024974905975 -0.9046630556866043 0.07388599324653404 -0.419737821703928 -728.6712456326495
-0.4195835269199862 0.01872896779934663 0.9075312166179875 1415.942551212418 0.07424685805342099 0.9971492420041228 0.013744883065105578 74.46702284945418 -0.904711507305074 0.07315340796105183 -0.419761173942604 -729.7331100371994
-0.41946416209173865 0.01832225446921988 0.9075946741944291 1418.201800297486 0.07363956508777836 0.9971922331283827 0.013899560008930239 74.48437392920783 -0.9048161810883006 0.07266985732609242 -0.41961862770913416 -730.8016670516039
-0.41944791572228285 0.018059599448724494 0.9076073857445436 1420.451477529356 0.07333948327857309 0.9972124479724294 0.014047384826109685 74.50214266515228 -0.9048478735606751 0.07246031323325887 -0.41958623598549394 -731.8658236807025
-0.4194019556218856 0.017640837568199393 0.9076367595058331 1422.7465551804062 0.07303880708194793 0.9972299178336155 0.01436405315035045 74.52114218886689 -0.904893550711522 0.07232178672590549 -0.41951166676427193 -732.9510614487408
-0.41954160970205984 0.017400193195737507 0.9075767378858633 1425.0748301456572 0.07244727635716774 0.9972730942518832 0.014366406485120664 74.54073970578182 -0.9048762438052972 0.07178343963653624 -0.41964116149441777 -734.0509300643488
-0.41965078266712763 0.017578889544034408 0.9075227193155294 1427.3758824868416 0.07253578284017044 0.997268667010599 0.014220684091479077 74.55861718370576 -0.9048180787688478 0.07179996820136436 -0.41976269549349754 -735.1391526897293
-0.4196224197258555 0.017756762145717583 0.9075321036448962 1429.6636337448617 0.07227607503705219 0.99729175593805 0.013902522216229885 74.57568781635105 -0.9048513957881588 0.07143070772886273 -0.4197523364576451 -736.2186687517758
-0.4196916039895123 0.01785345217140009 0.9074982570100136 1431.9487026132922 0.07202101322186652 0.9973132776916012 0.013683966255161039 74.5920044700521 -0.9048399502391599 0.07110616352159896 -0.4198327552933704 -737.2987542171285
-0.41950419973345016 0.018146027095773315 0.9075789241166788 1434.205076056717 0.07158937797020584 0.9973512373852275 0.01314625831798464 74.60640472957971 -0.9049611001720953 0.07049185237396569 -0.4196749254188536 -738.3637200575437
-0.4196118470618152 0.018584379248988286 0.9075202782465107 1436.448941144077 0.07186764077458765 0.9973356326316071 0.012802856104688497 74.62739834930159 -0.9048890534732509 0.07059726157337302 -0.4198122265446103 -739.4135472132886
-0.41977536599717513 0.0186444867943144 0.9074432756581167 1438.7532150538827 0.07172429487361938 0.9973475856128877 0.012684140381858711 74.6463542449103 -0.9048248765748402 0.0704142506346923 -0.4199820216099644 -740.4947629831994
-0.4198351450771107 0.01845641708208021 0.9074193942222738 1441.048837527325 0.07139482161661832 0.9973703630937053 0.012743051458035263 74.66375322594813 -0.9048230645326513 0.07013886770082972 -0.42003155771783957 -741.5749152920832
-0.4200572453045532 0.018356273716701656 0.9073186560519524 1443.3417598117749 0.07145190770315656 0.9973644065534849 0.012898356680159762 74.6800066906107 -0.9047155067047207 0.07025163144442838 -0.4202444741780196 -742.6580600086693
-0.4204597748902451 0.01833579563784175 0.9071328513514856 1445.6050548027777 0.07128517284300193 0.9973770739137996 0.012877822553012582 74.69560936175932 -0.904542047046629 0.07008391726701185 -0.42064682673897 -743.731428933366
-0.42078546375552733 0.017841427979069704 0.9069916419844612 1447.8699079728099 0.07124661318099403 0.9973726210287082 0.013431046311074833 74.71302916721031 -0.9043936964021838 0.07027580036155395 -0.4209338377884161 -744.8062324835545
-0.42119629942472375 0.017478527224335842 0.9068080059587658 1450.1046449134108 0.07164032118386363 0.99733592766321 0.014048509445871191 74.73027108563682 -0.9041713990776108 0.07088536098225182 -0.42130910348646017 -745.8698532855701
-0.4216592695448111 0.01770415246646189 0.9065882461422672 1452.3401427620743 0.07250938395030865 0.9972700055200979 0.014245677110583133 74.74759030996839 -0.9038860773170303 0.07174721208438668 -0.4217746777924592 -746.9362240254219
-0.42198204641438253 0.017751173592525166 0.9064374284978196 1454.6120345999882 0.07219188043198513 0.9972958784005336 0.01407367312691667 74.76438152972864 -0.9037617671133839 0.07138093391093586 -0.42210522935657374 -748.0187732683127
-0.4225319924604402 0.018145893259774084 0.9061732502297695 1456.8333038161086 0.07186855829981467 0.9973267065319054 0.01353596841190531 74.7780992769315 -0.9035304218201243 0.07084949598652084 -0.4226894741573545 -749.0800489763267
-0.42275889617555795 0.01841250795201003 0.9060620675040869 1459.0441490891556 0.07209830481177251 0.99731229177826 0.013369984046387328 74.79297593079717 -0.9034059698816995 0.07098244739586206 -0.42293314700961454 -750.137551375635
-0.42280376639842826 0.01793571305097397 0.9060505774049292 1461.2871433736816 0.07278161347175091 0.9972510519248059 0.014218538296560699 74.81053568783665 -0.9033301714144439 0.07195993523406173 -0.4229298021512696 -751.2113855545273
-0.4231302957715743 0.019369324185634817 0.9058685586124513 1463.4678359577708 0.07453174224418384 0.9971317862867962 0.013489345102522669 74.82369714533837 -0.9030344734748494 0.07322820199612053 -0.4233432783805418 -752.2586177462101
-0.42334011338726324 0.021343934572752625 0.9057261505704326 1465.6211993606082 0.07609340419221411 0.9970317421962787 0.01206719557093092 74.83281969964595 -0.9028055437477028 0.07403240519163345 -0.4236907960501664 -753.292969172729
-0.42349592098341377 0.021748654972766665 0.9056438646208905 1467.8393178863905 0.07757463318136927 0.9969144827724739 0.012331292360623684 74.84503045998153 -0.902606770610299 0.07548134127536238 -0.4238594558066772 -754.3576905008956
-0.42353768384063983 0.021221843863322598 0.905636568925823 1470.0627396398784 0.0793281577819968 0.9967579509678911 0.013738473508825576 74.86138443755331 -0.902434213660477 0.077665169780298 -0.4238314208657363 -755.4244781235706
-0.423575830965947 0.020653485478124393 0.9056318206913997 1472.2718070107433 0.0808542827540925 0.9966157693952834 0.015084537493311683 74.8878573770863 -0.9022809593760726 0.07961777083230706 -0.4237955313908218 -756.4732035047532
-0.42371511408398793 0.02144610632022951 0.9055481245910317 1474.5267852226093 0.08131259051992837 0.9965880067148827 0.01444104877793737 74.91009308518164 -0.9021741046863775 0.07975518605941558 -0.42399631112944625 -757.5459234694223
-0.42387441728700603 0.0225465782734428 0.9054466630171317 1476.6804358087843 0.08213861243605822 0.9965311767814511 0.013633959328358132 74.92619686169836 -0.9020239741833059 0.08015446026463002 -0.4242390967076701 -758.574717960444
-0.42388277996818824 0.023412053848997003 0.9054208099754829 1478.8132339316423 0.08287861310435903 0.9964779545347728 0.013030346051156959 74.93912799489306 -0.9019524578472518 0.08056677186296043 -0.4243132560819215 -759.5943784409674
-0.4236947387233707 0.022962189625065393 0.9055203572419738 1480.9630976289834 0.08300542288359129 0.99646049342434 0.013566498898475393 74.95538049080538 -0.9020293087509805 0.08091497373103254 -0.42408408793637165 -760.6220042605846
-0.4233860174780792 0.021645002267805292 0.9056970202309039 1483.1310596092883 0.08340006821873808 0.9964040590943279 0.015170335334021397 74.97494985341577 -0.9021376041698577 0.08196174774499039 -0.42365203758012354 -761.6588832708114
-0.4231730259052053 0.021067338171257357 0.9058102319435445 1485.2807660294834 0.08384280497899488 0.9963543725272318 0.015992333413350792 74.99684054108059 -0.9021964994395162 0.08271694680920083 -0.4233798656244264 -762.6876781007292
-0.4228114015718605 0.02058000717857749 0.9059904141683487 1487.4242831296597 0.08372392903125166 0.9963570316132876 0.01643615992704782 75.02024440506196 -0.9023771656901703 0.08280616773051769 -0.42297732176445413 -763.7118468620691
-0.4227439449841613 0.02101041949834904 0.9060118230785378 1489.5648564710461 0.08398464621934638 0.996340478766761 0.016078409459409776 75.04087031170117 -0.902384317132608 0.0828911689962949 -0.42294438366810044 -764.735166760051
-0.42281065638887644 0.02323496419081312 0.9059262571279717 1491.6694353895814 0.08373332390172658 0.9963993169418531 0.01352093016326927 75.05459650722564 -0.9023761922181595 0.08157611390339635 -0.4232167473976792 -765.7403401128419
-0.4228002832756338 0.025146129800551253 0.90588007677552 1493.7818884310163 0.08444682050195143 0.9963613809339522 0.011752735360589604 75.06306317200668 -0.9023147100921359 0.08147099173275167 -0.42336844074227087 -766.7511239432636
-0.42255922228633347 0.024782201283713497 0.9060026751882576 1495.9436574835902 0.08474196427058357 0.996330523817704 0.012267274935550944 75.07540487646455 -0.9024005688200396 0.08196365292113882 -0.4230915498114342 -767.7846858513349
-0.4224102806216137 0.022153740862094 0.9061406617169068 1498.0931001051144 0.08458639675774828 0.9963055804294929 0.015070243850004874 75.0938721219874 -0.902485318149625 0.0830166005543215 -0.4227057606835377 -768.811525716832
-0.42203614195423317 0.019181377331525123 0.9063829041485544 1500.2677873582325 0.08463905152785133 0.996246659209607 0.01832428013407489 75.12062805963977 -0.9026556300827588 0.08445242121836274 -0.42205747044676245 -769.8483446860904
-0.4217414865241624 0.01896166731674102 0.9065247144044442 1502.4061058834125 0.08468454086046544 0.9962384139219023 0.01855687629891095 75.14846824412105 -0.9027891294265534 0.08459818801793335 -0.42174268888356653 -770.8663782605
-0.42176718656360074 0.020461754707970962 0.9064802599543222 1504.4934020890305 0.08496277890643789 0.9962421647156763 0.017040914203181448 75.16916018913749 -0.9027512865119449 0.08420790231983927 -0.4219026926660698 -771.8599118500896
-0.42163302388963336 0.021471854048087193 0.9065191993066718 1506.5731951693285 0.08510360454674426 0.9962474729356107 0.01598299677288013 75.19365919820014 -0.9028007124764268 0.08389043323274976 -0.4218600711215149 -772.8388942644717
-0.4214461573430556 0.022831714998975267 0.9065731549111266 1508.722785412364 0.08716343233808484 0.996078361256496 0.015431984256039474 75.21694600372406 -0.9026916866776237 0.0855273436733414 -0.42176529071709185 -773.8539434391851
-0.4212769939491777 0.02247245022172931 0.9066607716287026 1510.837475931612 0.08773868702630638 0.9960175601029955 0.01607764220658392 75.24041564875593 -0.9027147186731114 0.08632584002815046 -0.42155291031179953 -774.8551605603268
-0.42096461424206366 0.02164657973488506 0.9068260107874666 1512.9442722346266 0.08707024500973119 0.9960669779684799 0.016639939894053272 75.2649447242447 -0.9029252730245597 0.08596579456287047 -0.4211755076950574 -775.8514442383608
-0.42107447580984664 0.020874201569192535 0.9067932341365913 1515.0564527237866 0.08660160982162783 0.9960971535806481 0.017280947478045032 75.28970474376882 -0.9029195112988394 0.08580994073838188 -0.42122060738738326 -776.854583801901
-0.4212408515007826 0.020451568634079136 0.9067254466348834 1517.143990411241 0.08618920292118157 0.9961279572308652 0.017570181879629207 75.31435113866287 -0.9028814804886677 0.0855551595242751 -0.421354386593672 -777.847045347946
-0.4217093474134861 0.01970803000663873 0.9065242041453807 1519.264048469876 0.0862386664085855 0.9961078010886085 0.018459205304044324 75.34128112501887 -0.9026584462184716 0.08596621886532282 -0.421749375805488 -778.8585453172874
-0.4222557711191899 0.019558817525727103 0.9062726620927134 1521.3701400985951 0.0863570486191276 0.9960919184143873 0.018735904991542533 75.36799803085222 -0.9023909307425065 0.08617823910866187 -0.4222765212021952 -779.8653504021562
-0.4227820300518248 0.02046430800156423 0.9060070926210151 1523.4539116826472 0.08700859258236268 0.9960466078482588 0.018101139721521546 75.39121337350049 -0.9020814655425181 0.08648679275155208 -0.4228730878155083 -780.8636182490947
-0.42349910921286 0.021017643554884124 0.9056594175004845 1525.503650712922 0.08691017022657296 0.9960654373005055 0.017521983388991542 75.41197447154569 -0.9017544887113279 0.08613485004670217 -0.42364122248634106 -781.8447836162869
-0.4240224778450433 0.021078801193417946 0.9054130942365975 1527.5745290366915 0.08705309321335371 0.9960515518956163 0.0175770317502313 75.43439292878334 -0.9014945238624728 0.0862749716538197 -0.4241649685034657 -782.838817491884
-0.4245306050021532 0.021151334402563362 0.9051731813489048 1529.6314171935742 0.08686002666639273 0.9960703793436018 0.017460056961289282 75.45624405563571 -0.9012737733431224 0.08603848939460594 -0.4246813634022905 -783.8273204272601
-0.4250204515731353 0.02061875998244924 0.904955659998056 1531.6803096660742 0.08698195185259011 0.9960476196929368 0.018155223520833978 75.48046606328882 -0.9010314217815408 0.08643431174879523 -0.4251158434859163 -784.8151158237199
-0.42570497868221124 0.021180252771010197 0.9046210786671716 1533.7176324460966 0.0881604106091097 0.9959436379749589 0.018166712531715246 75.50398632387972 -0.9005936344426368 0.08748835564861454 -0.425827299992079 -785.8007755858182
-0.4263957971485685 0.022015756137404356 0.9042754691005264 1535.734311352052 0.08845639970071996 0.9959300226893071 0.01746064575228825 75.52424838388471 -0.9002374527583518 0.08743699412166782 -0.4265895287648134 -786.7760335145995
-0.42707778874459684 0.022463136537461577 0.9039426668075407 1537.7932976888858 0.08890634929893514 0.9958936855026388 0.017254290774764546 75.54565786801552 -0.8998698196558843 0.08773825960955736 -0.42730287940872647 -787.7745059465389
-0.4279117611848053 0.022978566096860963 0.9035355491472054 1539.8375653366045 0.08991805568709518 0.9958028928253516 0.017257521294772767 75.57478326443935 -0.8993731968805756 0.08863216505405297 -0.42816370564148526 -788.7593135178587
-0.42901599837938853 0.023269896944405535 0.9030045864004721 1541.882768881732 0.09034409891047643 0.9957646163658608 0.0172595240809307 75.60060537895136 -0.8988049538289087 0.08898939571766654 -0.4292828325504428 -789.7498655965092
-0.43060049704858605 0.022879594189948237 0.9022601954693085 1543.9264977471953 0.09025737822487204 0.9957629748180696 0.017822030388220025 75.62640251980257 -0.8980561721573806 0.08911385067840782 -0.43082257320225675 -790.746158911123
-0.4324974730041343 0.022363960839401176 0.9013653587601266 1545.9344156719835 0.09020989557444786 0.995753429514241 0.0185766402980374 75.65225568124882 -0.8971488642448243 0.08935023619224274 -0.432659979707006 -791.732772355051
-0.43447284956222304 0.02175210568241286 0.9004300068469817 1547.9502588016885 0.08986099062033813 0.9957712879506125 0.01930170974397562 75.67996902986526 -0.8962292729329193 0.08930368606094656 -0.43457181575029286 -792.7297878345006
-0.4363401142766143 0.021572115417593962 0.8995309015948514 1549.9416896126424 0.089703857327783 0.9957789384490562 0.01963035344516284 75.70731839768128 -0.8953374952983901 0.08926088195946395 -0.4364149371455562 -793.7214869723508
-0.4380443811287456 0.021784558003213408 0.8986971475067824 1551.9431885529302 0.09018543915463988 0.9957315750089533 0.019819322780485846 75.73510868543315 -0.8944567457393412 0.08973528379958665 -0.43812085111061805 -794.7254962753075
-0.439936695101617 0.02200360152770057 0.8977670220782524 1553.939745774805 0.0901337642211364 0.9957375360219395 0.01976144887214167 75.76179190712175 -0.8935328335280093 0.08961728338956382 -0.44002635232100923 -795.7304042569235
-0.4420715971348472 0.022043393341672223 0.8967166218230384 1555.9730553680529 0.08996972870618901 0.9957500347825966 0.01987383220639147 75.78978821064413 -0.8924952502943677 0.08946729775644283 -0.4421574763828302 -796.7589118436329
-0.44468740501702214 0.02238795922394283 0.8954138361783466 1557.9712983593286 0.08969111677883303 0.9957798878383533 0.01964319467817001 75.81555309586359 -0.8912231365985005 0.08905011385071623 -0.44480024227078896 -797.7761361742575
-0.4476855148784618 0.02235840077234943 0.8939195391374514 1560.00595059839 0.0891496251933229 0.9958267747575036 0.01973711502731375 75.84331351575223 -0.8897761418353736 0.0885332027985686 -0.4477921507111864 -798.8189064697227
-0.4501314309900361 0.022854444168613184 0.892678030506991 1562.0243966474386 0.09015053086424878 0.9957324267009356 0.019962609842172026 75.87149086734199 -0.8884407818385349 0.08946587623095166 -0.45025235774995154 -799.8647407116692
-0.4520724455453385 0.022528116908622463 0.8917052287317542 1564.0370001188935 0.09167853995830319 0.995565216444701 0.02132419216858293 75.90308777538138 -0.8872986780051012 0.09139508378701 -0.45211405504975993 -800.9128184115657
-0.45313742279740316 0.022347284612720144 0.8911689138881577 1566.005614738163 0.0924041066493985 0.9954829543827118 0.022019530964086726 75.93591627926332 -0.8866799638427172 0.09233059705867451 -0.4531366562489366 -801.9417309900217
-0.4544672612695419 0.022675559092705737 0.8904831440154388 1567.9385200461902 0.09277832529761067 0.9954491574056652 0.021999393304832027 75.96740100919317 -0.8859600039970988 0.09262072439394285 -0.4544839488915877 -802.9545244065969
-0.45562145381292674 0.023188898231542278 0.8898801758470499 1569.9113186591662 0.09279011636571619 0.9954578859688776 0.02156591606301555 75.99817157888499 -0.885366505297538 0.09240379536926215 -0.45568490578399606 -803.9895497716885
-0.4570112128307672 0.02316375020655051 0.8891677390829376 1571.8885269089978 0.09267692011869276 0.9954654448058915 0.021697927778734083 76.03600729993906 -0.884661631005189 0.0923273781665655 -0.45706692812536076 -805.021503505373
-0.4581560946679224 0.023309699694306397 0.8885745733935441 1573.8644214590443 0.09308221658041149 0.9954238009872896 0.02187825727132645 76.07148930511984 -0.8840265821430612 0.09273980096336724 -0.45821047492336087 -806.0608571727594
-0.458896143391715 0.024241634073427464 0.8881677984973411 1575.7756533402555 0.0940471181581257 0.9953429272232635 0.021422276693777775 76.10155957323423 -0.8835407625582883 0.09336597037605544 -0.45902017148354024 -807.0716852316997
-0.45936166606955325 0.02486067251514941 0.8879098710034883 1577.7476451409173 0.09523676425857584 0.9952300200505368 0.021402489698073433 76.13372442721432 -0.8831710546659368 0.0943987923892418 -0.45951964661873684 -808.1165612636465
-0.4597552090616847 0.026031146922593243 0.8876726028611471 1579.6772220196929 0.09610916868790567 0.9951631295684074 0.020592201105497053 76.16167139797132 -0.8828716704941013 0.09478632222147158 -0.4600148195622766 -809.140728874148
-0.46014799353719416 0.02692286751088054 0.8874424026264365 1581.6209741487066 0.09524806258505168 0.9952740295577858 0.019190376140773797 76.18666720428266 -0.8827600647255218 0.09336313168321414 -0.4605191997042896 -810.1696902522905
-0.46045931912369126 0.027001682683250556 0.8872784619853789 1583.551503263819 0.09396527042984658 0.9954096384144627 0.01846903150740657 76.21029785409573 -0.882735259381844 0.09188315395064646 -0.46086453937021804 -811.1908116143375
-0.46061417655050707 0.027016064820378764 0.887197850383 1585.4668888295528 0.0934271609649315 0.9954658253094981 0.018189618397228522 76.23364409500688 -0.8827121716944557 0.09127276929159323 -0.46103145402877355 -812.2072436910398
-0.4607801209043001 0.02729582694557851 0.8871032694214707 1587.3811803304702 0.09317922951098316 0.9954965164325826 0.017765327262236976 76.25559117986866 -0.8826518223497797 0.09085127051296649 -0.46123020775745927 -813.2247254586835
-0.4609455452373576 0.027879954368725222 0.8869994645947052 1589.2925754843247 0.09278366500454782 0.9955484701211629 0.0169220530982971 76.27499368467613 -0.8826073610938103 0.09010511100232867 -0.4614623482189752 -814.2401600371333
-0.46079452926290454 0.027407361454480465 0.8870927636044112 1591.2275509822152 0.09259673206122689 0.9955586154208997 0.017337626975554677 76.29740433153843 -0.8827058831353366 0.0901366017663487 -0.4612676408351179 -815.2682160069877
-0.46070050161432735 0.0270365016373892 0.8871533208879517 1593.1745501227697 0.09205066626708337 0.9956075254588045 0.01745724546337728 76.32052783354408 -0.882813066211429 0.08971175865859395 -0.4611474571006068 -816.3008802552915
-0.460646734199517 0.02732576620398834 0.8871723705002627 1595.0710080148383 0.09151810212755869 0.9956670302930866 0.016848391537556132 76.33985014877982 -0.8828966604179866 0.08895947906685957 -0.46113334662498473 -817.306470997778
-0.46016741404758577 0.02678720426483829 0.8874372626388978 1596.9510030594283 0.09095159544298465 0.995714346157962 0.01710301760474697 76.36109645944593 -0.8832046616852905 0.08858993516854723 -0.4606133793906451 -818.300964558274
-0.45925190335274985 0.026111875419313424 0.8879315355393301 1598.7853658841484 0.09023472887810173 0.9957747368121019 0.01738439491292294 76.38292923625663 -0.883754817124457 0.0881119580970955 -0.45964934318277534 -819.269754258492
-0.4576170479882317 0.02445665467748643 0.8888227739039685 1600.7151833180483 0.09026808397250953 0.9957410689303976 0.01907367555871653 76.40961867914143 -0.8845994324309763 0.08896682105668476 -0.4578570288874269 -820.2877483716785
-0.454850781384184 0.02113452373537574 0.89032639428981 1602.632137486388 0.09026275002438075 0.9956705134041652 0.022475075869774156 76.44862581164358 -0.8860255566125622 0.09059218232395559 -0.45477045475252814 -821.2810010960674
-0.4522875502474049 0.01894214849378894 0.8916807856605194 1604.5814124117035 0.08981609050800989 0.9956654923819869 0.024403122323764827 76.49061419706449 -0.8873823557788271 0.09113059742509565 -0.45200942741624955 -822.2850609479407
-0.45105090649259877 0.018469796443414697 0.8923170357029561 1606.4821963920633 0.08880866705169409 0.9957589874795585 0.02427706240459501 76.52855303828227 -0.8881131566557192 0.09020195318601143 -0.45075951507834694 -823.2583957271692
-0.44987093435578035 0.02216289396943895 0.8928284007772957 1608.3779345511646 0.08748776637166394 0.9959838478182387 0.01935596556418099 76.55308506284557 -0.8888422540292042 0.08682566545051236 -0.4499845400400518 -824.2264725933388
-0.4487353014704303 0.02726269382991607 0.8932584301878995 1610.2306443575478 0.08718652054780293 0.9961081934808463 0.013393744688321893 76.56338338661975 -0.8894456164249231 0.08389674553839016 -0.44934702408957705 -825.1722348623541
-0.4458985082221413 0.029471759429328385 0.8946079743290001 1612.071371305962 0.08853825253196085 0.9960148061542701 0.011314235145990427 76.57042129660313 -0.890737933472648 0.08425858980587841 -0.446712063635658 -826.10854941537
-0.4418707425559737 0.02666188793796108 0.89669170508369 1613.975353916533 0.08984340931736659 0.995854299099441 0.01465936044326225 76.58806440193233 -0.8926118237304098 0.08704570815300489 -0.442415881887836 -827.067712931803
-0.4382308602930655 0.024742293192077127 0.898531541204254 1615.8392673160474 0.08925486794193681 0.9958850787964716 0.016105083598034482 76.60908662315423 -0.8944640452843443 0.08726239248577486 -0.4386168642462488 -827.9949272152506
-0.4348925770767715 0.02218793356527362 0.9002187262603728 1617.722096634706 0.08828798478180014 0.9959370934094323 0.018101451292698786 76.63392932246148 -0.8961878212227443 0.08735684604369004 -0.4350652285173334 -828.92249852166
-0.43216840131875195 0.019949889285994813 0.9015819866317497 1619.5572719265144 0.08725639737941866 0.995995959453013 0.019783834745002327 76.66133491684147 -0.8976056301793466 0.08722481878213197 -0.43215934222028235 -829.8202840402984
-0.43085441854811807 0.02054294800947146 0.9021972669025836 1621.3773513852225 0.08727527073858367 0.9960094965136901 0.018997300991762826 76.68394091456727 -0.8982351739661619 0.08693046873143967 -0.4309085702538821 -830.7079106004686
-0.42908123987864183 0.020707116967285288 0.903038093109711 1623.201472209339 0.0880881548260322 0.995937725995445 0.01901507083513695 76.70813871844616 -0.8990041985168732 0.08771201014053434 -0.4291427769103455 -831.5938390541197
-0.42701551501417123 0.019327601302717393 0.9040470717529067 1625.0464720916839 0.08784691009221283 0.9959353897296136 0.020198351604460915 76.73651293075758 -0.9000101969070885 0.08804861860769632 -0.426958548368373 -832.4836686326141
-0.42576107773661426 0.0185133807771431 0.9046550678246109 1626.8924162490143 0.08608045931796161 0.9960909607474085 0.020125107979108162 76.7648213297751 -0.9007746255395087 0.08644718362920546 -0.4256707283160174 -833.3664613596369
-0.4251403938022462 0.017782910244733833 0.9049617401455858 1628.787735287795 0.08382365445125538 0.9962900684557436 0.0197987453928222 76.79225332537034 -0.9012808381447592 0.08428022029285002 -0.425034268155389 -834.2714188766521
-0.42493933274075013 0.017860780527873807 0.9050545656001819 1630.660735027239 0.08215079609979094 0.9964466874638147 0.018904047184169787 76.81480248573806 -0.9015294926775689 0.08238954609677335 -0.42487691136824446 -835.1659048593464
-0.42445211901196844 0.01758549605235005 0.9052880865207307 1632.5167990769153 0.08095862114141898 0.9965496173228222 0.01859703924091197 76.84270208657367 -0.9018660683274067 0.08118976554737549 -0.42439131492122456 -836.0439449171719
-0.4239874134830964 0.017232792157886312 0.9055126817301398 1634.372197888876 0.08024900137155111 0.9966068623399211 0.01860565643790503 76.86949547712705 -0.9021482837926552 0.08056051777040317 -0.4239115640684582 -836.9254318423622
-0.4237041296027508 0.01696946472150983 0.9056503604733597 1636.2307210555534 0.07993507498002209 0.9966303459156837 0.018719926127085975 76.89475703725083 -0.9023096112491169 0.0803307495346823 -0.42361273613433875 -837.8118870038547
-0.4234665222129653 0.017032779367071836 0.9057603503737944 1638.0941599925925 0.08000377415740141 0.9966257420270572 0.018659519059175605 76.91826797362185 -0.9024152314074514 0.08037152923269154 -0.4233801165556599 -838.7020654853843
-0.4232721441675111 0.017139413774436833 0.905849203388806 1639.9583022507672 0.07936363950787982 0.9966850097135073 0.01822269683763416 76.93986022093257 -0.9025630030827493 0.07961021073284764 -0.4232090032126426 -839.5901190652542
-0.4232688766121533 0.017203505188348456 0.9058500021643944 1641.8425708497145 0.07922801928694005 0.9966987166746091 0.01808836861055652 76.96156921722641 -0.9025769901833803 0.07943077814743965 -0.42321448705767106 -840.4901300021445
-0.4233377698725075 0.017538194257752764 0.9058113506334547 1643.6855587548405 0.07847497648147231 0.9967713610838269 0.017373205299673605 76.9798806674481 -0.9026105925609897 0.07844438797028126 -0.42332736712527225 -841.3699276481666
-0.4230706764015434 0.017582507144188093 0.9059352563524119 1645.5525751418797 0.07875610491757608 0.9967480476371768 0.01743044421195111 77.00055099966984 -0.9027115508188903 0.07872847034505985 -0.42305961008678644 -842.2626985410866
-0.4225223238964974 0.017025036832971366 0.906201733509247 1647.4047007735003 0.0787542220076282 0.9967382081242696 0.017990112046124853 77.02322971261248 -0.9029684447891804 0.0789745495243291 -0.4224649288746562 -843.1458520438221
-0.42152590686513125 0.01612291959749048 0.9066819548421379 1649.255653210708 0.0787358264447821 0.9967230119142904 0.018877441411228397 77.04786737596454 -0.9034353072142042 0.07935181008126073 -0.4213940818701239 -844.0274456539986
-0.4211634146763768 0.01613554505067986 0.9068500106901336 1651.0778624979764 0.07831536732896148 0.9967604105743174 0.018632893704123916 77.07047249977327 -0.9036404921445274 0.07887342473563874 -0.42104259872536226 -844.8911304054877
-0.42063200577276255 0.0161272133138151 0.9070968270796187 1652.902687807826 0.07848722888565927 0.9967464212049179 0.0186707152485492 77.09385172537704 -0.9038735349119433 0.07905496143406636 -0.4205090452395091 -845.7560727629781
-0.42009997088479895 0.01577878235903186 0.9073492543391611 1654.7589097073683 0.07732692676729518 0.9968409622165395 0.018463435580826585 77.117623883561 -0.9042207014466963 0.07792487523923218 -0.4199725975697098 -846.6304425053087
-0.41955980784024893 0.015451544454418409 0.907604581579863 1656.6077277126992 0.0770584033413957 0.9968581225107462 0.018647333249554858 77.14115336868122 -0.9044939660053409 0.07776777846667494 -0.41941174395663455 -847.5029568198659
-0.4185241889834789 0.015180947602625151 0.9080870363515108 1658.4824140647684 0.07731076766449242 0.9968323868887654 0.018963503726841375 77.16626016553012 -0.9049516587155217 0.07814687573092459 -0.41835166955644354 -848.3862306690688
-0.41765068172761743 0.016683126070642658 0.9084628912368955 1660.328725761955 0.07758506819287454 0.9968403216649673 0.01735873042491577 77.18476443979702 -0.9053318071310427 0.0777385378284128 -0.41760502761565 -849.2527455110247
-0.41675245698325697 0.019352654253467386 0.9088220581260892 1662.1600164985255 0.07767584690886595 0.9968803827321838 0.014388172172021053 77.20311001828719 -0.9057373431059944 0.07659505361079787 -0.4169349291616037 -850.100557161636
-0.41588366143560496 0.019449711902859396 0.9092177866849273 1663.9745941173808 0.07709131885625577 0.9969320117218857 0.013932910992729402 77.2188874429566 -0.9061860436932656 0.07589228541294689 -0.41608633703062137 -850.9378727614089
-0.4138817096588426 0.01634588576649435 0.9101918548224954 1665.8104667780228 0.07630195301263848 0.9969487357128045 0.016788754479266324 77.2404699302958 -0.9071688105302068 0.07640292964501748 -0.4138451502660638 -851.7870304619371
-0.41234005107061916 0.014722207026344105 0.9109194698995712 1667.6069370964049 0.07490371199486426 0.9970378169422015 0.017788583084414833 77.26353684430276 -0.907987675620177 0.07557147043915519 -0.412200854031052 -852.6138425172388
-0.411234263811682 0.014104623112466899 0.911428884763404 1669.3982948479759 0.07424144652591246 0.9970824704645888 0.018064072477268874 77.28598560112603 -0.9085427688031107 0.07509945899683942 -0.4110610491914377 -853.4368463669332
-0.40936808767817157 0.0122662608516149 0.9122952125717512 1671.231803718921 0.07378771386152416 0.9970856291681258 0.019700818445442185 77.31210521570154 -0.9094222996498056 0.07538616759880676 -0.40905896839654854 -854.276970865455
-0.40837512607752585 0.012227018023758893 0.9127406005953541 1673.050411243289 0.07376466995630035 0.9970881956458046 0.019643606187583693 77.33710350477288 -0.9098701548138912 0.07535465149272312 -0.40806666711717937 -855.1070991953812
-0.40745216462999806 0.013100273491164877 0.9131407574518664 1674.8502624046866 0.07325098358002319 0.99715001080098 0.018376903786249624 77.35747587430076 -0.9103252642699688 0.0743806894659895 -0.40722910905497123 -855.9254090917858
-0.4066193381845572 0.013046093449950127 0.9135126112678392 1676.6329925452849 0.07347587455821798 0.9971319114498399 0.018462064935682282 77.37955543296617 -0.910679730552223 0.07463289591348139 -0.40639013894963044 -856.7356288235535
-0.4051423714375296 0.012435487771830874 0.9141772049798542 1678.458825791268 0.07370671167477268 0.997102712953413 0.019098735496311015 77.40464134258436 -0.911319451623413 0.07512339826740598 -0.4048634914615696 -857.5621940432871
-0.40476779877782193 0.014250951437481027 0.9143167357683337 1680.2570882858276 0.07402625584520792 0.9971132844303687 0.017226977015515364 77.42222022670602 -0.9114599948411322 0.07466109149800344 -0.40463262558039426 -858.3771416857095
-0.40425187390989986 0.01480385132073921 0.9145361268167804 1681.9970020755597 0.07518559977150474 0.997028591699437 0.017092150217275864 77.44054645816351 -0.9115937640129232 0.07567396508321814 -0.4041421895231531 -859.1659803903368
-0.4037649464574176 0.015081747670768513 0.9147468440955892 1683.7609188936324 0.0763447298338454 0.9969377599455127 0.017258468779355465 77.46058345166793 -0.9117134291081412 0.07680935237003812 -0.4036583259410998 -859.9642619445027
-0.40386226770627154 0.016873617978262572 0.9146725836617619 1685.4835028853056 0.07918643693797185 0.996727602911585 0.016573485622824867 77.47858924931404 -0.9114280359414828 0.07912801462836067 -0.4038551625462111 -860.7466613391205
-0.4037309274753957 0.016067318832500187 0.914744854777864 1687.2422540095251 0.08107316327556711 0.9965459854450612 0.018275165716248112 77.501730038745 -0.911319746677374 0.08154421978723943 -0.40361779564140504 -861.5439486351796
-0.40359116270853085 0.015214679827324369 0.9148210909605246 1688.9634853429823 0.0813541194627769 0.9965034839695981 0.01931472570666854 77.52603971101134 -0.9113566677199127 0.0822243834737679 -0.40339646365398013 -862.3236708460134
-0.40353096197832583 0.014920310270025185 0.9148525598719051 1690.6879212606439 0.08072539956916344 0.9965540850255704 0.019351273746145013 77.55341078653402 -0.9114394555841427 0.08166555386447882 -0.4033236446333913 -863.0946514523295
-0.4036991025569258 0.015010556546375071 0.9147773539639644 1692.408113337433 0.07917154882861017 0.9966934690876443 0.018581124911361914 77.5764277309553 -0.9115018636773106 0.07993050357821213 -0.4035317800659336 -863.8634164561805
-0.4040948287757798 0.015019263529673123 0.9146023333343853 1694.1007268219494 0.07719707508843816 0.9968635371026542 0.017734443886705444 77.595916617838 -0.9114959565114794 0.07777593342103364 -0.4039659048158381 -864.6224021355417
-0.4045016989807027 0.015034296427611355 0.914421977514902 1695.793443870342 0.07607650660696523 0.9969578916436723 0.017258730765805967 77.61370087865689 -0.9114094457584107 0.07655206303174515 -0.40439379745273546 -865.3854833600132
-0.40455917963371907 0.014693662726855817 0.9144021189189087 1697.4770830102643 0.07575743894460385 0.9969780528877031 0.0174938906415919 77.63243480649804 -0.9114104394333714 0.07635482099564044 -0.40442866345235723 -866.148157962093
-0.40472249365727486 0.014169779831874143 0.9143381681106485 1699.155288902333 0.07566311378209424 0.9969755953062991 0.018038162725334587 77.65245476089524 -0.9113460506419857 0.07648695910713738 -0.40454941091510727 -866.9097860377615
-0.4047840866773318 0.013528182851379399 0.9143206961586524 1700.8362774688856 0.07491798530016217 0.9970249464271335 0.018412805417559793 77.67365728395465 -0.9113804356205072 0.07595704410031681 -0.4045721918363647 -867.6704898729892
-0.4050399731147114 0.012875770534288875 0.9142170916232721 1702.4938531095943 0.07422989194039269 0.9970686938860571 0.018841733401509377 77.69501168351735 -0.9113236161465508 0.07549896033456864 -0.40478739733953983 -868.4223942075457
-0.40550340941429447 0.011543153703763215 0.914029663201773 1704.1568124989649 0.07378343884033968 0.9970769853724788 0.020138681609088462 77.71861218558473 -0.9111544033486373 0.07561200538318139 -0.40514855569006575 -869.1796525979902
-0.4059946247345173 0.011197108222119877 0.9138160754850346 1705.7947315008255 0.07377978536478962 0.9970688660028983 0.02055897267236178 77.74221612091516 -0.9109362197438903 0.07577349682154244 -0.4056093710073962 -869.928054096059
-0.4067436769539293 0.011906197373825292 0.9134737517226639 1707.4076970528092 0.07572283383752607 0.9969195403735318 0.020720221404490348 77.76572985311422 -0.9104419783489001 0.07760392327188305 -0.40637125146565917 -870.6685401163622
-0.40748759687497865 0.012288864850800437 0.9131369398072317 1709.0607361216025 0.07844833045374874 0.9966900038672344 0.021590991968195288 77.7929143381611 -0.9098779511311738 0.08043734805308253 -0.4070821909289742 -871.4288135361963
-0.4081065683054971 0.012888997205270815 0.9128520586306933 1710.6882276120987 0.08189160701221546 0.9963917694228515 0.02253902500408124 77.82196431630943 -0.9092966404540441 0.08395840312983378 -0.40766916275159754 -872.1796835568816
-0.4088025021886679 0.014913167670385514 0.9125098650298765 1712.2866417327473 0.08555276585997904 0.9960949409401724 0.022044577580368697 77.84953839567646 -0.9086468075256422 0.08708470819103459 -0.40846171467196263 -872.9196092576694
-0.40945789416669387 0.01796041783960839 0.9121609468459229 1713.8697910834726 0.08964376258389645 0.9957653785671451 0.020629801614719823 77.87464601239039 -0.907957022289384 0.09022186902095063 -0.40931377283712683 -873.6536415526789
-0.41005967212045835 0.019596002635718028 0.9118566232075499 1715.458988569228 0.09267421801120213 0.9954943420387143 0.02027812549634597 77.89922895885867 -0.9073801802316842 0.0928257976713332 -0.41000852063380344 -874.3904865413296
-0.41079208588214017 0.021464628716157043 0.9114848232772188 1717.0445846999137 0.09614229550641756 0.9951732538096205 0.019890612261376516 77.92739421397137 -0.90668773137544 0.09580824670402376 -0.4108534026244375 -875.122322959661
-0.4114919834337797 0.023917040159210045 0.9111081054101815 1718.585992222121 0.09974530407672388 0.9948373564210785 0.01892996101758668 77.9514565709954 -0.9059809900988818 0.09867341034289917 -0.4117336383131273 -875.8373898821333
-0.4123877481540042 0.026015162722849667 0.9106458338324572 1720.1214758694146 0.10280222581267216 0.9945409946754242 0.018138626365402803 77.97193637647901 -0.9052321641610469 0.1011022694880958 -0.4127912268020967 -876.5527150933382
-0.4135513265114043 0.027163502149634165 0.9100844622177707 1721.6499360842752 0.10489354941972082 0.9943248963336455 0.017982951868373453 77.99106875802843 -0.9044608807568223 0.10290440435664772 -0.41403432019620684 -877.2684047360063
-0.41483346263872833 0.02814494420927087 0.9094708736140247 1723.173532133479 0.10721511047409021 0.9940744862483734 0.018136693728456586 78.01068343787097 -0.9036010360966114 0.10503849367878025 -0.4153736211090415 -877.9863392380221
-0.41617574898904425 0.029747553647596223 0.9088063908773379 1724.6871859324358 0.11059837776255092 0.9937041843677714 0.01811683901686494 78.03118409702445 -0.9025753611411773 0.10805823955800135 -0.4168263687930132 -878.7049017657107
-0.41735241719847227 0.03177177504183694 0.9081978901386925 1726.1817160433989 0.11416377610252401 0.9933082487533798 0.017709797354871687 78.05103807462605 -0.9015876892311437 0.11108050924186516 -0.4181674830522079 -879.4169308708997
-0.41890342728299707 0.0333810966417177 0.9074257713303101 1727.6587427445727 0.11717387556415895 0.9929603373628264 0.01756058300141597 78.07059265263828 -0.9004813922528798 0.11368861800951027 -0.4198467333214772 -880.1238257208029
-0.421553898551844 0.03464343733881282 0.9061499625746992 1729.1146304084195 0.1190068361496692 0.9927449740241668 0.01740558740111616 78.08698471761359 -0.8990024567043743 0.11518126757077556 -0.4225994305886973 -880.8252729085393
-0.42614197184355623 0.034960408519181876 0.9039895597761536 1730.5650650249715 0.1198325752359888 0.9926335541347283 0.018096847560023204 78.10463241714747 -0.8967272872903359 0.11604529592275185 -0.4271731530232135 -881.5316412778753
-0.43151555048035944 0.03476893843143087 0.9014439879501366 1732.0159526313832 0.12075436919452938 0.9924944597594493 0.01951929928609439 78.12450364386882 -0.894029337916514 0.11728209239207137 -0.4324570011593308 -882.2497498916381
-0.4373886421001964 0.03507856272387426 0.8985972093519392 1733.4240522818961 0.12141679311974812 0.9923973707525503 0.020355102201308498 78.1443012158706 -0.8910812659405473 0.11801400912387318 -0.43830381030687526 -882.9589752238556
-0.44343990256939014 0.035247790829810215 0.8956195788380589 1734.8339225557822 0.12138876770416716 0.9923861141277632 0.021042042117436235 78.16534459315247 -0.8880891282802412 0.11805534004556215 -0.44432392277806393 -883.6794425602351
-0.4509193232457286 0.035452075162474804 0.891869149669575 1736.2232012884792 0.12016350013650041 0.9925294878312292 0.021295890785278538 78.18603604456456 -0.8844821945371609 0.11677942647822491 -0.45179273627869504 -884.4020902890621
-0.46075744301859295 0.035893248263070436 0.8868090327801477 1737.5625951731563 0.11886293062296145 0.9926803226764733 0.021575027899577305 78.20547636031864 -0.879574290843575 0.11535573596322216 -0.4616333864131926 -885.1196631072934
-0.47204475324657913 0.03661858516880471 0.8808226080629352 1738.932218134535 0.11821737117072023 0.9927456420532896 0.02207888319682507 78.22579584741482 -0.8736554993899794 0.11455754378487257 -0.47293216283966566 -885.8775472966363
-0.48440265214247635 0.03791446181140509 0.8740325500880237 1740.2663957533155 0.1191063224895232 0.992619899580368 0.022948246831293154 78.25276376027436 -0.8667434418173301 0.11522577066588092 -0.48532620478967897 -886.6380137755222
-0.49716088248401985 0.03939680000567866 0.8667728476871075 1741.5784043082806 0.12117763627850354 0.992334548737122 0.02439734492885849 78.27988437087575 -0.859199019787817 0.11716948083778146 -0.4981071541097239 -887.4163818790894
-0.5100782838082782 0.04089969408985262 0.8591643614177417 1742.861554653038 0.12360028503924858 0.9919910131548522 0.026154178264056818 78.30849461293687 -0.8512455046520332 0.11954028548218198 -0.5110319737001188 -888.2060403488606
-0.5233486799582839 0.04235334192700693 0.8510751907933441 1744.1206053337812 0.1254961455949898 0.9917077490992812 0.02781587499880578 78.33840874533999 -0.8428720115610385 0.12137080877297253 -0.524307894640832 -889.0076330376908
-0.5371450276075962 0.04426329501369157 0.8423374496014011 1745.3398199549706 0.1280594134669438 0.9913293362646817 0.029565897215322504 78.36990155888593 -0.8337577043229517 0.12375723865827189 -0.5381403720783048 -889.8159588974929
-0.5512148352307672 0.04510063150313637 0.8331536802009114 1746.5363513243776 0.12883859058292763 0.9911663048876638 0.03158241234663805 78.40379903455421 -0.8244019995842303 0.12475800402367941 -0.5521413299084728 -890.6355049326795
-0.5663124154400829 0.04844338310341289 0.8227756061358633 1747.7111526008175 0.13045436343715935 0.990959220566528 0.03144237702502647 78.43558881645949 -0.8138467790402178 0.1251480697205849 -0.5674982077195573 -891.4733639717442
-0.5811184133929065 0.05009637311092289 0.8122858235276168 1748.8400469503172 0.13124414988393274 0.9908117151281647 0.03278383320563261 78.46863444885236 -0.8032128809279901 0.12566627751793635 -0.582340214831666 -892.3113987527811
-0.5965817544551165 0.05041838925424322 0.8009767342519903 1749.9738917062507 0.13285682958750994 0.9904625970776894 0.036605032208783174 78.5122383577326 -0.7915255281702693 0.12826040736744515 -0.5975777012750242 -893.1888948927254
-0.6129303627559259 0.050883028384406497 0.7885072143475118 1751.087045643542 0.13385457621559207 0.9901910907893303 0.04014802393976039 78.56025667282984 -0.7787633926155381 0.1301606471696839 -0.6137170399049519 -894.0851121845692
-0.6299134225392709 0.05229857797572735 0.7749129880925982 1752.1907920326341 0.13470364268340917 0.9899698548527746 0.04268246636922312 78.6105072567935 -0.7649420939203962 0.1312771587718995 -0.6306290185957125 -895.0125033855624
-0.6470702524200144 0.0523452024006776 0.7606416365829486 1753.2808986477976 0.13315664027783206 0.9900703472728265 0.04513810239763144 78.66381333892734 -0.7507601197864088 0.13049933187717708 -0.6476048567612517 -895.9660670555816
-0.6644252009622426 0.053493979050648545 0.7454475495636326 1754.3525055971907 0.13222134914811398 0.9901186180333681 0.04679522589194502 78.71830405452836 -0.7356128647990267 0.12966358426955554 -0.6649237265574492 -896.9489784985221
-0.6818813033032218 0.05501935255483138 0.7294014133808787 1755.3722728235518 0.13123726826372448 0.9901922878018565 0.04799306392981042 78.77341231293377 -0.7196418448837412 0.12845738950944138 -0.6824056795192217 -897.9316681825977
-0.7000775115474532 0.055551066739834724 0.7119135781146838 1756.3571748222573 0.1306406079505887 0.9901103340244173 0.051206598046318136 78.83449535930635 -0.7020633437964291 0.12886049628995624 -0.7004036773334558 -898.9303631678605
-0.7183739989492121 0.056613209366827864 0.6933596685545776 1757.329881862159 0.13110574658103516 0.9898443649755837 0.05501094389041488 78.90479106406848 -0.6832391577425434 0.13042925235794173 -0.7184950147158745 -899.9694900620674
-0.7363863226853304 0.05553667888221542 0.6742890468814141 1758.2889299861115 0.13040457637029904 0.9895919376693745 0.06090432734259873 78.99306262211587 -0.6639241244920552 0.13278683414322656 -0.7359588523962924 -901.04234374393
-0.753908762640037 0.054746959163339146 0.6547054907729524 1759.2217118945243 0.12879930789510097 0.9895042382062701 0.06556855373520694 79.08581770368204 -0.6442797290914728 0.13376584353415322 -0.7530428572300408 -902.141274876091
-0.7701256836669602 0.05816945559293344 0.6352465933188748 1760.118002296285 0.13002136822466417 0.9892461331867246 0.06703919725959324 79.17399692163538 -0.6245512269116956 0.13423169578547597 -0.7694031356532148 -903.2601026639358
-0.7856788724106971 0.06129551187057723 0.6156029561515619 1760.984331198395 0.12936540806436017 0.9893623269903463 0.06659122736632359 79.25725370544228 -0.6050082807422529 0.13196459572189542 -0.7852477731824599 -904.3964590981159
-0.8007242698460282 0.06492290254455965 0.5955168509981033 1761.8151659817684 0.13038586109524472 0.9891686546974995 0.06747247562809547 79.34162965347309 -0.5847217926413989 0.13168161870485173 -0.8005147756666857 -905.5504815976432
-0.8157448414389139 0.06681515751169094 0.5745524801302254 1762.6022301996932 0.13001146117347825 0.9890729663365354 0.06956486447138083 79.42695406976476 -0.5636620420424571 0.131453450395034 -0.8155172536189349 -906.7051913614541
-0.8308107539263188 0.06864192857572766 0.5523188526489282 1763.3661627513416 0.12985784968067993 0.9888872784046497 0.07243238061597873 79.51815956528974 -0.5412447600050844 0.13190854702373436 -0.8304923166875939 -907.8944933467168
-0.8457154049907842 0.06961371456557701 0.5290868748134796 1764.1005999701697 0.12938134077575955 0.9886256510784224 0.07672746152643221 79.61921349285043 -0.51776342062985 0.1333517124353296 -0.8451042303752307 -909.1075979143519
-0.8601908683819458 0.07089270059134907 0.5050347060492015 1764.804482252733 0.1286098269254561 0.9884428826912295 0.08029791344470885 79.72415402849246 -0.49354104459144355 0.13403195970327514 -0.8593692486222746 -910.3482268552852
-0.8737675567630331 0.07244003366970658 0.48093279882264794 1765.4752139670802 0.12739065580061673 0.9884143164188061 0.0825619286802507 79.83094373243773 -0.4694154909441735 0.13341438831256383 -0.8728760393804201 -911.611828470007
-0.8866329236754985 0.07556579892098221 0.4562742186390496 1766.0969994369732 0.12769167317424618 0.9882150537196599 0.08446249716139598 79.9373704342664 -0.4445495816864658 0.1331577329581639 -0.8858373646763849 -912.8704098203768
-0.8986947552815826 0.07809032906689849 0.43158424243212473 1766.678867636253 0.12773031298418597 0.9879714820008142 0.08720716792320882 80.04848680548464 -0.4196178267559112 0.13350683594678664 -0.8978642613014248 -914.136352265884
-0.910631224606375 0.07967327505962002 0.4054856063160354 1767.225375144234 0.1272872708754694 0.9876125405421555 0.09179881754492211 80.16811299822113 -0.3931833701082835 0.13521592549941927 -0.9094980711959071 -915.4169466881063
-0.9219148837346135 0.07994845099942632 0.37907487511509036 1767.7496471741965 0.12511610977742654 0.9874893938008653 0.09601201478044466 80.29623764511553 -0.3666906830160447 0.13595111291027534 -0.9203905436622044 -916.7416065930764
-0.9321909277487613 0.07978415858906304 0.3530888704782289 1768.233204114217 0.12201029842677365 0.9875875551375801 0.09895637802994749 80.42622555950368 -0.34084478199050355 0.13533466639121758 -0.930361894855277 -918.0743366064241
-0.9412063904550602 0.0815265146802768 0.32787318548311556 1768.6680658529597 0.12037841520198728 0.9876864287584088 0.09996442665977193 80.55263179211498 -0.3157196542082001 0.1335642511221864 -0.9394390889756767 -919.3922175270139
-0.9495473458874777 0.08309877108498481 0.30244269565739273 1769.0773134710446 0.11896643392347805 0.9876353646705629 0.10213618389764446 80.69205832709171 -0.2902489439649443 0.1329718711734618 -0.9477016808554197 -920.7499364398458
-0.9571584605301757 0.08587770332670155 0.27656949118470714 1769.445508056172 0.11900969841710193 0.9872984649216717 0.10529573277540911 80.83396534755765 -0.2640469674635261 0.13370714179395451 -0.9552307538253983 -922.1103028559234
-0.9639580119942974 0.08775615841726306 0.25120187424308893 1769.778155528556 0.11785874195960329 0.9872120164587814 0.10738098233691905 80.97554844704923 -0.2385988309465612 0.1331251368675467 -0.9619838945575072 -923.474634384029
-0.9701371042696081 0.0907440722961563 0.22498324008773435 1770.0699968782008 0.1177645265883144 0.9869668521184602 0.10971370590483431 81.11926159787376 -0.21212758280235375 0.13294090614686768 -0.9681910762140387 -924.8381308620401
-0.9756259022905529 0.09224238176804532 0.19915803357350648 1770.3341645575222 0.1162342246468392 0.9868557395206036 0.11231551907090549 81.26942129008927 -0.18621192593036334 0.13273546850308726 -0.9735359812426453 -926.2339684157275
-0.9804574827426439 0.09348190053426364 0.17315562020040687 1770.5585573971423 0.11415058066436337 0.9869630280226358 0.11350470966334636 81.4188319903003 -0.16031909715736842 0.13106100260079878 -0.9783593498281948 -927.6316079433429
-0.9844418107771831 0.09624459849098478 0.14706957084004207 1770.742794118891 0.11363487436786458 0.9868730431840858 0.11479713309012445 81.56835508022887 -0.13412160305811066 0.1297320671141157 -0.9824699501243298 -929.0246018994236
-0.9876704477680844 0.09839496215474744 0.12182862179663353 1770.892653107622 0.11262293396480645 0.9868494167490973 0.11598984764940057 81.72038036351348 -0.1088448980703188 0.1282892754301627 -0.9857791185045134 -930.4207248715315
-0.9901326840147124 0.1014806462945171 0.0967230704540325 1771.0070498015307 0.11257478847014468 0.9867211508650864 0.1171220261157005 81.87458242012809 -0.08358377896081165 0.12686366357309364 -0.9884256166548012 -931.82716650152
-0.9919629328803794 0.1041987929863043 0.07189391455241151 1771.0842855261828 0.11222983169746438 0.9865881575970435 0.1185648173441029 82.02740224943473 -0.05860567348761188 0.12568938446774391 -0.9903705531727368 -933.1999124626714
-0.9932570954249037 0.10612071355717306 0.04685894550870396 1771.1287112639752 0.1111101920331991 0.9863861989775216 0.12126943171316094 82.18668120448818 -0.0333815257074503 0.12566713658625267 -0.9915443740834845 -934.584791964025
-0.9939117645115981 0.10794516388690502 0.022432766823628342 1771.1380220489955 0.10989503590332501 0.9863486088467345 0.12267332603095797 82.34739690651539 -0.00891408118424868 0.1244005402967533 -0.9922252818181971 -935.9785273905835
-0.9939544762894997 0.1098361850860912 -0.002418146418222064 1771.1123170731207 0.1087012588912378 0.986380288933641 0.12347825620626851 82.50879023488184 0.015918187383978807 0.12247763169668541 -0.9923765250303314 -937.3755476892755
-0.9934703946334992 0.11081896599054628 -0.027407057470473936 1771.0523342425388 0.10666768293479577 0.9866589371057342 0.12302544879853021 82.66891804563753 0.0406462324940178 0.1193075701765123 -0.9920578716687091 -938.7746849182934
-0.9922334697857665 0.1127322028265298 -0.05271752619899421 1770.9547754524792 0.1057107474789853 0.9870088985770562 0.12102803394133006 82.82814506395128 0.06564808339186848 0.1145239146800125 -0.9912818431048493 -940.191721683928
-0.990444620966777 0.11375787837258437 -0.07806647095041733 1770.8231296703714 0.10380901560114478 0.9871573146715155 0.1214638579162417 82.98562736908714 0.09085377214702997 0.11220787665111444 -0.9895556866892232 -941.5794018261361
-0.9879886109490871 0.11436929745314482 -0.10398913410546362 1770.6533908598124 0.10135901926433133 0.987244703235845 0.12281475776333035 83.15533064548003 0.11668207744193698 0.11080789992092693 -0.9870015884173853 -942.9914256522026
-0.9846365426418194 0.11583397503613409 -0.13072551832853807 1770.4484807046956 0.09945990413292577 0.9870962643112497 0.12553023009484687 83.32432093531344 0.14355314242906547 0.11060790624346205 -0.9834753949139942 -944.3620530006679
-0.9805103364938783 0.11737438690562804 -0.15759800166315724 1770.2022190398131 0.09736884896328883 0.986831851342212 0.12919186392575552 83.50369015602755 0.17066054433839742 0.11133672655494412 -0.979052153422845 -945.7642549495287
-0.9755996363253213 0.11932132455842635 -0.184343617068419 1769.917683910526 0.09590079813723712 0.9867162935257745 0.13115750444644877 83.68119027024245 0.1975196076419926 0.11028695246085668 -0.9741085508083728 -947.1487837134159
-0.9701022802857374 0.12092719861617204 -0.21045703753640124 1769.5979898300363 0.0947413658866276 0.9869306332791573 0.13038462089266897 83.85307667478965 0.22344891835906378 0.10655581461383981 -0.9689068885064772 -948.5116254185764
-0.9639340994359558 0.12274610717529437 -0.23617250306122872 1769.2404573501537 0.09356200172745759 0.9869501556120611 0.1310863370111463 84.02750820756762 0.24915660324255653 0.10427026022702095 -0.9628667346433308 -949.8746616243291
-0.9568713189121829 0.12502780926692011 -0.2622550656725703 1768.845048102523 0.0924976688341426 0.9867989419199956 0.1329670968536943 84.20668064260428 0.2753939666639287 0.10298284524612057 -0.9558324584485075 -951.2321100743185
-0.949003012264178 0.12695027304718223 -0.2885994639688008 1768.410706187451 0.09089890655854346 0.9866554825743542 0.13511855336197895 84.3900986052756 0.30187901349616325 0.1020031574820294 -0.947907089206084 -952.5830412485943
-0.9403549270243072 0.12836250492959284 -0.31506844608456874 1767.9414280248677 0.0887001186278024 0.9865667536571536 0.13721110403812917 84.57470197295528 0.3284269187461487 0.10108909217282827 -0.9391377389211254 -953.9123466598819
-0.931101194833441 0.12942261770368746 -0.3410465420852001 1767.4324179572598 0.08646204323876101 0.986605173168772 0.13835750093072927 84.7608951516029 0.35436379035684296 0.0993460067443371 -0.9298491107657191 -955.235175696272
-0.9210859639027459 0.13111094242419422 -0.3666367695462547 1766.8801071255536 0.08520127285581466 0.9866540511267073 0.1387903798335208 84.94900795899036 0.37992016567787007 0.0966086346921644 -0.9199943948484414 -956.5569443494962
-0.9102039772176785 0.1322484250144018 -0.3924933394791287 1766.2934258653197 0.08280146645014134 0.9866269428342086 0.14042509508482245 85.13947129188267 0.40579596630642817 0.09532497104214503 -0.9090130722166866 -957.8570768979985
-0.8984073188409764 0.1340687021807912 -0.41821328753215525 1765.6704858659027 0.08114302646910927 0.9865457861690746 0.14195539699401147 85.33104783685556 0.43160011459098413 0.09360752945013284 -0.8972302162779389 -959.1357818169365
-0.8860403222639419 0.1349052850213055 -0.44356008121758206 1765.0046277531092 0.07846400632729492 0.9865647598592131 0.1433236280410508 85.52795599866991 0.4569184351834237 0.09219583126120451 -0.88475341413393 -960.4148519916594
-0.8726590543869566 0.13747594198529642 -0.46859222535293127 1764.3094388458953 0.07759117271998771 0.9864036641647165 0.14489847767221944 85.72590827382042 0.4821245813220459 0.09009716390704633 -0.8714936389400216 -961.6572602429297
-0.8587019717300782 0.1388293129439266 -0.49332521115177624 1763.5684237412265 0.0749423297428179 0.9862809111174884 0.14711149830112497 85.93089915506268 0.5069650278567799 0.08936272294931594 -0.8573585061632 -962.9021497760389
-0.8439063665978929 0.1404722840790088 -0.5177854084183859 1762.7790214075137 0.07274392968933806 0.9861639387372069 0.14898469857668992 86.14656515764503 0.531534914078809 0.08807179530631482 -0.8424820842860867 -964.143987213288
-0.8288682152900161 0.1417332830058086 -0.541203411384621 1761.9713144591128 0.07085078895764646 0.986184046158819 0.14976188254540018 86.356007506486 0.5549387460525694 0.08579652972125038 -0.8274925246005033 -965.3370309088007
-0.8133473264710891 0.14241793132835487 -0.5640885379021068 1761.1294800085377 0.06831940764016078 0.9862504609436512 0.15049909541811302 86.56460914145228 0.5777537476224331 0.08387824501595668 -0.8119281981837907 -966.5080821217717
-0.7970691296748887 0.14290745153197226 -0.586746040948425 1760.2583479753248 0.065827571177603 0.9863708645685264 0.1508202557054851 86.77090164042446 0.6002908828134955 0.08159837348092144 -0.7956474285577088 -967.6509895271436
-0.7797451020489172 0.1446607180106984 -0.6091658002709789 1759.3633676342743 0.06381531106296096 0.9862406584178606 0.15252536765443017 86.97900932268547 0.6228374137063302 0.08006501962585338 -0.7782828583687554 -968.7559156434068
-0.7617767562779264 0.14617583789308808 -0.63114209704871 1758.421707893747 0.06113552824883683 0.9860873970339424 0.15459796809064852 87.19490751320649 0.6449494328885763 0.07919220442461036 -0.7601504811623151 -969.8560006485427
-0.7434901143174413 0.1472256994858665 -0.6523484887852419 1757.4514548271677 0.05901448804563855 0.9861072708246913 0.15529492810158202 87.40961517144713 0.6661393368844203 0.0769704416450736 -0.741885211612889 -970.9231922784014
-0.7247264239062521 0.14763701517072644 -0.6730430499684541 1756.4558894426527 0.05684367960888277 0.9862595077353167 0.1551387281178771 87.62240435482563 0.6866910547314089 0.07418336457493244 -0.7231965923710486 -971.9586894407056
-0.7060800135859443 0.14723728253837653 -0.6926645075932358 1755.44026482923 0.05485449671525079 0.9865815985139759 0.15380127866502216 87.83084658297011 0.7060079003997488 0.07060862812880216 -0.70471847810746 -972.9590259093729
-0.6867001039512626 0.1473779827036917 -0.7118532710128967 1754.385813511865 0.05282445520691255 0.9867642995428201 0.15334013745068764 88.04139682480047 0.7250238263996349 0.06770374757208061 -0.6854328374208997 -973.9428294511819
-0.6664758863207081 0.14830050723448818 -0.730636485014231 1753.3032023203293 0.05078353624689072 0.9867736520117968 0.15396993828016453 88.25444187790244 0.743801321751201 0.06552108303158546 -0.6652286109449288 -974.900125694174
-0.645575082897797 0.14965345664572247 -0.7488985162938112 1752.1863944655101 0.04852651165070922 0.9866720874977303 0.15534105734198125 88.47267452002004 0.76216017134877 0.0639508680030783 -0.644269698677051 -975.834435519909
-0.6243391716446494 0.15088773388192928 -0.7664503244007266 1751.03440250723 0.046074466801091535 0.9865755696069051 0.1566951372464824 88.6956667911238 0.7798013765189782 0.06252530026079371 -0.6229467329370119 -976.7453974631283
-0.6028033069717563 0.1512956612123113 -0.7834219476103319 1749.8602576917324 0.04382888942711133 0.9866571256589071 0.1568246590613282 88.91615126787872 0.7966932798481299 0.06020597272273971 -0.6014283757526547 -977.6212773306445
-0.5820023384489121 0.15046230738295263 -0.7991538522506392 1748.6780165438886 0.040510826198903255 0.9868811761128072 0.15630783867220172 89.13250437380748 0.8121874959568958 0.0586053861511892 -0.5804995965962595 -978.4555251425774
-0.5601656783320804 0.15131868342260854 -0.8144504944031857 1747.470524958385 0.039137762916587465 0.9869145207642706 0.1564466101053444 89.3502267237332 0.8274666582751354 0.05576845820699133 -0.5587950969638277 -979.2582800319402
-0.538632885963694 0.15189115152355553 -0.8287434167300485 1746.208889609738 0.0376569361031564 0.9869760149333795 0.15642141865221088 89.57960373281186 0.8417103273087585 0.05305374267155781 -0.5373745314270391 -980.0527951834226
-0.5171760381140706 0.15209772510825084 -0.8422631363142152 1744.9434611645033 0.03661718286745821 0.987117229393455 0.15577583867031644 89.80260126074107 0.8551079534691612 0.04973017096688073 -0.5161196025547673 -980.8052249913779
-0.4957459946075075 0.1518051731840833 -0.8551037857164133 1743.6807854114188 0.035876309268399624 0.9873468108283808 0.15448699513831443 90.01723483960699 0.8677390496840311 0.04591610970777776 -0.49495613351628803 -981.5122774065376
-0.47470609442748235 0.15094593263678455 -0.8671105481693122 1742.3835426574121 0.033193936674054465 0.9875563211549873 0.1537450988529175 90.23356707832005 0.8795318924238631 0.0442085649853805 -0.47384614096370153 -982.2001197541989
-0.4532406679889289 0.15213488609221443 -0.8783162241913255 1741.065490953228 0.030720681107542735 0.987411590933905 0.15518290121082004 90.45547628046317 0.8908735366105365 0.043360273352881507 -0.45224529710971106 -982.8571739046812
-0.43218808801841246 0.1510113467146332 -0.8890562705922191 1739.7193798132942 0.02567013747937476 0.9875430710775871 0.15526521230529822 90.67945782395493 0.9014342312505786 0.04428924008662699 -0.4307177198407257 -983.4934998480693
-0.4116087245215404 0.14963962170444312 -0.898998614334911 1738.347391788688 0.025302491620187027 0.9879276844321266 0.1528612836187438 90.8979880883111 0.9110264438925754 0.040179656912825996 -0.4104625990315496 -984.097252984168
-0.39271557530249923 0.14903653836445357 -0.9075101763443131 1736.9785822370786 0.023080426038648485 0.9880712556769891 0.15228308594750203 91.11310199179705 0.9193881426831496 0.038865667562485065 -0.39150730731188504 -984.6671443870649
-0.3752082086140266 0.14939601014773035 -0.9148286408303075 1735.58833124402 0.022238093484355667 0.9880963703392659 0.15224465471008136 91.32947465313318 0.9266919173995113 0.036786902294461354 -0.3741002550230119 -985.2125295850698
-0.35860425672713236 0.14989772949981076 -0.9213823009801444 1734.1570130045066 0.022169524238694095 0.988115283462843 0.15213010155607662 91.55047167504088 0.933244975096206 0.03413537609667457 -0.3577015168426319 -985.7454312532
-0.34325992199387195 0.1500072017981639 -0.9271901969768183 1732.763487707754 0.021049410392249626 0.9881471336897211 0.1520806981597254 91.76315766955459 0.9390230506878273 0.03269390043631035 -0.34238459468570615 -986.2392807058197
-0.32870730745047094 0.14947751577604415 -0.93253388367191 1731.3553104169084 0.021067534702367142 0.988313206665918 0.15099657025593072 91.97351126674202 0.9442164289819608 0.029994737412306613 -0.3280505609189135 -986.7124390261392
-0.3146267125840793 0.14893030773441296 -0.9374650016373235 1729.9023356794921 0.021544679346454165 0.9884833996798099 0.14980897092441228 92.18815803849556 0.9489901961176725 0.026944230047601166 -0.3142471302484264 -987.1778603165777
-0.30104298819957026 0.14832743222360595 -0.942010076736543 1728.4550599987972 0.021316050252241828 0.9886315490248462 0.14886044789004813 92.39956645423335 0.953391970647734 0.024741294294898526 -0.3008173582803103 -987.6202979051413
-0.2883378760851147 0.14842980274271064 -0.945960386733941 1727.0272961422158 0.020729487965525546 0.9886510421937824 0.14881379047707066 92.60766215415755 0.9573243006036826 0.023307180440263482 -0.2881772823851697 -988.0352014731236
-0.275956609386399 0.1481271046997045 -0.9496934933179741 1725.5746652120088 0.019471842794874475 0.9887150548770086 0.14855954473240834 92.81800902828019 0.9609932069261643 0.02251164183467071 -0.2757614707751464 -988.4380954766295
-0.26460312892102494 0.1480501328590226 -0.95293099394097 1724.0707629847966 0.018545636240236585 0.9887460261621145 0.14846869843882596 93.04161478818993 0.9641994344456998 0.02162045088607193 -0.2644056279920505 -988.8399633581755
-0.25422199745529267 0.14737214937086446 -0.9558578081808184 1722.586926483408 0.016337548205490042 0.988838247201682 0.14811592392851325 93.25913104648635 0.9670287624959669 0.02204585435667625 -0.253826527726036 -989.2198087600015
-0.245523157226155 0.147469369804537 -0.9581141623390405 1721.1025210478103 0.015438267977751382 0.9888330193230063 0.1482456226196023 93.47467297747106 0.9692889239010007 0.021614043679289197 -0.24509239264261798 -989.5811755699679
-0.23853861644980628 0.14857726117318845 -0.9597058593867088 1719.598369118652 0.014877235474845688 0.9886724915722673 0.14936813214053363 93.69531798763249 0.9710402854121851 0.021360306540518986 -0.23808112657104996 -989.9364625816252
-0.2323624203922009 0.14918431936952856 -0.9611260120224939 1718.0828463139667 0.014471733932854662 0.9885900500782473 0.14995273412971324 93.91790867383791 0.9725433817413397 0.020942198863915244 -0.23190410160036967 -990.2854144926149
-0.2266928023670366 0.14905225504119618 -0.9624997479730373 1716.5734995225323 0.013752889108923772 0.9886145566444694 0.14986132972481697 94.1375436228099 0.9738913740559109 0.020743136530682403 -0.22619556539580649 -990.6251670338255
-0.22135830547087876 0.14924883147792878 -0.9637101810396779 1715.034552370117 0.012831871806405252 0.9885817387025824 0.15015732656257405 94.36374237971435 0.9751305727930403 0.020880377805147798 -0.22077970289623625 -990.9639632006955
-0.21585498869421235 0.1495003832305211 -0.9649190148437032 1713.4752690484236 0.01191554348325431 0.9885416768831592 0.15049894430741753 94.59348055038392 0.9763756774484332 0.020996211915037054 -0.2151966420374966 -991.2981674451769
-0.21070259395141272 0.14927367325860785 -0.9660922153438684 1711.9407961256043 0.010621725748149105 0.988566234839295 0.1504335855583736 94.8189527401746 0.9775157901581442 0.021443081437683153 -0.20991250015889187 -991.6206666310611
-0.20621944873535106 0.1493994247040632 -0.9670397255581455 1710.3901597557476 0.009829891989574981 0.9885445481217279 0.15062942426606996 95.04719166903016 0.9784796861186073 0.02156473145502952 -0.20535916105523308 -991.9375798599459
-0.2031908740700812 0.149482814827888 -0.9676674948774762 1708.854685235652 0.009021181745224142 0.9885230387990716 0.15081451540152313 95.2735054461249 0.9791203657892279 0.021923396911884174 -0.2022411110342992 -992.2460090939354
-0.20058109533511465 0.14938899059714847 -0.968226382745878 1707.3376418292928 0.008486718588400279 0.9885350425360991 0.15076848378114152 95.49597217626422 0.9796635727887641 0.022032814285722353 -0.19958284367994894 -992.5456522698114
-0.19856632209356623 0.1490015354582788 -0.9687013892835855 1705.8235284414268 0.008325279047343186 0.9885990226261875 0.15035955370619752 95.7163637725719 0.9800754954300298 0.0218000725279777 -0.19757655049767425 -992.8406967089255
-0.1969598475679986 0.14877575650809502 -0.9690643967909368 1704.2927433842588 0.008077149349095944 0.9886343368766496 0.15014243210211795 95.93970487334376 0.9804023512873627 0.021752743103688833 -0.19595625025563118 -993.1374141327856
-0.19570156747702527 0.1485711448167111 -0.9693505404387638 1702.7744369684046 0.008042588052416247 0.988669226972029 0.14991256141377343 96.16066523811504 0.980654557512861 0.021549949862233034 -0.19471250912287896 -993.4287598344396
-0.1949855249246136 0.14853636948862925 -0.9695001972893573 1701.242874927823 0.0079245908413047 0.9886744434645518 0.14988438437540041 96.38434244973921 0.9807981438833723 0.02155038152265425 -0.1939877926031623 -993.7218438787538
-0.19435708315285316 0.14826936168430063 -0.9696667802587381 1699.7065523136625 0.0076260534373526105 0.9887108062267248 0.1496572809875402 96.61209966941534 0.9809247862400587 0.02170046983009795 -0.1933275246524105 -994.0185709086561
-0.19382612393142326 0.1482399346511257 -0.9697777471450854 1698.1878147923765 0.00739176861901174 0.9887121010426067 0.14966122008249724 96.83671101115705 0.981031830111728 0.021848095075796273 -0.19276779343492004 -994.3096562786667
-0.19339357080434932 0.14859982943850772 -0.9698090529490864 1696.6388313790194 0.00735130890961498 0.988657394669614 0.15002597824333563 97.06541950034142 0.9811173698941507 0.02189277087085842 -0.19232609750571183 -994.6039703347307
-0.19306243180843274 0.14883037020441073 -0.9698398387773188 1695.1204360769527 0.007126510236599144 0.9886179844560625 0.15029727951494132 97.28934357004891 0.9811844606388486 0.022113189063974328 -0.19195915791490095 -994.8919363083207
-0.19235056180523424 0.14899858400187233 -0.9699553363483299 1693.5833016562638 0.006784651436539817 0.9885864560988308 0.15051918512742554 97.51600149414597 0.9813263120769122 0.022379897768679248 -0.1911998729154677 -995.1817796518376
-0.19170840352355054 0.14886596614154365 -0.9701028690760595 1692.0305084310112 0.0064058298258543485 0.9886005508991871 0.15044262814372283 97.74380016319358 0.9814548249339519 0.022635006242979712 -0.1905103263017066 -995.4740960181697
-0.19073972193890637 0.1482331057365182 -0.9703902878876615 1690.5059556671847 0.005525631660873709 0.9886811218254562 0.1499455006749587 97.96565304185857 0.9816484818398081 0.023246906802732004 -0.18943379297421498 -995.7605266690742
-0.19007802260306353 0.14777109726176824 -0.9705905029918394 1688.976303229805 0.004983420982528441 0.988741843489652 0.14956348572692466 98.18776070548846 0.9817797046184735 0.023600351679163842 -0.18870852208874972 -996.0466100107067
-0.18967566120034834 0.14858293971743514 -0.9705452833453855 1687.4556917168018 0.004811897726188766 0.9886138214676002 0.1504133966811348 98.41117115067966 0.9818586112471018 0.023867981178599548 -0.1882648859595013 -996.3279489591387
-0.1893103377313968 0.14875838900794164 -0.9705894934433056 1685.9507980720637 0.004482073901031959 0.9885796281025792 0.15064636609834872 98.63288138409072 0.981930571163672 0.024177182910210027 -0.18784917973823947 -996.6072451277287
-0.1885957171913583 0.14866018857754457 -0.9707433319585451 1684.4151267075435 0.0045353086282430505 0.988598533302677 0.1505188257391817 98.8573114845706 0.9820675241106076 0.023993529131084764 -0.1871542379813101 -996.8899207614104
-0.1877740679049364 0.14669885872638666 -0.9712013816986336 1682.881717974452 0.003279334767018971 0.9888729920388695 0.1487396794669571 99.07664119517207 0.9822302908702656 0.024753290275968964 -0.1862001422990462 -997.1730895959494
-0.18694641583487273 0.14522512074849284 -0.9715824648198728 1681.3587008897146 0.002991522189072157 0.9890934595481353 0.14727258984510663 99.2916331732666 0.9823890210408601 0.024634218850635506 -0.1853765161158414 -997.4510121323889
-0.18597488756200742 0.14394632778909985 -0.97195918070941 1679.8266052499034 0.0028112784376490485 0.9892857118053765 0.14597996355343426 99.5058983863031 0.9825738200588614 0.0244249387475609 -0.18442173975410586 -997.7288892007256
-0.18452051919646584 0.1436203019133752 -0.9722847175580352 1678.3191080038507 0.0031618563155539348 0.9893488058998553 0.1455462395124308 99.71682059952663 0.9828470577968103 0.02379063314699179 -0.18304391435512996 -997.9986897654652
-0.1822778763717816 0.14345870904685976 -0.9727314837994496 1676.794307561202 0.00341998382997702 0.9893871085733233 0.14527964148482 99.93012492897385 0.9832646850578076 0.023163055001947513 -0.1808686509563597 -998.2675207980136
-0.1785157721480001 0.1440094820778403 -0.9733478109247161 1675.242427775028 0.0031760881774278256 0.9893123237030418 0.1457943641622412 100.15363276919096 0.9839558879745663 0.022943504104409082 -0.17709987051236245 -998.5374611572837
-0.17360602856674462 0.14401624233838173 -0.9742346016049717 1673.678542823315 0.002383066355963124 0.989309963514384 0.1458255743781391 100.37641020844102 0.9848366759243945 0.023002864810418733 -0.17212792017635414 -998.8014598290382
-0.1674734670291835 0.14384721880440945 -0.9753327090714248 1672.1402762224716 0.001530033810329634 0.9893368638163371 0.14565540415020486 100.59267838079694 0.985900108111999 0.022909324825119072 -0.16594225637550253 -999.0489992710708
-0.1607499654608319 0.1436142924568524 -0.9764977096303044 1670.622981853337 0.0003131842744911429 0.9893664188558774 0.14546095514220436 100.80452243261753 0.9870201235320328 0.023085229322918618 -0.15911999740609695 -999.2805834343669
-0.15314707636546082 0.1429842762628953 -0.9778113281502053 1669.0977564955974 -0.0009342242499342392 0.9894574451297499 0.14483935158717964 101.01432374376364 0.9882284292679527 0.0231035643079792 -0.15143312372782583 -999.4993785894203
-0.14377554811931098 0.14263700272887508 -0.9792838986704561 1667.5707406000465 -0.000669405432954338 0.9895460379743041 0.14423580414704254 101.2226615556074 0.9896358827159742 0.021401235205973847 -0.14221112723377718 -999.7006365240577
-0.1339155491109378 0.1430027844349751 -0.980627537800418 1666.0624056619172 -0.0014223622889260224 0.9895068951632072 0.14449788210849723 101.429930540513 0.99101798900661 0.020753388270096592 -0.13234072045045367 -999.8844222337118
-0.12146372758283053 0.14274314134539656 -0.9822853981632504 1664.5644205697322 -0.0032736274812241372 0.9895448182199732 0.14420911015758422 101.63423127321688 0.9926172023527036 0.02074012130338758 -0.11975996704339242 -1000.0482495096719
-0.10719276098095393 0.14215878196032472 -0.9840294945206307 1663.0766375580295 -0.005282052599220083 0.9896320649643214 0.1435498878920673 101.83490083592834 0.9942514702631886 0.02059357669205509 -0.10536367638705788 -1000.1891784609855
-0.09144921520542175 0.1411993397647718 -0.985755371187975 1661.6023462122894 -0.006847866248870824 0.9897861515758603 0.14241809424281607 102.03031287741398 0.9958143357151792 0.019782878795139305 -0.08958125386471226 -1000.3032880270276
-0.07385806944166544 0.13873140718795782 -0.9875791001622901 1660.1362528360007 -0.008626889820748461 0.9901534419426669 0.13974436435776394 102.22035590216073 0.9972607026155224 0.018849531032991616 -0.07196672245007807 -1000.3911669770815
-0.05525971726061145 0.13667650014145477 -0.9890801316671045 1658.6753256202635 -0.009546266675859574 0.9904719958063005 0.1374081505094559 102.4068939999398 0.9984564049065476 0.017043630120773447 -0.05346089142047829 -1000.449669125884
-0.03537999805736128 0.13462147144692885 -0.9902725538574823 1657.2539579377374 -0.010936480231972526 0.9907771547852029 0.13508651701077473 102.58407917283611 0.999345362837187 0.01561775437624606 -0.033613709450739056 -1000.4768732839356
-0.013622117110397066 0.1330798251477793 -0.9910190509368921 1655.8385244143121 -0.011763382929044917 0.9910168037303695 0.13324720694484032 102.75876961525346 0.9998700740638731 0.013481096144615979 -0.011966179096130469 -1000.4729856880896
0.00859829312146864 0.13230780003942136 -0.991178791205329 1654.4516495138996 -0.013430731934847317 0.9911369715972286 0.13219177338016566 102.93141364661626 0.9999053759281546 0.012183883428420708 0.010267730587808036 -1000.4368861782543
0.03265823445693008 0.13057518235969975 -0.9909079792600229 1653.0740605160818 -0.014265082863673955 0.9913923899980928 0.13017512203368264 103.09875548661675 0.999398077741955 0.009892214825499004 0.034209045020313814 -1000.366700948597
0.05754231475701686 0.1279125653038492 -0.9901220431118503 1651.6510903551455 -0.01678133327639513 0.9917450215863801 0.12715320225781476 103.2721310940477 0.9982357262800657 0.009306794671271124 0.0591839631159595 -1000.2601372492101
0.08380163165073093 0.1263897599071139 -0.9884418194563944 1650.2500463734248 -0.018404659637695914 0.9919540909154133 0.12528491558836816 103.438303599561 0.9963471887334665 0.00770070477272791 0.0854241212154486 -1000.1158695230424
0.11094363213672498 0.12387658265477013 -0.9860834398643848 1648.888682899567 -0.018937334259578956 0.9922880968376275 0.12253163358201753 103.59444058067272 0.9936818950315558 0.005087396869446802 0.11240502316681747 -999.9362936111011
0.13793494408728088 0.1206701598099723 -0.9830701912016978 1647.5519650598496 -0.017658414545742258 0.9926958991817543 0.11938035804830488 103.7451517034218 0.9903201856544723 0.0009002081056255274 0.13903018929692795 -999.7203123671741
0.1652024241557455 0.11860185454415598 -0.9791097803843811 1646.2054248430388 -0.018279610848697468 0.992944405145707 0.11719995349211725 103.89397065026343 0.9861274912308973 -0.0014565259839279408 0.16617735216946453 -999.4677327232201
0.1936827611710914 0.11697254253557941 -0.9740734529041966 1644.9061678371013 -0.018237081799095816 0.9931281709937722 0.11564104048136058 104.03728107521765 0.9809327761027049 -0.004626125870387581 0.19445830533356273 -999.1812258156048
0.22339491958814156 0.11694436960600556 -0.9676948155820445 1643.5888006075504 -0.019366421639033467 0.9931169865616121 0.11555244234693321 104.18306711320412 0.9745743121856657 -0.007065821783229409 0.224096329200977 -998.8509131891681
0.25374727974411226 0.11737540154153986 -0.9601304233787081 1642.2819493253373 -0.021443848594092985 0.9930528737754024 0.11573945583527345 104.3294065988331 0.9670725712953375 -0.008772379105592585 0.2544763052037645 -998.4789360029421
0.28429749809235716 0.11710505758022516 -0.9515650983981505 1640.9838870102224 -0.0241064149390622 0.9930754969654714 0.11501802770817979 104.47255870177608 0.9584736379920117 -0.009753271937006687 0.28512756225515795 -998.0620409276924
0.31515936918358417 0.11642670471201093 -0.941877733141062 1639.6950317755732 -0.028751407480219236 0.9931657060132267 0.11315331826057158 104.61316653879035 0.9486444306777148 -0.00857370531292438 0.31632991840552116 -997.6019074278433
0.3461471613680136 0.11357123578232835 -0.9312887020437597 1638.4268481590218 -0.031484691581604565 0.9934966102229092 0.10946223082046537 104.74576172324714 0.9376942239421155 -0.008561374709460015 0.34744950404328084 -997.0986083838156
0.3763644185772481 0.11097472099317802 -0.9198091449296643 1637.196668730882 -0.03324619884958644 0.9937818266408087 0.10630346624872786 104.87239442368386 0.9259177688797262 -0.009421662133432625 0.37769273661426156 -996.5625016637601
0.40607066163922584 0.10981546267905055 -0.9072275796494159 1635.992374346002 -0.034362060867533795 0.9938894844803201 0.10493272538467564 104.99822411837054 0.9132391554898145 -0.011428963930300098 0.4073429463419824 -995.9910227808243
0.43598364048639593 0.10857668975580892 -0.8933892769968644 1634.8011168672733 -0.03534776971665486 0.9939986678885764 0.10356184410116658 105.12364303405757 0.8993046820309498 -0.013565174062073845 0.4371863578929515 -995.3770032591225
0.46542241691968866 0.10687636127910465 -0.8786206074212458 1633.6233416538118 -0.03705615299673073 0.9941681775206032 0.1013104343257948 105.24594098086442 0.884357773980455 -0.014587157181433228 0.46665109192236526 -994.720053296796
0.4944763096172233 0.1072136972561815 -0.8625623776627713 1632.4857577804771 -0.03933631004526596 0.9941100292546876 0.10102264539371611 105.367475273573 0.868346865595123 -0.016016551349106935 0.4957645085977288 -994.0343825614408
0.523279958057275 0.10730989557234283 -0.8453865253859565 1631.3471779418287 -0.04235768447922224 0.9940918650402871 0.09997521677040531 105.49246185180729 0.8511545144748313 -0.016499792501640274 0.5247180755472167 -993.2943895282073
0.5517831019762197 0.10595834684958559 -0.8272393999036247 1630.2390528382073 -0.04447149692160976 0.9942266888630236 0.09769185069636932 105.61081645538508 0.8328495120787497 -0.017109403426545242 0.5532946040279104 -992.5182052752504
0.5785481949269169 0.10426202339878038 -0.8089670676350932 1629.1560499234758 -0.04709630340374516 0.9944151920729447 0.0944896578919833 105.7225850455603 0.8143361507405895 -0.01656057019539715 0.5802137067342324 -991.7060378603367
0.6042305310835977 0.10067147883596424 -0.7904349997342858 1628.1130742475445 -0.046834914076758084 0.9947621297028951 0.09090164716548255 105.82905338571719 0.7954815252932579 -0.0178986543159908 0.6057676417329112 -990.868465678985
0.6292066539718023 0.09795037096343247 -0.7710527753197883 1627.1024653857505 -0.04674454048659943 0.9950042182569978 0.08826294612450411 105.93206481105467 0.7758820466271291 -0.019486260616224466 0.6306294829423862 -990.0038918362345
0.6535077960792767 0.0947162372216314 -0.7509826115697072 1626.112187272512 -0.04625636904594052 0.9952869345833294 0.08528429270902939 106.03208513537936 0.7555570269972953 -0.020989470855840024 0.6547974814632596 -989.1022507889408
0.6775601522649184 0.09310153712519882 -0.729563786989563 1625.1372345051918 -0.047052302489927145 0.9954145973133153 0.08333721434599346 106.1310782256222 0.7340135972348247 -0.022131590427617236 0.6788231544866973 -988.1591828334497
0.7005213581872546 0.08935926616936582 -0.7080279808247343 1624.2058244289099 -0.04611887537782172 0.9957284228618594 0.08004768989534461 106.22440050581983 0.7121930185944022 -0.02341522777579367 0.7016403246402128 -987.1953096580191
0.7219995951814898 0.08556368978118506 -0.68659629804298 1623.3016051439602 -0.04624211746755651 0.9960767171696083 0.07551288136860836 106.31124683911804 0.6904006151725574 -0.022764312778412708 0.7231149205066285 -986.2051828021282
0.7432224705779893 0.0802005985688173 -0.6642343275226874 1622.4363101348251 -0.04531330383862745 0.9965480354450774 0.06963092419967777 106.38853554828631 0.6675626892606878 -0.021646379693014545 0.7442832854758618 -985.1948421799733
0.7629601537102781 0.07764356250034417 -0.6417806628297045 1621.6101745273413 -0.04507399614733403 0.9967388011676749 0.06701054475541765 106.46353148349098 0.6449274419974134 -0.022192433363581794 0.7639646320427744 -984.1725288224886
0.7817839634525079 0.07598234014979363 -0.6189176571151856 1620.7904485249605 -0.04423155036650271 0.9968098034475663 0.06651260261953058 106.54351365349615 0.6220341166817208 -0.024616563529749173 0.7826450368645199 -983.0977913214971
0.8000604374965784 0.07409108762434412 -0.5953412131763058 1620.0195894786284 -0.04364809151695406 0.9969076475323276 0.06541820984781813 106.61869796121081 0.5983847569912043 -0.02634689372463455 0.8008163429045138 -982.0214501153376
0.8169276920225752 0.07098371569238004 -0.5723710600597472 1619.2754701009073 -0.04243613347703451 0.9971095776374357 0.06309993119692106 106.69070995952993 0.5752333944682169 -0.027252844505335272 0.8175754291042517 -980.9185344195159
0.8326650998424838 0.06625823052467328 -0.5498154438990404 1618.5896735044673 -0.040570825713156865 0.9974515526348655 0.05876994142856531 106.75311906130925 0.552346186996809 -0.02662363720231133 0.8332290945388962 -979.8343316366635
0.8480415062844257 0.06074174178624136 -0.5264533157428999 1617.9322529746742 -0.038356299437221734 0.9978433544316957 0.05335402400908255 106.8081082078067 0.5285968817359095 -0.02504823507073382 0.8485418932930073 -978.728865086833
0.8635138110127176 0.06136186482544313 -0.500594077482547 1617.2762539428134 -0.04032863874866944 0.9977973173838742 0.052753134200749646 106.87218757938486 0.5027670008773165 -0.025359180807058988 0.8640876890659793 -977.5513514736413
0.8792515361112744 0.06217058226193269 -0.47229985176434514 1616.654847528192 -0.04125037382178963 0.9976631776811851 0.05454484166379555 106.94178986011929 0.474626086405065 -0.028470308675672608 0.8797641760380752 -976.344663634437
0.8939712522395883 0.06461827005622686 -0.4434593634906145 1616.0527053310445 -0.04485667666812937 0.9974863144534634 0.05493376426256204 107.01128158849973 0.4459328480331286 -0.029211366562840305 0.8946264821929096 -975.0832480748182
0.9078239999643929 0.059090936074029494 -0.415187821180678 1615.5087738858704 -0.04379074317232791 0.9979718896356746 0.04629793391984096 107.05686488856857 0.4171198540196426 -0.023843155627758156 0.9085751052104691 -973.8270191762822
0.9203903508011883 0.055465155408327894 -0.38706904694634187 1615.010987243594 -0.04569591537685858 0.9983668948705056 0.034417222538536116 107.08085867866053 0.3883840725874544 -0.013983808947255186 0.9214274965276346 -972.5784294195461
0.9319889226884088 0.05231663365093027 -0.35871534313478143 1614.575484853462 -0.044607427162759734 0.9985659760193271 0.02975470029935126 107.10226938921028 0.35979565216881504 -0.011723775451547293 0.9329929851483524 -971.3702405146929
0.9430431311234535 0.05227660589295962 -0.3285628815193609 1614.164828362624 -0.04414203333648401 0.9985110454618086 0.03218979362035391 107.13739195036337 0.32979423585704604 -0.015847057231724762 0.9439549105629563 -970.1154064259293
0.9531899242892146 0.051996453166730926 -0.29789457981607553 1613.7812863079946 -0.04314507991511097 0.9984157344310117 0.03623491645557986 107.18479931982661 0.29934453212689904 -0.02168032930343659 0.9539333403737202 -968.8028785619239
0.96233201495278 0.049681398649057046 -0.26732950953624485 1613.4387651372263 -0.04149032890566415 0.9984862724154485 0.036226312727693034 107.22721022081944 0.26876213622001577 -0.02376439745655569 0.9629477315173999 -967.4779150885958
0.970238559984373 0.046366360970619455 -0.23770186112639907 1613.134692682466 -0.039956927898241165 0.9987011614667602 0.03173952388710734 107.25837336749858 0.2389022740727442 -0.021291084040081776 0.9708440638643449 -966.1374174836138
0.9771421566201122 0.042439986796414766 -0.20834531456316235 1612.868003326193 -0.0380140280752098 0.9989628892830139 0.025229894551948073 107.27898072161997 0.20923693630466894 -0.016727280061207526 0.9777556034647285 -964.7738350355274
0.9833299315651938 0.03975464492547334 -0.17747791942524785 1612.6444403759701 -0.03684908674249844 0.9991317041747031 0.019668012801892315 107.29120689682892 0.1781421200582398 -0.01279456670326793 0.9839552112571062 -963.4068767781796
0.9886494973989582 0.039279928012370555 -0.14507336475102342 1612.4626227057493 -0.037448088600671454 0.9991850744494903 0.015371483963164593 107.29751223223617 0.14559472329015216 -0.00975857958634038 0.9893296429598085 -962.0256559227311
0.9927795329441814 0.04018967722181197 -0.11308973568398323 1612.3244823004213 -0.03894721524199402 0.9991583077179995 0.013221268828511275 107.30169349258944 0.1135613450396658 -0.00871527696808702 0.993525810311992 -960.6352674719304
0.9958874306402106 0.040455057322006174 -0.08115686797719227 1612.2335402319927 -0.03955665702664891 0.9991406771127496 0.012712402773662805 107.30721311585583 0.08163667479560648 -0.009443723910489723 0.9966500164315314 -959.2482528267674
0.9978609595440519 0.04355063949646142 -0.0489019297621631 1612.1831837874713 -0.04304719026900363 0.9990122314524551 0.011407570545607242 107.31250454784453 0.04938520428049217 -0.009272044565736793 0.9987692574391728 -957.8344305423991
0.9988693019606925 0.04398455161122037 -0.01847020342427003 1612.1767328346211 -0.04383950616944147 0.9990075616636124 0.008447363655437051 107.3147474198927 0.018857296115414486 -0.007622161166111419 0.9998257814942034 -956.3351060235551
0.9989245549223055 0.04476576352448196 0.012703088836137001 1612.2149132854813 -0.044858295882310224 0.9989757176848993 0.006699388582217096 107.31277674294823 -0.01235695033139595 -0.007256233608926923 0.9999301138296548 -954.9312915550958
0.9981208331372238 0.04394621621235354 0.04287610353235922 1612.2940469768334 -0.04424317617545224 0.9990080938798989 0.005884919878926185 107.3094656711376 -0.0425421185551043 -0.007764797453910767 0.9990972093573779 -953.5679759482988
0.9965334198758156 0.04166632673372145 0.0721124949986951 1612.4136962318462 -0.0421202681083956 0.9991060929219225 0.004715976494579499 107.30482017812572 -0.07181945580398705 -0.007731243010670777 0.9974205335198542 -952.1998031480142
0.9941657864689808 0.04032859056874281 0.10011474787841158 1612.5712786994438 -0.041029602670315544 0.9991505209131923 0.0049022589681848965 107.30293012199462 -0.09980046151772526 -0.008975763949961427 0.9949998512976501 -950.8127814826205
0.9912607275889415 0.03856210568408791 0.12621860410891667 1612.767585976063 -0.03940576216139917 0.999219419646295 0.00415268154023327 107.29928777184774 -0.1259294176322005 -0.009084687317625205 0.9920310232510829 -949.4063895694277
0.988035135379187 0.036848899784076065 0.14981386686010542 1612.9949409190237 -0.037533228148155635 0.9992983315108177 0.0017084043512956754 107.28977326621253 -0.14961557929529562 -0.007305340786063848 0.9887505273974487 -948.0185187989227
0.9847789225523191 0.03635555512529475 0.1700114807029153 1613.2488380376979 -0.03673940585916776 0.9993285429598258 -0.0009177734833448301 107.27456390474363 -0.16990087041998758 -0.00533662142048387 0.9854797946600846 -946.6455876260686
0.9815432294581606 0.03323904621777962 0.18837110877413454 1613.5346180668803 -0.03309016161780401 0.9994486652741302 -0.003963472778439547 107.25547982401862 -0.188369860122563 -0.002337425976714784 0.9821288981622047 -945.2525331662637
0.9783818886446146 0.031185550031040635 0.20448153631995117 1613.837339448482 -0.030760495134112997 0.9995169125493618 -0.005283330299423739 107.23445578975772 -0.20451903303997704 -0.0011151826972003787 0.9788955959680533 -943.885790152734
0.9752099724486256 0.02875384572568434 0.2194432052834294 1614.165270500472 -0.028638367121681 0.9995867937747059 -0.00373294653161601 107.21753599431142 -0.2194316702546548 -0.00263866229774142 0.9756581385013298 -942.5021115274961
0.9716874532155111 0.02848432228531229 0.23458069080079322 1614.5120088388053 -0.028748043364827735 0.9995877026212956 -0.0023211965297522995 107.20413424972865 -0.2345222316059188 -0.004482794996752222 0.9721342860348199 -941.1257652450116
0.9679751952851504 0.028321806150138108 0.24947593242055338 1614.8914367934676 -0.028426443854039037 0.9995944671323894 -0.0032078345913164642 107.18482120782485 -0.24943805475784875 -0.0039812889804852715 0.9684166990148022 -939.715660799629
0.9643944388798247 0.029220813923042214 0.2628805835650051 1615.2809736267357 -0.02891265078065745 0.9995731534407079 -0.0050625130338078006 107.16168565292045 -0.2628889352305882 -0.0027130259414092327 0.9648567789782981 -938.3372944539767
0.9612832150142866 0.027264461203274196 0.274241021125297 1615.691718097723 -0.02656106932717605 0.9996314251556937 -0.006299633544522493 107.13711427209604 -0.2742848637891825 -0.0012230525172240718 0.9616822512694335 -936.9555285030057
0.9591859910531076 0.026327597411850836 0.28157784748937187 1616.1272055266502 -0.025756229412988284 0.9996557633169071 -0.0057514441725682215 107.11599844887786 -0.2816057654410478 -0.0017303939536308008 0.9595631210493728 -935.5234837978477
0.9575079572936239 0.026433858965021578 0.28722350880649555 1616.5713993232898 -0.026005406477516053 0.9996521048478771 -0.0053273821502165825 107.10112775531428 -0.2872379448398957 -0.0023626803337225295 0.9578910580949395 -934.0734193602675
0.9561601030129556 0.02706248416367457 0.2916218702501665 1617.0192467793765 -0.026639013500034565 0.9996352518001962 -0.005441975421805246 107.08352439156114 -0.291636083532393 -0.00255903589112572 0.956560877344401 -932.6358013842755
0.955125115401904 0.027546595691809637 0.29495148416494915 1617.4547852059798 -0.027077628205433257 0.9996227852852182 -0.005694625048812908 107.0639694725759 -0.29497037101353246 -0.0025411564432316785 0.9555383649460081 -931.2537806255976
0.9546906308914487 0.027463392018694785 0.2963617572005292 1617.9082688133126 -0.027292422588610324 0.9996217609896405 -0.004734458159706698 107.04684517770382 -0.29635302052487233 -0.0035622354331004426 0.9551070494645982 -929.8280061615078
0.9543923365400413 0.026631469342284234 0.2973963120578613 1618.367047557347 -0.02727393946441524 0.9996314346920391 -0.00200952292203019 107.03301929710258 -0.2973134065104265 -0.006187392132815826 0.9547950139311598 -928.3958601748936
0.954047058025084 0.02682223652986266 0.29848392999367684 1618.8345724093203 -0.02756597670534146 0.9996236611975329 -0.001738012498092818 107.01963963068037 -0.2983915246864032 -0.006563852144472414 0.9544558993364518 -926.9352370295002
0.9537636887836074 0.026929473348614622 0.2993782916917471 1619.2957330709683 -0.027604688151550785 0.999621968506985 -0.0019939624256341626 107.00444702092666 -0.2992921234508311 -0.006356271467727104 0.9541753806974861 -925.5000208514057
0.9535184862727069 0.026562363188171786 0.300188816880669 1619.7815382166068 -0.027126139544442048 0.9996338209561032 -0.0023081452366917827 106.98700605530266 -0.3001138200947683 -0.005935830999902101 0.9539196787151908 -923.997139383597
0.9531930576130456 0.02671000997386891 0.3012063153190918 1620.2450083224433 -0.027082885275807676 0.9996331150915485 -0.002955333634347866 106.96767805007002 -0.3011484499566468 -0.005334222692484204 0.953596991939103 -922.5682607880741
0.9527784284458837 0.028190529908766637 0.30238136234360574 1620.706244684003 -0.028292305535433708 0.9995957353723219 -0.004061129684842319 106.94772489693153 -0.3023474838958757 -0.00467927323461031 0.9532210485820283 -921.1389074911283
0.9522638369703647 0.027803005440542643 0.30403467497615805 1621.186449322996 -0.02786874822068434 0.9996074045373882 -0.004142296742970987 106.92893336334987 -0.3040043118343961 -0.004521779401390035 0.9526948863454349 -919.6752115664298
0.9519391887071765 0.02558436531835661 0.3052423502080359 1621.6783224076978 -0.026375237068500184 0.9996546641712327 -0.0015503446986989788 106.91535947323825 -0.30515022319000595 -0.0065690343586740935 0.952316210831865 -918.1906649024552
