1.0 0.0 0.0 0.0 0.0 1.0 0.0 0.0 0.0 0.0 1.0 0.0
0.9999984502792358 0.001692124642431736 0.0007841885089874268 0.005195800215005875 -0.0016885735094547272 0.9999873638153076 -0.004761258140206337 -0.014251068234443665 -0.0007920265197753906 0.004760365001857281 0.9999884963035583 0.9568720459938049
0.9999987777617731 0.0009883676956684573 0.0012781970074805665 0.012726960659759704 -0.0009816397608409244 0.9999849111594958 -0.005401269951470888 -0.026695863036216162 -0.0012833551117284459 0.005400619447068711 0.9999847634031206 1.9270803062838686
0.9999982679811592 0.0011752553793946015 0.0013469574512228926 0.014782816336058496 -0.0011724403984104694 0.9999968770686964 -0.0020703175606938988 -0.030065352729913425 -0.0013488783884835689 0.0020688215290717775 0.9999968278627845 2.885004305411129
0.9999992441519298 -0.00010034385124981613 0.0007142205635258842 0.017075922482821037 9.8389642965422e-05 0.9999953553489801 0.002809260409815881 -0.02710767234351065 -0.0007137222207750656 -0.002809608666180634 0.9999953847401164 3.8576508228262267
0.9999965336562383 -0.0026544065546646204 0.0006463865965814364 0.021510805779028835 0.0026522424284641964 0.9999936326095236 0.0024417655339339576 -0.030166827937186464 -0.000652089457645406 -0.002440436822137646 0.9999967041033851 4.841298206538787
0.9999893111628182 -0.004667534012861103 0.0004276232118389692 0.027542113138757728 0.004667133352815141 0.9999893078845385 -0.0006867609695608138 -0.0398892473389593 -0.0004235035768316625 0.0006881599876759192 0.9999997173352595 5.8056213057483514
0.9999915904410065 -0.004199511342506431 7.966079639720568e-05 0.03156788108309273 0.004199081487420096 0.9999823392423269 -0.004284979600557033 -0.054301286798328664 -6.047566584118329e-05 0.0042845756017851535 0.9999909595005251 6.747698890669655
0.9999942438813899 -0.0035701168406473346 -4.475317628440741e-05 0.03134624714068637 0.00356909782741094 0.9999830881429098 -0.004713597988794511 -0.0657263401583393 6.283046717525151e-05 0.004712599072798562 0.9999892521341793 7.686340791026433
0.9999965558303735 -0.0027971933580046475 -0.0006435978025716257 0.028097360887958937 0.0027943946933866965 0.9999906510459463 -0.00339255682400608 -0.07190104546180534 0.0006542195122915547 0.0033898939295972192 0.999994258334346 8.656184529168783
0.9999979955340071 -0.001960034101982019 -0.0011106467669906683 0.025298520027399293 0.00195857449208787 0.9999977022864508 -0.0011599416495761566 -0.07468511806216224 0.001114143985491551 0.0011570503063049512 0.9999989666176924 9.607310920809034
0.9999983037014873 -0.0015232417014899632 -0.00149612297494058 0.022684100337790933 0.0015222704247851199 0.9999991374870125 -0.0004540522657189123 -0.07835453496768294 0.0014980294988606742 0.00045089367020493263 0.9999989986773776 10.58103827364819
0.9999979280766542 -0.0016223363065497453 -0.0016462976685891236 0.02291005323971237 0.001621443953597234 0.999999278542386 -0.00033620389934884234 -0.08341168711948796 0.0016480989870064936 0.00033235545887841617 0.9999988272203926 11.547525183728279
0.9999974092698075 -0.0011382856346751902 -0.0019317796491710808 0.020863062689848614 0.0011373573460433995 0.9999995265088758 -0.0005161067599579077 -0.08994906398737232 0.0019331446458653691 0.0005132189734542283 0.9999978197613887 12.503722634983252
0.9999977264290266 -0.0007246153643334459 -0.0020737155413336917 0.021384177192538448 0.0007215715460554193 0.9999987384967947 -0.0015734465973145416 -0.09984476038502504 0.0020754161174074016 0.0015711083093352908 0.9999965236501777 13.427869199524544
0.9999964368494293 -0.0003945207224292815 -0.0025532699999208223 0.020441619996023286 0.0003864342283215113 0.9999946786586525 -0.0032461310044522786 -0.11182665041141793 0.0025549139915991793 0.0032442984864205927 0.9999911102859625 14.340762769205503
0.9999957209835318 -0.0004842616052492566 -0.002959539459291881 0.018960885389421468 0.00047201626735145414 0.9999916378443505 -0.0041361348843501275 -0.12315916868692922 0.0029622035450784243 0.004133680937830643 0.9999868268271879 15.250533625528943
0.999994573140731 0.00020659645032989604 -0.0033802340679489314 0.014109886850163178 -0.00022241321434277026 0.9999896149810426 -0.004675378088787219 -0.13186108936524546 0.0033799638942976443 0.004674997563189823 0.9999832323981019 16.164316516840472
0.9999915771637512 0.001446419574161137 -0.0038921301868265795 0.007043887364568984 -0.0014670376945717543 0.9999850672306178 -0.005332738028663818 -0.1411596005217991 0.003884777382474414 0.0053378252782574605 0.9999777136697172 17.071229813926113
0.9999868874553466 0.002560515712587088 -0.004530184439160411 -0.001584645597665653 -0.0025855921026877848 0.9999814181946741 -0.005574090475401472 -0.14916522219719575 0.00451616073013191 0.005585543339034028 0.9999737045776351 17.967305750441103
0.9999841239193354 0.0026531152647251534 -0.0051401868037203036 -0.008492722891548968 -0.002680638136492194 0.9999826265712132 -0.005334722685515201 -0.15564259678513195 0.005126492074922551 0.005348111256605737 0.9999721559159943 18.87471973003353
0.9999777316819086 0.0030852044701394354 -0.0060681762461637714 -0.018225525449788185 -0.003113611092489155 0.9999844267069574 -0.004689342433761892 -0.16090460796521652 0.006054066697885928 0.004708040057664575 0.9999701723932759 19.792593113684042
0.9999737913083003 0.003475111188563884 -0.006518780412518224 -0.027353343532477783 -0.003505208002085184 0.9999837997458185 -0.004563366432132726 -0.16728951018448057 0.00650354588785434 0.004585706852967429 0.9999680285160111 20.69209704832146
0.9999704834084386 0.003312056440282307 -0.007113054444698179 -0.03492258176875843 -0.003345736577506839 0.9999838187730745 -0.004681996598411421 -0.17520554513079342 0.007098171309883862 0.0047051235353275 0.9999634934836008 21.578806349555993
0.9999643456306966 0.003821561613600794 -0.007696567085450233 -0.044816471122938475 -0.003860548078059765 0.9999804502698496 -0.004995469591323572 -0.18384134266868765 0.007678284461186895 0.005024305663570447 0.9999576959613328 22.451403098273193
0.9999593231048439 0.0043878647557109764 -0.007991164928277773 -0.055615437190396556 -0.004428128441969739 0.9999774670777426 -0.005021926663621177 -0.19105454541296918 0.007969452773983253 0.005056754842271314 0.9999548191837665 23.33866797903016
0.9999490086564239 0.005362936634816631 -0.008611658099193358 -0.06809733597267598 -0.005392889621538886 0.9999786913086106 -0.003498229187207598 -0.19477656375068975 0.008593009567933518 0.0035443301782137823 0.9999559621083747 24.22264336408022
0.999939437410679 0.006041257111206014 -0.009244681636735483 -0.0795440796327833 -0.006051503838256756 0.9999799433024583 -0.0011675384481600872 -0.1960881604937596 0.00923795702766092 0.0012231572562253238 0.9999556832152163 25.106071046403216
0.9999337858768271 0.0066982356027438916 -0.009438589063317071 -0.09143287310382206 -0.006698496926438354 0.9999769859509322 -4.1546619598950866e-05 -0.1981553439384564 0.009438726102115217 0.0001043361701258353 0.9999547875773769 25.991681280011974
0.9999303277864164 0.0073661216789901295 -0.009268747310576926 -0.10078091735207492 -0.007372941382664197 0.9999715427135373 -0.0007585666360875157 -0.20554929332989957 0.009263241565877598 0.0008266727592740933 0.999955646057505 26.84963400472793
0.9999168928106756 0.00897202741400945 -0.009317355701128132 -0.11108765677342013 -0.009001108128279629 0.9999535453176874 -0.0031575708164999342 -0.21639078107162518 0.009288794836928873 0.003240807572957176 0.9999503956863143 27.699113905389137
0.9999090837323911 0.009762801307861392 -0.009325137346631443 -0.11997361400886243 -0.00980457620047774 0.9999405343481823 -0.004534158496051065 -0.22721097013654704 0.00928019469025372 0.0046247393348764106 0.9999449038695659 28.522584774144804
0.9998991743890188 0.010504375560872588 -0.00959176302774162 -0.13218035948152432 -0.01055069374087374 0.9999315973643451 -0.004852929104040465 -0.23488397584519585 0.009540275161727549 0.004953034357479565 0.9999409721577113 29.343709673639715
0.9998933848854711 0.010791238970786978 -0.009856703151047133 -0.1411187417061765 -0.010841737577809004 0.9999267119568858 -0.005164827824614129 -0.24169364337790294 0.009800188448220662 0.005270760921921621 0.9999365595663324 30.14877415597789
0.9998769541220224 0.011545369456273042 -0.010649295230390507 -0.15362524422559612 -0.011605920715213668 0.9999151302590842 -0.005711219528774657 -0.24882541346861262 0.010582461424467931 0.005833564369038146 0.999925447948233 30.92878868328438
0.9998615324417361 0.012141854333934344 -0.011361910692858555 -0.16781116211713776 -0.012208136089489731 0.9999065722692397 -0.005880022978995202 -0.2549399126480638 0.011288948961524777 0.006017830476903607 0.999916179196237 31.723714306550868
0.9998390705285138 0.012742896854512855 -0.01261278398263568 -0.1838653025276374 -0.01280910228564373 0.9999023498856546 -0.00526705647242757 -0.25801760107318167 0.012543901797095306 0.005427601987274655 0.9999047363536435 32.50691459755009
0.9998118931639521 0.013389756644400674 -0.014020739870952632 -0.20122750126992017 -0.013434689114789906 0.9999028559142658 -0.0031890639072148477 -0.2579130161367782 0.013976166849582363 0.003376607267550493 0.9998947038812841 33.28932267554316
0.9997749581102232 0.014244980730518698 -0.01568616229660778 -0.2212972190497472 -0.0142778620856853 0.9998939620945635 -0.0020780133802527773 -0.25844637287406635 0.015654219915197894 0.0023015546713358584 0.9998727492557729 34.07282092194235
0.9997450039715928 0.015306364428717176 -0.016563476094851974 -0.24174189310213265 -0.015342141851108588 0.9998778786619841 -0.002129847132152787 -0.26074038808017286 0.016527893897838163 0.002383685192334066 0.9998581633918882 34.83685394895859
0.9997020935399211 0.01720301283309971 -0.017293623315901775 -0.26294545890876414 -0.017254310427998916 0.9998449129372241 -0.0029112192255860685 -0.26446404392742334 0.01724007273852979 0.0032089560373833315 0.9998440463364185 35.57084060839644
0.9996732849729358 0.018155894519165192 -0.01795638150236656 -0.28310697545286845 -0.018218572020309746 0.9998258456199622 -0.0034184571347671785 -0.2688698218659316 0.01789010282445647 0.0037449142914051554 0.9998305104742787 36.3017753785234
0.9996447922055225 0.01845220266834968 -0.019197321100762686 -0.30365665144358694 -0.018505946191284702 0.9998226664730321 -0.002706760402828681 -0.26930528913023194 0.019142837094140278 0.0030616924968698703 0.999809824365754 37.04249843040066
0.9996107089057517 0.019213738147037602 -0.020196883602690337 -0.32606441853982965 -0.01924555230190263 0.9998111432400383 -0.001456990314741765 -0.26829217894723234 0.02016396061172724 0.001845873843672355 0.9997927056964724 37.78353109947179
0.9995813134708287 0.02048242991475986 -0.0203949689443771 -0.3474449151062595 -0.020515457297659457 0.9997858802800385 -0.0014864116243962537 -0.26957186548551104 0.020358787031890143 0.0019049392326332799 0.9997883634144356 38.50703126647723
0.9995399884458066 0.022800249871319275 -0.019935337086665193 -0.3642275288577203 -0.022874067160583853 0.9997293130392557 -0.003559800465790455 -0.27718644384936275 0.019846916585325315 0.00401489528300221 0.9997917932153715 39.199541012510444
0.9995281578258359 0.024115745072357586 -0.018960813591141656 -0.3754595427232002 -0.024248928097670337 0.9996793262456912 -0.006902209415885896 -0.2892649656197766 0.018786092264394105 0.007359349200830654 0.9997930002090982 39.864716404615834
0.9995401110525516 0.02435120301628266 -0.018008557153914154 -0.3846652278102803 -0.024505816170649956 0.9996607655081307 -0.00850126069022969 -0.3017028852656138 0.01779324085116707 0.00893912849677511 0.9997984074060525 40.50373835945665
0.9995699067335052 0.024728155165894317 -0.015711793932233608 -0.3937040607584346 -0.024860101041046117 0.9996534354539486 -0.008344821395607764 -0.31044529138311167 0.01549778896468744 0.008732041288901564 0.9998383002080822 41.15665719776931
0.9995258342080706 0.027627327886262244 -0.013514536452430536 -0.4024208410552861 -0.027713033681503275 0.9995932121524966 -0.00629451459595425 -0.31366318007824817 0.01333326597544895 0.006665891346078834 0.9998849287272544 41.80188055625377
0.9995061554111034 0.02964067456152902 -0.010310095703680154 -0.40743056615564227 -0.029677011265203775 0.9995504604263854 -0.0035259906831832753 -0.315114474817566 0.010199134631671285 0.0038296830885811268 0.9999366011940564 42.452354369544246
0.9994467512636599 0.03266574442605898 -0.006044333453907287 -0.4100874830343909 -0.03268687516867658 0.999455912698519 -0.0036855362861573067 -0.3197299506619093 0.005918938560325976 0.003880674790228142 0.9999707745895295 43.093275741703266
0.9994133291589251 0.0342076196217298 -0.0003129377232227448 -0.406546266477364 -0.03420708686183192 0.9994030815503016 -0.004193758161539194 -0.3269224334899685 0.00016760328907506217 0.004201774471694759 0.9999869645550296 43.731483051307166
0.9993495806992637 0.0356319882836819 0.005304973169951262 -0.3982588615804787 -0.03561449429889589 0.9993583325025658 -0.0031002514689584663 -0.3319233471478842 -0.005414031314057075 0.0029094973970992003 0.9999772054958495 44.35737820831263
0.9992079678598585 0.0380014544718572 0.01169412056063095 -0.38574083192640396 -0.03796547386592174 0.999271631482809 -0.0031556997702739597 -0.3373296431720628 -0.011807578168874426 0.002709641307368088 0.999922740908791 44.967520050132876
0.9990502630423226 0.039373732943540636 0.018586964949173997 -0.3668668025910551 -0.03930583972001805 0.9992169306507226 -0.003931691195118895 -0.3472145307232465 -0.018729382034103986 0.003197767040032831 0.9998154051124977 45.57561109442588
0.9988394767919277 0.040866953566219416 0.02542555243555905 -0.34472167938732834 -0.0407632743375131 0.9991558026326339 -0.004526178928900799 -0.3561415167758675 -0.025591171223010682 0.0034847705084768 0.999662194093438 46.15792606688273
0.9985020356395424 0.04391275620730802 0.03259534078283358 -0.32057030839860184 -0.04374673597108793 0.9990234787160533 -0.005738551249363602 -0.36466449700049847 -0.03281734296598984 0.004304550173914467 0.9994479789017059 46.7210189311696
0.99801818363942 0.04773889837579831 0.04097329194411297 -0.2946369074487995 -0.047386677501927814 0.9988293500513965 -0.009477384146265536 -0.3761737198816188 -0.041379414679288816 0.007517710548473189 0.9991110989384329 47.241988470769186
0.9975512966074846 0.049279925963298055 0.04961640735189293 -0.26160295515772963 -0.04867861995649478 0.9987250488813417 -0.013212615806752197 -0.38987490408018083 -0.05020585731985673 0.01076585237238489 0.9986768150785498 47.73197806219056
0.9971602702713684 0.0492355903630585 0.05697598069472235 -0.22308056826478007 -0.048533315905773575 0.9987269567220642 -0.013606093442287089 -0.40205575936083804 -0.057574964668062535 0.010802875624803771 0.9982785654175713 48.20522854185203
0.9967710037126916 0.04867282210956597 0.06386089320584339 -0.18256630083617906 -0.04791518489700542 0.9987611541208562 -0.013308148194330693 -0.41282283033829653 -0.0644311869782244 0.01020606150100271 0.9978659032300178 48.657032462461025
0.9962984476663289 0.04893363107850265 0.07067042139269863 -0.14365696175624554 -0.048091114825624455 0.9987490781337844 -0.013545798803488884 -0.42346406289531474 -0.07124659371268716 0.010097341740929985 0.9974033978831732 49.065735907113506
0.9956766390212616 0.050011640387348996 0.07827105358571236 -0.10330524183917282 -0.049063272884068816 0.9986961006569472 -0.01396665558080055 -0.4327326635828308 -0.07886912761653536 0.010066223886592963 0.996829971203171 49.46553940969202
0.9948975228582543 0.052075474746771044 0.08640818170314996 -0.06352327436288263 -0.05095800266216459 0.9985853063977741 -0.015066209333415098 -0.4413850033814974 -0.08707219993733828 0.010586118473157208 0.9961415457479255 49.82980349167118
0.9941161626960151 0.05362726344225834 0.09410962038664052 -0.027228787375351192 -0.052370402966274494 0.9985020703490937 -0.015752062893003148 -0.4428830227904303 -0.09481489540942831 0.010731266166760199 0.9954327818018165 50.12657132544454
0.9933689329603088 0.05301497522500005 0.10201655818266397 0.023739930593792473 -0.05165682273779463 0.9985372293763328 -0.01588849468884704 -0.44922420309253214 -0.1027111466539769 0.010513943478403355 0.9946513467246076 50.465163887795455
0.9921711128627064 0.05269132124152818 0.11322516278919321 0.08389599852067621 -0.05104947854639245 0.9985442906074761 -0.01733376232224105 -0.460600311464689 -0.11397525118999158 0.011418586396345128 0.9934134383839941 50.83841763012921
0.9905899252350949 0.0529373166961201 0.12621120925198184 0.16703738096029486 -0.05051408941742692 0.9984728944309206 -0.02230806909850938 -0.4807699902391787 -0.12720094507474278 0.015723354808692414 0.9917478923834908 51.351857165084255
0.9887675632226944 0.05213880744252662 0.14007249465674804 0.25685814070535296 -0.048991917085863486 0.9984644065569215 -0.025806602425047967 -0.5020534581023639 -0.14120452128424354 0.018655084303427834 0.9898002418638029 51.86550204905915
0.9864503156589882 0.05300884453449142 0.1552629734229985 0.3330743133715688 -0.049298967136686814 0.9984007528304302 -0.027633117420361276 -0.5156887410095121 -0.15648092377100742 0.019604918288551654 0.9874822340249414 52.210083271903926
0.9838396482144199 0.05398067279422221 0.17072481309467114 0.399908123074703 -0.04972172928773342 0.9983381752511045 -0.029110912734107222 -0.5237193858734612 -0.17201381499074556 0.020152053932965843 0.984884359078466 52.45740719353609
0.9810152480187673 0.05422112571394365 0.18619970450693277 0.4689072399662568 -0.049418955848502234 0.9983170106237905 -0.03032509363267655 -0.5309183949067502 -0.18753177424699277 0.020547627874734808 0.9820394227960911 52.67990683388154
0.9779259927626054 0.053423411643703185 0.20200852303793057 0.5450617941466376 -0.04803041218557922 0.9983484067014529 -0.03149589972355805 -0.5392759561678441 -0.2033583352280016 0.021098130441686402 0.9788726688616664 52.91411681117478
0.9744267641930037 0.052351859484202096 0.21852230378529924 0.6336605505723886 -0.04641012223664773 0.9984015976256181 -0.032226107922093 -0.5483429496345273 -0.21986055202149474 0.021260458678223192 0.9752949939586814 53.17070418055801
0.9703726035374423 0.05216130978130313 0.23591730990842133 0.7247419161658326 -0.04554868568927728 0.9984035420082827 -0.033384467827367266 -0.5579539489204198 -0.23728255739655643 0.021649549426225212 0.9711950954560099 53.41692005030443
0.9655647434285004 0.052915738575070016 0.25472527281907126 0.8181391968573428 -0.04539588375198389 0.998344447090903 -0.035303205123776625 -0.5671611419882213 -0.25617186512124046 0.022524180964618036 0.9663643431100849 53.65512467004757
0.9600255571124369 0.053059115297908 0.2748372617675296 0.9207491833857737 -0.044516068902563516 0.9983140426321446 -0.03722304109979437 -0.5771518838307507 -0.27634886128246866 0.023500591102978113 0.9607654114229862 53.89363505205562
0.9532695945671887 0.052925108950987544 0.29744761594098745 1.0314080329815905 -0.043378166165048464 0.9983115365149026 -0.03860064875456256 -0.5866012657871101 -0.2989878492385243 0.023894376097928237 0.9539524345224036 54.127704736221744
0.9453920217886053 0.05391983602453475 0.3214424433224103 1.1454603203823042 -0.04343039820618033 0.9982658213672002 -0.03970999392478914 -0.5946031474550153 -0.3230253999122 0.023581250256012095 0.9460908560018547 54.35074921080664
0.9363689148330024 0.054123356006501255 0.3468173106908733 1.2675014799847697 -0.042673350379026476 0.9982641168339537 -0.040563840124251176 -0.6030000000799787 -0.3484099004471712 0.023183020434172752 0.9370497705773091 54.567115970831665
0.9260920897184735 0.052583960988543114 0.373613885929435 1.4218213481959847 -0.040053660860639516 0.9983458840922991 -0.04122086924445014 -0.6149913798415947 -0.37516277704492507 0.023209511271415295 0.9266626913724909 54.83002444733345
0.914490067152565 0.049211436155524105 0.40160267739920646 1.5627533625371468 -0.03547136633006755 0.9985044022178405 -0.041575310949220096 -0.6252357427893347 -0.40304717448349586 0.02377454957403032 0.9148642596069293 55.025021836882324
0.9014414844468339 0.045388850832997464 0.4305131469567375 1.7190370102682184 -0.03032263682379465 0.9986649665873439 -0.04179037537864652 -0.6364033497956081 -0.4318341570913867 0.02461707935518791 0.9016107424873757 55.22849790865367
0.8867532839961261 0.04257534141195205 0.46027638022087675 1.8822341642311018 -0.025783751789292084 0.998753856853695 -0.04270376733860382 -0.6491804702796454 -0.461519701064986 0.02599962452106111 0.8867425018803308 55.42315421540124
0.8703920923231839 0.041208406694379404 0.4906300722488969 2.0509580680871276 -0.02235783138995062 0.9987705269207152 -0.0442180960299123 -0.6626746199564449 -0.4918477590704573 0.027517238241488873 0.8702397392487913 55.60879376751952
0.8517539296379998 0.03993731689715792 0.5224168981469941 2.233077188630502 -0.01900028698244269 0.9987891284859387 -0.04537020805527357 -0.6761222638780924 -0.5235948514299448 0.02871727203181506 0.8514771468859833 55.79340683287773
0.830236579937496 0.03946180546735405 0.5560120969494283 2.4295478899373366 -0.01663754721719285 0.9988010749721478 -0.04603882721241124 -0.6873201923369529 -0.5571605890269012 0.028971309505476925 0.8298930878808438 55.9782789574464
0.8063069674799606 0.039601019060222856 0.5901698770923736 2.6536505409205104 -0.015183468695029905 0.9988139331987369 -0.04627150207123244 -0.6991020677955816 -0.5913002671922062 0.02834666522267596 0.8059470239526009 56.18115615727956
0.7801388070147284 0.04024244096048528 0.6243102902981025 2.893418891697249 -0.014215821421059085 0.9988123359940833 -0.04661301666523414 -0.7105276622457639 -0.6254422984086414 0.02748806450532287 0.7797795834096203 56.380216309989954
0.7514089494360247 0.03910128659542741 0.658676702160205 3.1692471025649147 -0.011084550089405712 0.9988507131390231 -0.04664497695410998 -0.7238853136721083 -0.6597408757548929 0.027746733532641572 0.7509740718691124 56.59100187223829
0.7201081736752148 0.03571095082405544 0.6929420029689277 3.4840700493019865 -0.0057798334679062605 0.998949598447811 -0.04546984656148265 -0.7366520649158989 -0.6938351318865982 0.028736544081589637 0.7195534408204768 56.81243056042439
0.6868512270148233 0.033060569329843706 0.7260459715181375 3.814973370540205 -0.001057456910465712 0.9990109549956826 -0.04448458278314162 -0.7490149110493881 -0.7267951734624579 0.029784909607939693 0.6862015568365492 57.025088997636985
0.6508838665639478 0.031426972654974725 0.758526771043591 4.165145467517976 0.0030076804022386864 0.9990299863975475 -0.04396745263458432 -0.7616465472560071 -0.759169097260866 0.0308975363232197 0.6501527498340384 57.22830396449608
0.6110155117666605 0.029869933258125075 0.791055340617115 4.540698732868677 0.007736137224092173 0.9990172038850976 -0.043692996630411554 -0.7754624296343653 -0.791578616377912 0.03281518167107859 0.6101783519887389 57.421186096002614
0.5695002378074503 0.027985576478979403 0.8215151515802698 4.943914020316858 0.01227992329905621 0.9990220056405698 -0.04254021533452625 -0.7878574345445497 -0.8218969409658498 0.03431309232122289 0.5685939697687907 57.60711531423228
0.5285955509990619 0.025860128079488967 0.8484801833262864 5.3492565314736575 0.016149618948978726 0.9990516547321775 -0.04050537269563443 -0.7974876245313728 -0.8487172378821073 0.03511185262046705 0.5276712270837113 57.77080253431977
0.48720473381060936 0.023626061370012264 0.8729687418793066 5.865302836081502 0.01919747363854355 0.9991063423490145 -0.03774880269671395 -0.8106521134293823 -0.8730739554889494 0.03514832703434818 0.4863103903758481 57.974229255549744
0.44450170843115605 0.023363213991396646 0.8954740289748221 6.3065242530629435 0.01986804798035003 0.999160631572613 -0.03592547337411342 -0.818960255856332 -0.8955546099959797 0.03375812381429748 0.44365956343612595 58.1070536074952
0.4017003046281893 0.02249483260161902 0.9154955977955045 6.741280244778399 0.022929657132402925 0.9991416969960141 -0.034606104228331366 -0.8313615992293971 -0.9154808177719623 0.034891083897745034 0.4008352455084555 58.21506180940182
0.3586856938465789 0.018521847761426027 0.9332753549620364 7.266055446363561 0.03162841067409974 0.9989916851414564 -0.03197688548880747 -0.8455129087270645 -0.9329191395710411 0.04098542528172935 0.3577339972924143 58.333511460131504
0.3181226018888776 0.012699489180195547 0.9479653498662396 7.808974094506507 0.04110948174957895 0.998789134328124 -0.027171117777565475 -0.853466634424586 -0.9471547669626164 0.04761169212599187 0.31721119705789963 58.43924410073321
0.2798070028563223 0.01042299183536363 0.9600007049658658 8.31602474927624 0.0471345515252554 0.9985910162625664 -0.024575098904512416 -0.8637062714016368 -0.958895441321969 0.052122876508788926 0.27891756368189263 58.520876845371156
0.24468437082985142 0.010227858508923065 0.9695496800878225 8.828770941560865 0.04973024110630941 0.9985006339787817 -0.023078533232475284 -0.8761161978257063 -0.9683235931834927 0.053860196776433084 0.2438052275541437 58.596251927058574
0.21394028353494504 0.009417587925267252 0.9768022141727964 9.377838872314337 0.05465325610781563 0.9982768111367525 -0.021590035109380623 -0.8906275170808385 -0.9753138565168796 0.05800157598084689 0.21305351372001086 58.66455590197659
0.18483895746953394 0.007346450451379795 0.9827422882141799 9.928201836761549 0.058990790353922004 0.9980910529763556 -0.01855183268884938 -0.8989126309182507 -0.9809942435725542 0.06139898151853841 0.1840496203621699 58.726554486767256
0.1592923268039897 0.005367632382463227 0.9872177575674116 10.503069691581128 0.06355678955104087 0.9978599029840305 -0.015675873083529652 -0.9064942800494266 -0.9851807639346074 0.06523858041948528 0.1586073846572564 58.78349132624113
0.14071923142220572 0.004292929396325376 0.9900413931105523 11.090055680612615 0.06671338705486352 0.9976816947289895 -0.01380363796558434 -0.9163420324444627 -0.9877969359313716 0.06798862573869748 0.14010418202284897 58.83747939966031
0.12510091523438005 0.005375567904284328 0.9921306210257905 11.660503582304388 0.06839347860448007 0.9975648420542061 -0.014024210627662737 -0.9315756668287949 -0.9897813037240231 0.06960693079505995 0.12442625602906393 58.88675890363858
0.11153949157557155 0.005536178783736465 0.9937459972833602 12.23867631575525 0.06847280555740204 0.9975706816483534 -0.013237661335809945 -0.9444590287047664 -0.9913959065769162 0.06951770285947294 0.1108869675645719 58.931840712292605
0.09939085583811731 0.006268749804046776 0.9950301233287225 12.844240273726376 0.06830533222765074 0.9975839519595181 -0.013102577457939043 -0.9603135277193868 -0.9926989201666909 0.06926471670904742 0.0987201470496721 58.97496402352441
0.09011188812161718 0.00882294367556949 0.9958936172489361 13.455704883529615 0.07231350718934751 0.9972683858303029 -0.015373551884049791 -0.9781209096610844 -0.9933001504968079 0.07339772199164346 0.08922515964091472 59.01271053577799
0.08270260645956187 0.010282203694720184 0.9965223204281595 14.07430005881652 0.07597824836437733 0.9969763302161934 -0.0165877493833005 -0.9951473967090598 -0.9936711941336277 0.0770815570536794 0.08166877982346743 59.052474939366206
0.07743576043833021 0.009997699948369607 0.99694853594239 14.695477224075171 0.07601176435109684 0.9969852965762241 -0.015897406291475485 -1.00663715535608 -0.9940929363347009 0.07700661827252535 0.07643991599402974 59.09229608819534
0.07450115816202338 0.007574019836352591 0.9971934034399715 15.346443389785584 0.07475034953859865 0.9971207700418918 -0.013153667656323802 -1.014622978913945 -0.9944125710365892 0.07551620691380313 0.07371812447777391 59.13694309669521
0.07323412531487346 0.0021873817736002285 0.9973133061503762 16.041539564588483 0.0735129208945602 0.9972705959382314 -0.007581149180223045 -1.0144106031459617 -0.9945990065371793 0.0738664270625068 0.07287091046029706 59.18732609146567
0.0721821309281145 -0.0024970972576947776 0.997389450004433 16.748847411745487 0.07427027083640124 0.9972394806194289 -0.00287382105609845 -1.012596564455312 -0.9946198910498991 0.07427969955638906 0.07216585435876802 59.236884250660246
0.0714228744610135 -0.005126826559986098 0.9974340456517088 17.473373537497285 0.07528994862031663 0.9971672832801874 -0.00026120884477928187 -1.0120815966239698 -0.9945980748390049 0.07511142280168878 0.07160416090102696 59.28926558736791
0.07119645673849985 -0.002740419815680594 0.9974595830532531 18.18947495585755 0.0778571330010229 0.9969659767434221 -0.0028135430063348766 -1.019390073735648 -0.9944165372285756 0.07785554144046494 0.07119152899954706 59.33875794756826
0.0717234244119831 0.004069415043562698 0.9974168538965469 18.89070680548812 0.07686691999562344 0.997000306452616 -0.009590600712381452 -1.0389225723589879 -0.9944553737045381 0.0773521243543121 0.07119375340106741 59.386420335387
0.07331600530651479 0.011272887224596862 0.9972459000001899 19.585993736414572 0.07614188506868136 0.9969596208260294 -0.016862851599069455 -1.0647397287629605 -0.9943952943048567 0.07716432353216095 0.07223278148368485 59.43543319124318
0.07377898080485425 0.011676170860937765 0.9972069469651167 20.275685645706734 0.07604448358621536 0.9969594504884262 -0.01729467347221601 -1.079510112572221 -0.994368558233032 0.0771037733460503 0.07266477029262072 59.489674435465254
0.07541188983689064 0.007837806416204993 0.9971222905043653 21.018859422462164 0.075436840628936 0.997063769478798 -0.013537753204325152 -1.085544884732567 -0.9942922533386424 0.07623628284132715 0.07459702947127314 59.55345705747394
0.0778765981090764 0.002655900845898373 0.9969598328827588 21.78378922104476 0.07500736891159462 0.9971515494824157 -0.008510710575549706 -1.0869638625851104 -0.9941346087959113 0.07543777639075835 0.07745336254009873 59.6220189164151
0.08049885584500915 0.0012504438059465991 0.9967542950851789 22.548464374078065 0.07381678495951748 0.9972505020301763 -0.0072079271996255585 -1.0924638958557538 -0.9940149440766036 0.07415320577082489 0.08018288986718103 59.69245208814283
0.08252870793582032 0.006540090278166507 0.9965674018319204 23.328575870956218 0.07941331140646801 0.9967599945095349 -0.013113123955242965 -1.1087365916366012 -0.993416579717575 0.08021843928437491 0.08174006329281197 59.75092356236283
0.08424860399462385 0.01259723744388977 0.9963657486521361 24.03510912247475 0.07950025284144013 0.9966521028110948 -0.019318414961139948 -1.130341857681652 -0.9932655525204613 0.08083444138702231 0.08296286507322356 59.81120812925683
0.08636049087199239 0.01338963764948048 0.9961742998969121 24.742686320962008 0.07374344711894794 0.9970851795471108 -0.019790233546658258 -1.1439504967984984 -0.9935282051966848 0.07516597942914306 0.0851191288217955 59.88697363378102
0.09024667965540066 0.01038686865050183 0.995866092530765 25.48138951116015 0.0708158835380069 0.9973521089084658 -0.016815154290771323 -1.152049919396651 -0.9933959966462296 0.0720363549811002 0.08927016319586893 59.96548913754676
0.09433934012233801 0.005921932363587698 0.9955230184815832 26.219196600141693 0.0745092947638329 0.9971401592762611 -0.01298737294988877 -1.1581621018544606 -0.992745209625924 0.07539650773457553 0.09362617491467184 60.03888256690055
0.09603221510051209 0.007069528033358322 0.9953536727132564 26.967853573197146 0.07932139560756656 0.9967442381334725 -0.01472744921943999 -1.169209788066555 -0.992209752628142 0.08036204029621581 0.09515668183180923 60.11148963261098
0.09698605817017632 0.012528287727778004 0.9952075172458897 27.685654215369212 0.07817510957075685 0.9967398712765779 -0.020160733356486587 -1.1911469287546954 -0.9922080468925881 0.07975092767423446 0.09568834866767242 60.182796082316024
0.09961945449613398 0.013437449046003575 0.9949362737860021 28.401303672165454 0.07474598022713834 0.996986795968236 -0.02094409718668654 -1.207791492121782 -0.9922117320899538 0.0764490355187653 0.09831250693227939 60.2651315798065
0.10263188176483284 0.012995736754664864 0.9946357522267154 29.129270878137262 0.07410244492105036 0.997040528606917 -0.02066837139768348 -1.2220703957989387 -0.9919527182187643 0.07582127499357294 0.10136279042460365 60.34712684947265
0.1061338283931676 0.00886706233135431 0.9943138207104075 29.86701758725131 0.077984054026131 0.996810319867351 -0.017207987391219523 -1.2294949365712364 -0.991286993728801 0.07936224457992094 0.10510160160915308 60.43050362647297
0.10875582516803264 0.00942144283227077 0.9940254138343606 30.616194295794795 0.08271239205886172 0.9964060869491033 -0.01848826203768339 -1.2432942948698502 -0.9906193511445921 0.08422408149889302 0.10758348669197715 60.514112962639324
0.1112783352432374 0.010257967245708892 0.9937379578739255 31.342996473140346 0.08541053592002953 0.9961524457460587 -0.01984179657401899 -1.2588170911923755 -0.9901100550130618 0.08707869022359847 0.10997183995686681 60.597693788514995
0.11324371873148353 0.010094443616767689 0.9935174352145965 32.064792567912406 0.08544736942721949 0.9961488161501602 -0.019855237371069614 -1.2741582893232053 -0.9898839472574504 0.08713672373007214 0.11194311252660678 60.68411636630099
0.11708374464353966 0.008611445620530688 0.9930861479844203 32.80169955003199 0.08620039626538746 0.9961045202936402 -0.018795137910967992 -1.2861426404748189 -0.9893715884297625 0.08779973297575622 0.11588326918413067 60.77542087776615
0.12055641123308052 0.007617787610233913 0.9926785823128346 33.54045156737838 0.08779033439202096 0.9959746953968684 -0.018299497656293535 -1.2986858659189315 -0.9888142896847287 0.0893481949608876 0.11940026935911444 60.86877074921639
0.12251398496507122 0.007967274307735545 0.9924364152000936 34.28774297138112 0.08662816666452368 0.9960694733939496 -0.018685109930099184 -1.3151786935511893 -0.9886765102455677 0.0882566530553659 0.12133998913151958 60.96824376987485
0.12433100410461974 0.009747170795884842 0.992195163955741 35.02068152754893 0.08433577970656247 0.9962338137900829 -0.020349564931782763 -1.334350682540683 -0.9886481007254238 0.08620229126325854 0.12303810517629477 61.066963970703014
0.1262669476767156 0.009625530814387403 0.9919518168072047 35.75538629400668 0.0855669607717577 0.9961245191471776 -0.020552623051720564 -1.3504271364926685 -0.9882970359834176 0.08746800133782497 0.12495135234001177 61.162126780000015
0.1282504545783742 0.009657876059654845 0.9916970037123588 36.49738591399825 0.0843824067909792 0.9962243403933297 -0.020609511206440494 -1.3664331073575549 -0.9881435832945599 0.0863195336163403 0.126948616926438 61.26658512209393
0.12979057837892297 0.009929839257437503 0.9914944128321576 37.249884601002 0.08362091421236455 0.9962823779352521 -0.020919050886941324 -1.3844334713206508 -0.9880077542946597 0.08561934892158947 0.1284748166714722 61.37068989113347
0.13216401173892575 0.010309667077831106 0.9911772250918828 38.00576631885756 0.0815551410855163 0.9964472035141348 -0.021233932792534573 -1.4018785249634895 -0.9878657320798947 0.08363662579845782 0.13085047540683825 61.478377274408814
0.13461456703638844 0.012401471966676783 0.9908236476728691 38.74846892183197 0.07994745800287488 0.9965307301767974 -0.023329467613413084 -1.4238369334517598 -0.9876666208046344 0.08234892545996857 0.13315261511605422 61.58306734432401
0.13625724896994978 0.017090271555294103 0.990528722732001 39.49233065954735 0.07854890576779884 0.9965215380659205 -0.027994065777962974 -1.4511974786203332 -0.9875534006227342 0.08161395500155778 0.13443754925508486 61.68756526816098
0.13868555768185686 0.019662375498560074 0.9901437972537939 40.22337600908175 0.07816052274334688 0.9964712884833802 -0.03073056949236411 -1.4789703497247748 -0.9872459949712934 0.08164668380379779 0.13665625956590066 61.791132651374646
0.14040587784542344 0.02219298128353446 0.9898484569726892 40.98570554078181 0.07212811651060205 0.9968677750908842 -0.03257649986916866 -1.506246766398502 -0.987461900877634 0.07596446593732822 0.13836219484326218 61.913300904107594
0.1428675961110242 0.021921170735065953 0.9895024432034244 41.755604290306756 0.06905127117420286 0.9971026574636752 -0.032054532884584756 -1.530558304400404 -0.9873289416210332 0.07290056455480845 0.140936746747936 62.034153352264035
0.1460811620269518 0.022300587485824006 0.9890245676284942 42.52463888870249 0.07057369396934729 0.9969685353922804 -0.03289869747538767 -1.5579986199588547 -0.986750841663989 0.07459957330520274 0.14406128392375997 62.14787389178909
0.14940130770678206 0.023052924534282024 0.988511003732553 43.296104053814666 0.069604194696877 0.9970074987356391 -0.03376576019533197 -1.5885198545431807 -0.9863223224556428 0.07384367233692549 0.1473467483575901 62.26847431739582
0.15271019798513372 0.0237925158278413 0.9879879920903609 44.076989897816475 0.06620206713232625 0.9972231378350016 -0.03424260805995444 -1.6176990212700384 -0.9860498295374771 0.07063057669582809 0.15070811749094987 62.39951447390358
0.15710147738705035 0.021752626708904047 0.9873464652764955 44.86985195646015 0.06529976539763149 0.9973456527965714 -0.03235802819137881 -1.642193543252802 -0.9854201829216752 0.0695516223893883 0.155261212248559 62.53197415648565
0.1619785426606857 0.021340011539169493 0.9865674441588024 45.6911080659673 0.06506590657166719 0.997364721925165 -0.03225143092053243 -1.6702882070465395 -0.9846463090532765 0.06941063590193342 0.16015979082540685 62.671296672929834
0.16574116993460497 0.025510936927207666 0.9858433226288897 46.482847989376594 0.06175741032735348 0.9974399665156132 -0.036188974504259196 -1.705597498593922 -0.984233370773084 0.0668758416793861 0.16373790852470563 62.81378763802993
0.16940982346923458 0.03406379228212242 0.9849604830216231 47.25165914535218 0.0600768643733221 0.9971921452733347 -0.044814904739257484 -1.7577223087598859 -0.9837124368125193 0.06676007957259486 0.16688451524133746 62.95043773936727
0.1755992038649141 0.03979975386327748 0.9836611853037421 47.997767128984485 0.05800599333700813 0.9970335760575483 -0.0506910085257629 -1.8071193794593634 -0.982751444620439 0.06595415053428845 0.17276588829544154 63.08929068719191
0.18217328150204884 0.0432306136601576 0.9823196224627637 48.73182666332966 0.05421696879570748 0.9970767729573436 -0.05392999348756621 -1.853270358816293 -0.9817704068272709 0.06307763984228039 0.17929323921769044 63.237283441225614
0.18808090027380067 0.042086074539721574 0.9812559389862757 49.494556463125996 0.05112447713203878 0.9973129817108581 -0.052569123956078406 -1.8925469611466526 -0.9808221094635878 0.0600481353417101 0.18542020029651743 63.3969590540019
0.19532264957776702 0.0409138940027701 0.9798898712389421 50.263259396527 0.05083165339439516 0.9973699002151521 -0.05177134240624709 -1.9316505046769574 -0.9794213273522561 0.05991633163418195 0.19272513456538426 63.5575419927613
0.20189649039018204 0.03818249421950443 0.9786665051179758 51.089506260829324 0.050333368640128474 0.9975202388286677 -0.04929719671301359 -1.9697594119479058 -0.9781130292334954 0.05920716073587224 0.1994693300407809 63.737586026386616
0.20790722687368485 0.034274190071856836 0.9775520666191441 51.92056246291552 0.04901119656618222 0.9977707901189585 -0.04540229778120929 -2.003862026498767 -0.9769201563517758 0.05734515359702401 0.2057592279792312 63.92810401614283
0.21379057913321087 0.028857530660670642 0.9764572828151806 52.77965276494574 0.04710733318952346 0.9981014200855677 -0.0398065265067448 -2.034431308741039 -0.9757431609001339 0.05450332922399454 0.21202051314662743 64.13223421227552
0.22114899484280534 0.026757260999840354 0.9748767131994219 53.63161930602485 0.04676411243665758 0.9981877869433597 -0.038001004776545326 -2.067045880889493 -0.974118176556721 0.053987693137397263 0.2194919039320356 64.33474613100249
0.22881923903562612 0.028866377448175815 0.9730445105260817 54.42283353033354 0.046436054464144165 0.9981037076762714 -0.04052482798977336 -2.1048875498695923 -0.9723608722243647 0.05445177892101797 0.22703988901678895 64.52666143750491
0.23241370934069103 0.03558545522497876 0.9719696642616301 55.20089494171634 0.0463235185160511 0.9977964597604884 -0.04760346944430324 -2.1555508189404398 -0.9715137817705073 0.05608310534778756 0.23024785852029445 64.7155273480405
0.23674238197154301 0.04024563552654342 0.970742766485261 55.95310743948105 0.044691013195972594 0.9976381315192695 -0.052255637168238396 -2.20306437989033 -0.9705449283682335 0.05574890234823942 0.23437917216641327 64.90259597864807
0.2410910565117743 0.04408020147787255 0.9695043237613075 56.67570061502308 0.04318752685340307 0.9974960223757209 -0.056088500092587014 -2.2514032724009923 -0.969541377744597 0.05538721083790298 0.23857880138981788 65.08588329367188
0.24612114682289823 0.043878271251889006 0.9682484594679743 57.39613960662367 0.04132123279269219 0.997596465017497 -0.05570766285396086 -2.2923490286992587 -0.9683579783522203 0.05371440800287223 0.24371169240828597 65.27870125815066
0.2511809215374846 0.040899364694858276 0.9670789806859846 58.14387100834678 0.04472218316655143 0.9975549216334935 -0.053799560384441954 -2.3304484485218295 -0.9669069500233937 0.05675793995926534 0.24873288440432112 65.47524573219906
0.2553703286754202 0.03583031655250394 0.9661820694537429 58.91481896486112 0.044721863697495784 0.9978109068384171 -0.04881927969936454 -2.3642491782078423 -0.965808868805481 0.055670829073606085 0.2532038236553349 65.6878084744756
0.25872868276575633 0.031636954321103736 0.965435107990549 59.7036151455491 0.042883582433903666 0.9981073549945564 -0.04419543878646984 -2.396514034339195 -0.9649984193702944 0.052830451794310646 0.25687731917456563 65.90909229961916
0.2624499982094204 0.02914709864576152 0.9645082361264308 60.470469534494086 0.03990927908002061 0.9983657706656227 -0.04102542472416364 -2.4271100552296483 -0.9641207535881497 0.04925447132258245 0.26085259345723383 66.12878104369318
0.2647460332161839 0.0294171007412359 0.9638722795438999 61.21192440330644 0.038671182542035 0.9984118299768115 -0.04108877322155503 -2.4605769440784786 -0.9635432167546063 0.04814671832135353 0.26318262760599076 66.34038465215404
0.2655042896697973 0.03172275573286187 0.9635907196583006 61.9063599576253 0.036887514873724894 0.9983975821242304 -0.04302811850595617 -2.496198974057732 -0.9634045988643223 0.046963198418660215 0.26390307119623974 66.53833087207865
0.26570452717262866 0.036917728756667226 0.9633503563651552 62.59465143225574 0.03333678191223368 0.9983221636048202 -0.04744820905155184 -2.535826458364828 -0.9634787885694414 0.04471671157760146 0.26402249904791664 66.73557834576211
0.266463170541072 0.04214932959098486 0.9629264077876767 63.24688207267438 0.03151100033762015 0.9981338325773317 -0.052405770232380154 -2.5785416982429985 -0.9633310056186857 0.044301395708478346 0.2646321026556774 66.91894090782301
0.2677779946017194 0.04867395792375361 0.9622534149013963 63.91147475331148 0.029909555884917508 0.9978273316194737 -0.05879207109116146 -2.629024826534425 -0.9630169756006187 0.04451823177735667 0.26573508435407706 67.10482949584916
0.2687070762860724 0.0513380234012927 0.9618557146776326 64.55410321793126 0.030172716902204477 0.9976454108022467 -0.06167266981932379 -2.674723301454617 -0.9627500337145999 0.04558807948461314 0.26652012244142576 67.28486821774919
0.2695740377779872 0.05165393265147748 0.9615960756597124 65.20623447977425 0.028813296333858197 0.9976860044474339 -0.061665437832357124 -2.716359838298197 -0.9625494231855504 0.04432455312626474 0.2674565662117661 67.47545963478952
0.2700618093430912 0.04922982892274468 0.9615863662971826 65.88548011338432 0.028339642005655388 0.9978582579564641 -0.0590413097760094 -2.7548289869259626 -0.9624271184125884 0.04319020042648906 0.2680826975226323 67.66988430222042
0.27047072602896977 0.047273927862608485 0.9615693713941822 66.56220015068503 0.027848515042667683 0.9979963469795586 -0.05689337431577032 -2.792935054714912 -0.9623259679458445 0.04216017500035122 0.2686071596041141 67.86449370522213
0.27027995460201654 0.0469248065285447 0.961639922162153 67.20397695050201 0.02820867157478353 0.9980013682111548 -0.05662259565532422 -2.8312534587351204 -0.9623690412871023 0.042424226335378075 0.26841107092951416 68.0455981884853
0.26984969493686256 0.04682078059370117 0.9617661286273669 67.84704429528287 0.028136528598031896 0.9980122442492044 -0.05647563526472826 -2.871382597535966 -0.9624924865116384 0.04229468516171537 0.2679903637125554 68.22496590044447
0.2691935271639006 0.04748647390132962 0.9619176150717242 68.47434666106764 0.027524261606984703 0.9980017658285115 -0.056966487844503755 -2.914276900377844 -0.9626939724372278 0.04180513681290381 0.2673428295186353 68.39956275753181
0.268379953625473 0.05049156235979354 0.9619917936810406 69.07961071801732 0.026713831284916025 0.9978566590973427 -0.059822395633480845 -2.960176449541414 -0.9629438861148861 0.04174764403131324 0.2664502096452725 68.56450104918667
0.26728193455419463 0.0546400297095968 0.9620706415646796 69.66639155127321 0.02772509814977069 0.9975469910817476 -0.06435330117419587 -3.0085364072649776 -0.9632204973970349 0.04386793779005465 0.26510598330371254 68.72032201273224
0.26646292563454055 0.055115906309606784 0.9622707462336443 70.23450508608059 0.029424845011571794 0.9974384192644504 -0.065274139530876 -3.0511688169727162 -0.9633971739566006 0.045701764648758615 0.2641531348512549 68.87374810636676
0.2652027402709773 0.05473398847936694 0.9626406346595394 70.80532954467998 0.029087874307446113 0.9974839677362372 -0.06472457895909906 -3.0908312470772743 -0.9637550177969242 0.0451604794303056 0.262937901035696 69.03067458398114
0.26384755131335397 0.05237352002632793 0.9631444791797116 71.38870005273466 0.028642787740637814 0.9976644020336412 -0.06209284555616582 -3.127594394474077 -0.9641406151798241 0.043964691124847396 0.26172573072835753 69.1894410670738
0.2626706951616776 0.049207859087850817 0.9636328368090847 71.9673893813636 0.02853639818633499 0.9978708899788488 -0.05873068648737118 -3.160984740083684 -0.9644649630515919 0.042919830848285476 0.2607016900174997 69.34681777185384
0.26107187014498695 0.04887248146048416 0.9640842993890041 72.53920290945797 0.03125722765478903 0.9977714257640132 -0.05904045544221063 -3.197550317337745 -0.9648148389092435 0.04554287101103064 0.25895678885798384 69.49394495290899
0.26020459192737966 0.05050964892181313 0.9642343100891383 73.08337476837286 0.03475054573458641 0.9974994457927582 -0.06162577825378818 -3.236311644762633 -0.9649298137591639 0.04953750378991346 0.2577929862688366 69.63501834610729
0.25866782838001495 0.052519094851637915 0.9645404689823317 73.60887311185589 0.038647548451095574 0.9971644640349488 -0.0646560320508831 -3.2760930358728184 -0.9651951198953388 0.05399649926009343 0.2558987297834197 69.76937672071004
0.2578245048407667 0.053935157731363294 0.9646878741426457 74.13101780913262 0.03806918740673728 0.997104055722288 -0.0659177190998879 -3.3172678265087314 -0.965443536104875 0.053714994381795035 0.25501899414712276 69.90857546071297
0.25736276972283273 0.05679032017142625 0.9646467802905575 74.64771324502249 0.037115681272111706 0.996959234298053 -0.06859078190489508 -3.3602898397556378 -0.965603631732924 0.053451201077616445 0.25446713060699216 70.04567798842999
0.2567503452671737 0.05645396100371997 0.9648297218056634 75.15988429452793 0.037354285963993344 0.9969723369061178 -0.06827095505361389 -3.3966505746216873 -0.9657574416596686 0.05356415370425175 0.25385891048257375 70.18101297336065
0.256417151123938 0.05562485317642027 0.9649666112075015 75.68983383164229 0.04192500116371879 0.9967685510403919 -0.06859460317329238 -3.433999248997259 -0.9656588273737918 0.05804022926433734 0.25325113917230974 70.32206663767347
0.2571438421216184 0.05437075559873062 0.9648447661612236 76.21077610853168 0.04545732327576762 0.9966358789347348 -0.06827314946283575 -3.468462794738952 -0.96530561560976 0.061410370646685364 0.25380176283154726 70.46686934014002
0.2576223429229141 0.05439303846598465 0.9647156664399853 76.71481908664389 0.046165281492312735 0.9965864042043212 -0.06851384055893006 -3.50443164974283 -0.9651444470297598 0.06218186364875191 0.2542266146287517 70.6079573640434
0.2604985534034885 0.054797995089422215 0.9639205572054906 77.24464184922695 0.04246906737777669 0.9967766763793505 -0.06813883232754084 -3.54016339572719 -0.964542137946131 0.05868165491168843 0.25732631918146454 70.76671777186023
0.2653002095872729 0.055354965825072905 0.9625772827327698 77.7792821808949 0.04034602555548561 0.9968439523338313 -0.06844137599994234 -3.577889464294438 -0.963323247140469 0.056988499285027895 0.26222463301562987 70.9265719646408
0.2715053663459927 0.054801627180398174 0.9608776324482102 78.34027403738558 0.0399488521939947 0.996880950121486 -0.0681389289276882 -3.6148090429169164 -0.961609899900793 0.05688088000146276 0.26846393883439323 71.09643346599076
0.2776955778024681 0.05540554237904694 0.9590721723785351 78.90255763140007 0.0373251082169036 0.9969647795360218 -0.06839771527903936 -3.65284287613872 -0.9599464696465291 0.05478608363187718 0.2747791713545082 71.27724714572265
0.28505034516692135 0.05398487763551005 0.9569933577391438 79.48523877168365 0.0367956362954673 0.9970658056951005 -0.06720120593854718 -3.689041264526 -0.9578086855781125 0.054363676744768545 0.28222204470378803 71.467012086633
0.2922269512365125 0.05440235624287383 0.9548029874751894 80.0763069142269 0.03288323234233302 0.9972240844897808 -0.06687982728085817 -3.727008274902677 -0.9557860998013853 0.05093579326081918 0.2896213033648702 71.67137150430334
0.3006468130118959 0.05460984098608262 0.9521734119435209 80.66570731179915 0.03153494995676128 0.9972495179668157 -0.06714804690574339 -3.7663752750537873 -0.9532170274264988 0.05020931779590592 0.2980922083274983 71.87673880464273
0.3084129516576604 0.05866913579992763 0.9494441202010742 81.24004424705038 0.026508274541622228 0.997183852684004 -0.07022561943742306 -3.813076466251361 -0.9508860348634935 0.04682133336161343 0.30598363313162386 72.08824597794295
0.3161697558396699 0.06096014560918327 0.9467440341467737 81.82297135811838 0.023201035311602777 0.9971433357258082 -0.07194921061781102 -3.860080423111896 -0.9484215147405506 0.04470827061009085 0.31384689206908245 72.30295848904017
0.3247912922328344 0.06371213548144825 0.9436393135232848 82.41425062129036 0.019006406001951904 0.997092666850145 -0.07385890575113911 -3.909165892831259 -0.945597360600079 0.04191855648285848 0.32263066552321673 72.53053253320998
0.3333569449368814 0.0658880486025294 0.9404970365273365 82.98780754361545 0.016695542649417847 0.9969913630968774 -0.07575930944835052 -3.9587280684484156 -0.9426553294105474 0.04095165456139863 0.33124867925822 72.75127699454454
0.3417416013065236 0.06704791881029531 0.9374004993462678 83.5905785566699 0.013626738566518354 0.9969987616318038 -0.07627427842103393 -4.0070079601622215 -0.9396976606999954 0.038834448258210925 0.33979705489393186 72.99171111161463
0.35061365306028974 0.06772956014841161 0.9340689676442556 84.19124587546821 0.01220177718054596 0.9969715574523885 -0.07686627089876129 -4.056551736086267 -0.936443245982499 0.03834231782366905 0.3487200907705395 73.23414527502831
0.35891139392891525 0.06912416139321177 0.9308095987166111 84.81718126192628 0.007936079988240514 0.9969969250637034 -0.07709512371260786 -4.106803547324591 -0.9333405180636224 0.03505193043268469 0.35727966749803997 73.49908853962144
0.367210037138571 0.06595627269251345 0.9277978251102628 85.47868418109893 0.007567856769748306 0.9972427501667948 -0.07388411800412495 -4.152016341896937 -0.9301100077753701 0.03414704993979621 0.3656930166568913 73.77965621208917
0.3748742722768439 0.06069095347082994 0.9250880529283322 86.14540728293336 0.00980535804839655 0.9975443241191605 -0.06941372855983774 -4.192108960511559 -0.9270263804901477 0.035086857040300505 0.3733532653344069 74.06931674879483
0.38406977445115653 0.05793638271883468 0.9214857603551461 86.82271279421185 0.009811592651256931 0.9977218980821647 -0.06681470632526977 -4.234419855427054 -0.923254536305331 0.03469745696396756 0.38262097735810185 74.37111054919579
0.3926822501897809 0.056066400472815185 0.9179648893527309 87.52795314637433 0.008510908256430296 0.9978806881446852 -0.06458366858182767 -4.279292425114811 -0.9196378563821682 0.033168047848964176 0.39136724914316545 74.6930805847664
0.4003084902676913 0.05479111985736819 0.9147424777758784 88.23029191241125 0.013508821327845873 0.9977551239577984 -0.06567068523897542 -4.326457253457239 -0.9162843434214661 0.03864031129217576 0.39866369081546743 75.00939418253108
0.407045327054902 0.049462149084971034 0.9120693886757842 88.95673391925044 0.018755237100908522 0.9978749741579223 -0.06248132647946764 -4.369262282900946 -0.9132190306220697 0.04253326624973054 0.4052466827256512 75.3438692629754
0.4115286703810024 0.040547877386595294 0.910495932255188 89.66429888353483 0.025589373073178774 0.9981073426216991 -0.056011201779280595 -4.402938039077337 -0.911041039920621 0.046344005723034654 0.4097062610662214 75.67113956432789
0.41778533700853443 0.036803260750588936 0.9078013794175884 90.43969839133639 0.02922135216378017 0.9981234293894392 -0.053908719065609234 -4.4435760389116945 -0.9080792940063332 0.049044312486978006 0.4159198213884425 76.03670307469638
0.42507823950276274 0.03717126347777035 0.9043943283949344 91.19334665061164 0.02971246587316943 0.9980505434362379 -0.05498113732752373 -4.491116798692447 -0.9046725244241147 0.050238025217886735 0.4231390167139288 76.39814888368277
0.4296088725777709 0.04389245750901122 0.901949335556247 91.89493229289296 0.029884532856984614 0.9975857037548409 -0.06277630026353669 -4.555236052692309 -0.9025242466097156 0.05391845929157477 0.42725370417516506 76.73652687352313
0.4342514696886002 0.04889430223466838 0.8994658222324595 92.61245816755279 0.031547093174623876 0.9970937734782562 -0.06942766754507389 -4.622873720144698 -0.9002429973329905 0.05851921569021407 0.43144048865560997 77.08240055751666
0.43905426742306597 0.05100068792442881 0.8970142508481943 93.34920403639848 0.02870497635657203 0.9970876153288252 -0.07073606294515883 -4.686177113463403 -0.8980058655415898 0.05680030846453078 0.4363051507704067 77.44918244198787
0.44363955715353826 0.05243419397805957 0.8946722150990608 94.053196116598 0.02054198874414398 0.9974354997478728 -0.06863857901778513 -4.738322887138803 -0.8959736718187578 0.048823721254828416 0.4414181645579271 77.81596698423208
0.4474494086050967 0.05579794526240382 0.8925693294670903 94.75986346853361 0.012843129245863342 0.997553666635142 -0.06879520922741839 -4.792477886262931 -0.8942207969482557 0.042240210101370065 0.4456317638639811 78.18803967213228
0.45040176185625785 0.05990360496070811 0.8908166390059064 95.43456070830732 0.011074148593209654 0.9973009871689866 -0.07265911544044172 -4.853161989277231 -0.8927609090828211 0.04258538185436083 0.44851646730947153 78.53220854856067
0.45278031817377834 0.06483764761843182 0.8892624535274217 96.12669362051518 0.007293643612804688 0.9970552957728994 -0.07640640784021692 -4.91813138850275 -0.891594976544304 0.04107586484884512 0.4509687109708718 78.8948100706422
0.4551137424442114 0.06787484245318959 0.8878440670762817 96.78723993720608 0.00392834082641579 0.9969336265593272 -0.0782239992667258 -4.9800336097502935 -0.8904276083558734 0.03908316575431009 0.4534458934894164 79.24293257619345
0.45945372015493285 0.06627071395707526 0.885727302496314 97.47669939870708 0.0028576434213943643 0.9971028144445914 -0.07608201762685173 -5.036963381052727 -0.8881997046851472 0.037481793916813014 0.4579273982297211 79.60843944316807
0.46397551414366955 0.06379585383986867 0.8835493445388432 98.16735976586088 0.0024312299165510022 0.9973137055977779 -0.0732824802196485 -5.0910680480361075 -0.8858478669310154 0.03614397674035267 0.46256829052674603 79.97808862254426
0.46793555975341394 0.06136986543786628 0.8816308416490157 98.83775434054861 0.0017215002625795672 0.9975268256730863 -0.07034657109208182 -5.141467410146589 -0.883764252854674 0.03442999556839647 0.4666667343635736 80.34159282773426
0.4719244376917351 0.06041606988986877 0.8795682823983635 99.49161160456953 0.0007449550887167792 0.9976278597478014 -0.06892055053360446 -5.1909658553634825 -0.8816421239085719 0.03317528178208132 0.4707540156002862 80.70193556748863
0.4750546667836593 0.06143057149023806 0.8778107442078577 100.10401949912824 -0.0008436348754229502 0.9975977142561238 -0.06935257807435675 -5.241470636718094 -0.879959062231953 0.03220039509157904 0.4739595100238665 81.0427241438808
0.4773115411154568 0.0618396078562422 0.8765565437091185 100.70216607575038 -0.00023895463699480365 0.9975358177932658 -0.07024015316145374 -5.291339595777187 -0.8787370564356312 0.03331159819655915 0.4761445822041576 81.37262546586592
0.47912747065896744 0.06076062073199768 0.8756407603927574 101.32857381131623 0.0008636216697013728 0.997574029414686 -0.06969003359312301 -5.339034182878445 -0.8777482125142934 0.03414149591280147 0.4779070050333147 81.71952275212047
0.4799421041616318 0.06040225614907709 0.8752196381328191 101.92561355822514 0.001679465087518682 0.9975679196770165 -0.0697630308047361 -5.386318489009742 -0.8773024018829588 0.03494715736708262 0.47866758116989877 82.05125548962772
0.48131132666378984 0.060490789189623466 0.8744612169423441 102.51325371252176 0.0008566722970725274 0.9975889503937243 -0.06947579524828525 -5.432360658933855 -0.8765529498185168 0.03418369922576095 0.48009331049843607 82.37991304996999
0.4824587592154421 0.06031731278846239 0.8738404427176563 103.09644471037141 0.0014008460293311418 0.9975774659932907 -0.06962779805506583 -5.478793945886865 -0.8759210139737619 0.03481177568094027 0.4811999026128652 82.70474560929402
0.48404434876371305 0.06218774741366977 0.8728315378654695 103.64921576453386 0.0005799717680942881 0.9974542289330182 -0.0713840499178175 -5.527230675422767 -0.875046598038538 0.035054622295958446 0.48277059858102594 83.01686506519177
0.4863821893826427 0.06254658835073651 0.8715051386727518 104.20353425158305 0.0030049532945630062 0.9973146091184624 -0.07324834057953152 -5.574603134276413 -0.8737441721374353 0.038240779536676504 0.4848828886223233 83.32826768088252
0.4894043580375324 0.06220577741058872 0.8698361313461174 104.74248100960277 0.003449221815088062 0.9973123186568794 -0.07325831621207707 -5.61927340638604 -0.8720534288286935 0.038848487288649626 0.4878692450746889 83.63727657045551
0.4929810102307963 0.06091770227455568 0.8679055257294485 105.29513596874142 0.005377517207785802 0.9973189783370554 -0.07305114313008616 -5.663247049356146 -0.870027087761754 0.04067526589267023 0.4913264750038173 83.95642914712619
0.4965716348918915 0.060469583173139684 0.8658874923906821 105.82592543559582 0.005351293997321363 0.9973436601606257 -0.07271407839294272 -5.7061576939274925 -0.8679827073535469 0.040736782492303926 0.4949238776523846 84.26856730925132
0.49957293499742733 0.06043682491381144 0.8641621442932736 106.34654961061155 0.00507703436868437 0.9973476807267904 -0.07268201275090833 -5.749314168512427 -0.8662609063795128 0.040692829874220744 0.4979354619277852 84.57742703609622
0.5034447423396686 0.05994452899112542 0.8619461676466129 106.86736247873021 0.00481347938230494 0.9973858454776869 -0.07217045689354655 -5.790655669237003 -0.8640174051463065 0.040478332667248165 0.5018349814019399 84.8901999055727
0.5071640840716758 0.05967512866025457 0.8597816769846797 107.38438573977231 0.005344835687467075 0.9973685045592708 -0.07237247985931108 -5.833128273941123 -0.8618362341706587 0.04129561846562675 0.5055054542660465 85.2022689593208
0.5109295168788006 0.06065570434176581 0.8574805005458401 107.8878709709361 0.004583461174040459 0.9973066941968787 -0.07327281708614601 -5.877341330314129 -0.8596134961234009 0.041362871763915336 0.5092704253754445 85.51148152665529
0.5158520752115571 0.06098233129598459 0.8545047447044305 108.38156454124253 0.005920401017485056 0.9971910276032013 -0.07473436464306663 -5.920293740039034 -0.8566604475141143 0.043606233690726054 0.5140370684349242 85.81547134797603
0.5201938925905588 0.06471604051946192 0.8515924925844739 108.87088151466982 0.0035616856679115457 0.9969571047406434 -0.07793357005407235 -5.967771748888325 -0.8540438723939271 0.04356899820335058 0.5183757567242784 86.12680170854702
0.5241920209614367 0.07111734415329689 0.8486248149101925 109.3433317559238 0.0002777197472156406 0.9964976371383762 -0.08367617331764418 -6.020824968156771 -0.8516029752550744 0.04409323818051372 0.5223318454810613 86.43584001251048
0.5282642765575062 0.07801967245121266 0.8454863525612311 109.81333185565849 -0.0038388292376473664 0.9959834010883456 -0.08950374946599975 -6.077689027940826 -0.8490735947048699 0.044031176541977045 0.5264379590325127 86.75097894307847
0.5331830615889125 0.08445192703499885 0.8417725248366593 110.27887273891677 -0.00828205826403591 0.9954831018864039 -0.09462232221065209 -6.135553856257945 -0.8459617959127426 0.043474504894933076 0.5314701589074802 87.0672127483705
0.5389293958225906 0.08943940092490854 0.8375886210013223 110.7416595016078 -0.011813619548872178 0.9950569013121978 -0.09864802441842493 -6.195442102561348 -0.8422712175811122 0.043264509995000595 0.5373173415324892 87.3839546395633
0.5437732661368829 0.08991884742781389 0.8343999755008992 111.2463155670664 -0.015635676559239003 0.9951611771835421 -0.09704857364153309 -6.249588220197405 -0.8390894193423762 0.03972122802392671 0.5425431824334694 87.73190340638492
0.54873045135255 0.08975898242138003 0.8311653464695486 111.75534895707052 -0.022091498661781412 0.9954338218014849 -0.09290872446642542 -6.297339245948777 -0.8357100372217159 0.03261550948026148 0.548202792750836 88.09500837573606
0.5538441533897294 0.08842406808645781 0.8279103630900763 112.28808276297778 -0.027821878173303387 0.995759662978086 -0.08773378457203031 -6.343362019149092 -0.8321583351462957 0.025552255434038385 0.5539505616293136 88.47939835470271
0.5587997221531186 0.08788074352623992 0.8246321180110983 112.82928844198443 -0.03394167744670514 0.9959647007583964 -0.08313410755776934 -6.388566829833037 -0.8286108791028663 0.018461387130230142 0.5595225193901023 88.87539324624711
0.564224301802306 0.08625964897278639 0.8211019203200027 113.37829571049711 -0.035586011877411006 0.9961486119811646 -0.0801904845918846 -6.436685986182178 -0.824857510055439 0.016021077819046898 0.5651158744782225 89.27410748252964
0.5693361416097308 0.0896148935237905 0.8172048721505191 113.89333779633971 -0.04047798106029068 0.9958958846461651 -0.08100444032202386 -6.486831743126107 -0.8211111312588931 0.013035284512660016 0.5706220017641888 89.65995889310095
0.5745415365907931 0.09396892083597162 0.8130634452589393 114.40071025637853 -0.04441911944407622 0.9955083038311557 -0.08366154664053017 -6.540740388819438 -0.8172734182806669 0.011946704521357395 0.576129602922374 90.04120662587479
0.5800452784895181 0.09794480059561052 0.8086743300084401 114.88745489740418 -0.04764007702342762 0.9951295491970256 -0.0863514633768642 -6.594640545566186 -0.8131940627526746 0.011557665091940793 0.5818811037132952 90.4108722752968
0.5859196792214447 0.10048151690257652 0.8041159875012207 115.38209671083665 -0.0501189192948466 0.994881623224517 -0.08779508148095899 -6.649368860352281 -0.8088221541707555 0.011134676233517977 0.587951274178604 90.79049063193312
0.5914727931106315 0.10163645406992083 0.799894325008101 115.90851449210744 -0.05277688134386045 0.9947819829288981 -0.08736883066207493 -6.703369927645971 -0.8046000614524151 0.00945559840074611 0.5937449227132966 91.20340296217326
0.5965111616548345 0.10401468813931354 0.7958374527179504 116.44938188731045 -0.05920017063826596 0.9945733947988971 -0.08561109652651011 -6.755708873218858 -0.8004229816879028 0.003949524726323199 0.5994264374327846 91.63991188711505
0.6030792555154348 0.10260883605058357 0.7910552413419198 117.01066480792998 -0.059655383232338044 0.9947219530673983 -0.08354176502702161 -6.80925007594023 -0.7954513544924389 0.0031864285490665004 0.6060117016587955 92.08793018295155
0.6101009429175217 0.10139983045531635 0.7858095803449788 117.58479534566422 -0.06022948544835122 0.9948479326717646 -0.08160663769307817 -6.863934725331711 -0.7900351329617438 0.002454238992426597 0.6130591891438352 92.55598587599502
0.6169600012847319 0.1017417483046493 0.7803916456480222 118.15051375789712 -0.06101625838744379 0.9948125253649803 -0.08145313977968414 -6.922258288634984 -0.7846298393865678 0.002631664112709509 0.6199614382141846 93.02442239193087
0.6233394518435464 0.10428941919681663 0.7749668271061635 118.71821482020769 -0.06525872353136837 0.9945520864970981 -0.08134398967998711 -6.979769902182145 -0.779227707346888 0.00012651570010822465 0.6267432538392858 93.51104765819294
0.6303449205415473 0.10498182704395775 0.7691851837452801 119.27171167891456 -0.06592096086023319 0.994478974920249 -0.0817035053580542 -7.041658009402196 -0.7735153242421555 0.0007909964217869328 0.6337792023426542 93.98421518906515
0.6365537755193905 0.10576432193126105 0.7639469551713587 119.8598674652539 -0.0674025188661461 0.9943963409085269 -0.08150099555974716 -7.1044274812372015 -0.7682853248948651 0.00038265027248546887 0.6401092589967592 94.49319438587273
0.6415238735518978 0.10514160513968544 0.7598643650916219 120.46764399211554 -0.06773563699430955 0.9944626776331247 -0.08041069731058298 -7.167222377094285 -0.7641104121499295 0.0001102534423668029 0.6450869771149029 95.01935884541936
0.6454350404430433 0.10436995456137037 0.7566522314537691 121.07484675870536 -0.06756983992480163 0.9945441284916487 -0.07954048590389529 -7.230360493071103 -0.7608248028057398 0.00020613993829218731 0.6489592364918143 95.54649870214628
0.648979449985661 0.10262458376591954 0.7538541102964645 121.69541611988416 -0.06519236328076132 0.9947232445846924 -0.07928661066740558 -7.2953084196422795 -0.7580121997565097 0.0023049507516532423 0.6522384859185227 96.08614326447345
0.652486518141785 0.0995224077365669 0.7512377289516454 122.32882316463527 -0.06024638730632613 0.9950188123467426 -0.0794854334937769 -7.36125016614735 -0.7554055959075042 0.00659847074584831 0.6552257075596913 96.63791897006296
0.6559712064417988 0.09418271484317117 0.748887692069159 122.97169496544022 -0.05406104580832284 0.9955039988995193 -0.07783880442345306 -7.426089004458989 -0.752851157073856 0.01056889769816799 0.6581072074211798 97.19908982111787
0.6596103120211637 0.08853771039745634 0.7463758928624127 123.6017248602338 -0.049152943225699616 0.9959987974634064 -0.0747040362559332 -7.486338495047832 -0.7500030652631562 0.012583810979413848 0.6613163286000266 97.75859011869771
0.6625934185907222 0.0836233796607625 0.744297443021774 124.22861171967304 -0.04482179000870629 0.9963993268214177 -0.07204008473511815 -7.545045705403451 -0.7476409691930774 0.01436714454319894 0.663949156379902 98.31871264279393
0.6659313900396111 0.08287694595047924 0.7413963588797666 124.8639192781367 -0.04534791489014722 0.9964750960708593 -0.07065298335732999 -7.60536765835554 -0.7446375306554086 0.013423917714325195 0.6673355708343043 98.89848782394031
0.6676469056095098 0.08451861951601931 0.7396673033052402 125.48514931034111 -0.04610364436874061 0.9963279378122445 -0.07222656620612569 -7.671587378372982 -0.743054109991296 0.014114724223582642 0.6690843814201565 99.46533641480288
0.6693095219382525 0.08926115516427136 0.7376045941802409 126.11437442963819 -0.051474880935856275 0.9959486968835263 -0.0738108109085968 -7.737068438536257 -0.7412032509840285 0.01142846001005963 0.6711852118256618 100.05662466566244
0.6718741160123844 0.09289661412618865 0.7348185378216693 126.73509664996764 -0.05778468773650003 0.9956597434130647 -0.07303253307346722 -7.797437447302202 -0.7384125735690017 0.006601748856241841 0.6743184349050729 100.64499333380208
0.674540805338285 0.09009682753301759 0.7327208630498242 127.38170378587206 -0.05824791011095549 0.9959315899677219 -0.06883394287875205 -7.855575799751371 -0.7359405676740989 0.0037459990907383793 0.6770365805447764 101.25046625337143
0.677621644084302 0.08753698942368753 0.7301840955249929 128.05200893455356 -0.0602739015768286 0.996166310467374 -0.06348369023706646 -7.910340713682066 -0.7329410142060625 -0.0009989590773327867 0.6802922088436707 101.89147060862885
0.6807145849468115 0.08205985814454567 0.7279394921961786 128.71474282750756 -0.05926038171724028 0.9966230261026048 -0.05692742735458496 -7.959877028609824 -0.7301521115439268 -0.004392454147185366 0.6832709951760609 102.52360221298925
0.6846934465648865 0.07828473364775901 0.7246159389677124 129.37598311302963 -0.0578920344135425 0.9969203367363387 -0.05299600479943986 -8.006667190623428 -0.7265325056073988 -0.005669169663016779 0.6871090884828257 103.15659620615587
0.6893401812412203 0.07552218868455808 0.7204918672121022 130.05281220485816 -0.05222140079850707 0.9971493541442422 -0.054552783202232294 -8.060411201118333 -0.7225576061045137 -2.5431654710741155e-05 0.6913112264364862 103.7991932662402
0.6926749092533551 0.07456742128693108 0.7173868773026327 130.75791162622266 -0.044798171422281666 0.9971743931244544 -0.060389538799317743 -8.128038322391056 -0.7198624315991362 0.00968697928161544 0.6940499716506751 104.46897548659787
0.6959036121637786 0.07686631511805304 0.7140113845259065 131.4380698687928 -0.04009122148233196 0.9968683025331824 -0.06823775264485028 -8.205670739333542 -0.7170201528391046 0.018855418740566687 0.6967979653310467 105.12836344028818
0.7006621964469654 0.07794076068244937 0.709225954463233 132.07524589072975 -0.03781556649169503 0.9966807378302343 -0.07216753933094094 -8.277864408374487 -0.7124958949510282 0.023739095778683876 0.7012755437453233 105.75678878671178
0.7056977485674099 0.07413822275478657 0.7046261887920262 132.73456005944402 -0.03625630300834212 0.9969920518378478 -0.06858382650999097 -8.341148052462682 -0.7075906217184427 0.022846766734710523 0.7062545841006651 106.42196977919512
0.7107376292184874 0.0687114828354851 0.7000962247720129 133.39829446075643 -0.03224402153281644 0.9973605282073648 -0.06514790770061926 -8.402418721710843 -0.7027239420686375 0.023723946579962428 0.7110685880621989 107.09673170969198
0.7159694958274614 0.06592031547588344 0.695014946897818 134.04673808400244 -0.02789172937771038 0.9974440906297076 -0.06586753891251192 -8.465492228659537 -0.6975799926099774 0.027768692773078262 0.7159698984176809 107.76006422297084
0.7189683338100064 0.06876455551222155 0.6916349409448105 134.67373214724444 -0.026212243415462348 0.9970742716366423 -0.07187896596497849 -8.540638507605594 -0.6945538893284665 0.03354411378373183 0.718659328789599 108.40966555788476
0.7217871056590935 0.07017137630204168 0.6885503252348486 135.28805738056045 -0.027458852960833894 0.9969725765852606 -0.07281351349903442 -8.611706084607112 -0.6915752492749359 0.03364398999218415 0.7215212113102448 109.05639026195324
0.7250362961082045 0.06797583242766315 0.6853495980776416 135.9199376643519 -0.026075191502687944 0.9971186522591505 -0.07130786560108351 -8.678540598523046 -0.6882220026323329 0.03382526603911316 0.7247120886235514 109.72270027222287
0.7276133222938774 0.06178517201151329 0.6832012132830723 136.5650611885067 -0.022236544191606925 0.99754213894753 -0.06652554879231369 -8.74023792068951 -0.6856318111845955 0.03320745365463738 0.7271911362266125 110.40756152211596
0.7283242633346199 0.05751473960298728 0.6828165612725763 137.20313844644045 -0.019219339258100248 0.9977995138937774 -0.0635408819025096 -8.800905113033263 -0.6849682647517683 0.0331501010929919 0.7278190811032699 111.083798509215
0.7284755235367326 0.05306619451506833 0.6830154974995741 137.85575798286382 -0.016073349787356674 0.9980506371856777 -0.0603942166823136 -8.860687550439932 -0.6848885928532021 0.03301252633509243 0.7279004362048321 111.7722188254041
0.7286042576772936 0.05268088333984275 0.6829074758777121 138.5210100146773 -0.016126922304015277 0.9980861642221743 -0.05978259847758245 -8.923129904985652 -0.6847497121456764 0.03253980835096235 0.7280521322448413 112.4776221224518
0.7286429053714198 0.052931534167983865 0.6828468946672197 139.18237757502223 -0.016758063371873785 0.9980937528284438 -0.05948056854703076 -8.985442901766943 -0.6846933713866903 0.03189221503986431 0.7281337570338311 113.18034328144836
0.728408697866652 0.05445011470862146 0.6829762692507223 139.84075097580575 -0.017721793501045843 0.9980056056538963 -0.06065855181041468 -9.0512594883742 -0.6849177108517783 0.03207639475999266 0.7279142380395063 113.87557973108876
0.7276777303766374 0.05815721342337065 0.6834506174149183 140.474363575994 -0.021261521115339313 0.9978378303832569 -0.062265241223958157 -9.114765828252363 -0.6855939897315756 0.030773804363965596 0.7273340576819589 114.54968325863709
0.725887951530195 0.06158405506898482 0.6850515778554063 141.12778329791885 -0.023988513122122346 0.9976493428440358 -0.06426040599314656 -9.183956114072243 -0.6873988657453728 0.030208450787580023 0.7256521695762606 115.23689009433146
0.724268287570991 0.06364371506099296 0.6865770634272739 141.7933692137686 -0.026447052372415458 0.9975678893800407 -0.06456660358341348 -9.252014772948305 -0.6890155100329401 0.02860143021174572 0.7241833588510748 115.9368327922144
0.722246573398783 0.06410016537907305 0.6886609818638035 142.45876278129444 -0.02700509588010088 0.997555582675342 -0.06452387184418495 -9.321068764759618 -0.6911124896012885 0.028000535718636057 0.7222056228779751 116.62721164540062
0.7201953530310027 0.0633476010119211 0.6908749539748746 143.13284723470167 -0.027279008085023097 0.9976434659173723 -0.06303319933389445 -9.387976984696436 -0.6932387674483901 0.026545686388937846 0.7202198237730175 117.32021306538422
0.7178179689255917 0.0615930484217769 0.6935027857449254 143.81913360856987 -0.02769092149201074 0.997822003801548 -0.05995339734064076 -9.452376236418374 -0.6956837838021993 0.023827705199592954 0.7179537046546003 118.02093545994298
0.7153470648439928 0.05831633587922136 0.6963332793603557 144.5152409027169 -0.024406771874529606 0.9979940115841633 -0.05850083091626786 -9.517227581452408 -0.6983465698029716 0.02484889551215851 0.7153290329817515 118.71762216438317
0.7121750652564951 0.06299939560738568 0.6991702468552206 145.17644612965285 -0.025175380434137744 0.9976214919146382 -0.06424258627939929 -9.592378192798089 -0.7015534678926143 0.02814586521225073 0.7120613422717469 119.37758408950954
0.7077827152375804 0.07110536025766327 0.7028438669597026 145.82296089051817 -0.028373244351570768 0.9969850097643523 -0.0722850129808196 -9.675419448609528 -0.7058637223895109 0.031215606673653855 0.7076601730702471 120.02541306726985
0.7034866894206031 0.07736312883014265 0.7064863931657821 146.45645560586541 -0.030114971864446005 0.9964147367461189 -0.07911890383499329 -9.760305363085916 -0.7100737017301675 0.03437884473437744 0.7032882104488031 120.6477946336998
0.7000530110083305 0.0752759575925637 0.7101133772418978 147.1259025485932 -0.030593066237225724 0.9966819146076562 -0.07548892874154452 -9.835263503514328 -0.7134389599709575 0.03111717203599916 0.7000268212535897 121.29871276409035
0.6961280092678046 0.07270133073787076 0.7142284381758557 147.80291220539834 -0.03147866976272552 0.9969982057194628 -0.07079871987688477 -9.904737766415781 -0.7172311121283577 0.02679750911572401 0.6963207743387103 121.94815940400645
0.6924526413219557 0.07064810388913809 0.717997575786294 148.50331867837642 -0.032443762904329695 0.9972413981877424 -0.06683019871169374 -9.973952738697818 -0.720737522678497 0.022977840019445438 0.6928284104268628 122.61318580548671
0.6893466436403326 0.07060181143341969 0.7209847397375001 149.18100070548573 -0.03199631175736644 0.9972404166091653 -0.06705696394624155 -10.046880756390872 -0.7237289513306274 0.023152356703267093 0.6896970904974297 123.24679688481353
0.686481196765918 0.06935186999911186 0.7238344856758294 149.86809855558238 -0.03015202294157516 0.997305067128614 -0.06695280615233243 -10.118444395930167 -0.7265266379998617 0.02413261819196194 0.6867157510487877 123.88387609557557
0.6839322754419271 0.0687723964601357 0.7262982905706955 150.53668104600177 -0.026530766320401758 0.9972377574425895 -0.06943928149197708 -10.189930761691722 -0.7290669979708058 0.028218153217326798 0.6838615091376861 124.49585163592563
0.6805684358005356 0.06778360790723979 0.729543666686167 151.21943160122282 -0.02277570052206986 0.997192056069626 -0.07139971471136265 -10.265579994733981 -0.7323340799049495 0.031972029258243155 0.6801953763277407 125.1136428663988
0.6766629198279112 0.06845857628358726 0.7331049474215963 151.9073669728382 -0.01966671992493274 0.9969978706586458 -0.07494374276229838 -10.34712806462199 -0.7360340310261975 0.03628942041377997 0.675972082738323 125.72839258287812
0.6728042584082409 0.06851977299172304 0.7366422403230112 152.60533977790274 -0.019386688344411908 0.9969974547385421 -0.07502532668986972 -10.426647286852939 -0.7395705352951676 0.036191989432781145 0.6721063203863834 126.35252199954603
0.668357386588574 0.06930713289439443 0.7406063236112386 153.31620595618088 -0.019902245586040403 0.9969643876389673 -0.0753315051382376 -10.50776090286602 -0.7435781721043903 0.03560415621920437 0.6677015354872288 126.98413488270567
0.6633987359743241 0.06886119531149001 0.745092966330797 154.02940293932542 -0.018813974958369128 0.9969816433506913 -0.0753840254033613 -10.589430988378243 -0.7480341891035872 0.035987271030825496 0.6626853446264193 127.600397452638
0.6578137588088089 0.07023496006963469 0.7499010159819561 154.74461280392967 -0.019475755536305914 0.9969009885409178 -0.07627909203040778 -10.673066117901296 -0.7529334680121821 0.03556836715377134 0.6571363896342988 128.21361783255003
0.6507989953958528 0.07744541319152895 0.7552922348271537 155.4563662686391 -0.02228284327636709 0.9963090168903759 -0.08295317700931537 -10.763880484675836 -0.7589278068577083 0.03715155438839145 0.6501159026074991 128.81610634027228
0.6435713724958321 0.08380417947783372 0.7607868990900916 156.15832499769473 -0.024525183986313204 0.9957404740879477 -0.08893348476179776 -10.857655115452339 -0.7649980684877038 0.03857229746432781 0.6428784820976357 129.3983107784892
0.6365016418234174 0.0864371810876889 0.766419873055207 156.8729478131878 -0.0246351659921316 0.9954775870028297 -0.09180510157890708 -10.955661083123928 -0.7708874711365806 0.03954860109018871 0.6357450545292195 129.97537057255803
0.6310260612710394 0.08178385815351105 0.7714417122940042 157.60940486253406 -0.025194195627045658 0.9960690644337139 -0.08498279023197465 -11.03624551026088 -0.7753580000825053 0.034185909655963874 0.6305985610832725 130.56213425970705
0.6254664540570415 0.07644627137192313 0.7764999354580137 158.3636685864151 -0.030151192938483735 0.9968188449188478 -0.07384387485834149 -11.106875910848279 -0.7796738279392035 0.02276996110579174 0.625774128402323 131.16415123621695
0.6196701257079297 0.07184752779292977 0.781569626541538 159.13034013168178 -0.028553747823111045 0.9972110096124855 -0.06902591766905915 -11.178366809982306 -0.7843481955847537 0.02045198286337828 0.6199856972577793 131.75095957461664
0.6139607662431336 0.07193172451172626 0.7860553472564024 159.90099259262504 -0.03092625289943806 0.9972719645926333 -0.06709850344098897 -11.250704482344357 -0.788736265033428 0.016881842625688592 0.6145024222700247 132.33858470872022
0.6061983384280846 0.07258187771854945 0.7919981462801722 160.69151005476664 -0.02878896551506255 0.997182847722556 -0.06934398822238717 -11.334650198837927 -0.7947984038725017 0.019230879830105713 0.6065716823195 132.92213523662457
0.5999114156758647 0.07276312795006416 0.7967545409931919 161.47739499987827 -0.02320130820742104 0.9970252252788588 -0.07357692763059928 -11.42163412179995 -0.7997363521903583 0.025649241945744465 0.5998065363687395 133.48878166067408
0.5928457124734945 0.07980005906574907 0.8013564449235308 162.242700888918 -0.021984839226516364 0.9963172988011292 -0.08294364707981071 -11.518600396704194 -0.8050224518914179 0.03155029045807225 0.5924083686884505 134.03903868852782
0.5855181026923997 0.08064768839110348 0.806642001392919 163.01936191061097 -0.01727478441594028 0.996061074118759 -0.08704001230745517 -11.61361352875071 -0.8104823782894005 0.037024608003003556 0.58459629887476 134.57980697717193
0.5795098978224379 0.07567217598619175 0.8114484375342625 163.8056594172895 -0.013753018192409807 0.9964525739522606 -0.08309670353044096 -11.699372467873648 -0.8148561884932561 0.03699129128846953 0.5784863477587231 135.11744161405744
0.5734172518247357 0.0696887211126533 0.8162979887455406 164.60740702929553 -0.00953631618054844 0.9968823425663753 -0.07840056167803643 -11.781628092175549 -0.8192146908565892 0.03716726090747266 0.5722856032747601 135.65439846463593
0.5671114352692957 0.06916417607762379 0.8207362002887634 165.4004947420172 -0.008590852970785118 0.9969173368775751 -0.07806891177083211 -11.86602190140791 -0.823603479919379 0.03721853185641293 0.5659486150584776 136.18237744415
0.5604893677004485 0.06989703967603517 0.8252111026174506 166.1765769774806 -0.008575460683619541 0.9968752033773931 -0.0786066922428281 -11.951632788250553 -0.8281246018690547 0.036977306324257386 0.5593285292773422 136.6927649552059
0.5545558485125538 0.06772749088868259 0.8293899295918405 166.95631724297212 -0.004108928370448725 0.9968996962496914 -0.07865262550009167 -12.035085853054282 -0.8321431536250457 0.040204615751377584 0.5531062127877231 137.19089539459125
0.5498938196613021 0.06123782980640809 0.8329908589015724 167.73364192946926 0.0007095173095182471 0.9972808703310831 -0.0737776190584555 -12.108616150970784 -0.8352413768419369 0.04115680791386437 0.5483466102906716 137.6820606782857
0.5452742685833156 0.05822878162755774 0.836237330886859 168.49431812095108 0.0013828956044988124 0.9975278624266823 -0.07035474730337185 -12.178661879541067 -0.8382640873827963 0.03951566314268056 0.5438372148310036 138.16393382838692
0.5411833857210873 0.056433701570902634 0.839013195061305 169.2753927965047 0.001273937474064846 0.9976964457826166 -0.06792235188780615 -12.248709266850677 -0.8409110689305267 0.037823594128939625 0.5398562885139393 138.65615128864633
0.5362063503815212 0.05791655275039731 0.8421016169231825 170.02506842301926 0.0014080036536997227 0.9975871367895335 -0.06950069923546197 -12.323683099474682 -0.8440928558991574 0.038448882896726676 0.5348227721433735 139.11924968139468
0.5324905607864107 0.06076332771807911 0.8442552508278968 170.7606500468401 0.0024826311454412436 0.9973100017996454 -0.0733392058009026 -12.400497166817297 -0.8464386435847052 0.041145109251888676 0.5308995356907849 139.56761727854564
0.5289605350955463 0.06664076425758901 0.8460293644248704 171.48931458567907 0.0018164068167846386 0.9968273698593696 -0.07964881115621084 -12.48429765663951 -0.8486512348067227 0.043664323309076075 0.5271532131168954 140.01138497144598
0.5259767421827836 0.06837615671175606 0.8477492099215685 172.20300188035162 0.0008468668021075934 0.996726807412763 -0.08091198579060864 -12.561923016553624 -0.8505053522092227 0.04327214138492961 0.5241892938168063 140.44601911164403
0.5241967023146862 0.06411187638287044 0.8491834715202348 172.95607091258643 0.0015703781904258876 0.9970935776045435 -0.07624314191703084 -12.630614092016799 -0.8516024438309434 0.041296083481764854 0.5225645989589343 140.90118513778674
0.5233333408776158 0.056081300760049226 0.8502837679830463 173.7085649891362 0.00596026949664278 0.9975726059482506 -0.06945925370843377 -12.690643626831188 -0.8521139778557781 0.04141433717613541 0.521720874054292 141.35181917908858
0.5223418936756056 0.05027824006221012 0.8512560263575499 174.45915350145967 0.010531657323226161 0.997810255561197 -0.06539111735268896 -12.749411401938275 -0.8526786213297771 0.04311857590781935 0.5206605789541491 141.7971113028831
0.5212783244275818 0.04929459133286262 0.8519650502747816 175.20420038161205 0.015196924343663123 0.9976418834819444 -0.06701620499381586 -12.812830937419449 -0.8532588516517837 0.047878051837462236 0.5192921065537767 142.23565256483886
0.5197889209673874 0.051965635074627106 0.8527160967307025 175.86153716439614 0.017071364567219888 0.9973232592787237 -0.07117876101178032 -12.87770841779673 -0.8541317563694627 0.05155180307305851 0.5175025194123544 142.6232309675272
0.5177950483226489 0.05894469932151773 0.8534756628451593 176.55705007956777 0.01501313949653271 0.9968499696053863 -0.0779495947209237 -12.955285991008669 -0.8553811696193229 0.05317165297052518 0.5152708107461272 143.03820923555693
0.5159414896605893 0.0663230404509344 0.8540561174944827 177.22957217241185 0.014065551465535248 0.9962141680157921 -0.08585425531627057 -13.039315662274834 -0.8565163350132027 0.0563048492620253 0.5130473759271228 143.4342936775717
0.5149391640211809 0.06802727607691714 0.854526819653525 177.87875679464037 0.017409551738009704 0.9958169399279296 -0.0897609190845024 -13.11572322930541 -0.8570580415630352 0.06109465711230199 0.5115927466931703 143.80992045311677
0.5137665587309942 0.06269640287501672 0.8556400545715208 178.55079902305252 0.01723099344416066 0.9963773489050097 -0.08334969629762098 -13.177629891559434 -0.8577652170139024 0.057562241866496965 0.5108169321246746 144.20655771720575
0.5113044185980516 0.05522339198577689 0.8576276128177792 179.26272253843146 0.009736931019466825 0.9975032428238709 -0.07002974831907555 -13.228083338371066 -0.8593526984670291 0.044153765804002605 0.5094820347181208 144.63487488039442
0.5096385415601822 0.05095445938311917 0.8588828628155883 179.93692320764055 0.002949369800718283 0.998141832904961 -0.06096084139288383 -13.272415894055648 -0.8603920230769948 0.033597852155755295 0.5085331379345299 145.03622012310228
0.5085535635219439 0.05241805473828312 0.8594380046322041 180.58984859894792 0.0022089300881845283 0.9980690382783579 -0.062175096704287836 -13.330487549617555 -0.8610364597325862 0.03351436446487393 0.5074473976688146 145.41325554227512
0.507090891048249 0.05549441507596343 0.8601086031449173 181.24366528849063 0.004430268435477035 0.9977503809866327 -0.06698185809464142 -13.392573153431188 -0.8618898203119758 0.03777273421407898 0.5056960168563566 145.78500403227736
0.5056666870694264 0.05723328556973126 0.8608330718731241 181.8809652183142 0.006103471279725545 0.9975412711276777 -0.06990254909083987 -13.453268237042717 -0.8627163160768122 0.04059790625400266 0.5040657524546512 146.14909525864394
0.504439222822959 0.05657060769101524 0.8615968940595068 182.50678185616167 0.005887859749997173 0.997609662777598 -0.06894314306166921 -13.505820167169404 -0.8634364645385486 0.03984724950459656 0.5028916502487317 146.5110020563563
0.5031525671354921 0.0561380550723333 0.8623770876689862 183.14883962889954 0.0056542898126230486 0.9976594028404517 -0.06823854765967935 -13.560049506217574 -0.8641883643214405 0.03920709065690588 0.5016488343659796 146.88115581048413
0.5021704814006123 0.05581879850104856 0.8629702753895752 183.78522310144868 0.005803690208397561 0.9976813845343998 -0.06790464664118684 -13.614032619782941 -0.8647587657299486 0.03910484774568837 0.5006734511246842 147.2455924128672
0.5002525836050895 0.05569485463939051 0.8640917315855693 184.41109350472414 0.007541581490545465 0.9976183992387647 -0.06866293763020576 -13.671552128618208 -0.8658569786883056 0.0408626446540138 0.49863181859448735 147.59836000235708
0.49732113804353795 0.0568035678988232 0.865710465045194 185.0228818648616 0.008385366740302038 0.9975003865461655 -0.07026433636794334 -13.72778001376063 -0.8675365313020164 0.04220055911180151 0.49559206415045476 147.93834606777943
0.4929448258068798 0.05792650137792871 0.8681354162330254 185.63131037374512 0.008620882738805836 0.9974144307244612 -0.0714442384666017 -13.786305717102488 -0.8700278735405399 0.04269965011501561 0.49116166841449993 148.27284903233758
0.4879398212034165 0.05906403511145954 0.8708818968408008 186.24815193002004 0.009010933894511547 0.9973210649071975 -0.07268483624635057 -13.84777878821303 -0.8728407065083074 0.043310894001538695 0.48609148060875995 148.60632824424437
0.4823423590611821 0.060827474868521206 0.8738735917213856 186.85059294679255 0.009275358916185682 0.9971825930987422 -0.07452711422358786 -13.909782912378999 -0.8759438603510664 0.044050653597181355 0.4804102541821084 148.92691679214585
0.47614495713230637 0.06378042648448379 0.8770560560491286 187.44292725188703 0.010875879330772371 0.9968695937369834 -0.0783950512476376 -13.97419672437189 -0.8793095810361361 0.04686363473361187 0.4739520617795807 149.23360869702532
0.4694933502203598 0.06651000516789991 0.8804324542746925 188.05721530638996 0.01271967495463141 0.9965522885563067 -0.08206224634094739 -14.042055537481765 -0.882854428728316 0.04972407258290174 0.467019970743558 149.54530587987387
0.4628789144155016 0.06811130696498799 0.8838060071290758 188.67477069148518 0.012062546703736366 0.9964738543913881 -0.08310898099772876 -14.109337827550979 -0.8863496298333203 0.04912785697463579 0.4604162331486631 149.85808062928527
0.45676428389136575 0.07015200454260588 0.8868221203787627 189.31207054951875 0.0087947951341196 0.9964872636572253 -0.08335448856955775 -14.17351589525449 -0.8895542957816542 0.04587034441881476 0.4545338686514969 150.17901964732508
0.45070665857735753 0.07162882671613367 0.8897986279992047 189.95683567955953 0.006275951506212989 0.9965032496608565 -0.08339478965920669 -14.238910929379776 -0.8926600593845084 0.04316850199685136 0.44867197342579984 150.49643904778785
0.44448466938697173 0.0719469616023196 0.892897240001993 190.59317116548166 0.006524943294849241 0.9964894826452744 -0.0835395467664314 -14.307369993283839 -0.8957726063452802 0.04295568646832835 0.4424458009833477 150.79884599544062
0.43698075561638533 0.07464121583152775 0.8963732370066806 191.2543265156923 0.005757506116632875 0.9963050058182616 -0.08576663938067978 -14.38203419406908 -0.8994620315067422 0.042636652448487064 0.4349273451048491 151.10814178760864
0.42858283875959857 0.07972603102203017 0.899982685141519 191.92667989948535 0.003298879363348942 0.9959611496864255 -0.08979645107620603 -14.45971329477602 -0.9035060818757806 0.04145153419137268 0.42657974767596835 151.41832634681964
0.4207097558641742 0.08320504902264879 0.9033761599917357 192.59966497159326 0.0014357229022363394 0.9957293056544471 -0.09237710981040341 -14.53826490918868 -0.9072036757018691 0.04015837379708557 0.41878464506947577 151.72115823917906
0.4135250188572124 0.08520395910157255 0.9065019836081412 193.26384828070888 0.0004292816899281023 0.9956000744745036 -0.0937714724822597 -14.616371198555584 -0.9105020217425044 0.03916334307776593 0.41165986590325954 152.01282220352948
0.4059353317801683 0.08720647348973234 0.9097362915217911 193.9295142132142 5.168481278636564e-05 0.995441443459989 -0.09544228125153689 -14.696378530519015 -0.9139109571123913 0.0387877106528758 0.40407118515703155 152.29624728133567
0.3986465266189772 0.08878898763922799 0.9128014606085189 194.5955510826948 -0.0006924890794182588 0.9953384519803261 -0.09651172290799422 -14.776153416909366 -0.9171134973282041 0.03783923079972027 0.3968403624956547 152.57455315574992
0.3916277417502129 0.08891895317448743 0.9158220235050257 195.2313929455164 0.0024909598397290416 0.995221185068179 -0.09768947000821124 -14.848232988081106 -0.9201293937961039 0.04053681550039542 0.3895252428890286 152.83019307476863
0.3851349495855929 0.08862506443585201 0.9185995180925438 195.89369765567577 0.0036037768405702076 0.9952338045644878 -0.09752589191578069 -14.92224709617433 -0.9228619719536038 0.040868671546155436 0.3829704682252363 153.09264340655503
0.3788182138431265 0.0863489508827311 0.9214385730585991 196.592919052424 0.0043310876400421945 0.9954691566007657 -0.09506342545140341 -14.997154527216798 -0.9254696647398433 0.04000019576154817 0.37671841907430287 153.3646506961955
0.3726828752663915 0.08373044220972715 0.9241780089576703 197.3015674905154 0.003467175130949229 0.9957959319173858 -0.09161361851610816 -15.069746699314805 -0.9279609974404499 0.03734463573316116 0.370816352608683 153.6382593616716
0.36700328680845673 0.07972575453620348 0.9268014972440495 198.0347882038738 0.004077915429051627 0.9961807373961796 -0.0873050513907885 -15.140023727246657 -0.9302195873775445 0.03581833297892155 0.36526706255581143 153.915505764773
0.36118795440115525 0.07589067219547478 0.9294043749757605 198.78026708230115 0.007580427587819183 0.996418820975049 -0.08430486161484153 -15.210631618644602 -0.9324710038784872 0.03749299550119945 0.35930957423259646 154.19170793012685
0.35608350284001244 0.07120168354752546 0.9317422646283288 199.58800550347493 0.007558366413124404 0.99684896027626 -0.07906172965610476 -15.27719446492719 -0.9344324843642916 0.03519317588332837 0.354413629870625 154.49435995177373
0.35072324650231096 0.06665752178747723 0.9341083314814209 200.40191238953224 0.008416182719475187 0.9972068454796207 -0.07431675168464745 -15.342331435167399 -0.9364501575236228 0.03392417544382974 0.3491725376963718 154.78946813611904
0.3448765859106829 0.06591394163171324 0.936335527630082 201.218088412694 0.0121408844605816 0.997142832440086 -0.07466278135883234 -15.414422819898542 -0.938578618935059 0.03711556334062939 0.34308086327117715 155.07817915360462
0.33902593152872323 0.07286280264299964 0.9379560405556692 201.9981377718349 0.014349951252330554 0.9964882499856424 -0.08259283942618958 -15.498435170947783 -0.9406773280297367 0.04145867083314301 0.3367793876190339 155.34892890839356
0.3345290753159525 0.083109384910043 0.9387186391146861 202.79431463838367 0.017250454732627398 0.9954051780001881 -0.09427214641704157 -15.596002448015861 -0.9422376594215355 0.04772778760649003 0.3315478894605084 155.62096710974964
0.3300763169090376 0.08920916712612498 0.9397342366644278 203.5742578226801 0.02135244641957996 0.9945723186000356 -0.10191149290227036 -15.69193283235182 -0.9437221792784138 0.053701849442902995 0.3263697724850802 155.88178681372466
0.3255025783702214 0.08448792177849684 0.9417637543193795 204.39164462667668 0.02614489868234038 0.9948230129278013 -0.0982812948675988 -15.777098464102588 -0.945189058975377 0.056610723451083596 0.32159836848224727 156.15159100564668
0.321195137019599 0.07750876124231901 0.943840449720243 205.2410550570565 0.03156797002310928 0.9952227077937299 -0.09246803258891777 -15.858043430825713 -0.9464958123408347 0.05949286562031464 0.3172037715566437 156.42750155970091
0.31593543245322786 0.07299621137646212 0.9459732559334548 206.1045969710272 0.03291415137803916 0.9956005663452354 -0.08781545470877543 -15.93806052738056 -0.9482190835343353 0.05887750014203976 0.3121328174856089 156.70509944924027
0.3099274311157591 0.07908390445962453 0.9474699894391604 206.96733957445878 0.02946610445347916 0.9952651981284839 -0.09270882886896738 -16.032792008036107 -0.9503127961271007 0.05664892526092322 0.3061196533916618 156.98241793716193
0.30368167027310233 0.08719849634033218 0.9487793405673968 207.83190543785727 0.025849234931227556 0.9946907269941886 -0.09968864168602365 -16.13273741342373 -0.9524322317036024 0.05479625608731552 0.2998053473576745 157.2603490557942
0.29746072380489746 0.08994440540820992 0.9504919148436316 208.71323799063757 0.022699085712746862 0.9946128977750216 -0.1012203278158279 -16.23154033247139 -0.9544731817030586 0.05168192918178392 0.2938068733495726 157.53351496934079
0.2920986932800261 0.08587176229319834 0.9525292610971349 209.6223948475436 0.020579837465593043 0.9951740382548665 -0.09602396291633261 -16.321447207831255 -0.9561755671066534 0.047648925340013866 0.2889120759214402 157.80643879282516
0.2866551518436269 0.08239235701412043 0.9544882401208524 210.53738094571887 0.01920176362825836 0.9956087789586436 -0.09170544669399827 -16.411328793365524 -0.9578502260371046 0.0446132179071247 0.2838046884853865 158.07291204801308
0.2804013503279981 0.0833071525528354 0.9562649527667385 211.43461037129944 0.018372838165122047 0.9955863358854826 -0.09211726939138516 -16.50690774819157 -0.9597157204520078 0.04339665852659143 0.277623658949357 158.32676123674767
0.2740466028124943 0.0868443463221757 0.9577920536964707 212.3184160179237 0.01706185623550352 0.9953272984422308 -0.09512624007915932 -16.606333562315527 -0.9615744064616047 0.04240786116021796 0.2712743095752857 158.570438887447
0.26833400266918406 0.08692783555277803 0.959400438274164 213.19557024017018 0.018424123796012937 0.995283702530697 -0.09532865739938139 -16.701881900890488 -0.9631589370419881 0.04325302175270029 0.2654568250329607 158.80230459027416
0.2627685150700132 0.08644820715218801 0.9609828430550931 214.09737077042965 0.021110107950516967 0.9952334486769333 -0.09529806867346965 -16.798273679060237 -0.9646370172960728 0.045324937731081594 0.2596810951214621 159.03657711741144
0.2578142183869939 0.08622022135998915 0.9623443717309237 215.02383883820258 0.021510238631170076 0.995260480161223 -0.09492827150825618 -16.896108400307607 -0.9659641906111192 0.045171482629422825 0.2547276936659105 159.27624574119744
0.2534233049890021 0.08593185259218868 0.9635357987855975 215.9512953639729 0.022229530193688705 0.9952755829858407 -0.09460547205853062 -16.99424825782084 -0.9671094582909737 0.045391753237092214 0.25030578918466106 159.50921711370614
0.24946419510089823 0.08559726229721062 0.9645982447832612 216.89345921653506 0.02252112100472724 0.9953130082773481 -0.094143572363276 -17.092929637825065 -0.9681314301996206 0.04520718945513518 0.24635731972372185 159.74423983241238
0.24665592150456706 0.08450842431323181 0.9654161560348568 217.83590020571413 0.021510062722134966 0.9954772933640469 -0.09263163663247431 -17.1877075900626 -0.9688735045825762 0.04361228660336309 0.24371285073947907 159.98125191220487
0.2440437672110159 0.08224900286250918 0.9662748572121191 218.78152298458792 0.021175051102721474 0.9957169027820831 -0.09009908884565108 -17.27982960158073 -0.9695426042030585 0.04244729857789505 0.24124730345077672 160.21382463760057
0.24181480570042602 0.0824458581771148 0.9668181851215337 219.70867194388404 0.018773318185696188 0.9958091002363937 -0.08960952008903503 -17.370188645003974 -0.9701502517215054 0.03981757071255854 0.23924410944328164 160.44421379983865
0.23983201014407657 0.08482654098270868 0.9671060432319616 220.61939007046618 0.016715679631929947 0.9956763327488859 -0.0914739217295719 -17.465199853884744 -0.9706799733256699 0.038102524393023134 0.2373675983105167 160.6647285676471
0.23843506884288523 0.08546884079874587 0.9673947637494001 221.5304956239062 0.016174580002586748 0.9956415560603452 -0.09194702483068633 -17.55944989324093 -0.9710332043251515 0.03756890968151623 0.2360039544735086 160.88252422042845
0.2369830192056539 0.08546288957236878 0.9677520481070355 222.4479879641413 0.016204063770580177 0.9956464312531699 -0.09189051388508049 -17.649758739799918 -0.9713885148103486 0.037456425039547485 0.2345566798227625 161.0991401400417
0.23621475888087587 0.08489099566380161 0.9679901109247578 223.40250295890993 0.015958890568250516 0.9957127314129048 -0.091212934657154 -17.742071251808767 -0.9715797195425119 0.03699255316955982 0.23383739681317997 161.32675076620316
0.2356073803000963 0.08027260275977963 0.9685326870082336 224.3445071253084 0.01677668995402053 0.9961085374680595 -0.0866347209862775 -17.82588181694652 -0.9717139521020292 0.03665973248118965 0.23333441433969213 161.54995578019935
0.23492044341511314 0.07938743435620431 0.9687726579184628 225.28293203145256 0.018691470787893755 0.9961160860720873 -0.086156207849942 -17.913459394307676 -0.9718456094714527 0.03834721058230385 0.23251475160618104 161.7681538155009
0.23379513433846366 0.08068512150112672 0.9689374340619354 226.22354470175742 0.0162920587090151 0.9960957376772096 -0.08687317283472597 -18.00403524020917 -0.972160146968945 0.036096142384177424 0.23155845897460808 161.9920766099111
0.23185265889396103 0.08726866048841833 0.9688334471499047 227.1266519002042 0.015379925857149857 0.9955240222824848 -0.09334906524312796 -18.10500038578145 -0.9726399923484944 0.03654323436129412 0.22946334955471925 162.19786406340828
0.23043248129554147 0.0892545249857117 0.9689915559242734 228.01525446393723 0.015083092791835992 0.9953472742346317 -0.09526495326601565 -18.201313078445033 -0.9729823534960177 0.03656707315895263 0.22800443775457901 162.39891753709176
0.22776653782087708 0.0903298968072994 0.9695224466522024 228.92431433915633 0.014130705243138426 0.9952864905112696 -0.09604615735815848 -18.299057529258555 -0.9736247414423045 0.03557567667076353 0.2254061866322098 162.60599961844187
0.22576378068627664 0.08646647054121775 0.9703430567156048 229.83870227090975 0.013095305411427236 0.9957042924856215 -0.0917692025819964 -18.38654651108972 -0.974105762842242 0.03342490686304456 0.22365148454339595 162.81336015321253
0.22346330935165404 0.08175548564328762 0.9712831776844829 230.76964402608374 0.012892037274402432 0.9961511886247445 -0.08681105452239747 -18.470065916017347 -0.9746383447476237 0.03192053135277306 0.22153897756300758 163.0182317606818
0.22041185859367535 0.0778803947716828 0.9722985411895368 231.6981735711419 0.013047323276258392 0.9964927693026526 -0.08277214356697604 -18.55294561505358 -0.9753310079338698 0.030929578253701115 0.21861259221178853 163.21846415881097
0.21623517010353607 0.07816044477021707 0.9732134089177922 232.63005709641132 0.012754961087799045 0.9964885444362868 -0.08285983955804552 -18.641328505621157 -0.9762690491341464 0.03032972604845897 0.21446884372027347 163.4173457487255
0.2123705124109183 0.0787878328846286 0.9740134736734573 233.55733160043968 0.01297452208890965 0.9964384685145329 -0.08342665874480494 -18.732127924101714 -0.9771143261618075 0.030354313938387095 0.21058165287525846 163.6071788149146
0.20860451960883553 0.07895745002815888 0.9748134071958533 234.47703920859345 0.013505003319760484 0.9964177366405621 -0.08359336208658322 -18.821475793084335 -0.9779182086271486 0.03060248798867947 0.206780665769231 163.7916098512675
0.20446098301605278 0.07866078954077114 0.9757148944097158 235.4177873432 0.013689601212520162 0.9964485847574304 -0.08319694601718508 -18.909511434875135 -0.9787904252347538 0.03036735378651206 0.20264771689965957 163.97887312022866
0.20077095916960547 0.07796293807991637 0.9765369703165385 236.35285899470094 0.014091564229765315 0.9965053971051945 -0.08245014588439122 -18.996019057672083 -0.9795485874054665 0.0303146684658563 0.19896041495137365 164.16023250512913
0.19765977081037311 0.07764092391838 0.9771970590331653 237.28195622885752 0.01411182993308792 0.9965398652530418 -0.08202806449896051 -19.07704927641306 -0.9801809610434856 0.030003847365987657 0.19586983529785537 164.3396740389654
0.19359704607356443 0.07803736869126536 0.9779784860360349 238.20232948778315 0.01370172249741019 0.9965291347137362 -0.08222577469735588 -19.1612630751023 -0.9809968667121651 0.0293185095076808 0.19184572409056597 164.51414533633925
0.18950703316669115 0.07856322028817049 0.9787373951526811 239.12955149608328 0.012908926922031478 0.9965182691487374 -0.08248579339773941 -19.247291406983237 -0.9818060091987801 0.028265856221314802 0.1878228319128859 164.68647315710515
0.18570226729241143 0.07824704751539407 0.9794920949138542 240.0834585847962 0.012591661509263732 0.9965632164535256 -0.08199390327572081 -19.333310971617585 -0.9825370152578106 0.027559978876733355 0.18406853426351302 164.86074774050277
0.18249637418451486 0.0790108944580856 0.9800334107871017 241.02988990593195 0.010489275131736276 0.9965631031291451 -0.08229267747315079 -19.42038606564568 -0.9831623955231981 0.02529813991868767 0.18103009852108026 165.03240854535255
0.17882983995639234 0.08321798987165348 0.9803611539745569 241.9493936905477 0.006836032866366282 0.9962977120403335 -0.08581384186670091 -19.510981443103468 -0.9838681714199651 0.022048079768327036 0.1775887266922792 165.1964427118164
0.17564772603681858 0.08840594737971309 0.9804825066037647 242.84436672939387 0.005236160799931239 0.9958717970197537 -0.09072767678694238 -19.605775811679024 -0.9844514721292065 0.02107003343143633 0.17444942087927262 165.3489238379765
0.17290592773749078 0.08982513672834769 0.9808410345471078 243.73490368599417 0.00472882850591806 0.9957558195510156 -0.09202057077088618 -19.699994583978143 -0.9849396530717573 0.020549145535416622 0.17173673767756123 165.49726444579193
0.17059648645938735 0.08714891563339244 0.9814863835851356 244.63945701414966 0.0041485063181548746 0.9960184834016073 -0.08915635545514668 -19.786165753081583 -0.9853447564835609 0.019281273191281652 0.16954486760765708 165.64930059939545
0.16840517089640686 0.08379145034705954 0.9821570527592627 245.5508880833475 0.004727134203420166 0.9963103832683563 -0.0858051053372355 -19.86954123786379 -0.9857192729951116 0.019092868447280587 0.1673770353950828 165.7974956506974
0.16652014043086072 0.08043643334401596 0.9827588644298445 246.48005594160819 0.005357874225182341 0.9965885930885505 -0.08247213923425867 -19.95142716410444 -0.9860362245957979 0.018998812816882614 0.1655102815986357 165.94659260249506
0.16413854127959743 0.08009414044374068 0.9831876356119338 247.41592139628932 0.006269941790597068 0.9966036914295422 -0.08222979354187601 -20.036623353217788 -0.98643054729108 0.019662232200223957 0.16306794379062758 166.09267697759108
0.16159872492486482 0.07988276857498365 0.983625534275492 248.3519031627221 0.00707324721415557 0.9966093485455945 -0.08209527255187107 -20.12233028147674 -0.9868443497252333 0.02022437982037956 0.16047485022048916 166.23677335457845
0.15773420657957724 0.08085423967420145 0.9841734947060684 249.2661749219238 0.007384000473260502 0.9965281053334452 -0.08304871946629204 -20.2107693452399 -0.9874676075350335 0.020367294719475734 0.15657842076237483 166.37329410343287
0.15296235758120574 0.08319976579160734 0.9847308421377613 250.16179156956863 0.008320104480187995 0.9963158295919061 -0.08546751381274904 -20.300005753068703 -0.9882101258253384 0.021267016236285363 0.15169581459626302 166.50064654324737
0.14956456835460108 0.07665129232105462 0.9857836348806891 251.15096619114405 0.015979536034137914 0.9966829131590198 -0.07991966450682383 -20.386972970108634 -0.9886359484443751 0.027706385946459938 0.14783287456622293 166.62346168085855
0.14567295409131253 0.0719992023897503 0.9867166749281829 252.10786370543238 0.016498114382777214 0.9970428544088891 -0.07518482321275474 -20.458294863686067 -0.9892081317492822 0.02723213843334428 0.14404374995660546 166.7564273909277
0.140234234899615 0.07228886450953217 0.9874832315072316 253.04430480823407 0.017957029858550595 0.9969915463319352 -0.07553149719090765 -20.538600138812285 -0.9899685214161076 0.02832519933043337 0.1385036939775427 166.87733079582944
0.13658918521890173 0.08320260934509548 0.9871345566671107 253.9819485550517 0.020167897708561807 0.9960364582914578 -0.08673992004426824 -20.64234758266503 -0.9904350917100794 0.031756912561524527 0.13435951165588253 166.9907346562835
0.13107563857306725 0.09412658946351989 0.9869010125751249 254.89360224126625 0.02211621621422016 0.9949670940407651 -0.09782973009016876 -20.75324880681497 -0.9911385826288873 0.034650181201132155 0.12832384910157693 167.0960297956584
0.1245353967373838 0.09881687044464044 0.9872898819792092 255.7637136406639 0.0216713040139669 0.9945304613126307 -0.1022714102108734 -20.854263029041434 -0.9919919774609611 0.03413240808846122 0.12170205784545682 167.19596995521434
0.12003450655357871 0.09427034659214584 0.9882921259617652 256.67004967157135 0.02085059556837747 0.9950332767261718 -0.09744207254260501 -20.944570546817182 -0.9925645179876197 0.03230338894216129 0.11746272937448368 167.29758613358592
0.11628306101537535 0.08833463410014206 0.9892881281383132 257.5707792878879 0.02025195503413525 0.9956297107775202 -0.09127803820105239 -21.027804415890994 -0.9930230532145031 0.030649696441128554 0.11397579393112985 167.39307806776995
0.11145218207394542 0.08413643792628034 0.9902094899484023 258.4836936329928 0.020124232247792778 0.9960246542339527 -0.08689223954423524 -21.1105558762293 -0.9935793091907839 0.029612146997816537 0.10930573385803645 167.48554710233407
0.1052124591499021 0.08449931933919295 0.9908611992300654 259.3897631215566 0.018758526048585536 0.9960485326286757 -0.08692963206368041 -21.196607702383588 -0.9942862072055071 0.02773362464322716 0.103201365235309 167.57420461383103
0.09891856771863244 0.08266807960080638 0.9916631676990801 260.28842660814286 0.016802131375537273 0.9962729199172593 -0.0847246177275102 -21.278312020522932 -0.9949668853350838 0.025043352024449718 0.09715031823402152 167.6529318409395
0.0929418597730969 0.07846118251788761 0.9925821786538621 261.20458444939703 0.015409137090917456 0.9966676928876748 -0.08022346693100348 -21.3555855650437 -0.9955652644650996 0.022751279580360495 0.09141217405526929 167.72738579254792
0.08687600353342578 0.07502998234265919 0.993396360825183 262.13514890027915 0.015369554267206032 0.9969500505682655 -0.0766392375321586 -21.432817547746993 -0.9961134228250176 0.021926391202720868 0.0854465355072032 167.79480251231064
0.08033205189090169 0.07625602595790332 0.993853646042442 263.04299842279147 0.019791272528391312 0.9967613297931451 -0.07807513901130046 -21.514198915426174 -0.9965847427423612 0.025942260773441736 0.07855143681594799 167.85155361713117
0.07339506369788515 0.07988661177706169 0.9941049487960374 263.9391009249785 0.022314426486719278 0.9964162908979695 -0.08171592451511416 -21.600262969271174 -0.9970663417950452 0.028181043614198903 0.07133811691844595 167.90330012654476
0.06659419224844867 0.08124877519478048 0.994473193340413 264.81370496369385 0.025442537089770925 0.9962273935743365 -0.08309200180945674 -21.68379976681104 -0.9974688428028651 0.030835961094928005 0.0642644627897465 167.946827923749
0.060576701971528805 0.07959316269970956 0.9949918523049148 265.6923690986173 0.025727379529466028 0.9963709964988424 -0.081265450426647 -21.76169026081631 -0.9978449763514278 0.030521973009629486 0.05829779305328892 167.98791534098336
0.0547598789271158 0.07703528320790291 0.9955300818215642 266.58902899452926 0.025547341389504055 0.9965958226560745 -0.07851865418385892 -21.833827868281997 -0.9981857184664727 0.029733500010743957 0.05259412938936674 168.02575630088342
0.04857856387838041 0.07629109553089466 0.995908317531049 267.46978813561964 0.027361306810567938 0.9966141382488439 -0.07767521520035471 -21.906721807143594 -0.9984575478022033 0.031023590001323573 0.046315503918159 168.05487531421977
0.04267242800649769 0.07795326130660514 0.996050155693173 268.33964523019455 0.02886827731673139 0.9964503193449781 -0.0792167111335011 -21.987026882920528 -0.9986850956684532 0.03213551677098769 0.04025947972951312 168.07910338853114
0.037155458253147804 0.08157945120713571 0.9959807536932808 269.1959349022951 0.028918276710071505 0.9961682434476355 -0.08266890654845913 -22.070528257360625 -0.9989040461076282 0.03187471011781424 0.03464304923278399 168.0995833155114
0.03304541950280774 0.08252731164984412 0.9960474804435216 270.0498255441757 0.03021124216794861 0.9960589496406107 -0.08352572928655963 -22.15133841544905 -0.999010318033302 0.03285342283309703 0.030411058047651422 168.1163898061905
0.030628773585757912 0.0816366264256144 0.9961980642148246 270.9088822220281 0.03400698935887201 0.9960085906415663 -0.082661838930211 -22.2253369494946 -0.9989655298548118 0.036410863914643335 0.0277194902584342 168.13253197548207
0.029218932817783413 0.07900198071435185 0.9964531291138043 271.7740953200641 0.03413294783360969 0.9962233898583579 -0.07997980608026703 -22.29661665267056 -0.9990038568847861 0.03635028266774191 0.02640123442179428 168.15313728563046
0.027634853837342398 0.07786858359541482 0.9965876602363097 272.6646718422519 0.03433803970294278 0.9963109155014056 -0.078794257788959 -22.37010000457518 -0.9990421496781768 0.03639993821243687 0.02484822503191989 168.17149630536153
0.026105345766927204 0.07744757393867142 0.9966616880709082 273.5449144194097 0.03467806905736601 0.9963358391181998 -0.07832562859707076 -22.44274045021486 -0.9990716801644969 0.03660853608867935 0.023313169289042188 168.18814634119013
0.02527040684372808 0.07878946401033834 0.9965780934588718 274.4375305421597 0.03583907785882609 0.9961887395418734 -0.07966243585182513 -22.52152012732206 -0.9990519333329303 0.037731004168545794 0.02233957147587122 168.201994632958
0.02486848012606788 0.08000664665962869 0.9964908801016088 275.3134424306264 0.036252740176507425 0.9960760458981931 -0.08087303308648969 -22.599519275256156 -0.9990467779651754 0.038137967877740604 0.021859858336040393 168.2166378073983
0.0248804868512407 0.08196406698899912 0.9963314846822148 276.18827782513875 0.03896326001063735 0.9958080749581186 -0.08288898880015823 -22.67625266845936 -0.9989445953019099 0.040883834094388644 0.02157201124564565 168.23175701968378
0.025295992832851173 0.08276792544151995 0.996254526261954 277.0434242765583 0.039757650618085866 0.9957066635229517 -0.08372715948170947 -22.751745263964796 -0.9989027866987272 0.041727862172956466 0.021886167708042574 168.24963611655735
0.02590086973464949 0.08301941195351135 0.9962179670059209 277.88506296227604 0.03972542438632141 0.9956844964314637 -0.08400318746064585 -22.825425051819096 -0.9988885787786275 0.04175229165374739 0.022480430692856004 168.26964765960628
0.027077545650037425 0.08311048462181828 0.9961790713390151 278.7382653740612 0.04011227561321561 0.9956563164912051 -0.08415273834224754 -22.89932915633329 -0.9988420973783237 0.042238967924903684 0.023615548224274682 168.29076958746495
0.029753232254071615 0.08210569415916213 0.9961860068111767 279.57340108476814 0.039673106516038156 0.9957493662343548 -0.08325022741367838 -22.968490462788335 -0.9987832288863803 0.041999988518050924 0.026358790438032076 168.31641815075622
0.03322463950387246 0.08003490854224009 0.9962447062984847 280.38650470653727 0.03896554445568481 0.9959379412887777 -0.08130541623563321 -23.032975336722263 -0.9987018126396219 0.041521839130387546 0.029960517839250352 168.34397008322856
0.03723345666553234 0.07701959880425614 0.9963406348799959 281.20892490884376 0.037870230696176836 0.9962115043902829 -0.0784204296080834 -23.0939782284885 -0.9986024521205026 0.04065289501569324 0.03416509057080058 168.37882917671155
0.041786676239918455 0.07420884085341223 0.9963737024395636 282.05116807090053 0.03657990267657136 0.9964667083870109 -0.07574524026403359 -23.156020066541082 -0.9984709203001129 0.039613972890272166 0.038914443693429134 168.41874273907547
0.04606669794855322 0.07209507701699286 0.9963405533786556 282.86099180194265 0.0347488623761991 0.9966840356387323 -0.07372191693722116 -23.214553769495783 -0.9983484180341813 0.03801940104516589 0.04339890055653616 168.46311732424846
0.05011126220309648 0.07185603490251846 0.9961626695455619 283.66311062405254 0.03026987732689214 0.9968520954626424 -0.07342373144716301 -23.273531000910907 -0.9982996440090401 0.033834706597584835 0.04776861171176205 168.51616019567928
0.05322690304062337 0.07275999375298592 0.9959355342231194 284.43969961249024 0.027598466336818627 0.9968648378270464 -0.07429810444028015 -23.33319177541465 -0.9982159256159343 0.03144258474812568 0.05104206880342066 168.5662110269418
0.058157716443116084 0.07224045732518804 0.995697524603288 285.2042623285175 0.026980247788566156 0.9969113173895451 -0.07389938791807038 -23.389278345104984 -0.9979574236061997 0.031163556262299597 0.056019268450667736 168.61602445474958
0.06277737110068306 0.06986228417371228 0.9955868554660441 285.97299227902664 0.02593498129298788 0.9971069918246712 -0.07159933077644508 -23.441078600411206 -0.9977057559452523 0.0303170291291848 0.06077416717685887 168.67151741116905
0.06665798618925897 0.06707020325196796 0.9955265665330291 286.7271406228627 0.024111907986910625 0.9973494323098766 -0.06880257352775869 -23.488913712412604 -0.9974995690440454 0.02859205711969324 0.0648543194127352 168.7320339901166
0.07060096043855574 0.0651224051958758 0.9953843968669792 287.4870032922924 0.02174993905511195 0.9975398730566332 -0.06680148051928361 -23.537631636021274 -0.9972830547835259 0.02636762350818604 0.06900108008999686 168.79696519965574
0.07471750280112448 0.06578125893312635 0.9950405385608847 288.21961455725796 0.022288185059595393 0.997473379421202 -0.06761102971788265 -23.58838810746789 -0.9969713192586488 0.027231284687287145 0.07305277075286995 168.8561928339501
0.07856502646489905 0.0663255063367827 0.9947071963188111 288.9101651770673 0.021751885637585136 0.9974430164615237 -0.06822089619044483 -23.637161184046544 -0.9966866214231255 0.026998175422666346 0.0769123938718343 168.916612695691
0.08131617738667206 0.06844762990702628 0.9943425469456183 289.57940721819045 0.02082497831372837 0.9973148554481295 -0.07035034555932342 -23.687326183719332 -0.9964857046605594 0.026429496981157003 0.07966323849141206 168.97686886992767
0.08358622141214599 0.07211757714173142 0.9938948364083411 290.2155627397496 0.019489948924511325 0.9970790765454653 -0.07398266024373998 -23.73813126119325 -0.9963247340340471 0.025556496452880047 0.08192739295735547 169.03593202107854
0.08670187485686799 0.07246385264937626 0.9936024358522801 290.8645229918425 0.01686301314042923 0.9971117231808622 -0.07418638581992672 -23.785454718591122 -0.9961064487519835 0.023188915610310296 0.08522049161888307 169.10355476453057
0.09002799507209902 0.07285608931882076 0.9932780841456671 291.5024817254878 0.014682982514902463 0.9971255262360788 -0.0744640494296563 -23.832399767273113 -0.9958457972640298 0.0212899052246872 0.08869019831916336 169.17140827619895
0.09348457348569804 0.07275971503070953 0.9929658337151082 292.11749704511215 0.013318099221505944 0.9971558040228268 -0.07431563670895805 -23.877838713030453 -0.995546700217049 0.020173506607709026 0.09224028824206329 169.23624966426763
0.09716894343653487 0.07226358518126905 0.9926483352632662 292.72611476970707 0.012710464145695844 0.9971995745554662 -0.07383441584103649 -23.920529825414157 -0.9952022999650175 0.019793311846634836 0.09596867868038803 169.30267943714398
0.1001523674316541 0.07300377481393946 0.9922977643333565 293.3164762527412 0.011539509776112076 0.9971626917536166 -0.07452156184906572 -23.965597781274933 -0.9949209562468759 0.01891605789388195 0.09901616512532713 169.3696788328612
0.10165439018684623 0.07681206008467228 0.9918569227660972 293.88366729560727 0.009115776802898675 0.9969110026928321 -0.07813311756060273 -24.013437747152476 -0.9947935122637781 0.016985961295421174 0.10063079161428551 169.43666891593156
0.10413319238668074 0.07646441522064126 0.991626331974628 294.4519892065941 0.008286673621445915 0.9969488726487767 -0.0777402463520724 -24.0557336331482 -0.9945439353762134 0.01631422825456731 0.10317291201717545 169.50474156908567
0.10760341357235033 0.07628679931776187 0.9912697281118623 295.0116614208337 0.007472775615128844 0.9969716948687946 -0.07753231912101351 -24.098307698488682 -0.994181161854542 0.0157519569380786 0.1066984317057187 169.57456894703043
0.11124734249225468 0.07571524062287949 0.990911445648082 295.5736189224649 0.006507448075731865 0.9970269147404092 -0.07690850024100333 -24.139150686533224 -0.9937869163968561 0.015005900011094536 0.11041472960455523 169.64795129924988
0.11385811513412611 0.07592663077438923 0.9905987543345779 296.10119486593754 0.006824863019948979 0.9970025831306225 -0.07719739836469007 -24.179676068072364 -0.9934893594291329 0.015552090523704803 0.11298932538875212 169.71576359397946
0.11680328982800836 0.07632535023648915 0.9902253769391597 296.59971638670663 0.006076457185841468 0.9969794956007723 -0.07755817775941282 -24.219212165818224 -0.9931525538191134 0.015077959228622786 0.11597706092781258 169.78343181861405
0.11882910059026829 0.07739706405533213 0.989900902250816 297.0838528235074 0.005830636003692663 0.9968962486983188 -0.07863928727091866 -24.25896679070338 -0.9929134197622818 0.015118064759663914 0.11799964694487126 169.8486233261826
0.12064921770051915 0.07842914168098669 0.9895992433421033 297.557786869704 0.0068420647414454885 0.9967951313403337 -0.07982909034048954 -24.29777019213427 -0.9926875036160319 0.016403947427881913 0.11971648313212073 169.91237309698232
0.12178120556002428 0.07975514324028536 0.9893551544836449 298.03370497556085 0.006074538355916664 0.9966983521942819 -0.08109092541774235 -24.33856879578458 -0.9925547434710833 0.015887131444774605 0.12088467452557247 169.97895566619127
0.12237847476289118 0.08047603562597092 0.9892231147915013 298.4956493608606 0.005581671746393176 0.996646061757169 -0.08176707056547618 -24.378530016151558 -0.9924841234376908 0.015530017819773811 0.12150874091678866 170.04230767555543
0.12300178607754923 0.08185989864016273 0.9890322803901169 298.95817683150653 0.005231411282111187 0.996535258998677 -0.08312823703992595 -24.42009047438613 -0.9924091212608092 0.015400842861711523 0.12213698887801323 170.10521180280915
0.12334967466146253 0.08283105920793649 0.9889079501831141 299.41462272144963 0.004833150730796505 0.9964586981364997 -0.08406294262266972 -24.461335517456124 -0.9923678659132468 0.01515039435828932 0.12250219151393428 170.16717642266806
0.12344613341609112 0.08342105889074056 0.9888461636886476 299.8722704930027 0.0052219506668022475 0.9964019477988929 -0.08470678253223614 -24.50249505726037 -0.9923532617901215 0.015622010112199035 0.12255621501819358 170.22721541729715
0.1232310967282905 0.08367640728015568 0.9888514462510363 300.34313386722306 0.005010525864070886 0.9963836340636275 -0.08493451985198912 -24.544931383426388 -0.9923810029675644 0.01542275357770579 0.12235619487388852 170.28471847421633
0.12295095121879643 0.0837414671734369 0.9888809494733906 300.8297767082861 0.004514987329717807 0.9963861152747885 -0.08493502199064173 -24.58694163042244 -0.9924185316995104 0.014909428384153166 0.12211839818175457 170.3474112069051
0.12258098840711372 0.08323535514288438 0.9889694574555707 301.3427771840492 0.0041964079174647735 0.9964342499125293 -0.08438025465140586 -24.630327389680623 -0.9924656935817723 0.014495166852614635 0.12178464038900005 170.41140603649953
0.12172106112683163 0.08377213138538186 0.9890302080246328 301.85723880648703 0.005754847964175059 0.9963651006869682 -0.08509807875457966 -24.67806162669643 -0.9925634433771882 0.016051502145090615 0.12078665452923684 170.4718250619891
0.12077580503219622 0.08695150345680822 0.9888715403511312 302.3694329652675 0.008818568865629116 0.9960322639948488 -0.08865438707365626 -24.729034196928236 -0.9926561814462743 0.019428944115570383 0.11952010792989795 170.5303455391246
0.11992180422458111 0.09093475300076362 0.9886171375687767 302.88880301447836 0.013249435354669794 0.9955700040510592 -0.09317748859832947 -24.78489900398947 -0.9927100817103698 0.024273691449477042 0.11817612677926524 170.58600032780578
0.11835206052838969 0.09586698296091634 0.9883402346447165 303.40774972864614 0.015726434780946107 0.9950316654398101 -0.0983955395814497 -24.842583275517512 -0.9928618312844473 0.027189347895670304 0.11624717474138858 170.643834728053
0.1170551662280284 0.09918584361539147 0.9881668659016106 303.9130082797049 0.015071185909928762 0.9947170935530726 -0.1016252018901619 -24.899579071669308 -0.9930255946424807 0.026789464360472356 0.11493310689755173 170.7027905011793
0.11600128821626793 0.09934738654225808 0.988274594380093 304.4326603016134 0.015202097870161538 0.9946995763166452 -0.10177409976182045 -24.956401866518743 -0.9931469882683308 0.026830688939124225 0.11386750742130529 170.76120396810438
0.11565061950510169 0.09610291365131306 0.9886365822201502 304.99667912296655 0.01939259579147251 0.994908940260555 -0.09897780671554438 -25.010700859122633 -0.9931150315863494 0.03062011658197685 0.11318958936175452 170.82389497263756
0.11521651231173134 0.09001464719902466 0.9892601223993405 305.58579239519565 0.026925132933336846 0.9952455644297448 -0.09369148683349272 -25.065389020640136 -0.9929896709852937 0.0374319139940264 0.11223661577551701 170.88443015270272
0.1142264789420817 0.08987750592877326 0.9893869988319344 306.1535833434508 0.027560488086144298 0.9952371933336572 -0.09358698298222708 -25.121971207126375 -0.9930861084578205 0.03795881055829831 0.1111971230386125 170.94745721618136
0.11180166826925016 0.0934242565819903 0.9893350325509357 306.7476829425199 0.024086601661891357 0.9950313473599605 -0.09668030335216828 -25.18595054359865 -0.9934520484220918 0.034639427608594474 0.10898801681461641 171.01774744543422
0.11088505754619683 0.09484587748904431 0.9893033083634367 307.3220376935778 0.022451305227281018 0.994950560761584 -0.0979002758054624 -25.248210281344644 -0.9935931672620256 0.033067448927858754 0.10818777845114522 171.0820896707775
0.11053309006993198 0.09355222647440106 0.9894660900053938 307.9313969138053 0.026846501371111067 0.9949243735192276 -0.09706344900037174 -25.307236070202634 -0.9935240062997438 0.03729373596357377 0.10745271542918985 171.14506394015146
0.11020935856963389 0.09214597241153714 0.989634257578556 308.55409696703805 0.03095386692769449 0.9949006918529365 -0.09607969424525557 -25.366191976693262 -0.9934403262552169 0.041223050725605746 0.10678732447846895 171.21253651676028
0.10950870430760633 0.0923098868794651 0.9896968785533138 309.1791989696075 0.031397373559164055 0.9948695428833647 -0.09626290761665687 -25.42929248482613 -0.9935041108663825 0.041617122402647894 0.1060405139769995 171.27460419949213
0.10781402769079483 0.093548005931651 0.9897669827883626 309.8349750490884 0.028297032023142564 0.9948803035762682 -0.09711038476643925 -25.495100601446524 -0.9937826423283627 0.03847893797111534 0.10460682490358755 171.34831530664317
0.10656044003972617 0.09545682422746529 0.9897206506690395 310.5001549519977 0.026775888343929098 0.9947540538900963 -0.09882156497360296 -25.567477384705132 -0.9939599118224507 0.03703286725095842 0.10343730692491974 171.41660417771482
0.10585849005806934 0.09870027151602578 0.9894778071296971 311.1503280140653 0.025219655367970842 0.9944846854668169 -0.1018939665015669 -25.64110700744769 -0.9940755294064757 0.03574247672953615 0.10277714938195769 171.4834752348811
0.10518570387461984 0.10056608929428475 0.9893616582036175 311.81220242197 0.026355727752059698 0.9942514913667538 -0.10386146652733069 -25.716233440383377 -0.9941174451768386 0.037001983268096825 0.10192213966498197 171.54775329401556
0.10468860893875169 0.09960366445175724 0.9895119153977202 312.5124315279996 0.02450699716827896 0.9944208049751062 -0.10268708380192575 -25.788873472745884 -0.9942175575004618 0.035001975124049955 0.10165510987575312 171.62546595308328
0.1035170724090446 0.10011984785886573 0.989583214443176 313.2340563734125 0.021873023278038545 0.9944605292967161 -0.10289793016026566 -25.86521603584075 -0.9944017659347039 0.03229879500255606 0.1007452192845503 171.70356365174763
0.1022995172334419 0.10064051372149273 0.9896568392609119 313.9605150976633 0.02149874326341182 0.9944221447374173 -0.10334384889545117 -25.94704078510497 -0.9945354800716171 0.03185007491116108 0.09955718267619511 171.77395036570564
0.10144177939969483 0.10563074501335769 0.9892251844533468 314.6711433531934 0.0245854439552264 0.9937868733995746 -0.10863541199601494 -26.034220454412875 -0.994552355825432 0.03534240660084797 0.09820609198931111 171.83641907363986
0.10031919690713462 0.11116449868558019 0.9887329880598543 315.374645127202 0.025726472516336533 0.9931261677610682 -0.11426525420915583 -26.124552651131996 -0.9946371413179697 0.036901362602222036 0.0967613544916456 171.90074515997122
0.09943486161657054 0.11553540337450051 0.9883205781407141 316.08790478712723 0.024874313690980667 0.9926464283432063 -0.11854019920978477 -26.216670114597274 -0.9947472944156124 0.0363726382195153 0.09582178768276567 171.9688924170671
0.09956108016922842 0.11340982452728439 0.9885541054012514 316.8183305836752 0.028406268382222395 0.9927641962552283 -0.11674988370786847 -26.300120797544505 -0.994640298023013 0.03970724379123102 0.0956112096692182 172.03957139842106
0.09978489602464818 0.10838264861638942 0.989094971585935 317.5735899376339 0.03317359580413143 0.9931439443580362 -0.11216966947027102 -26.380099012598752 -0.9944700430365903 0.04400662693722654 0.09549733985282674 172.1135351315251
0.09935330917434859 0.10605290807422185 0.9893908572944642 318.3393145065711 0.03599993137479476 0.9932791882700694 -0.11008127953574114 -26.463834831031356 -0.9944149807232668 0.046556850775394405 0.09485964329055967 172.1869212601725
0.09881123525495684 0.10678598065988594 0.9893663252482914 319.11591577083294 0.03741035519226028 0.9931330143710229 -0.11092525279033649 -26.5546690618325 -0.994416993365056 0.047974938796788914 0.09412985144927212 172.2587934321538
0.0983772469796602 0.10838540046346189 0.9892354886037383 319.8614504661932 0.037481113487736015 0.9929513489050112 -0.1125163311618142 -26.645617671828667 -0.9944573323095192 0.0481482710195401 0.09361357709110231 172.32735503475462
0.09816778849459087 0.10942314115894172 0.9891423182009184 320.6088694877 0.03798031887839138 0.9928098269663106 -0.11359482127891803 -26.735044230351157 -0.9944594752609537 0.048720991786857015 0.09329803221255338 172.394302747208
0.0984097579699881 0.10910336262481102 0.9891537953628675 321.4002599173685 0.03779767777604509 0.9928544891339268 -0.11326885086079079 -26.82535263151996 -0.9944430462354935 0.04853640170910353 0.09357450541075486 172.4705777973795
0.09967237279519635 0.10750452011169825 0.9892022433143874 322.2270624600946 0.03756742901827806 0.993040360418903 -0.11170390108473134 -26.917508375139708 -0.9943261392008657 0.04829744487273648 0.09493180086244203 172.55287008167846
0.10090915242874017 0.1067360077839864 0.9891599458409642 323.04650349113973 0.03773167656823683 0.9931122313706877 -0.11100872415452719 -27.009315552303452 -0.9941953053670647 0.04852660822815143 0.09617854754939496 172.63528194694672
0.1018736460025367 0.10649645486803669 0.9890869966301903 323.86818749621256 0.037650089993357436 0.9931374824156239 -0.11080724692573042 -27.10283470190391 -0.994099794084665 0.04852936407821526 0.09715694787341062 172.71912362649053
0.10372240216583518 0.10491398446861816 0.989063837687708 324.7343008249958 0.03715010758108298 0.9933277720612629 -0.10925885202508057 -27.19831040081293 -0.9939271868772906 0.04807826895154836 0.09912482810436596 172.8101809464384
0.10608762986209026 0.1038608341940043 0.9889241263270898 325.60014978825893 0.0369347446215058 0.9934414224417829 -0.10829417734851045 -27.293240379275726 -0.9936854268417408 0.04801585963694808 0.1015477628689399 172.90303083263143
0.10870120259222746 0.1029381973758524 0.9887364116738008 326.4652233795211 0.03740869163843409 0.993504765638257 -0.10754411266572272 -27.387032309727616 -0.9933845966318298 0.04867864962465289 0.10413625574149324 172.9968021080662
0.1105331229673289 0.10256777162333275 0.9885719527550506 327.3391964179076 0.037278939088512486 0.9935416731372378 -0.10724840203373234 -27.483308128809764 -0.9931873564724939 0.04870869175290996 0.10598756268297368 173.0937714883983
0.11294196617539606 0.10261677032146574 0.9882947127147685 328.2014849292043 0.03759021450595791 0.9935081211510831 -0.10745075223181148 -27.58048970251833 -0.9929046630692253 0.04928747032824677 0.10834323935498265 173.19027665409536
0.11687111244882366 0.1016930966182943 0.9879333779377933 329.08445147948146 0.03840583890030187 0.9935459055254108 -0.10681102457753013 -27.675841677003696 -0.9924185856478589 0.05042716777695858 0.1122031244424826 173.29252677620235
0.12085182254832307 0.10048322546114359 0.9875782650220949 329.98146182697565 0.03948886277917694 0.9935982618300734 -0.1059249293223117 -27.7711054994771 -0.9918995022182526 0.051801207042027765 0.11610198095120691 173.3998471046551
0.12485622018079416 0.09948411192419036 0.9871812484439043 330.8797045252185 0.039686670539877435 0.993672060022714 -0.10515462244392744 -27.867131757011354 -0.9913952872300803 0.052308771280616354 0.12010976881498894 173.5112100704142
0.12786780261294226 0.09966795007680426 0.9867772510560483 331.76838198308184 0.040025274372036006 0.9936172704661002 -0.10554240958115371 -27.965370748087526 -0.9909977218489043 0.05299313380873766 0.12305433040497694 173.62338237094693
0.13152440785389954 0.0996630133552093 0.9862969558513609 332.6743357313915 0.04014495658957 0.9935901686050655 -0.10575029393221091 -28.06558179188899 -0.9905137620970808 0.05350497401287773 0.1266726173198708 173.74090186077143
0.13481806667527804 0.10016065541147613 0.9858011597966685 333.5750146306214 0.03924308882182457 0.9935659949920781 -0.1063132035127034 -28.16737537376182 -0.9901066110523561 0.05302024701646705 0.13001253184571662 173.86206722409884
0.1368481826158232 0.10105006451140715 0.9854305153861045 334.4718899609836 0.03681363762421537 0.9935857877170513 -0.10699525987910907 -28.26788044873817 -0.9899214310404899 0.05092078030402454 0.13224304732700123 173.9886443308639
0.13924576223879886 0.1017278196477174 0.9850247346133436 335.367264295623 0.035272949281467895 0.99357696861758 -0.1075934915286607 -28.368886649869502 -0.9896433234983623 0.049727976121153955 0.1347560655771244 174.11517306475616
0.14130201259165018 0.10206685195331083 0.98469576349926 336.27067993054925 0.03366772798450008 0.9936077895999353 -0.1078176991371199 -28.469849528670522 -0.9894070735838831 0.048388616785614715 0.13695598749062504 174.2467454981383
0.1432901255097552 0.10117633572571877 0.9845004155973299 337.22468625413853 0.03308308255151699 0.9937227385995182 -0.10693505111402982 -28.57355105393728 -0.9891408765785643 0.04789424821358224 0.13903705272431868 174.38496274306723
0.14592714556024575 0.09882167366547816 0.984352212202481 338.1924262339596 0.032207289639185545 0.9940042413587479 -0.10456098321705627 -28.67580052949544 -0.9887844376103274 0.0469628567343819 0.14186306019554917 174.52886248249865
0.14743292969747052 0.09651005378871204 0.9843569636166117 339.1539571680735 0.03134759130871942 0.9942798613992937 -0.10217375912426312 -28.775711567670413 -0.9885886531737547 0.045922101496083015 0.14355769197257714 174.67323530726023
0.14800995070578596 0.0963439835277495 0.9842868009339968 340.1166815696295 0.03177729937015555 0.9942745848508248 -0.10209588490078045 -28.87819368876421 -0.9884889752766409 0.046390555776715026 0.1440942002311235 174.8139333301801
0.1482818698285008 0.09875270687019246 0.9840071250256457 341.0354381104515 0.03295648283137023 0.9939637467141216 -0.10471413601005068 -28.981234819927078 -0.9884097483327104 0.04795792918481925 0.14412544358772406 174.94555746905903
0.14870955014770348 0.09825842623434919 0.983992242164465 341.9722103733687 0.032325322000417274 0.9940445879785176 -0.10414377465616881 -29.08193533272591 -0.9883668763989807 0.047296448583320244 0.14464062176574044 175.08653891635913
0.1489892101272835 0.09680082319514954 0.9840941892888249 342.9179836879708 0.030575612944228912 0.9942778469489425 -0.10242779095040512 -29.181638591353153 -0.9883805213603198 0.04535140584630163 0.1451698587979469 175.23178131585718
0.14934179443891968 0.09517537564547755 0.9841990006293555 343.8604789730215 0.02899305615320748 0.994514887683194 -0.10056823616657218 -29.278968192877326 -0.9883751276019188 0.043555488965802455 0.14575623399304588 175.3765736747504
0.14926382550800787 0.09641407770491185 0.9840900360196874 344.79152934081753 0.02726957248918989 0.9944625755066506 -0.10156193449721068 -29.38076546265634 -0.9884359003208858 0.04199668541750696 0.1458014419360822 175.51655925073024
0.14923060710024197 0.09707994528259738 0.984029581695175 345.7112698941794 0.026857154813330314 0.9944111065453323 -0.10217236441852365 -29.482485451413346 -0.9884521746443496 0.04167688568876606 0.14578261697571357 175.650641195404
0.14928925225537318 0.09743906195360612 0.9839852565750602 346.6475710131919 0.02641372823524117 0.9943923668783106 -0.10247248223301918 -29.585778346883288 -0.988455370038568 0.04129038265955724 0.14587146071348273 175.7885203282436
0.14927722333772883 0.09796426409084913 0.9839347864109366 347.5789007087605 0.025329867031733556 0.9943822790675891 -0.10284239325703305 -29.688042230608207 -0.988485548997464 0.04027660142748646 0.1459504065765167 175.92856983926038
0.14934044251417672 0.09833546793096525 0.9838881140444207 348.4992032873065 0.02515724164089488 0.9943504828291649 -0.10319473864918095 -29.79066725693404 -0.9884804259798521 0.04016468936423604 0.1460159459626114 176.0629477338803
0.14963778598292726 0.09833582332165249 0.9838429504420223 349.41224300282016 0.024694116371719303 0.9943679992031692 -0.10313882091757873 -29.888386653266302 -0.9884471713321494 0.03973014745940601 0.1463597791646438 176.1987896677323
0.15004623645350917 0.09705712198103977 0.9839077872353287 350.33052965287044 0.02457175196992667 0.9945048356010348 -0.1018447874964549 -29.983420194021416 -0.9883886374879131 0.03945966956883896 0.14682975241498777 176.33614914761387
0.1501037761343867 0.09782751785514807 0.9838223023379085 351.2752980394994 0.0235019745958632 0.9944666624248838 -0.10246648408219025 -30.08740814983409 -0.9884055954973483 0.0385042024195675 0.14696728226596337 176.47790538553093
0.15021687801990982 0.09949451224621102 0.9836377579956158 352.21915954166616 0.023308891401400605 0.9942986582196712 -0.10412731932335863 -30.19501240421866 -0.9883931318296131 0.03857102435326683 0.14703451595262565 176.61493583685757
0.15094744443135236 0.10076284737475646 0.9833966226613521 353.15960158043 0.026279211677653916 0.9940388453776259 -0.10588181105156506 -30.300550822010337 -0.9882072241826427 0.041827216733135116 0.1473929494695358 176.75153113211314
0.15293941622958818 0.09688541791285156 0.9834786463905045 354.1270861924912 0.02759908359605915 0.9943839895532236 -0.10224596165041412 -30.400573090293705 -0.9878655065523915 0.04278284180843151 0.14940018874662625 176.8991766705937
0.15461604529993922 0.09375360216724409 0.9835198153849072 355.0458062523721 0.02770004603436062 0.9946927421629679 -0.09916780250677294 -30.492725648678945 -0.9876014292443659 0.042578744403962775 0.15119197432750248 177.0427208389907
0.15579493504721686 0.09515919177286306 0.9831990395342477 355.9648730524329 0.031255254619164174 0.9943844918752995 -0.1011889009933779 -30.590611510889207 -0.9873105065914394 0.04649770827476921 0.1519391243324679 177.18211742780227
0.15816451538359527 0.1004700848888852 0.9822920244213753 356.8862744369026 0.035915359321163395 0.9935751279906675 -0.10740182573982965 -30.69806647807313 -0.9867752977171105 0.05226929355239574 0.1535331861012032 177.3192152598782
0.1606973481856784 0.10344639635808203 0.9815714276093589 357.7888945550741 0.03866735469658374 0.9930776540679481 -0.11098374655452342 -30.80271924451807 -0.9862615502110172 0.05579189928287354 0.15557866285969538 177.46146523268848
0.16420630017086962 0.10293039343002795 0.9810450209901735 358.7078740583246 0.04031785139186955 0.9930184055717685 -0.11092938013533443 -30.907160072006242 -0.9856174983421999 0.05777126097368903 0.15890370394202274 177.61017880842758
0.16804135345126717 0.10192099333416889 0.9805008702099407 359.62766158822836 0.04008863354970124 0.9931203342122823 -0.11009744782374066 -31.010654584611846 -0.9849804580506022 0.057810374691441825 0.16279327990778705 177.7649181773714
0.1706612179634099 0.10453259133218523 0.9797735912260079 360.5234501833718 0.039859967850313635 0.9928195053796101 -0.11286188899669268 -31.118964150148265 -0.9845393036657872 0.05831750048907078 0.16526257179440365 177.91655700222574
0.17442616105677133 0.10403198851056698 0.9791632394920704 361.43232976869996 0.03903849492853948 0.9928997748712391 -0.11244003744860305 -31.22521087890883 -0.9839118428441725 0.05784004171760765 0.16912007814181684 178.07643164019328
0.1787907919511174 0.1009117522029008 0.9787029087534014 362.3711716332178 0.03744942645455333 0.9933168497559008 -0.10925407565818282 -31.328149018174507 -0.9831903707204468 0.056188121111708664 0.17381079467820099 178.25069837329045
0.18356904497482757 0.09776273021889073 0.9781376950292455 363.3320882857566 0.03435086729070934 0.9938057667911366 -0.10576937252661972 -31.429351973325684 -0.9824226453164766 0.05301854274227739 0.1790676222262502 178.4380382204621
0.1883286033201148 0.09635085465122269 0.9773727187341293 364.26637852624566 0.0316975721841855 0.9940701828657307 -0.10409835957415249 -31.52884484882597 -0.9816109286142468 0.05058775979792676 0.18415166790391801 178.62212764504707
0.19333774100805 0.09552621445528464 0.9764750895464579 365.1970839093224 0.028671388091398516 0.9942825411872217 -0.10293876409249497 -31.62655885720775 -0.9807298381262698 0.04790155412832159 0.18948741963914437 178.8128897909707
0.19880861489080653 0.09466075958478785 0.9754604684525754 366.14645862674615 0.026444284139300417 0.9944527075317796 -0.10188715044187316 -31.725847947061197 -0.9796982203373452 0.04605407590039504 0.1951963615176794 179.012212836204
0.20486110886267872 0.09465998117974528 0.9742078573894832 367.0734050544867 0.02418499155653448 0.9945280101533062 -0.10171391444239881 -31.8236041807467 -0.978509216429538 0.044401066893598524 0.2014444474072362 179.2137882164524
0.21159194538640175 0.09569619601997109 0.9726670515212984 367.9859168730165 0.021446926430312957 0.9945096371023076 -0.10250438895212113 -31.922682236926228 -0.9771401447680597 0.042552435437992295 0.2083712801393549 179.41970743191797
0.2189183568875685 0.09658184417185113 0.9709568046881124 368.8960585307845 0.01825635134988165 0.9945185496738453 -0.10303562430902155 -32.021694983591075 -0.9755898638323146 0.040285105152149 0.21594846493110953 179.63566034146095
0.22699510091659503 0.09761835822774007 0.9689971406309705 369.7931411905611 0.015517123757609282 0.9944841243187084 -0.10381510309012425 -32.12043778920593 -0.9737901430572375 0.03860409645445591 0.22422141863563042 179.8571256223043
0.23562173164932795 0.09783785569871441 0.9669138469398035 370.70963568474406 0.0135526145088259 0.9945013711432585 -0.10392616938067245 -32.22054156059709 -0.9717684466034673 0.037593894641299114 0.23299338853041654 180.09082888333248
0.2440390738643193 0.09819251407867967 0.9647883882016753 371.6265655108953 0.01129666063942166 0.9945145496069542 -0.10407011251653124 -32.320520528739195 -0.9697182718859172 0.0362984386933773 0.24158416971233543 180.33368968743372
0.2521733581127699 0.09842620540144008 0.9626701924358159 372.53267429739617 0.008848057224128326 0.9945471918806457 -0.10399764104745016 -32.418987122304934 -0.967660281185509 0.03474555816002969 0.24992033071325054 180.58330816447142
0.2597291285550487 0.09870839954455564 0.960630583197508 373.4489551048036 0.006233437834175708 0.9945797865031887 -0.10387664083173387 -32.51870912480694 -0.9656804210539723 0.032970191249848756 0.25769870980493453 180.84319236548947
0.2671032114266489 0.0984933092694421 0.9586284491273955 374.35907984953235 0.004585984971625741 0.9946316709920056 -0.10346448024823612 -32.6168019709899 -0.9636761970628898 0.032034420963838045 0.26521048826891214 181.10678358300186
0.2732744430353982 0.09841808211249896 0.9568950887605782 375.26919888671495 0.002574747761130304 0.994683559664601 -0.10303412465002554 -32.71470265098854 -0.9619520345659995 0.030622860044977 0.27156104703550776 181.37659424748495
0.27926273217332204 0.09812343819428918 0.9551947352901989 376.1760226065217 0.0010909344657932065 0.9947416669639926 -0.10249906780877183 -32.812150063732275 -0.9602331538259303 0.02966862017421963 0.2776804841542585 181.64951566533347
0.28483333688167045 0.09837986286117265 0.9535216960639925 377.0652770386634 -0.0005204236168542616 0.9947449121707994 -0.10247161198091287 -32.90981895000232 -0.9585956573831677 0.028693603847045862 0.2833813108047012 181.92121390005335
0.2901467546245432 0.09754451504656916 0.9520044002006286 377.9543686423463 -0.00154302808265559 0.9948478142185568 -0.10145794599833453 -33.00470676939085 -0.9570005007852984 0.02797140520299198 0.28879585213393166 182.19832618839365
0.29510671759769086 0.09741104032630274 0.9504922306234088 378.83577721960324 -0.0032463806515814347 0.9948956599136747 -0.1009476775861607 -33.099547918014366 -0.9554784047149196 0.026707296924043358 0.2939099924254542 182.4767093285384
0.3002825033466519 0.09693008096811917 0.9489194194287175 379.73380962576135 -0.003983194373508878 0.9949521603602318 -0.10036579744967788 -33.19547096660929 -0.9538627214408422 0.02636111824863216 0.2991455671640067 182.76356363207174
0.30516642872690725 0.0968947418621844 0.9473638268337726 380.64122566497224 -0.00489438918178737 0.9949666959784375 -0.1001808839733308 -33.29396767150818 -0.9523074254869778 0.025937860929166938 0.30409747411792565 183.05893777363409
0.30997455713754984 0.09622803824200275 0.9458697586837829 381.5274803190365 -0.005488641089219859 0.9950395064926707 -0.09942552366749655 -33.387501697430494 -0.950750087526561 0.025630688781067165 0.3089579254133269 183.3536191312634
0.31501167560407134 0.09483678133956903 0.9443449309181497 382.4030813672586 -0.0062968240259756786 0.9951922207233528 -0.09783687199453446 -33.47694825207511 -0.9490879876894267 0.02487613208763396 0.31408708856459067 183.65116876374498
0.31997605094714 0.09316935739540083 0.9428404872148856 383.2770814054303 -0.007620539512456881 0.9953839431404754 -0.09576949864332754 -33.56411820218228 -0.9474160912635172 0.02346179522056205 0.31920185602445467 183.95473404870174
0.3252996227297595 0.09081412971800368 0.9412470310241906 384.1596663313622 -0.008141045007742825 0.9956199034299691 -0.09324069200671074 -33.64910695754549 -0.9455965760337084 0.022671183142844137 0.32460678555467076 184.2659207737807
0.330360603034025 0.08864979244907936 0.9396895186841377 385.0315329754311 -0.008998913618759893 0.9958401060521788 -0.09077729384418788 -33.73132160197981 -0.9438323734838553 0.02153584925517222 0.32977668934783994 184.57948303275472
0.33522311939010613 0.08683489749723068 0.9381356813670035 385.92373001869083 -0.010296904694989315 0.9960318353875137 -0.08850831239579711 -33.814239965549845 -0.9421031111471592 0.020012937512896747 0.3347797714278284 184.90612704588858
0.339887231215704 0.08656536132807273 0.9364811767180778 386.7922217822704 -0.011167641747049848 0.9960663940393875 -0.08801387029970907 -33.8974634815521 -0.9404210787185637 0.019459343472044144 0.33950945448047826 185.22672437454074
0.3441275444611043 0.0901186208027679 0.934595472580965 387.61890252788965 -0.013731153488609944 0.9957698724731093 -0.09095520638942307 -33.9828800277544 -0.9388437749374785 0.018469966282450113 0.3439017907527416 185.53760143818423
0.34763748687968465 0.0932050320596222 0.9329927248390845 388.4467597236482 -0.0169722242258551 0.9955195855094507 -0.09312137895923261 -34.070089044470244 -0.9374969980291774 0.016540312935891276 0.3476541891668349 185.85499125351808
0.35192727442572014 0.09310391487682944 0.9313928049384657 389.28311399329385 -0.018316440954333855 0.9955452708665007 -0.09258981701028411 -34.15400618965592 -0.9358693540397802 0.01552791922591448 0.35205734816381934 186.1786839279822
0.35610269140879225 0.09001841021562113 0.930107776918261 390.1354522241032 -0.019846549291621444 0.9958627579043132 -0.08877817527027175 -34.230533434252976 -0.9342569094969133 0.013157359820192682 0.3564082064017398 186.51625756710436
0.3592993620147178 0.08759507867664053 0.9291092622033373 390.98778219635363 -0.022244090653066685 0.9961157964751275 -0.0853044027602463 -34.30521959275033 -0.9329782139628717 0.009985335549964131 0.359844562431016 186.85748658793253
0.3607576297288759 0.08910788323775194 0.9284001611464646 391.8235545832873 -0.026455976774300956 0.9960123330237842 -0.08531123791980591 -34.382831468720504 -0.9323056601627425 0.006217598028014627 0.36166869365624904 187.19441351664284
0.3607940020685396 0.09492316118763883 0.9278092936058008 392.62553530053617 -0.029224858697396716 0.9954788525311599 -0.09047616322628876 -34.46845881674202 -0.9322090514757836 0.00553043692016213 0.3619291484000792 187.51195277236084
0.360946219019817 0.0993673361930441 0.9272851697608561 393.40524864177996 -0.030357253746922167 0.9950421532280029 -0.09480594291700575 -34.55574680651944 -0.9321142546203888 0.0060723272960227365 0.36216511631146675 187.81556567743874
0.3612424558631783 0.09972080980205035 0.9271316298423917 394.20006993667164 -0.03130804416461895 0.9950115310167968 -0.09481712781504353 -34.63865262847714 -0.9319679367564787 0.005227412970392139 0.36255465363070516 188.1310707646366
0.3620147820576018 0.09675190610303928 0.9271447501061703 395.0077607734134 -0.03289437063417703 0.9953151842707664 -0.09101573087847549 -34.71424688312127 -0.931613363315937 0.0024531384277207816 0.3634934576397779 188.4543221273354
0.36271256628542436 0.09368953707424993 0.9271862238175106 395.8174571893727 -0.03443041922321062 0.9956109368627151 -0.0871288420487315 -34.78699611667473 -0.9312863107601372 -0.0003189575885982009 0.3643380209661164 188.77898073737833
0.3628446175596152 0.09178530974959385 0.9273250023204532 396.6125550390639 -0.035410291918336785 0.9957861936581283 -0.08470052676842638 -34.85997104884316 -0.9311985890299774 -0.0021016339807492556 0.3645574187470613 189.09500946612994
0.36271273535125 0.09154823937488613 0.9273999356213469 397.41639428861623 -0.035439096053721815 0.9958072754681471 -0.08443466395260865 -34.93618474813138 -0.9312490102575168 -0.002238850921397842 0.3644282571715988 189.41028054852245
0.3625044785441869 0.09201864144856406 0.9274347971278186 398.2085872771437 -0.03556294047463372 0.9957639841299809 -0.08489196080311036 -35.0154445273871 -0.9313250916290905 -0.0022069319647667206 0.3642334189645141 189.71941478223113
0.3623332187985077 0.09253876504606946 0.9274497701571107 398.9990432589414 -0.035914050324952644 0.9957152650349601 -0.08531311195054779 -35.0943005341674 -0.9313780888297969 -0.0023951794599411285 0.3640964748651262 190.02841355520883
0.3625833810534527 0.08807000122345153 0.9277871842191199 399.806198324534 -0.031054496531440837 0.9961228565833946 -0.0824139875751532 -35.16673866235418 -0.9314556127236493 0.0010717344803873202 0.36390471862791585 190.3383951363281
0.36282460868170324 0.08678769392296797 0.9278137567327096 400.61278884820894 -0.030519324397920926 0.996235404893646 -0.08124659186451369 -35.23848250264474 -0.9313792975644427 0.0011638016189926311 0.36409957043112745 190.65612701618994
0.36266998639918824 0.08884783625830996 0.9276792534667542 401.39950602127624 -0.03114064544616624 0.9960536411033339 -0.08321569946649969 -35.317646075367016 -0.9314188522197993 0.0012930520415507713 0.3639976523654414 190.96195527030068
0.36265501032589115 0.09310625098204826 0.9272678665517605 402.17203215452815 -0.029439526069286393 0.9956542719064724 -0.08845262196369706 -35.40091211268479 -0.9314804709050803 0.004781212723287697 0.3638117725011621 191.257943839003
0.3626313000101277 0.09763866523170191 0.9268109575004946 402.93114658785623 -0.029293848745635755 0.9952089132882124 -0.09337623640255059 -35.48631174572112 -0.9314943063222266 0.006712920371132238 0.3637457574808741 191.5510901189561
0.3625038588290189 0.09671561024669237 0.9269581723485445 403.7101447475759 -0.030155296829877706 0.995307367081013 -0.09204831969479127 -35.56446381162848 -0.9315170839792944 0.005417234343577675 0.36371041854782116 191.85893676470573
0.362603526278145 0.09352369825988277 0.9272467074391151 404.4951776749156 -0.030201192631969603 0.9956183119194825 -0.08860396047554692 -35.63866434707665 -0.9314767481386715 0.004125953648526949 0.3638302547090993 192.16873219274407
0.3625747742925941 0.09342555319869222 0.9272675615275565 405.2723457283537 -0.030647728531850483 0.9956292023352703 -0.08832358144357959 -35.71321748427417 -0.9314728227644893 0.0036067818571693154 0.3638447361604329 192.4741906790015
0.3624774683488917 0.09449686239159062 0.9271971877493946 406.0897800245818 -0.030772548108987472 0.9955270783645623 -0.0894249788604748 -35.79862073846768 -0.9315068481186584 0.0038839659641872744 0.36375506614542386 192.7921189480562
0.3625726584627023 0.09791768515703697 0.9268050872412228 406.8804066065127 -0.029946791367837535 0.9951854076662637 -0.09342072146235406 -35.88605297474833 -0.9314965740314167 0.006118789242044256 0.36375035839916425 193.09762436850153
0.362604580873215 0.09858070720540772 0.9267219520384211 407.6784406196712 -0.029938177675544395 0.9951178398538423 -0.09413610594073285 -35.97327749989855 -0.9314844255670647 0.006391576476308295 0.3637768009324857 193.40905104595453
0.3627956319633623 0.09762936863085138 0.9267480082953286 408.52639790971097 -0.03040433728475787 0.9952170025962735 -0.09293383843345625 -36.059390395751805 -0.9313950712324849 0.005540774422662402 0.36401975471756276 193.74367908381703
0.363141780425047 0.09496221153390987 0.9268895485973748 409.4137539511543 -0.030579821165972534 0.9954808749010148 -0.09000299831307124 -36.146353737505784 -0.9312545113289623 0.004341641446596527 0.3643957425192437 194.09383334124666
0.36310263841847507 0.0946880123708059 0.9269328793306393 410.2919303209902 -0.02916711279984319 0.995499976650021 -0.09026084640074926 -36.23656334926532 -0.9313151400666243 0.0057399280156566436 0.36422150732107983 194.43524551012285
0.36330100333703186 0.0947638657525524 0.9268471485939634 411.1480933834691 -0.024813942425250275 0.9954543357498999 -0.09204585075135475 -36.325088291640625 -0.9313637659623344 0.010443390530905025 0.36399206877279927 194.76619725162766
0.3633932930143779 0.09437531716256828 0.9268506419589351 411.9985951746629 -0.020896232595607928 0.9954405169780205 -0.09316040063717654 -36.41278538260767 -0.9314238245273899 0.014487802384614468 0.3636996727978693 195.096495345926
0.36418570321092336 0.09277509383995752 0.9267010737592931 412.850253355526 -0.019437864173731147 0.995575651953243 -0.09202533087964153 -36.49719826415197 -0.931145849127499 0.015503023728794066 0.3643689714415093 195.4321958250901
0.36520040050639 0.09196768150061282 0.9263824913046989 413.7198447212874 -0.01375019659810876 0.9955419620379751 -0.0934068321056877 -36.58645480788421 -0.9308501755202199 0.02137618425696565 0.36482800024842665 195.76924163236367
0.3658153703653299 0.09015055308085028 0.9263183026808404 414.5728096991722 -0.009536458608704931 0.995617657665118 -0.09312264782531003 -36.67154605138581 -0.9306609652366451 0.025233752858682144 0.3650631007195238 196.10338219282642
0.3664994773254869 0.08781246270547949 0.9262722027407084 415.4431550865028 -0.011158902833399854 0.9958887356368041 -0.08999083543430064 -36.755250694599745 -0.9303734523714744 0.022647263396726253 0.36596333228482525 196.4526422823298
0.3673724479898917 0.08410323242889335 0.9262703891478565 416.35317842954913 -0.01331334972843073 0.9962856625616793 -0.0851741234331216 -36.83650346691695 -0.9300005219444402 0.018960580723059513 0.3671183899391165 196.81786307603366
0.368116710474335 0.08071324232064932 0.9262765435025376 417.2290918777654 -0.013514496946260477 0.9965932706378774 -0.081463672388989 -36.914249691818874 -0.9297033844811645 0.01747165322290027 0.3679439600614437 197.1661342502142
0.36825116928595564 0.08170842340204441 0.9261352288349312 418.0889734878655 -0.01403173250530976 0.9965143499719364 -0.08233171234603295 -36.99866277827089 -0.9296419855844351 0.017325014866997397 0.3681052446499604 197.50570876988002
0.3684978643524462 0.0839800103794047 0.9258335301476025 418.9426957941318 -0.014003510881525266 0.996308114445322 -0.08479183489396679 -37.083681802701086 -0.9295446902260187 0.01828230960863303 0.3683047965642895 197.84115652035857
0.36896932952318423 0.08549544370920338 0.9255068596287728 419.7589889957098 -0.013202378573464572 0.9961503088365808 -0.08675058539636102 -37.16646288934475 -0.9293690876077787 0.019791118328241052 0.36866916545355904 198.16310882713583
0.3692992503722447 0.08409920910484664 0.9255031321132334 420.5897172010662 -0.012530518639021953 0.9962646737859844 -0.0855221194170618 -37.24386865958769 -0.9292472650509692 0.019987628830325194 0.3689651868654068 198.49400453506354
0.3694669269829338 0.08143914729987224 0.9256738995658874 421.4227559726315 -0.01194948625896238 0.9964935932984463 -0.08289333781236306 -37.318818228963075 -0.9291879495324331 0.01956611309193185 0.36913618934980647 198.82687496066825
0.3696445624122345 0.0803030049865562 0.9257023976050411 422.25911623485763 -0.012731433540261019 0.9966102715901685 -0.08136341376347962 -37.39422545372488 -0.9291071324065177 0.01829129208190581 0.3694052428953213 199.16303876534977
0.3695801106628321 0.08089512479086036 0.9256764382992893 423.08187100554704 -0.01358298727996933 0.9965746834447905 -0.0816610360771646 -37.472256599808425 -0.9291205276950137 0.017608107540668196 0.3694044146251204 199.49155622118056
0.369455112609222 0.08101373747993758 0.9257159718472966 423.8966891030722 -0.013967648355914446 0.9965717141046894 -0.08163332291426087 -37.54874791323217 -0.9291646249977459 0.017231240800126325 0.36931131432006514 199.81538566146085
0.3691696367406527 0.0797285507322487 0.9259414345662075 424.71197670090595 -0.014027664140146154 0.9966857221529167 -0.08022038056520868 -37.62189103142367 -0.9292773622810631 0.016627575406855895 0.3690556065142261 200.13791821714437
0.36866184144719744 0.07762888487635848 0.9263222909182626 425.5245767699271 -0.014321676699898898 0.9968708429688732 -0.07783430858135383 -37.69218503195137 -0.9294746534725159 0.01542959285211946 0.3686109961954266 200.459694414469
0.36834120731905934 0.07635796378662374 0.9265557267935486 426.34409143281556 -0.014916930727008598 0.9969872254781299 -0.07622543087962003 -37.76246002580974 -0.9295930406687957 0.014257623862897228 0.3683608864503179 200.7846022445461
0.3677389234945604 0.07627653012495132 0.9268018147725087 427.15163763344026 -0.014585065264506758 0.996989826363701 -0.07625972546059549 -37.83432342828259 -0.929837270986476 0.014528610566073397 0.3677343071233188 201.1000457353544
0.36732468911346383 0.07780459451318676 0.9268391849607968 427.92997063713136 -0.013210235409277316 0.9968399348383303 -0.07843912741868374 -37.90888485246862 -0.9300216338580588 0.016571433846993923 0.36718148553585356 201.40125467301428
0.36650127018147444 0.08294764898069842 0.926719538747365 428.6752441831622 -0.0144816466306373 0.996415240762746 -0.08345228865538873 -37.98696214267282 -0.9303277702047771 0.017167355269411422 0.3663780671734151 201.69135991467795
0.365451128511156 0.08903375728299948 0.9265702824744972 429.4175207081126 -0.016686100092562963 0.9958912645934044 -0.08910692453380936 -38.068969118460885 -0.9307042105110797 0.017105755470911203 0.3654242414732066 201.98254597734314
0.3648059738411103 0.09381922688980068 0.926352764858849 430.14478980220844 -0.017904815613370775 0.995443381521346 -0.09375867854520416 -38.15231738574097 -0.9309348551461979 0.017619991476687177 0.364812035844785 202.26545240585477
0.364283093193361 0.09450428339949478 0.9264887282702938 430.88552258248035 -0.018118538540333056 0.9953788600947356 -0.09440023804229603 -38.234457266126896 -0.9311353892625774 0.01760417755384908 0.364300589355838 202.55388304370496
0.36331742327804306 0.09134422787088949 0.9271843795478569 431.6385912702727 -0.018596760786044376 0.9957049034367598 -0.09080051777142797 -38.30592285424434 -0.9315029161158997 0.015749125396066793 0.3634441385422392 202.84860021103796
0.36251513864267015 0.08787906565655014 0.9278330440388329 432.41912351099273 -0.018985038718200738 0.9960442464941309 -0.0869150489917951 -38.37648591174601 -0.9318075692411061 0.013895286187270768 0.36273781499703683 203.15397027529545
0.36227331386876377 0.08661761072756774 0.9280459146594175 433.18551449250157 -0.018734981119515975 0.9961578777025407 -0.08565453213165483 -38.44868980839418 -0.9319066162372673 0.013645806236852024 0.36249258166075776 203.4517041528013
0.3620731786731203 0.08717776378885052 0.9280717523477581 433.93133432583573 -0.01766153627572833 0.99608977979974 -0.08666968788717389 -38.52488262606215 -0.9320052295326815 0.014992015181281826 0.36218539137746814 203.7389443311392
0.3621036518845679 0.08863030860318305 0.9279222966319299 434.7016689645104 -0.01814283463761297 0.995960746698876 -0.08804214122585521 -38.60632303666741 -0.9319841428662536 0.015047683045037298 0.3622372791086739 204.03823986663332
0.36195519957003136 0.089382892875789 0.9279086135008885 435.44454586875366 -0.01859455212102607 0.9958967963240096 -0.08867248494478394 -38.68465162602112 -0.9320335390929878 0.014843964138318446 0.36211977246760035 204.3269148584961
0.36167464937474353 0.08969558178641512 0.9279873741354778 436.2198157727887 -0.018130287623531104 0.9958592431196868 -0.0891828618568021 -38.764741232645186 -0.9321511123068762 0.015432625127874114 0.36179165447048056 204.6261151327421
0.3615352736379023 0.09019034573907796 0.9279937950331782 437.0027610269043 -0.018166971779213347 0.9958125246050775 -0.08969709374233485 -38.84725477372289 -0.9322047320807471 0.015571946503810195 0.36164808761356754 204.93004466051892
0.3614711849880846 0.09117196659570037 0.9279228199114924 437.82020366984216 -0.01776827084919852 0.9957101956772217 -0.09090343789839007 -38.93522799102441 -0.9322372292490793 0.016373459913096144 0.36152884684818803 205.24505654989832
0.3613734756198633 0.09269096632958135 0.9278101040204638 438.65067917132757 -0.019220732980446804 0.9955853272186067 -0.09196801279222198 -39.025856905294425 -0.9322464089695266 0.015403665077773727 0.36154814427988036 205.56963775773715
0.36117838643761907 0.09287305890252527 0.9278681585013839 439.4493791288901 -0.01926433652757754 0.9955687915826001 -0.09214339732047606 -39.11075211397596 -0.9323212613059785 0.01540771098787668 0.3613552081459615 205.8792314777204
0.3612935521016388 0.09212460629908598 0.9278981924616445 440.2618978114337 -0.019950258242590658 0.9956535462204344 -0.09107651950436617 -39.19262573232118 -0.9322624100103724 0.014395858236703332 0.3615491645827404 206.19894259513313
0.3618234856814873 0.09116505237751465 0.9277862241686061 441.1361492388219 -0.02027035551544583 0.9957508079589054 -0.08993076594863766 -39.279439255198504 -0.9320495488488144 0.013734506281549028 0.36212236262257785 206.54259662902916
0.3623676529061959 0.09001746413654704 0.9276861483296761 441.94361901432103 -0.020830924373707257 0.9958689915033275 -0.08848965118030981 -39.35720070749662 -0.9318263676423533 0.012743770712989677 0.3627337167588633 206.86268574847176
0.36345469488014526 0.08832337723156329 0.9274237408985752 442.81374476866085 -0.021538240821173258 0.9960363033223898 -0.0864100375300612 -39.439585218950846 -0.9313866792939457 0.011433337568058711 0.36390428869250124 207.20831849585988
0.36449282168872976 0.08769640252820692 0.927075792289082 443.66308474162275 -0.02254121370437076 0.9961047799206089 -0.08535691041902516 -39.5197415092082 -0.9309571006005809 0.01021687592011832 0.3650378518940921 207.54806057518974
0.3652141015679585 0.08877117697341184 0.9266895442778789 444.42230220104665 -0.02440291371204535 0.9960238419243936 -0.08578882877466032 -39.59174666131153 -0.9306273857084035 0.008719597210278485 0.36591615311667475 207.85448568123692
0.36592207674448607 0.0904588794514137 0.9262467554718399 445.2131333153895 -0.026943895814585377 0.9958873093679121 -0.0866090210034888 -39.668898486813006 -0.9302789505428685 0.006737657772098146 0.36684244139148964 208.17472695489622
0.3667618237369444 0.09110346225468798 0.9258519242806651 445.96711808406656 -0.02779536310177643 0.995832390651641 -0.08697217311557202 -39.74295678773938 -0.9299237234479735 0.006166021361793851 0.3677532830784602 208.47886944149244
0.3679135137542391 0.09163387936946478 0.9253426153674514 446.77038287629296 -0.02959513317835751 0.9957924005523807 -0.08683695901617762 -39.819613707588914 -0.9294132696880976 0.004565115460479993 0.3690648920577183 208.80673496952892
0.3690370049671217 0.09142557801772262 0.9249153674765692 447.55837884791424 -0.03137613354095698 0.995818204930662 -0.08590866192419734 -39.893143525446526 -0.9289090630020461 0.0026854507103786073 0.37035001707885773 209.12945718975558
0.36937996676180823 0.09060258349176302 0.9248594283078517 448.31529405700263 -0.03318936841571009 0.9958968025425455 -0.08429952786809863 -39.96216556288824 -0.9287097692926881 0.0004451390644973031 0.37085914530388137 209.4397989838713
0.36987012476175113 0.09092481835039361 0.924631863342867 449.12829918863855 -0.034262727549795126 0.9958675630516062 -0.08421758946414501 -40.03866699901069 -0.9284756244972233 -0.0005289566676916967 0.3714446337355368 209.77219876896902
0.3699927658104791 0.09147209384443165 0.9245284456705207 449.8395106174476 -0.03511718184639109 0.9958167548734063 -0.08446454154519181 -40.106202301352326 -0.9283947242187572 -0.0012138262675968595 0.3716451104490594 210.06343780261236
0.37007433252453426 0.09183812593190098 0.9244601759138323 450.612784054451 -0.03555465136454987 0.9957829910639965 -0.08468393036489358 -40.179697662048 -0.928346311857366 -0.0015276646527299152 0.3717663604826435 210.3780858714332
0.37028800478049356 0.09202329020834353 0.9243563933671982 451.321354013769 -0.035838154144029126 0.9957655946927063 -0.08476925677885291 -40.24598900869326 -0.9282504049208311 -0.0017361823983547578 0.3720053148566398 210.66849143213395
0.3705123933414514 0.09196978277695207 0.924271584424579 451.9371166705584 -0.03570939331570361 0.9957706610331125 -0.08476263660620194 -40.30267805273443 -0.9281659943699113 -0.0015978277916392355 0.37221691397039036 210.92103257970416
0.37071613696960476 0.0925099143362593 0.9241357837119897 452.5686764314307 -0.03631792107385606 0.9957196913536517 -0.08509988250417196 -40.36364266426789 -0.9280606726653098 -0.002013148233772262 0.3724766813381974 211.18159261120468
0.3709369988610626 0.09315710904006168 0.9239824459660753 453.1289556931747 -0.037265298997974275 0.9956576027172171 -0.08541640926380627 -40.4169175054518 -0.9279353748220018 -0.0027467646640217656 0.3727851169728117 211.41535486329175
0.37115040386710524 0.09361039773246892 0.9238508597539027 453.7234670241891 -0.03788164139532588 0.9956136928424014 -0.08565640336463098 -40.4737815098534 -0.9278248016367615 -0.003203920224615914 0.37305595030475464 211.66213673617935
0.3713914244839991 0.09388505531501334 0.9237263015254612 454.27858750701586 -0.038416275222806544 0.9955864584949689 -0.08573667475960028 -40.526229179059385 -0.9277068170039389 -0.003642452644649262 0.3733459773640691 211.89337965937239
0.371527684932568 0.09419396986379246 0.9236402546072081 454.84121146425 -0.03892864227404766 0.995555823919682 -0.08586301338765515 -40.579680868493845 -0.927631179079814 -0.004053702731430835 0.3735301763336867 212.12748265488466
0.3718032835179142 0.0944211097559218 0.9235054376616638 455.3693445524119 -0.040081811603473294 0.9955284597905413 -0.08564115392838458 -40.62818886638319 -0.9274711203465232 -0.0051724868456374685 0.3739127866293857 212.3461655217889
0.37213997164762264 0.09410958113480886 0.9234014103622855 455.8987978583509 -0.041349945972167367 0.995549249659172 -0.0847914709875315 -40.675011276321115 -0.9272801882616545 -0.0066266725530014165 0.3743624279374034 212.56746998796467
0.37231794955097414 0.09395148620950043 0.923346249309437 456.50841862946373 -0.042250875883340734 0.9955574435484378 -0.0842559274427126 -40.73005842439206 -0.927168329168556 -0.007640507780333792 0.37462043035020687 212.82071874114035
0.37240562385621934 0.09401496833772374 0.923304558116395 457.0456865625122 -0.04235843908842107 0.9955509498189575 -0.08428010196346376 -40.78022411988094 -0.9271283493807237 -0.007721665788846257 0.374718068871497 213.04266267965085
0.37259980361303097 0.09501154421648479 0.923124112279774 457.5083261826591 -0.042708304486912464 0.9954567362232577 -0.0852110601041871 -40.82681022970306 -0.9270340461973408 -0.007673789671802682 0.3749520109672271 213.2346907265857
0.37291665625824394 0.0990064479100629 0.9225761641916541 457.99753920393624 -0.0444948933242936 0.9950653034318533 -0.08879322546138467 -40.8791720851287 -0.9268224571752961 -0.007935735328587969 0.3754691030697227 213.43882968448528
0.37322619144558333 0.10271033287683785 0.9220462536292984 458.47818852643246 -0.04614665241761749 0.9946881816563458 -0.09211581805141995 -40.931974491653456 -0.9266170064185748 -0.00816752489253309 0.3759707512748175 213.64032093515996
0.3736637725335326 0.10432637197727143 0.9216878251255562 458.94521169628575 -0.04661782723917438 0.9945217756234086 -0.09366434022796148 -40.9833085246429 -0.926417291437947 -0.007966309640637118 0.37646717583277406 213.83692156750843
0.3740688287779214 0.1048325177141167 0.9214664756967451 459.3690328105307 -0.045671942241793245 0.9944782370220931 -0.09459212640101901 -41.029051090780705 -0.9263015138031597 -0.006699069426197709 0.3767777722234727 214.01422284434162
0.37429388093938376 0.10470593948090835 0.9213895658053263 459.7927382863827 -0.04506384695561406 0.9944954994631653 -0.09470133987571183 -41.07383408948373 -0.9262402278801365 -0.006072852378856194 0.37693876178713814 214.19242340080186
0.37418534750670557 0.1040178655568178 0.9215116259717747 460.20968860861154 -0.04536983777147197 0.9945635404375834 -0.0938349211829995 -41.1155970487367 -0.9262691988938688 -0.006694934956375616 0.3768571402624089 214.366656255608
0.3739290709591725 0.10348172165404618 0.9216758678164036 460.62739035691357 -0.046216294001615914 0.9946107475970457 -0.09291398807477286 -41.15762362699926 -0.9263304937910126 -0.007850992753177232 0.3766834254684636 214.54182069824392
0.37357740426660185 0.1033908123600633 0.9218285536303574 461.03261527675596 -0.046438462377353974 0.9946175498803187 -0.0927287977280599 -41.200141304786364 -0.9264610430215869 -0.00816456396927354 0.3763550412868356 214.70885916288253
0.37318640843215356 0.10338634095470202 0.9219873351680776 461.421130775004 -0.04657665435885392 0.9946161349631151 -0.09267146534816094 -41.241427020908844 -0.9266115836714228 -0.008356996186372364 0.37597978274943616 214.86886358781433
0.3728251184919723 0.10342862534369958 0.9221287053312125 461.8045306340063 -0.04653767334996022 0.9946119086219687 -0.0927363737379668 -41.28308405854542 -0.926758920492024 -0.008336923666971587 0.3756167970605859 215.0264005701684
0.37257025558615126 0.10353312794410093 0.9222199453309651 462.16620278611293 -0.046809943415033764 0.9945987194922781 -0.09274142979045313 -41.322069592723466 -0.9268479048937539 -0.008613946566137154 0.3753912413239828 215.1768229131994
0.372263935075508 0.10346344026664202 0.9223514877590749 462.5191351400477 -0.04691518030400946 0.9946048241820551 -0.09262721188654982 -41.35889634261554 -0.9269658511453931 -0.008788094736769171 0.3750961455432016 215.31872325070327
0.3719549718701031 0.10334521606792425 0.9224890986161753 462.84426167405036 -0.04672058750336852 0.9946178871223779 -0.09258140819594188 -41.39307702380036 -0.9270995836822734 -0.008660812982284124 0.3747682837613168 215.45059390877964
0.3716767674185004 0.10330348499200448 0.9226059795708896 463.17692219472434 -0.046584483678152815 0.9946230268351485 -0.0925942576440724 -41.42877181775496 -0.9272180581739529 -0.008561634377923124 0.37447740994688256 215.5865247358461
0.37147617072369404 0.10342965423496742 0.9226726450030728 463.49389524946525 -0.046860446514695946 0.9946077495314175 -0.09262093027054899 -41.46270054446056 -0.927284473917353 -0.008828026949883787 0.37430657103216003 215.7181684680599
0.37129263810136437 0.10377908594548145 0.9227076481339462 463.8075529171193 -0.04743739323249195 0.994567005928559 -0.09276729411512367 -41.496109379549466 -0.9273292275416027 -0.00932452622009422 0.3741847060681289 215.84997780665705
0.37107909961171626 0.10409222876447548 0.922758592428953 464.1085249651133 -0.04790554171108808 0.9945304787711363 -0.0929185382702679 -41.528401974125856 -0.9273910347541547 -0.009722660962721662 0.3740222219802133 215.97567154139105
0.3707959280847975 0.1043043521795124 0.9228486239130093 464.3971257692128 -0.047934177687979994 0.9945085200311444 -0.09313887770806159 -41.56001867319567 -0.9275031177838966 -0.009697903426553113 0.3737453636953733 216.09418540186527
0.37054837131429563 0.10462296972979768 0.9229123646967947 464.6724482827205 -0.04769021223858036 0.9944790162689703 -0.09358345304326987 -41.59071027479248 -0.9276148214945773 -0.00933375524612407 0.373477500908641 216.20723263497163
0.37047839579145536 0.10538007085775211 0.9228545073659745 464.94087447479234 -0.047521757189671957 0.9944036315361138 -0.09446802461123362 -41.6210691871581 -0.9276516912531223 -0.008854270478288448 0.3733980148992485 216.3186905080475
0.37034200601962736 0.10571373924705238 0.9228711585863721 465.2015612318042 -0.04765209862333409 0.9943680968765906 -0.09477661206692764 -41.65016992757689 -0.927699484070083 -0.008874051519252349 0.3732787873500828 216.42767995166278
0.3703178367459748 0.10571940181461094 0.9228803809082725 465.4633216671825 -0.04781594576710572 0.9943661663117688 -0.09471753589734938 -41.67808240333468 -0.9277009735735716 -0.00904973714566344 0.37327130648431617 216.53786791106654
0.37053691549684176 0.10581020421105167 0.9227823192868055 465.7230409604645 -0.04818768172055335 0.9943536818145127 -0.09466407512625769 -41.70560329766606 -0.927594749171113 -0.009387025142101928 0.3735276377993528 216.64920346660287
0.3710146637257367 0.10594992393340373 0.9225746689714353 465.9872071386228 -0.04861280989673684 0.9943356630271698 -0.09463811908766614 -41.73416175637596 -0.9273819546708613 -0.009733447190424219 0.37404751887854504 216.7630167436498
0.3716433681596058 0.1060504297367977 0.9223106173771757 466.25727325847254 -0.04914997329089621 0.9943208760119948 -0.0945230967359953 -41.76270218137614 -0.9271025347181568 -0.010198887853933858 0.37472820531397866 216.8803110246654
0.37258996381786225 0.10624550835088856 0.9219063742270837 466.5251879427682 -0.04981322747239851 0.9942946521689577 -0.09445354115444816 -41.79144586240715 -0.9266874723649129 -0.010726914939812286 0.37573941863576554 216.99770740049047
0.37495907205927 0.10611420515889013 0.920960289354561 466.7943533372593 -0.05031864639093022 0.9943048147588626 -0.0940760807175712 -41.8210882701069 -0.9257038562913944 -0.011063067293963134 0.37814604768269444 217.1166374948899
0.3789268235672133 0.10581088475111174 0.9193699488639603 467.0686606321359 -0.05047010191246274 0.9943389405908024 -0.09363523137760413 -41.85250103653197 -0.9240785156124489 -0.010916112338759176 0.38210492379593874 217.2381751708691
0.3848330420455772 0.10534106532898524 0.9169675409742453 467.33014056881916 -0.050666357249197456 0.9943916701105607 -0.09296966418413816 -41.88197992722685 -0.9216238046087227 -0.010677943593476633 0.38799494930250333 217.36017792035116
0.39220125797028416 0.10563308386277442 0.9138061059409014 467.6016106656295 -0.05124273508050319 0.9943637728996761 -0.09294973583036174 -41.9136403058195 -0.9184801722679504 -0.010367285230187918 0.39538701779426944 217.4935383234185
0.40056513939216365 0.10610921774101754 0.9101157500341458 467.8775621142695 -0.05244044341574562 0.9943113981965497 -0.09284292068797098 -41.94550696373735 -0.914795776642774 -0.010533655938187917 0.40383403893787195 217.63564736747495
0.40994182170964494 0.10670612234578018 0.9058602262524801 468.15233765426444 -0.05340742832518428 0.9942500382653204 -0.09294630072320194 -41.97874675654932 -0.9105760688581781 -0.010273398566242821 0.41326706868692115 217.78128630984145
0.4206015546014391 0.1065228918216687 0.9009818194416933 468.43120814997405 -0.053710999069311864 0.9942775285850903 -0.09247701871652968 -42.01192094350148 -0.9056836736020282 -0.009493080568041113 0.423899594476314 217.9333391621524
0.43333477854179003 0.10675663206801696 0.8948987876484554 468.7167248340153 -0.0558675854186019 0.9942441157003724 -0.09155256709199089 -42.04447012743655 -0.8995292788275184 -0.010319347511873283 0.43678858067515375 218.1005394676036
0.44711368667322915 0.1081109442384966 0.8879311464162394 469.01424014115463 -0.05909146526758617 0.9940830431236016 -0.09127751549510225 -42.08011155110095 -0.8925531346830693 -0.011654111129288458 0.450840330374082 218.28299654757708
0.4627781241762305 0.10934951036159314 0.8797151486917055 469.3193225993956 -0.062489836714565206 0.9939307163456554 -0.09067055124005219 -42.116059553039115 -0.8842988724063251 -0.013009212620044498 0.4667867132204185 218.48010561100796
0.47954241738817516 0.1109975205981938 0.8704812697440967 469.6043207570523 -0.06421441523646415 0.9937594844465485 -0.09133879692747897 -42.15280217369329 -0.8751964392574958 -0.012093178080672201 0.4836617350434486 218.6711835384478
0.4969366678643181 0.11305571006591594 0.860402334135212 469.8787628779213 -0.06576302928455335 0.9935448386713993 -0.09256506157760509 -42.190813016697284 -0.8653225136612797 -0.010580142321037447 0.5011478898609425 218.86345521355824
0.5149652590057272 0.11402731107861108 0.8496057729253021 470.154969708187 -0.06712059515614896 0.9934467621413818 -0.09264622065143288 -42.22784629200578 -0.8546109791781209 -0.009312819082664575 0.5192280397782095 219.06535439940274
0.5318534889173032 0.11675576719109963 0.838762299835876 470.42554976770344 -0.07214741214048472 0.9931091944871168 -0.09248960926673919 -42.26108575786667 -0.8437899077941374 -0.01132002999231956 0.5365959200112997 219.2827447794707
0.543029639081184 0.12084045574061761 0.8309869970122901 470.6770529191512 -0.07690584269326681 0.9926022830663748 -0.09408335765093967 -42.295509144182624 -0.8362174273676403 -0.012814326664357233 0.5482894716820056 219.48124985776568
0.5474519246312001 0.1258499411892673 0.8273334396106634 470.9316846784252 -0.0823894236096419 0.991942555231323 -0.0963691103885123 -42.326960705984916 -0.8328045339256246 -0.01540281537288038 0.5533935009172037 219.67594820617563
0.5473617429111808 0.1271461727402921 0.8271946761285505 471.1775918898541 -0.08356533678225575 0.9917685397826613 -0.09714358388466905 -42.35842508965492 -0.8327464819572941 -0.01594888291574379 0.553465220342097 219.84219257177435
0.5434322580145067 0.1275574250338971 0.8297186050176596 471.4403411491777 -0.08344328298330889 0.9917139568149669 -0.09780703068676938 -42.391058114597115 -0.835328633592585 -0.016079520135229564 0.5495569414299718 220.00963194708532
0.5354791165739011 0.12781293064971172 0.8348344278708412 471.6774103609948 -0.0821230174756336 0.9916912059994615 -0.0991491832687736 -42.42081449911946 -0.8405791872651203 -0.015463354577394117 0.5415097798737052 220.14626910030933
0.5236044248634405 0.12697655101911473 0.8424594224032234 471.92469894615147 -0.07847540385454642 0.9918286777128557 -0.1007122237958487 -42.452199422973834 -0.8483719950798936 -0.013375455231505764 0.5292736027199278 220.2755622358032
0.5107027099103982 0.12597628640145236 0.8504913536411032 472.15922971785574 -0.074409212198918 0.9919850621411402 -0.10224998068904197 -42.48218497497954 -0.8565639428336387 -0.011061309682263437 0.5159663199172703 220.38885725278982
0.4960126788821687 0.12435191474625874 0.859378174097854 472.40562605082613 -0.06944656877363756 0.9922164615279241 -0.10348723334998802 -42.513169137704196 -0.8655658452783728 -0.008346146614637224 0.5007706591038076 220.49648368621675
0.47935366758828546 0.12331110110896928 0.8689290569304656 472.6515758246162 -0.06517951703588638 0.9923612385101139 -0.10486731969972236 -42.54404869544813 -0.8752300216984515 -0.006363999831410255 0.48371214101162774 220.59494615444194
0.4618579730032224 0.12301099592043764 0.8783957454749994 472.89522447664666 -0.06201358923734448 0.9924049661983638 -0.10636741780098223 -42.574514689327124 -0.8848153340465887 -0.005342072916470376 0.46596124260629485 220.68566921824927
0.4441586209203448 0.12296990669525946 0.8874825687833918 473.15168594257824 -0.0597219440435104 0.9924109483086794 -0.10761721773398496 -42.60585720849124 -0.8939875172864455 -0.005199318526321684 0.4481145637871953 220.77738865489192
0.427485694855336 0.12220274541670191 0.8957380579233728 473.4122053652934 -0.056416789375037114 0.9925106835724672 -0.10847776356976216 -42.637872436580246 -0.9022919746123792 -0.004158198828275878 0.43116093392257765 220.86588785381875
0.41204468188076493 0.12096947779649136 0.9031110073109749 473.6800265971826 -0.051718121725974626 0.9926690643735654 -0.10936621464273505 -42.6718126726492 -0.9097263858863253 -0.0016395919014740793 0.41526266899216746 220.95501012184408
0.3977490122988894 0.11985099321767084 0.9096455917729148 473.94826417302113 -0.04675512761870951 0.9928048204246438 -0.11036121818105134 -42.70596603529939 -0.9163336605871008 0.0013691369933883414 0.40047299607221165 221.04394369372682
0.38421254847785313 0.11914515095182271 0.9155373618925058 474.2110956562846 -0.042977093053821885 0.9928848136823537 -0.11117317568074819 -42.73878131638852 -0.9222748398644842 0.0033707674864450667 0.3865814731973027 221.1306808962687
0.3721758404201756 0.11953246551416712 0.9204459575625693 474.4775350307976 -0.041687069632318635 0.9928385455249946 -0.1120754602328549 -42.77293848092523 -0.9272564790548895 0.0033446451120980924 0.37447544149855577 221.21951875766567
0.3641057505790991 0.1189645036138586 0.9237412579250708 474.74247918617846 -0.04001311479698875 0.9929041783330669 -0.11209854211641879 -42.806469722517136 -0.9305282464483013 0.0038573325195809154 0.36626452059634257 221.30622768427966
0.35733059031414816 0.11721003145871592 0.9266068232802106 475.02911642625924 -0.037737729285573555 0.9931095250345565 -0.11106756040016365 -42.841930426356484 -0.9332461482839537 0.004723616698182019 0.3592737980532953 221.40046076874907
0.3510345193540054 0.11639193571879482 0.9291131711171636 475.28129164715074 -0.03528528641014543 0.9931977901122248 -0.11108651119353029 -42.87412946734883 -0.9357283804463905 0.006215049922248303 0.35273554749400987 221.48425861336037
0.350306981561585 0.11636851767638741 0.929390675854861 475.53593808209604 -0.03425396531157411 0.9931938430000388 -0.11144418735366342 -42.90576524308918 -0.9360393023856882 0.007208290206519845 0.3518906120860315 221.57590112116355
0.35206617525979034 0.11643922540279761 0.9287164348992153 475.7405433697881 -0.03415748152656808 0.9931826366997845 -0.11157054090100176 -42.93338917585865 -0.9353821839736224 0.007561463412644213 0.3536253956366906 221.66106941703333
0.35910333525396826 0.11532683697137648 0.9261577044234313 475.9654581131764 -0.0329093160837967 0.9932974540242997 -0.11092483536526367 -42.9635115288005 -0.9327488959339638 0.009358602430207206 0.36047358150054043 221.7604285889132
0.36749363512455047 0.11361588340592652 0.9230726228352581 476.18008810385874 -0.030751872674625064 0.9934650125798733 -0.1100347157198606 -42.99266066737641 -0.9295483091639112 0.012054573231033245 0.36856847233310064 221.8636747930311
0.3787276906712977 0.11309464462553848 0.918585360723014 476.3793610461538 -0.03186004224947969 0.993524455083097 -0.10918339159967792 -43.020674870417295 -0.9249908511090158 0.012088141406236113 0.3798606862125636 221.970246415099
0.39035966963104085 0.11458385488192278 0.9135174509870609 476.5622898434911 -0.03603428690192761 0.9933798627356499 -0.10920144188866183 -43.047006149958214 -0.9199884764866791 0.009713336302288841 0.39188672203082336 222.08010513448838
0.40238500537341165 0.1163542590129946 0.9080598283852649 476.722602193597 -0.040135152737646236 0.9931923721514397 -0.10947616188367541 -43.0714131506797 -0.9146223107778308 0.007609931938219106 0.40429792049889485 222.1814520019399
0.4152331229919326 0.11674397635799989 0.9022060635408253 476.8706642351279 -0.043054733393163375 0.9931557817196259 -0.10869501417051283 -43.09252185067467 -0.9087278482431363 0.0062930135441699704 0.4173999964168464 222.27810613189766
0.4289492042880399 0.11569382926465305 0.8959024198428294 477.0073897676576 -0.04483565112983519 0.9932826551794167 -0.10680026043759018 -43.10958642884563 -0.9022479309522974 0.005646867095210614 0.43123740737355876 222.37225408183454
0.4418398377070204 0.11426436135462276 0.8898009359369495 477.12403325495666 -0.04495966361609668 0.9934430428822224 -0.10524674248033977 -43.12724105360288 -0.8960000582980857 0.006500375873720366 0.44406221534190854 222.45542115640933
0.45471981645330506 0.11260077925707825 0.8835020204075816 477.2590242903943 -0.03751185382981129 0.9935312769654662 -0.10731594681932141 -43.153113942930624 -0.8898786381318469 0.015660797327976348 0.45598408332307017 222.5425816533917
0.46744145595673275 0.11406884095308209 0.8766474364504986 477.34039181908093 -0.03358922976915232 0.9932302187578312 -0.11132683866625621 -43.172793584647316 -0.8834196236804167 0.022596758100995457 0.468090728715028 222.61411429856778
0.480700459180681 0.1154761416876785 0.8692621002730493 477.40898926436535 -0.036443572960243656 0.993080008045357 -0.11176973341453199 -43.18895443880041 -0.8761614672292197 0.022052828891579123 0.4815646248019841 222.6825823384882
0.49397073317990675 0.11706264364758069 0.8615764663209144 477.4910080462748 -0.04305922995829486 0.9929875263577695 -0.11022845215948475 -43.197071483717295 -0.8684463194286796 0.01735495148929166 0.49552980071278796 222.7693432970959
0.5076498996839072 0.11724617272558467 0.8535626403988021 477.56220560304433 -0.047716939169244084 0.9930173400684605 -0.10802074599447734 -43.20345417596982 -0.8602761331141164 0.014111532239998973 0.5096821120085774 222.84742653152796
0.5200601813757193 0.1169992444998335 0.8460929326162493 477.6323820782386 -0.050092380238838566 0.9930614067368209 -0.10653075731038342 -43.21352519737581 -0.8526951241902734 0.013023831802360544 0.5222948391146301 222.91870139985804
0.5314954207511827 0.11642915384777537 0.8390362346650518 477.69769976659023 -0.05139899203077388 0.9931313761053984 -0.10525135208871367 -43.22549220835717 -0.8455363670261432 0.012819145630890616 0.5338114073309688 222.98805015007426
0.5425285771725687 0.11603017697252244 0.8320001683406161 477.7335807814836 -0.05272880177607692 0.9931803710219522 -0.10412336077950216 -43.235432142081564 -0.8384172245390793 0.01262373605627095 0.5449292660644077 223.0384848665394
0.5530300604822075 0.11565911340150864 0.8251097146941333 477.78532674177933 -0.05389724206159992 0.9932246638558455 -0.10309830969806019 -43.24867568610988 -0.8314530422300046 0.012549532031188143 0.5554990224419375 223.09658921619828
0.562711018425643 0.11472226185230566 0.8186703431041356 477.8281491579696 -0.054293706388128665 0.9933290608009263 -0.10187779238009963 -43.26073062516495 -0.8249061032561262 0.012883405919014108 0.5651680247448824 223.147079917459
0.5713616386515481 0.11345118839319843 0.8128362461151747 477.86684877787104 -0.05433894734151259 0.9934705339298323 -0.10046663218990569 -43.271491230592595 -0.8189359121827308 0.013238673039700456 0.5737774564581737 223.19423343232947
0.5782734508968204 0.11370575949728046 0.8078981567537785 477.912929917635 -0.05545012191240688 0.993443190225972 -0.10012963088830477 -43.28319025041909 -0.8139953055038653 0.013108983896073241 0.5807684472492828 223.24558253037796
0.5845408067969639 0.11688912466363295 0.802918616837209 477.95726657918635 -0.059666535826551625 0.993096726276404 -0.10113660955666465 -43.293235758303 -0.8092070108029009 0.011215766456407823 0.5874614042598797 223.30299943192358
0.5912132015117858 0.12246542305645768 0.797181819212849 478.0006873211155 -0.06688091261458566 0.9924596758846083 -0.10286305027336407 -43.30108916773864 -0.8037771426675194 0.007502561890295405 0.5949273493357725 223.3690850115391
0.5963434770908883 0.1262382478583962 0.7927596520660802 478.0333528057972 -0.07123398592388726 0.9919983175207847 -0.10437933634933846 -43.30752613212577 -0.7996025768284022 0.005779086135089103 0.6005456951397599 223.4125813128806
0.6014121927055789 0.1255749994326932 0.7890269513159687 478.0631740573284 -0.07127167951257392 0.9920808730351289 -0.10356596439318133 -43.31516655660278 -0.7957935792496368 0.0060550946249533135 0.6055811853345567 223.44271571970927
0.6069255748601489 0.12218529129218558 0.7853288750192265 478.0760533447877 -0.0688701697746996 0.9924955802283114 -0.10119170028572594 -43.318949602347466 -0.7918094117836888 0.007334567087248077 0.6107675281555585 223.4631167294057
0.6110380608501954 0.11835305557899518 0.7827224657860469 478.0869266441728 -0.06579007674161526 0.9929472728256745 -0.09878024345379603 -43.32241370609236 -0.788902737177039 0.008867526134309703 0.6144966906184192 223.4804692496638
0.6145211780797076 0.1173577806461716 0.7801414661143549 478.1017096948918 -0.06591283116443593 0.9930688864641247 -0.09746815241770007 -43.327534618978255 -0.7861828577584887 0.008479474802054101 0.6179787474422426 223.50146493383647
0.6192674176412065 0.11875601790031882 0.7761660107198367 478.11583721615807 -0.06860367876241341 0.9929143352090117 -0.09718259703670247 -43.33089789081101 -0.7822180436224522 0.006938724724923921 0.6230085479504048 223.53044104250213
0.6232784086139423 0.12088773279280608 0.772617947243774 478.13091813240476 -0.0719420017020775 0.9926683372208881 -0.09728072332962262 -43.33326318771712 -0.7787244939786414 0.00505372260834671 0.6273877735219938 223.5592034459666
0.624962285844382 0.12290920224489503 0.7709367211134283 478.1430195740906 -0.07443474750727046 0.9924255845266934 -0.09787907086786728 -43.3358360488079 -0.7771390916532137 0.003790656824189998 0.6293594398861591 223.5793226222444
