1.0 0.0 0.0 0.0 0.0 1.0 0.0 0.0 0.0 0.0 1.0 0.0
0.9999997615814209 -0.00045940279960632324 -0.0004145503044128418 -0.0007195211946964264 0.0004590749740600586 0.9999996423721313 -0.0008363425731658936 -0.003119898959994316 0.00041493773460388184 0.0008357465267181396 0.9999996423721313 0.5830835103988647
0.9999997328205508 -3.7098533722357274e-05 -0.000665353654570211 -0.0034170401226000513 3.576183102182995e-05 0.9999976011976193 -0.0022259004342917166 -0.00805519886602274 0.0006652811240686063 0.002225811511082032 0.9999972443285392 1.1620462542143832
0.9999986656271431 0.000705267326076562 -0.001237269258147836 -0.008507836330102589 -0.0007092230559368548 0.9999934019632474 -0.0035613419316267506 -0.013511901751971435 0.0012340401530827828 0.0035624419373730745 0.9999925801025142 1.741854674683281
0.9999976667767574 0.0001702947338962025 -0.0020580558975699303 -0.01307623943502136 -0.00018151883977914358 0.9999848987347076 -0.005553055708435062 -0.01948695789649229 0.002056650118098916 0.005553363451840648 0.9999825045030759 2.3114201566614576
0.9999956061182819 -0.0007819925674940027 -0.0026724685461812546 -0.017567582648116104 0.0007611201830529005 0.9999685842384934 -0.00792134110857784 -0.026927700932119013 0.0026780542888080495 0.007919179302376067 0.9999649298289434 2.8765091066238453
0.9999947458458553 -0.000849086095980311 -0.0029746319633845836 -0.023683386617019714 0.0008239268643076917 0.9999638836826528 -0.00849408491782426 -0.0337208575839544 0.00298138145632814 0.008491038287559125 0.9999594662235232 3.4362112652675227
0.9999934369736411 -0.0004992095302912577 -0.003514306144481516 -0.03240121228286311 0.0004694146864656405 0.9999650546753781 -0.008404618643877641 -0.03823239091291064 0.0035182871002243867 0.008402171661547424 0.9999585613252054 4.0299691415807954
0.9999930251766642 -2.355511569452165e-05 -0.0036654096954061746 -0.03988980168026814 -8.794237331729255e-06 0.9999615292951418 -0.008808168210001681 -0.045520667212914534 0.003665281321488958 0.008807383670284306 0.9999545195586818 4.618776800755028
0.9999912869354086 0.0018171256041008951 -0.0037507892686101433 -0.046793232516375065 -0.0018620333180449202 0.9999267645627803 -0.011981740504756425 -0.057797199321858485 0.0037285576023907883 0.011987588292098294 0.9999213069807941 5.230477201919552
0.9999833168807741 0.004383799011036105 -0.0037233050843811493 -0.055148000398077955 -0.004445494764524198 0.999849960077875 -0.016741547209924264 -0.07323573621142379 0.0036488131287672116 0.01675660119229913 0.9998526963010689 5.835130905653301
0.9999692692627659 0.006874780180688276 -0.0038057282378225125 -0.06361471952424114 -0.006954812394191975 0.9997462667896116 -0.021431409230969672 -0.09117982327586878 0.003657329812872184 0.02145594520745373 0.99976319723631 6.433080681741307
0.9999562309355025 0.008415813064679924 -0.0041348130344905165 -0.07473546934257129 -0.008504315668339936 0.9997250591674407 -0.02185648456862058 -0.10369559651861611 0.003949703996948274 0.021889210738102766 0.9997527137480968 7.016264868447539
0.999932276486755 0.010278583379251171 -0.00552205757136237 -0.08885468095119166 -0.01036917605555234 0.9998084309398501 -0.016621847169116175 -0.10622194061485392 0.005350096389825719 0.01667668868507966 0.9998470394617459 7.665710011657522
0.9999107450907533 0.011309099126207155 -0.007178759402085828 -0.10333469904818804 -0.011357987100923297 0.9999126854738789 -0.006778073770379284 -0.1021701405945327 0.007101358228548191 0.006857610352688748 0.9999518655484877 8.370769472996594
0.9998936534338925 0.012345497311595786 -0.007852434032181992 -0.11649655242656287 -0.012361798766849232 0.9999220275839548 -0.0020053826742433972 -0.09794995101002188 0.00782692794699531 0.002101007472732057 0.9999681080195424 9.072144489888771
0.9998623306224034 0.014634660924930399 -0.007941159978219089 -0.13095289040010863 -0.014661626650549197 0.999887499977822 -0.0033216149272684717 -0.10370584190728911 0.007891544182553223 0.0034360274545168932 0.9999638195697331 9.763164424846577
0.9998248631649854 0.017067084083662545 -0.007849201995084772 -0.14272887060990802 -0.017147608057100895 0.99980089031223 -0.010269506282174518 -0.12144858313282764 0.007672639963815025 0.010400572258757904 0.9999176984150538 10.44562263910249
0.999800059771038 0.018367549065625984 -0.008049904184291919 -0.1497521511304899 -0.01849704812853639 0.9996977179997814 -0.016257174383334384 -0.14179728632121216 0.007749135472765612 0.016401099734955297 0.9998366951647795 11.130749064800312
0.9998073037152212 0.01772187791432919 -0.008580449230175835 -0.158388577857193 -0.017852164356821396 0.9997250326871625 -0.015274507162352405 -0.15078784683098864 0.00830767004921784 0.015423048618834515 0.9998479229095222 11.854359132618558
0.9998063859937892 0.017211709379110356 -0.009639394181481969 -0.17031055259620587 -0.01728123951986867 0.9998263768169662 -0.007090147108545395 -0.15016659176783506 0.009515814334383144 0.007253624041508229 0.999929574449141 12.645441943211393
0.9998026175473602 0.01700798755392486 -0.01034127416842817 -0.18241902788306627 -0.017022836623783358 0.9998548662967045 -0.001262854106361436 -0.14742358746755518 0.010318381964044927 0.00143670787509405 0.9999465924312765 13.450712074569836
0.9997943979258002 0.017335856420376043 -0.010591286250498416 -0.19434222337556842 -0.01733475273781997 0.9998499417773806 0.0002760435358894228 -0.14771507493755193 0.01059449188329805 -9.432000832587033e-05 0.9999445763956928 14.280663708036352
0.9998062609756057 0.016795861762747274 -0.01036644753154848 -0.20144968509165317 -0.016803584748636885 0.999859144121201 -0.0005740253947119414 -0.15407734195632963 0.010355292650698424 0.0007462429303336674 0.9999468365082883 15.109322100121142
0.9998017973340427 0.017261832155718443 -0.010033462472800533 -0.20710838312128085 -0.017293174379238937 0.9998464821357986 -0.0029728012421522624 -0.1649976933221422 0.009980330573431041 0.0031437424156390177 0.9999457567328117 15.944736254026592
0.999758824334643 0.019994748121489134 -0.009213436354753737 -0.215997468881272 -0.020056795480500735 0.9997773579107282 -0.006619993246594351 -0.17965840244753145 0.009078821368484528 0.006801318330485825 0.9999361150878368 16.817288763507257
0.9997935356440779 0.018560358533826156 -0.008438829802731121 -0.21716458684725673 -0.01866343145865295 0.9997516678467792 -0.012212777772999648 -0.20101178997130548 0.008209793455755825 0.012365630656895055 0.9998903800822605 17.701818563866368
0.9998168692404057 0.01750457784933322 -0.007919962570352969 -0.21860356726961225 -0.017647719584136898 0.999677656248005 -0.018275635298922517 -0.22939162628744522 0.007597310755952976 0.01840995333518565 0.9998021801795239 18.61390151980447
0.9997871515166268 0.019582754515543557 -0.00673586999541925 -0.22353611107902252 -0.01973789780970802 0.9995252306079975 -0.023684079624422587 -0.26121700305651324 0.006268771657545179 0.023810074415348 0.9996975660135868 19.515070453942773
0.9997655391443282 0.020799101504700594 -0.006346841846513144 -0.22914103969966854 -0.020949609548499705 0.9994810522271764 -0.02449906055164029 -0.2899908827650676 0.005834039367034504 0.02462409822345615 0.9996807615653477 20.431722899654584
0.9997608025759757 0.021050760378908753 -0.006304992334094039 -0.23450969434018076 -0.02120040825760767 0.9994756922127079 -0.024503424070109185 -0.3170947349148583 0.00578603743505299 0.024629082437177846 0.9996809203364423 21.381220192446044
0.9997384417308833 0.022170448061670286 -0.006020382371607032 -0.23888495098654527 -0.022318346766356446 0.999425412446406 -0.02553827184968417 -0.349346808231564 0.005450718648485812 0.02566394428932858 0.9996566366763912 22.339592494003895
0.9996932093714611 0.024242368093133914 -0.005482904436679325 -0.2432216301839426 -0.024384689613527084 0.9993295004616392 -0.02735066176741476 -0.38375180738650805 0.004816345173542963 0.027474221676222956 0.9996120256513399 23.300813059861458
0.9996301542560723 0.02674328239258103 -0.005380623604456027 -0.2509252445969677 -0.026886511519542185 0.9992384462312918 -0.02832390858289276 -0.41468527110873216 0.0046195293442705745 0.028455624427512025 0.9995860783000499 24.276123239266813
0.9995994496024347 0.027931322917885477 -0.005081441571307209 -0.2559070888984384 -0.028067569615931768 0.9991926849925944 -0.028785792516657496 -0.44655889838340534 0.0042739489549487785 0.02891450418935347 0.9995744829624482 25.26578626785042
0.9995822711969654 0.028564120038138404 -0.004946949292403302 -0.25918817610213596 -0.028697851802654408 0.9991642433266521 -0.029154728344712603 -0.48101117215724426 0.004110840532113112 0.02928189909477001 0.9995645429685375 26.26639254038713
0.9995734854759135 0.0288906164918899 -0.004884419678955129 -0.2619356085288899 -0.029023431138693174 0.999148338791469 -0.029379679849934014 -0.5158097316912919 0.00403236831990101 0.02950607066455657 0.9995582917977154 27.265571166554004
0.999554470197773 0.02952167874493781 -0.005042666636997993 -0.2680172932282081 -0.02965837509149397 0.9991339052575136 -0.029232933281342962 -0.5494304021544073 0.004176198928975213 0.029366808477563018 0.9995619505031553 28.292586388030706
0.9995337069797318 0.030173951893852996 -0.005315050384958409 -0.27428380309857703 -0.030314580534168623 0.9991411555925609 -0.028311450130180514 -0.5816745040383918 0.004457325636521519 0.02845634728876752 0.9995871654309412 29.325830778331905
0.9995143930394 0.030794078547984285 -0.005404797788629055 -0.27999700172825537 -0.03093659450753929 0.999124125459178 -0.028235499777946867 -0.6154521564858436 0.0045315560705990665 0.028386236129971893 0.9995888390542959 30.378533313661958
0.9994990726271673 0.03134142106803215 -0.005163767077898161 -0.281675018254564 -0.03148119602541141 0.9990801179596555 -0.029185632256001983 -0.6539510165499084 0.0042455525999279915 0.02933079856596716 0.9995631873210924 31.411403748934127
0.9994697541826517 0.03230538455958343 -0.004943095770111155 -0.28433340072072116 -0.03244200181980242 0.9990224478302152 -0.03009727119402128 -0.6929530264686904 0.0039675256765231166 0.03023857871777563 0.9995374731200344 32.43890828439846
0.9994637887720751 0.03245938841818847 -0.005073369544135508 -0.2883904099371706 -0.032599014849403675 0.9990203078762919 -0.029986659742463125 -0.728978466402976 0.004096405321637813 0.03013292148686936 0.999539801182539 33.4800997110055
0.9994572995431439 0.03258461181961072 -0.005530890062541526 -0.2941046371555373 -0.03272917911305027 0.9990740937675281 -0.027992582399582727 -0.7608723663892187 0.004614966561901485 0.028155666849730553 0.9995949104093388 34.52333190929323
0.9994363897262164 0.033178772027590606 -0.005809995674854992 -0.3010768206478631 -0.03331766098664499 0.9991295757981573 -0.025183038144167114 -0.790266135185466 0.004970249138153951 0.025359822008223017 0.999668100970945 35.581677780720675
0.9994214888210635 0.03355386138804506 -0.006154073990855996 -0.3069847281136447 -0.033692756116628426 0.9991541818665857 -0.023637968897322 -0.8194988614271598 0.005356480588477458 0.02382925410854117 0.9997036481328478 36.66062713296712
0.9994057809602139 0.033997328032879894 -0.006230151245178465 -0.31205336209780954 -0.03413823201505409 0.9991367544990937 -0.023731484455764316 -0.8515794235148217 0.005418620962462797 0.02392798200212109 0.999700968795659 37.76494523870485
0.9993980531218618 0.03423174874371458 -0.006191482188407275 -0.31411942645072255 -0.034379230356686795 0.9990938768677547 -0.025144519071565605 -0.8884138359602664 0.005325683917668183 0.025340335812898275 0.9996665959896407 38.845217766355766
0.9993751209194537 0.03488382295694491 -0.006287946505313168 -0.31924300448197057 -0.03503701300499426 0.9990545870079758 -0.025787651374617825 -0.9252123816915934 0.00538308167762466 0.0259896295193521 0.9996497037524033 39.94130158281445
0.9993626304432538 0.03518219474629264 -0.006562135652045313 -0.32545254089535103 -0.03534081918253021 0.9990503228253309 -0.025530398887662415 -0.9563109256169046 0.005658269714467884 0.02574388994117687 0.9996544953551934 41.04511946082099
0.9993381110667354 0.035729816848518836 -0.0072818720567692195 -0.33381352890830246 -0.03589956854625231 0.9990591917938589 -0.02438502031244136 -0.9863915232235547 0.006404452296991044 0.02462821335448956 0.9996779467869453 42.16746000610584
0.999310574201039 0.03642170645392103 -0.007683730968905176 -0.342086294908321 -0.03658963313394868 0.9990749949436739 -0.022659634239404796 -1.015318285816528 0.006852026013270354 0.022922957735991022 0.9997158508530138 43.2856289112629
0.9992713914844011 0.03749004365000624 -0.007645704030049959 -0.3499472966500131 -0.03766009160479274 0.9990247724070231 -0.0231167994662101 -1.0485370357877009 0.006772313799313806 0.023385661458754023 0.9997057223528233 44.41903524819633
0.9991955723579397 0.03954044641182973 -0.007254544299149585 -0.35585556486449016 -0.039727019532140063 0.9988388286049781 -0.02731112216192049 -1.0903652102798918 0.00616704001037459 0.027575047048547432 0.9996030304429091 45.52363060948547
0.9991103026232854 0.041782040746980546 -0.006468018747309295 -0.3610512337071272 -0.04196990955782543 0.9986121102430959 -0.03186926988576408 -1.1369579838064325 0.0051290257478521974 0.03210999060892514 0.9994740747714039 46.61483392029818
0.9990939831007897 0.04219515183867074 -0.006282920426449516 -0.36467763423760746 -0.04237859441524468 0.9985846555313164 -0.03218972691392468 -1.1801778267090117 0.004917419892240459 0.032424373262841734 0.9994650555182945 47.70560219379986
0.9990640710197953 0.042930237410137594 -0.006134919016837808 -0.37005918774010077 -0.04309870991074376 0.9986209921714775 -0.030061472359315156 -1.2174267824003695 0.0048375906944021834 0.030295492457618728 0.9995323788692055 48.80310262597611
0.9990331218717261 0.0436571452425416 -0.006073876285497794 -0.37492994150392417 -0.043817517157703594 0.9986293318854592 -0.02872315972400701 -1.2543824300558268 0.0048133685761978405 0.028959077003191308 0.9995721067501631 49.919566860035644
0.9990385229421728 0.043543358922016696 -0.005965515588135704 -0.37732790084906687 -0.043698269175904345 0.9986471987552383 -0.028266659165537365 -1.2917320461637098 0.004728261520619594 0.028498073992765192 0.999585703179623 51.04233099759818
0.9990294519741649 0.04378985013377852 -0.005667061164548429 -0.3777685202676566 -0.04393893651814023 0.9986186437100433 -0.02889880750462244 -1.3349543069408254 0.004395466149520809 0.029117843527704322 0.999569490710734 52.18811332563913
0.9990334041045115 0.043714093925644 -0.005466148098627457 -0.37638176498055054 -0.04386315945382837 0.9985782291747618 -0.030359467612164594 -1.3807494164818812 0.004132501527059592 0.030568610783985612 0.9995269721365385 53.319992204952484
0.9990052334973925 0.04437534636042659 -0.0053289225184449006 -0.37594642931105327 -0.04452745180730739 0.9984903294480879 -0.0322320805734272 -1.4283402658523199 0.0038921842450040023 0.03243577889981219 0.9994695345669752 54.43272521925709
0.9990243148836946 0.04395772283756711 -0.005251905709936931 -0.3739427730794125 -0.04411709066157734 0.9984254838798511 -0.03471544887415034 -1.4773001235886203 0.003719452829747401 0.0349113620726574 0.9993869996265051 55.52555289203963
0.9990539727976969 0.043280056578812814 -0.005258135721419704 -0.37174685522218953 -0.04345361539181749 0.9983208074912413 -0.038372020894737985 -1.5293004420430596 0.003590449102464584 0.03856179077075482 0.9992535146689862 56.59503656733523
0.9990817547128785 0.042651908768559656 -0.005064724008497561 -0.36962451657142636 -0.042822444060330256 0.9982966797676682 -0.03967758836106156 -1.5813995183140181 0.0033653467921465584 0.0398558616283306 0.9992032080329679 57.665240133109414
0.9990930617907017 0.042427252962120354 -0.004816991517090032 -0.37073799227431675 -0.0425828312184495 0.9983726411695154 -0.03798935655282083 -1.623014391182616 0.003198958261346565 0.03815782637876168 0.9992701271344794 58.72836540416903
0.9991240272302125 0.04171155485566743 -0.004649682714765912 -0.37236180022580145 -0.041846152547631243 0.9985738821186315 -0.03321650704634522 -1.6596659805418053 0.003259024498189671 0.033379280971132276 0.9994410410400395 59.82684587773651
0.9991494804401296 0.04111787045123982 -0.004386558373672045 -0.37264788467222476 -0.04122937254562533 0.9987444645005754 -0.028514545846817046 -1.6936729490065487 0.003210161377101724 0.028668426415101065 0.9995871924614381 60.94977064184943
0.9991620320533134 0.04085131400765647 -0.004181908108612974 -0.37174071440571954 -0.04095728819682309 0.9987609232194192 -0.02834962051290221 -1.7316310199668559 0.0030204987923289914 0.028494024502492284 0.9995930336630606 62.068386187100984
0.9992379175189033 0.03897242242304366 -0.003909073567008276 -0.36678492450291406 -0.03908000151228216 0.9987433571240972 -0.03144329882062866 -1.7773043221332856 0.0026806183937270137 0.03156909597166849 0.9995015549133525 63.19241092697143
0.9992473755413686 0.038724769933888514 -0.003944096059604648 -0.3649680751586991 -0.03884173832865082 0.9986529340653887 -0.03446976870124737 -1.8270710206747682 0.002605973484086632 0.034593671937557344 0.9994017442345624 64.29886728775787
0.9991485385484792 0.04121828371668629 -0.0036977638883503436 -0.3669592790023454 -0.041335028861207906 0.9983873597560188 -0.0389712000531142 -1.8815261969321866 0.002087469357276864 0.03908756006376235 0.9992372167897982 65.39118450588944
0.9990915893870516 0.04259369763211298 -0.003579616400828577 -0.3661177906353601 -0.04271340621296423 0.9981307847917282 -0.04376475829175467 -1.941962860322811 0.0017111530194506277 0.04387453837298688 0.9990395611914588 66.47822059461683
0.9989897403212071 0.044951763041093766 -0.003153862321768787 -0.3690366138856289 -0.0450516907683631 0.9979881499145795 -0.04466727873492746 -1.9984020122447663 0.0011422197754400612 0.04476067379426627 0.9990013749738907 67.57224741196067
0.998866362333555 0.04763165421759993 -0.0029067048478498073 -0.3719519790149786 -0.04771576487776835 0.9979784642216692 -0.042036763815043905 -2.0481607563661637 0.000901305189557543 0.04212414283211609 0.9991158843014527 68.67247369642499
0.9988204106605083 0.04858444624231354 -0.0029627332323419143 -0.3737838922813413 -0.0486691605180733 0.9979700943533384 -0.0411302364882848 -2.098688320922569 0.0009609288227780965 0.041222420523719355 0.9991535012420818 69.7825857068157
0.9988145221881933 0.048716905720523326 -0.002893759706078869 -0.37307565435282214 -0.04879878576342205 0.9979656905217719 -0.041086950803489126 -2.151865813568067 0.000888821097158886 0.041175802694555966 0.9991557262762478 70.91230831538253
0.9988248270057644 0.048526294071363295 -0.002664005368477002 -0.3707251413650727 -0.048599202595934476 0.9979752335600002 -0.04109241201428052 -2.2044428640494362 0.0006672942415940599 0.04117004984172916 0.9991562870386105 72.02861036992195
0.9988357189298943 0.04832535597653746 -0.002539259144161502 -0.3696887877321501 -0.04839385744676772 0.9980002525209136 -0.04074642755249637 -2.257091763610499 0.000568134442055224 0.04081784415719447 0.9991712061164336 73.17145344262218
0.9988452452252434 0.04813239202486814 -0.0025076166871530635 -0.36873304570937526 -0.04819933512026166 0.9980543941415044 -0.039642833919645355 -2.3074743871904344 0.0005977452488866753 0.039713891531629214 0.9992157503409409 74.3038170656109
0.998838881369249 0.04824989146953229 -0.0026727258851270705 -0.36901260708468153 -0.048322676253695004 0.9980742026256316 -0.038983110676688984 -2.3573066372772122 0.0007897177645277591 0.03906321469857545 0.9992410892108309 75.43711035396916
0.9988273995538143 0.04847747123476196 -0.0027277243900120244 -0.3675280399028083 -0.04855276504384234 0.9980190309048947 -0.040088085427774235 -2.41018926902122 0.0007814570848334528 0.04017027604503958 0.9991970027200203 76.55847749678539
0.9987715093400744 0.04962041597310197 -0.0029228499566666503 -0.36704400214141303 -0.04970622430558438 0.9977756902159729 -0.04449233058890085 -2.468693900788151 0.000711676531296069 0.04457955344085746 0.9990105966166694 77.63501125214592
0.9987102544124405 0.050829562036394986 -0.003139068099094631 -0.36742108585635724 -0.05092547838090821 0.9976255197047512 -0.0464418458871912 -2.5285772456204545 0.0007742610647873884 0.046538377687133224 0.9989213551093166 78.70918387744393
0.9986310721995256 0.052332305748824325 -0.0036062385288053553 -0.3723183083355443 -0.05244726512958835 0.9975838303077565 -0.0456378218740518 -2.5829238524386926 0.0012123671115895109 0.045761195345736964 0.99895690563765 79.80849870811778
0.9985831652632249 0.05323127635951667 -0.003701785488194289 -0.37640093480754555 -0.053344906228162396 0.9976886088016241 -0.042169203751233564 -2.6324274870554274 0.001452012696942237 0.04230323364282893 0.9991088100712094 80.90372481821522
0.9985363768759213 0.05409945252725687 -0.003809870208226448 -0.3802852838242855 -0.05421197336535694 0.9977718650028728 -0.03898011178166207 -2.679623367994588 0.0016958195790547602 0.039126235741770356 0.9992383462947957 82.00845329685156
0.9985082421728791 0.05460235356165308 -0.003978368005707617 -0.3833203094490577 -0.05472096491818753 0.9977494958299986 -0.03884167912866044 -2.7286440217027272 0.0018518278206370164 0.0389982279034196 0.9992431031025963 83.1118319279785
0.9984812230516308 0.05507488373301263 -0.004223841034773674 -0.3839236197710608 -0.055206868924746 0.9976421613298598 -0.040859899015374034 -2.7839206848079288 0.0019671668158886867 0.041027499359109994 0.9991618313790865 84.20886590345775
0.9984662661595147 0.05533883556085656 -0.004289718384128551 -0.385260202644285 -0.05547450381976567 0.9976021007193749 -0.04147361849714628 -2.83835980776652 0.0019880454822245697 0.04164432130961693 0.999136457113563 85.30186372519192
0.9984698458506963 0.05526369827789663 -0.0043448855352566755 -0.3864996543710706 -0.05540206823660357 0.9975947524842962 -0.04173527275165613 -2.891556661775186 0.002031455084720286 0.041908734022652064 0.9991250018758258 86.38756083708978
0.9984798609219206 0.05506404048184356 -0.004558233362815332 -0.38864552227419125 -0.05521142085456325 0.9976029950715465 -0.041787944774524716 -2.9440628945557403 0.002249605384254034 0.041972982511721095 0.9991219926205944 87.47732537601249
0.9984927875537497 0.05481982798497983 -0.004728153720073233 -0.3912872905129627 -0.0549732855097506 0.9976411711820548 -0.041188453483957777 -2.9929088679108604 0.0024624748197311164 0.04138322556704138 0.9991462886569699 88.54142803536756
0.9984682117505529 0.05524342486344185 -0.0050852993359905806 -0.3963946723551355 -0.05540624574948851 0.9976958886675421 -0.03924983137292184 -3.0393636823220507 0.002908648587905493 0.039468504479405274 0.9992227789572691 89.61521633584533
0.9984768059769323 0.05507304015025335 -0.00527069270475417 -0.3999487124422313 -0.05524297057267697 0.9977117408861823 -0.03908364282654673 -3.0856846886392137 0.0031095850462706013 0.039312344637859174 0.9992286009141101 90.66281112072791
0.998500923418311 0.05453911585012436 -0.0061643492410218435 -0.4054519517749213 -0.05474488064458191 0.9977397571037765 -0.03907362866860244 -3.131646964639091 0.0040227866397672596 0.0393493658109548 0.9992239177361205 91.6859111149191
0.9985196251812296 0.053979383130329406 -0.007824543519847033 -0.41374382828510614 -0.054255354862957184 0.9977347205656749 -0.03986757431683101 -3.1780192906827613 0.005658067816375237 0.040230169907844504 0.9991807169813548 92.66974206301425
0.9985074782711252 0.053889056444827554 -0.009776312119885507 -0.42410687798882496 -0.05424764677149877 0.9977149265227959 -0.04037107244147276 -3.2222531732172297 0.007581772598391658 0.04083780231468131 0.9991434288554182 93.6326505576444
0.9984860903247001 0.053867343432835474 -0.011898938286541642 -0.4375312409405068 -0.05430950776663308 0.997727225618383 -0.039995785840577856 -3.261740447976436 0.009721060861017684 0.040577671103781195 0.9991356672532268 94.5573094286798
0.9984192253713372 0.05458580107009858 -0.014053656190009802 -0.45590548563557465 -0.05510441816647421 0.997719725205837 -0.03908635064323795 -3.299469735650695 0.01189178818782945 0.039795071930219236 0.9991437752177103 95.4933148476511
0.9983515486781286 0.0552903874470165 -0.015956498369237453 -0.47591982035314073 -0.05587323860574129 0.9977077323205368 -0.03828516874695744 -3.3353076460208477 0.013806758484964514 0.039109771014298404 0.9991459561520689 96.39874885176636
0.9982700043228658 0.05604374063899975 -0.0182524183128243 -0.49800252977109916 -0.05669577577742463 0.997708093359847 -0.03704248204261434 -3.3690353300570486 0.016138033139316315 0.038009600441840624 0.9991533149052133 97.29212590312616
0.9981847947515844 0.05700262039043398 -0.019897169147539546 -0.522010816665107 -0.05770957274401698 0.9976656588185528 -0.036628596983585705 -3.4019119116792096 0.01776675399674085 0.03770637342870189 0.9991376514849707 98.15230302173117
0.9980839976365048 0.05821068331902841 -0.021392204394026428 -0.5468723596497794 -0.058969646443379986 0.9975989189482011 -0.03643406493030994 -3.432540825312426 0.019223550708179056 0.03762205385297351 0.9991136912806734 98.96466280493267
0.9979576074243112 0.05985718712188279 -0.02270154853409374 -0.5718757550712414 -0.06068503228259031 0.9974588923594092 -0.037430718753243074 -3.4659146256861773 0.020406556494331495 0.03872853293809657 0.999047759806957 99.75182724662972
0.9978167588434842 0.061631546087523886 -0.02408815829674173 -0.5944796758196287 -0.06260989839208572 0.9971596126399598 -0.04195414268691181 -3.503530868409013 0.021436754618342862 0.043367268277406924 0.998834851861326 100.47664713578524
0.9976120219421123 0.06444996279786169 -0.025158024614191025 -0.6192951493898169 -0.0655743132978139 0.996766906879136 -0.04650948427254937 -3.5414518138833797 0.022081383290440643 0.04804447076175775 0.9986064445012421 101.16075123888575
0.9974752929823523 0.06620805731480799 -0.02600685725213493 -0.6416954701553965 -0.06743759588246467 0.9965034906629713 -0.049398621283567354 -3.5784443803200787 0.022647557126919387 0.05102414691329341 0.9984461499802085 101.80349525004468
0.9973705898513893 0.06769552714796451 -0.026192711335288228 -0.6640506448124479 -0.06895227638559558 0.9963581700286835 -0.05023508479522621 -3.612098538640067 0.02269914105146455 0.05190507485985503 0.998399807269903 102.42187211929792
0.997320219146668 0.06855115751167193 -0.02589427499628488 -0.6831434072193358 -0.06979528272661494 0.9962918632092281 -0.05039397666568207 -3.643345642687739 0.022346513668991163 0.052061858440083826 0.9983998820346061 103.02377347303975
0.9972463865476302 0.07044106111215186 -0.023569860945346934 -0.6983949084857826 -0.07155203630047559 0.9961943886792801 -0.04986216385016516 -3.673382304053641 0.019970851662867863 0.05140650456922177 0.9984843884295267 103.61916198149194
0.997315321268765 0.07111884815179527 -0.017947562386324098 -0.7041689186637989 -0.07193631777657862 0.9961844143196428 -0.0495217368034248 -3.7048076304492548 0.014360107720470885 0.05067566047739495 0.9986181835368051 104.19607502003065
0.9974054009144199 0.07120866837906556 -0.011389678410804353 -0.7000956267435335 -0.07168855079148852 0.9962431906207592 -0.0486896347755027 -3.7360717631234066 0.007882683869603816 0.049375442394545076 0.9987554795865901 104.750189911505
0.9975047035436118 0.0706438051469084 -0.0034237178885043844 -0.6849347804630308 -0.07073329058989479 0.9963708669334514 -0.04745406761320872 -3.7649422156324825 6.208650930612271e-05 0.04757313530251533 0.998873990194523 105.29816395933905
0.9975331900647099 0.0699890508009779 0.006846376841780478 -0.6623782915285009 -0.06959000253108438 0.9964318473435015 -0.04787011517079162 -3.794620192911307 -0.01016917355855439 0.04727085788776728 0.998836530670253 105.80885949619054
0.9974168620331074 0.06911651411720675 0.020001000779716577 -0.6324934120772003 -0.06807742831735959 0.9964843685229087 -0.048938711602750214 -3.8261865627482186 -0.023309882517406358 0.04744563662206576 0.9986080715204004 106.3004536573492
0.99701929491425 0.06917237428982743 0.034432242437505894 -0.5951762406810133 -0.06739519230829527 0.9964521864115962 -0.05051879938701759 -3.858781682597266 -0.03780114529155976 0.04804262006994695 0.9981361790382339 106.77581814491762
0.9964288793301356 0.06778763322092568 0.05053138316309916 -0.546640327230814 -0.06506061761041726 0.9964298300690921 -0.05390962659547287 -3.894561152563513 -0.05400196551886807 0.05042435248636554 0.9972735283264285 107.24279919839721
0.9952572161232334 0.06781854449218039 0.06987934572768978 -0.4875290075813687 -0.06370544744913856 0.9961945036968858 -0.05958540611533339 -3.9326412544751483 -0.0736508985116565 0.05484588059386989 0.9957815669166143 107.71098676389605
0.9935929564253765 0.06612595782555257 0.09175919598664518 -0.4136970785422711 -0.06022539155563629 0.9960253440957424 -0.06571816802290434 -3.973166505798053 -0.09573636265421766 0.05976550467659189 0.9936178145720084 108.17162803132624
0.9911030099308594 0.0636608398499167 0.11696989325180765 -0.32501402688889475 -0.055803083713899415 0.9960386752716457 -0.06932346491584804 -4.01268095111896 -0.12091588053792583 0.06217411324239825 0.9907210006440682 108.62105026822302
0.9875038106482158 0.061267441817211485 0.14526756371027316 -0.22349107726941012 -0.05135026967511716 0.99615216307881 -0.0711094981180314 -4.049714734283436 -0.14906142426280444 0.06275602988505159 0.986841955458642 109.05111603182479
0.9828219984853128 0.059048896348542684 0.17491475285206332 -0.10702837099290119 -0.046817553268144435 0.9962177405959856 -0.07328697605651047 -4.087637130168593 -0.17857675469586543 0.0638336596261138 0.9818608388388808 109.47331921988142
0.9767666727596018 0.0570431980849611 0.20662327306064776 0.02493924554820906 -0.042331444255068254 0.9962928988384991 -0.07497066639674818 -4.123811503297304 -0.21012951088252843 0.06447698918019722 0.9755526811818205 109.87947340518579
0.9690016478915922 0.054683914470803965 0.24096670237480367 0.17223130137604895 -0.037337778106261564 0.9964138965096888 -0.0760055268723116 -4.156448423558147 -0.24425413652168013 0.06464768565060627 0.9675611898150834 110.26685255763579
0.9594388094782172 0.052929969419804164 0.2769367797967964 0.331907476557767 -0.032597698194413965 0.9964613082310108 -0.07754463473814177 -4.1884803487755935 -0.2800560421638468 0.06536749559158936 0.9577626081685982 110.63666417822009
0.9475264206186509 0.05380635446594917 0.31514636564956944 0.5032821511684915 -0.030204824652154384 0.9963963461652202 -0.07932959931252312 -4.219695520394402 -0.31827365972937993 0.06564347179640372 0.9457306981425156 110.98683083448601
0.9327766767082801 0.05505648478984552 0.3562515911100551 0.6905926351650378 -0.02794907402020502 0.9963423685492997 -0.08082059633192112 -4.2491928890764905 -0.3593925114980825 0.06542616306273658 0.9308977623823688 111.31438339003086
0.9162794879928797 0.05427989447932763 0.3968681859092538 0.8881791195322748 -0.023761714383971736 0.996401445854926 -0.08143660041741463 -4.27485278682814 -0.3998540286500256 0.0651837496207169 0.9142660395268094 111.61060082890748
0.8977750756137924 0.052982964921748144 0.4372770522539692 1.1300719213173345 -0.018831690748727235 0.9964536749988917 -0.08208918269823554 -4.3071743624255365 -0.4400689210788511 0.06545815659388567 0.8955831485937795 111.955057975047
0.877122160616745 0.05170451831427513 0.4774948737250922 1.357855045832149 -0.013362441507786444 0.9964356122890491 -0.08336622064694356 -4.33528378368279 -0.48009640605338416 0.06673700865936265 0.8746816198646464 112.22204070103822
0.8549204422656367 0.05109408017820367 0.5162542668935839 1.5918654064606748 -0.007975228991771489 0.9963200721469987 -0.08541319025755939 -4.366186822119039 -0.5187114210187639 0.06889925119858191 0.8521771311809461 112.4733707453974
0.8310507293481203 0.05199371571341828 0.5537778539229832 1.8360822647018429 -0.0030837599022288543 0.9960422595703103 -0.08890234614410938 -4.40065915414986 -0.5562011094102788 0.07216954445131328 0.8279172312236528 112.71258409143118
0.8048614599598826 0.05455852500126795 0.5909652232895579 2.0829135717379614 0.00042589956818844723 0.9957176464658464 -0.09251751372229626 -4.435979660393991 -0.5934744618523669 0.07471065004016814 0.801387060390543 112.92743510403234
0.7762508103696814 0.05835153774229434 0.6277329435051348 2.345363016986572 0.002462783512971379 0.995424834568671 -0.09558724476635566 -4.473136805170483 -0.63043074447209 0.07574074457503566 0.7725514336241266 113.13632576565561
0.7452708235160762 0.060413713195842905 0.6640334119276425 2.6163379030857254 0.006048406695346642 0.9952390741217065 -0.09734543919835255 -4.5076235797763955 -0.6667446939058618 0.07656011390704628 0.7413536942082247 113.32581900183635
0.7127020826444931 0.059154151875964 0.6989815293738305 2.9211829711684305 0.013102950741549638 0.9951476432466128 -0.0975883522701744 -4.543017661329671 -0.701354055513023 0.07870520298650778 0.7084655106456658 113.52377321797906
0.6785622096574623 0.05607316982260379 0.7324122562446445 3.2475701874208727 0.0215501465098165 0.9951391921395347 -0.0961625909763728 -4.574988073722409 -0.7342357340635847 0.0810308827447456 0.6740528414057085 113.71735283967261
0.6427319334944148 0.05411439671903761 0.7641896729855364 3.5878616255788685 0.02816826206495187 0.9951640902180776 -0.0941708963381077 -4.602942924258418 -0.7655815700004021 0.08204757473791542 0.6380972576915589 113.90169125050208
0.6042389277089233 0.05192973607576536 0.7951209989585983 3.944404147640562 0.03549206521103305 0.9951355159180031 -0.09197339821024528 -4.6308260520971345 -0.7960207316433847 0.08378936325882042 0.599454617427329 114.07249542816142
0.5643624904501144 0.049508910083353945 0.8240526104610072 4.321478718299835 0.04279691405595493 0.9951088812541359 -0.08910467109251526 -4.658078867615163 -0.8244251899074951 0.08554923021663863 0.5594819885214737 114.23456856660772
0.5214620142312052 0.04643975964015457 0.8520208649331783 4.717214993585274 0.05083564408305154 0.9950594176023945 -0.0853574116209212 -4.6827740309789165 -0.8517669396016008 0.08781867847058465 0.5165237559884376 114.38257300104962
0.478459157294071 0.046482081504713654 0.876889455656969 5.110888011472857 0.05557870906023462 0.9949990811635584 -0.08307636037320776 -4.708092433880399 -0.8763574458036038 0.08847992735365989 0.47348191727556094 114.50835336437711
0.4346224590558417 0.04935742549313748 0.899269816021066 5.481999394909358 0.058541801404630014 0.9948441106918965 -0.08290430353039857 -4.737355705979255 -0.8987163925497336 0.08867147141363811 0.4294911778375089 114.60290570768463
0.391622487886403 0.05251876014115925 0.9186364372152194 5.85906784470879 0.06232341188484497 0.9945701058645492 -0.0834363048924077 -4.769508189065266 -0.9180211137756131 0.08992247443855211 0.3862223284340413 114.67966966536433
0.3505705785108803 0.052923870744521324 0.9350500533900417 6.335485339857834 0.06813384403639618 0.994322587911187 -0.08183087642408432 -4.80730145406233 -0.9340628571523502 0.09239019800076909 0.3449741340408663 114.77891272783307
0.3143655919178682 0.05127740688862945 0.9479263329389476 6.756695634655163 0.07688779799300141 0.9938918597149983 -0.07926982262798868 -4.83888534228417 -0.9461914495687932 0.09779779212704408 0.3085029330535394 114.83992026835267
0.28352111691394266 0.04971458933170154 0.9576868965482077 7.187298317840371 0.08472408896293379 0.9934593090427908 -0.07666113079387721 -4.869333936747533 -0.9552243317950371 0.10286850712896763 0.27745513026697866 114.90405945477315
0.2544798847043757 0.049165663517969305 0.9658379859930304 7.607428736173058 0.0906203611323168 0.9931079919962289 -0.07443786700090389 -4.9000709328778 -0.9628315561378801 0.1064616384534999 0.24827139753109786 114.96464880039483
0.2260695813248475 0.04814759298062875 0.9729310100117485 8.064861649588641 0.09242367807421567 0.9932196296450504 -0.0706345383111162 -4.927059925809081 -0.9697255045395055 0.10588433642141723 0.2200876797428658 115.03043944277715
0.20047661700388675 0.04501877881011633 0.9786740889523597 8.5758639650521 0.08979795756310105 0.9939022215526685 -0.06412139393130017 -4.951315280681211 -0.9755834014257221 0.10073179791408901 0.19521260607076563 115.10330191780676
0.17744367075358702 0.04111738203806877 0.9832823881318803 9.129830416923097 0.08768441160600182 0.9945010199603143 -0.057417548419272574 -4.974963259008033 -0.980226053381492 0.09640076745440482 0.1728642628164528 115.17115935259649
0.15571860924268605 0.03844265609972251 0.9870639285478691 9.688422208770005 0.09268335396485071 0.9942742812909239 -0.05335267703730835 -4.999936069919226 -0.9834530366243667 0.09978612563043848 0.15126594866146298 115.2216578970263
0.13600410750316166 0.03829460512001566 0.9899784105874211 10.31010198952236 0.0991304406300944 0.9937201972912157 -0.05206526798351765 -5.034446233260742 -0.9857450993783821 0.10521209468982193 0.13135587112833103 115.27211654347991
0.11929929020409127 0.03984445968421039 0.9920691532161341 10.90836007496182 0.10348783934958877 0.9932612070590598 -0.05234453281661257 -5.070831362555263 -0.987459376249565 0.10890579818613964 0.1143741502914411 115.31700134880138
0.10514463439509243 0.045328301991957615 0.9934341701125665 11.512767956921314 0.10388539561144428 0.9930035502170905 -0.0563109210182665 -5.113629910377022 -0.9890255951234864 0.10911768713513005 0.09970200843760557 115.36024749430119
0.09459833199372594 0.05030964525500375 0.9942542707217534 12.13579934835569 0.10231150672796056 0.9929517856628969 -0.05998514839937858 -5.159233109057723 -0.9902540343625469 0.10739143303379778 0.08878631290847039 115.40469717933141
0.08780814691464778 0.04995650843243562 0.9948945571728086 12.79753981342863 0.10439660432501587 0.9927888334662417 -0.05907205363686374 -5.203092509811305 -0.9906614163546926 0.10904349501774233 0.08196160085779439 115.44823921960922
0.08658110327934293 0.04597116772899863 0.9951940191749268 13.490421835428833 0.10892801157356458 0.9925174192276187 -0.05533159660865301 -5.241666192295944 -0.9902817312831329 0.11318792959249413 0.08092750324670232 115.49755406187195
0.08687431549824219 0.044632131557644866 0.9952293621698289 14.188446836055682 0.10935822790280642 0.9925394861555352 -0.05406495355033323 -5.2800288981792916 -0.9902084735480216 0.11352570353610258 0.0813470127550726 115.55841161989132
0.08782013226099113 0.044542856992819554 0.995150587143081 14.879903415357031 0.1087667229933602 0.9926061544521204 -0.05403499254291897 -5.319786042572659 -0.9901902113620561 0.11297691557472134 0.08232778162063653 115.62307699140685
0.08831643649410735 0.04524083557817625 0.9950749963643718 15.586232699240611 0.10666280114923364 0.9928028171791329 -0.05461175757044549 -5.359474654857591 -0.9903748762125955 0.11095283032969615 0.08285722105813824 115.6889562238224
0.08842234656442353 0.045946509054140106 0.9950332472473482 16.306621694571554 0.10617007641873041 0.9928182769420403 -0.05528632651610953 -5.40260030931924 -0.9904183742437893 0.11052351698630791 0.08291118204363562 115.7511686288919
0.088456341849833 0.046381804792647766 0.995010052952568 17.06252179024243 0.10586371562346647 0.9928280669047236 -0.055698892501578834 -5.448296497087979 -0.9904479375659087 0.11025460391003623 0.08291375591490564 115.81560432400583
0.0885728387125125 0.04634907438270402 0.9950013433632909 17.835635882655136 0.10564861621706184 0.9928532380201801 -0.05566108248652926 -5.492949473296622 -0.9904602817600544 0.11004280606721813 0.08304511351020673 115.88282493692122
0.0887583957245314 0.0456723923160773 0.9950159085484432 18.635072599997127 0.10512908788407593 0.9929472534181674 -0.05496276384959808 -5.537308268893176 -0.9904987394714048 0.10947585561924011 0.08333285212511853 115.95356900306143
0.08881806217125861 0.045041316505978445 0.9950394245496553 19.45142035616346 0.10536252069627376 0.9929560339153467 -0.054359342029823635 -5.582751794568135 -0.9904687383655837 0.10966061389193857 0.08344857272651653 116.02259668715011
0.0884814851124199 0.04314475670000292 0.9951533494392564 20.2743808737968 0.10537372890921769 0.9930584774934145 -0.05243056408003704 -5.626565344976965 -0.9904977289095067 0.10949472564908147 0.08332280571658424 116.0907765650708
0.08807935864069498 0.0423508903160183 0.9952233013331222 21.10636664084184 0.1044376184798948 0.9932056157895345 -0.05151540381884097 -5.671661660869942 -0.9906326328027992 0.10846882571729562 0.08305953610423854 116.16102120865736
0.08747414562867378 0.042127244088241964 0.9952860262139488 21.942962766290584 0.10404983362427218 0.9932628908955969 -0.051193701891990046 -5.717843301583032 -0.9907270245292946 0.1080300923538942 0.08250313989886002 116.22772988848023
0.08655174197854082 0.0396414678602288 0.9954688191647295 22.787577894832783 0.10535536906385051 0.9932495127318292 -0.04872071754952457 -5.760735156882445 -0.9906697998122325 0.10908722951958587 0.08179251501872219 116.29244080905374
0.0858630642860107 0.03862958911970457 0.9955682600832123 23.662664855514304 0.10572892012627812 0.9932612818702979 -0.0476661582201134 -5.805770670169832 -0.9906903655018516 0.1093456431863441 0.08120155554472232 116.35941738333158
0.0846523704816988 0.03869702992580346 0.9956691518716214 24.53341288993846 0.10453234672256882 0.99339563159746 -0.04750326337858459 -5.851795390272499 -0.9909213089544876 0.10809331819489909 0.08004987710934683 116.42778456212316
0.08356748456037995 0.044049027624079126 0.9955383537545627 25.381308304938752 0.1019862415255572 0.9934076288665126 -0.05252255581673805 -5.907730259867773 -0.9912784747093172 0.10591301173388178 0.07852588599064275 116.49088827167282
0.08280830347069415 0.04865435245815287 0.9953874684828594 26.210811648008292 0.10246565774135882 0.9931073017056454 -0.057074237981789344 -5.965561423489453 -0.9912930964504145 0.10671182133196802 0.07725355693477173 116.54628304165254
0.08203644245786905 0.049571167741464015 0.9954063394076418 27.04450178990335 0.10237451077230256 0.9930693572159603 -0.05789924825861897 -6.022246841770048 -0.9913672376665066 0.10664688255794795 0.07639401268241275 116.60332494003441
0.08163203516393266 0.048467441526826964 0.9954937252903076 27.90859699496861 0.10107933871008493 0.9932735188735783 -0.056654787780207556 -6.07395801188834 -0.9915333612454423 0.10524107508562029 0.07618517219842441 116.66874462791554
0.08103432555191692 0.04554750003520972 0.9956805730411267 28.77421278758738 0.09959518204787912 0.9935950067622119 -0.053564469295628046 -6.119072848352147 -0.9917324783775561 0.10349806820461323 0.07598046012284314 116.73515865444472
0.08057116175185272 0.04168962073746014 0.995887257143466 29.66349897373394 0.09878664306734909 0.9938813751277861 -0.049604121835643986 -6.161679527536602 -0.9918510367970389 0.10236980606909321 0.0759615843530679 116.80287048125547
0.08033235235848116 0.03769670580495669 0.9960657702434916 30.573933110196236 0.09691630167436498 0.9942639952806691 -0.0454510149409786 -6.202626858674642 -0.9920549057664504 0.10017902477952219 0.07621990448987834 116.87376557657423
0.08038025030977318 0.037466692453515534 0.9960707735548765 31.49287000956183 0.09559906721275958 0.9944065590901895 -0.04512526929770014 -6.247960925736787 -0.9921786219025376 0.0988436042389137 0.07635030650174873 116.9438001329872
0.08053711375954159 0.04356824928006143 0.9958095559627802 32.39697798000724 0.09777343228833033 0.9938904852135049 -0.0513983719464708 -6.30822550320376 -0.991953355771792 0.10149603884635469 0.07578725701816434 117.00215097927124
0.08163143633504338 0.053251204875882224 0.9952493037973248 33.296738864910814 0.09931157950686888 0.9931767270834856 -0.06129256255016534 -6.383874795628143 -0.9917108600829171 0.10383607732419912 0.07578822561118446 117.05860970735074
0.08176466580145385 0.058101439190901785 0.9949671748018116 34.13667298643539 0.10037384421123259 0.9927530564148201 -0.06622722211787375 -6.451014575056533 -0.9915931616383071 0.10527667125587706 0.07534229867737499 117.11351399862141
0.082595409386447 0.05330368365075703 0.9951667460089332 34.99298730363194 0.10212832592311122 0.992867759135212 -0.061663974549786796 -6.5034759117038154 -0.9913450871404025 0.10672020958813709 0.07656409622670936 117.17850724411424
0.08331164490057877 0.04692200715731589 0.9954285818712588 35.88878754378865 0.10536540258930567 0.9928862663715898 -0.05562753189175705 -6.551868777338613 -0.9909464161953654 0.10951063577631807 0.07777670616934719 117.24525882853222
0.08326839667940042 0.0443748450458758 0.9955491982459725 36.76229681476664 0.10579512742063774 0.9929783610620586 -0.05311584572670926 -6.600925552933683 -0.9909048443122422 0.10973995680815903 0.07799085707501731 117.31150537711328
0.08326027732584747 0.04487216834745747 0.9955273754935886 37.63678891753749 0.10506635975811766 0.9930320831080954 -0.05355346992708179 -6.655245882192973 -0.9909829693284784 0.10904787586929648 0.07796759646492481 117.3772085499396
0.08304369381501552 0.04605915820379071 0.9954911576678002 38.47729607775914 0.10289163903920623 0.9932057915203492 -0.05454345347095813 -6.707940161562845 -0.9912293771374504 0.10694976253628564 0.07774249061819581 117.44140590761023
0.08231569339942635 0.046433823710352824 0.9955342652797358 39.321123364518364 0.10203614942324689 0.9932814718303918 -0.054772437313101996 -6.760641741353799 -0.9913786855981284 0.10608171914589108 0.07702677460505028 117.50197274127085
0.08115380856487658 0.04651295305738731 0.9956258699521308 40.190333452954356 0.10208689286275616 0.9932785029671006 -0.05473148125363917 -6.815370822609957 -0.9914693386444209 0.10607487701955334 0.07586184713371001 117.56031617213596
0.0802392300308755 0.046817849137063945 0.9956859217978155 41.02868604342503 0.10177673145487279 0.993300554182245 -0.0549145702384167 -6.869987645268871 -0.9915758951117408 0.10573694420411484 0.07493846754208525 117.61635272653614
0.0789909259079504 0.047144896287048016 0.9957702597540807 41.864106584451434 0.10134815928357166 0.9933355387430899 -0.055076014476490534 -6.924391853060022 -0.9917198775752611 0.10526293004617364 0.07368842781964344 117.67195795756759
0.07807932555264624 0.04705814548347415 0.9958462997573061 42.68069307133933 0.10094138885683603 0.9933889530908578 -0.0548635191088774 -6.971599984008064 -0.9918336964467442 0.10479889224893438 0.07281479793653281 117.7274238582297
0.07702550376075444 0.04678224442445978 0.9959415070447332 43.51081197466363 0.10129265990797405 0.9933731176140966 -0.05450267137612545 -7.019867306264549 -0.991880430086551 0.10507288812347405 0.07177796853095195 117.77977951670002
0.07620467500067922 0.04699279775856331 0.9959948664583625 44.327261503875945 0.10125338503964755 0.9933707531842072 -0.054623200885059196 -7.0716553014106305 -0.9919480049720409 0.10500375500742641 0.07094273404379782 117.83049682383923
0.07556038237880697 0.047682872072033845 0.9960108931885289 45.138488621655334 0.10125855539408733 0.9933356941740804 -0.055243400184530236 -7.125566079137642 -0.9919966150103947 0.10502200552012132 0.07023016071405554 117.87859011798491
0.07525251338716109 0.047924690008504696 0.9960225778534852 45.95913882695717 0.10141095389207692 0.9933077296422582 -0.05546242475603007 -7.1782188487302365 -0.992004510899641 0.10517441859167004 0.06989047568703331 117.92993929930105
0.07454504870244019 0.04755273984012548 0.9960937043080659 46.786709545536795 0.10277302702659813 0.9931875501978097 -0.05511172661388047 -7.227889881852923 -0.9919181041660919 0.1064732089495675 0.06915167000913253 117.9808438314479
0.07394675568903006 0.04757762175026992 0.9961370124527068 47.60177274369065 0.1031291731271473 0.9931511336840151 -0.05509687655439356 -7.278719227348234 -0.9919256295370044 0.10679841418647655 0.06853534243603181 118.03050944733664
0.0735984723517595 0.047728327477852266 0.9961556562796253 48.404279324277894 0.10269720772408414 0.9931912619411423 -0.0551800045586596 -7.329142677610593 -0.991996262803208 0.10635700939878115 0.06819752934741756 118.08084128606308
0.07320732743903288 0.047739670128486664 0.9961841252405873 49.21193668410754 0.10224111476568798 0.9932418465889404 -0.05511847083413895 -7.378435548766799 -0.9920724988512902 0.10587956954047158 0.06783320344687702 118.1321716078177
0.0729092207362504 0.04758622190269538 0.996213393267301 50.002736757535146 0.101961329774738 0.993282150266928 -0.0549149079029938 -7.4260639596180855 -0.9921234504798941 0.10557294985809594 0.0675687578872694 118.18289909770081
0.07256996685195534 0.0477296503721168 0.996231137078191 50.75613259985448 0.10193669745998639 0.9932787492328486 -0.05502019222110909 -7.472675977148035 -0.9921509137637345 0.10553916307812475 0.06721805310577308 118.2304182678277
0.0724371444269695 0.05050347625362826 0.996103812323251 51.490571904568654 0.1017038875034767 0.9931472361824584 -0.0577561581787201 -7.523457784693183 -0.9921845477806494 0.10548500819878066 0.06680560358673289 118.27560573742765
0.07233722578325887 0.05362121145517476 0.9959481353092615 52.2023850972395 0.10124146227486377 0.9930114130393765 -0.06082319802227899 -7.574566054488952 -0.9922391814308784 0.10522458988594947 0.06640417054116667 118.31956579717117
0.07225502926953829 0.05559640760077078 0.9958455506000777 52.9317453408458 0.09971916034346198 0.9930496624345249 -0.06268261759219391 -7.626907286534113 -0.9923992304378965 0.10382758309598722 0.06621019191211887 118.36738812603551
0.07208169783996005 0.05632006576097264 0.9958174172932978 53.66198901451878 0.10057098640931206 0.9929155446963095 -0.06344293975780525 -7.6785249436151 -0.992326020899433 0.10471701064523418 0.06590819568511799 118.4129302567484
0.07187031442220729 0.05640178794481068 0.9958278316589817 54.429842047246005 0.10211354064289334 0.9927473280308917 -0.06360419768836985 -7.731317004480294 -0.9921832458135047 0.1062520499222812 0.06559110419289399 118.4605384013132
0.07162116666712837 0.056421533075320336 0.9958446485450891 55.17218953651836 0.10289580589317104 0.9926638621260663 -0.06364878209911723 -7.781052664966885 -0.9921204283089641 0.10702025390269536 0.0652916373759421 118.50533147975446
0.07144034967610141 0.05740214585375068 0.9958019197152533 55.918385902542695 0.10125875168504626 0.9927775321363119 -0.0644996077270156 -7.8331808089770725 -0.992302055739887 0.1054350211115334 0.06511311038477378 118.55513095112042
0.07146976772881287 0.05806368946182305 0.9957615340853382 56.647260351108514 0.10057023120490971 0.9928073319813099 -0.06511701909620411 -7.885640526086135 -0.9923701938272659 0.10479142215841834 0.06511739231342638 118.60206952609965
0.0711693251393053 0.05738701421499957 0.9958222618338337 57.39684690732168 0.1034795243603032 0.9925419664144228 -0.06460072550192116 -7.935405020156207 -0.9920926841879443 0.1076382764373451 0.06470131400764069 118.64753026222246
0.07079391644853399 0.05740336727504415 0.9958480545677374 58.127133877176895 0.1039254771416134 0.9924946977544801 -0.06460509167610906 -7.986649281618843 -0.992072982857588 0.10806097410484553 0.06429812382158927 118.69110745978526
0.06775210109085732 0.05766963378802518 0.996044216517685 58.86807295935021 0.10336911245904974 0.9925590689471091 -0.06450607333728713 -8.040646796203248 -0.992343645626906 0.10732391530576306 0.061287985385107574 118.73126119212844
0.06258833554372956 0.05807718263963389 0.9963581712966666 59.6054604741174 0.10249143236673179 0.992662897266934 -0.06430708834633517 -8.094886948279802 -0.9927736377837721 0.10613639607636671 0.0561780089655408 118.76617661170611
0.05703364912182613 0.06154677159584583 0.9964834456593089 60.32835187032875 0.10674507839261195 0.9920103267785566 -0.06738703189398079 -8.154243838827465 -0.9926602297526529 0.11020650914327976 0.0500095328654706 118.78569436970517
0.05079537995225605 0.06414202886198762 0.9966573888984857 61.03235606177325 0.1100423716384199 0.9915091493905851 -0.06942618433543823 -8.213014254376397 -0.9926390110119314 0.11319457233721629 0.04330720510222093 118.8005339669712
0.0436451719172961 0.06548674601413107 0.99690890508733 61.73121518250172 0.11023375092750165 0.9914500815070555 -0.06996162027936784 -8.27236987725105 -0.9929580029828967 0.11293990659412362 0.03605471523880947 118.81251404433092
0.037603498787799686 0.06590737791397952 0.9971272795990551 62.4458294659002 0.10914357717312013 0.9915914510530971 -0.06966512940174378 -8.329222494460312 -0.9933253886649571 0.11144341930598703 0.030095668630322557 118.82575518117174
0.03283997435141215 0.06552115751902794 0.9973210853784003 63.166165074923406 0.10987349513396817 0.9915736378277006 -0.06876901129727418 -8.385051398269768 -0.9934139505453482 0.11183140368780418 0.025366048586838764 118.8321354774685
0.02910001241863891 0.06631779557432961 0.99738469965146 63.87303271660319 0.10919815178272677 0.9916233967224899 -0.06912805877006713 -8.443393833133529 -0.9936051456551511 0.11091812168892647 0.021616384242242638 118.83822890808544
0.026238079274113445 0.06636418125276916 0.9974610137795337 64.5869378097712 0.1088172233316253 0.9916846785359062 -0.06884967622768251 -8.499341404064527 -0.9937266947130653 0.11034146664276549 0.01880036805188918 118.84378444060219
0.025031474719367182 0.06353533456782257 0.9976763537660139 65.35407300538687 0.10928858407654136 0.9918323780250117 -0.06591278835680327 -8.55214662223405 -0.9937059833170251 0.11067831288115446 0.01788535015190255 118.85073847485772
0.024044677882584492 0.06085242178451826 0.9978681610809781 66.11260552408447 0.11132415561128904 0.9917849906501351 -0.06317116528914028 -8.601695447489222 -0.9935049400970851 0.11260011205362774 0.01707514744807507 118.85788596586983
0.023542052774143916 0.05911447345201299 0.9979846461407333 66.8695948698436 0.11078619381642699 0.9919581512323253 -0.06137820835666969 -8.647774103216207 -0.9935772634691522 0.11200262872522007 0.01680595510222175 118.86742167164923
0.02309723914129204 0.059366527788070986 0.9979798059033805 67.64412852649087 0.11050830799874412 0.9919766398036821 -0.06157384663858048 -8.699634188663651 -0.9936183682385393 0.11170158780342866 0.016354069122308718 118.8760144410153
0.022961192767847232 0.06348932311917209 0.9977292050729993 68.40083162129532 0.11251037582043315 0.9914877282117823 -0.06568822785809049 -8.757906273235395 -0.9933968941860043 0.11375748913528003 0.015625186893332515 118.87969467783081
0.023147038758905468 0.06726423301417774 0.9974775602973982 69.17578311885421 0.11735619380829987 0.9906634343093914 -0.06953480349855448 -8.8183274715861 -0.9928316099895076 0.11866384012577276 0.015039799819297537 118.88124342084538
0.02349564881528267 0.0714387031948869 0.9971791816921715 69.9354053003425 0.12267604745102287 0.9897099837649547 -0.07380088340210125 -8.88037670827169 -0.9921802112476884 0.12405808657011724 0.014492799416555792 118.88155379321141
0.023160015108627276 0.07238616999046997 0.9971186119390615 70.6669822976339 0.12379796793807875 0.9895015335339049 -0.0747154133051462 -8.94022653335641 -0.9920487271584002 0.12516576537951102 0.013958379288120005 118.88792562515688
0.02312056822313383 0.07134323627942578 0.997194870147258 71.43024394062158 0.12337058305013358 0.9896337106303494 -0.07366975261973507 -8.99824975764456 -0.9921033402201005 0.12472215040824039 0.014081901136984435 118.89790985000904
0.023026647141664584 0.0676656058953756 0.9974534088294276 72.21204083719628 0.12406286238231305 0.9898122963333053 -0.07001843258357651 -9.052369672171707 -0.9920194455646206 0.12535352986704051 0.01439987231213195 118.907677886228
0.022746976667394222 0.06612516783009366 0.997563207999608 72.97490040252431 0.12667999234004756 0.9895878951747652 -0.06849219216570782 -9.106940710351449 -0.9916953438577285 0.12792367728999338 0.014136066621800163 118.91421369219529
0.022183224365804846 0.06623106185545191 0.9975688208998796 73.7388689822541 0.12716321906390404 0.9895232845312802 -0.06853176294124061 -9.165054996452412 -0.9916462505442252 0.12836873302653481 0.01353127526273788 118.91837187570054
0.021531276612248674 0.06712719469315781 0.9975234866703502 74.45845640243422 0.12690852201272898 0.9895002962806364 -0.06933400657650451 -9.22295695548906 -0.991693737234223 0.12808168724039065 0.012788588789608117 118.92146619529085
0.020412804427314333 0.0675587984415768 0.9975178617465539 75.21416961434576 0.12696221673922398 0.98947366066867 -0.06961966674654134 -9.283314251077332 -0.9917105524768081 0.12806309790493794 0.01162262085998663 118.92258879761569
0.019299569118970152 0.06776297601650001 0.9975262090307612 75.98111339722412 0.1276123216452871 0.9893854476834806 -0.06968646734308233 -9.343399004685367 -0.991649342086301 0.12863646639770546 0.01044947776761103 118.92253591956879
0.018379633116971838 0.06793609389974686 0.9975317106705541 76.77828581219224 0.1276729994828729 0.9893735456235898 -0.06974041429437322 -9.40566358887336 -0.9916587192250064 0.1286344876964631 0.009513010892156809 118.92411482976559
0.01742329852835975 0.06798007319825412 0.9975459695308014 77.57818099162402 0.12753430407867228 0.9893971391916018 -0.06965976678359165 -9.467486327161915 -0.9916938223869491 0.12842979750774283 0.008571164581284929 118.92568472882584
0.016532946250172414 0.0685855694642547 0.9975199054055951 78.36279102243144 0.12667105113718413 0.9894742263503243 -0.07013922387588692 -9.529810120568508 -0.991819880237455 0.12751124957239704 0.007673343957439411 118.92865210503899
0.016096611308869427 0.06980628341915587 0.9974423129176133 79.14461158373864 0.12664816967758033 0.9893944611556716 -0.07129419665846366 -9.59149469602945 -0.9918297166028204 0.12746654547957104 0.007087455444724972 118.9286259627987
0.015778883400706795 0.07017835005730035 0.9974208246103214 79.94706516824782 0.12627734047805855 0.9894180446630805 -0.07161973735970208 -9.65453999709634 -0.9918816234033194 0.1270759805043841 0.006753016377149924 118.93072348615613
0.015370031158886174 0.070462234473845 0.9974073429391246 80.73211601577805 0.12636725360575132 0.9893899104307631 -0.0718496573149708 -9.71660713387073 -0.9918765021373036 0.1271382417631293 0.006305848795999176 118.93022065299749
0.015024175305697109 0.0690621569530608 0.9975108020506762 81.53609632939563 0.12652504668096648 0.9894723749036011 -0.07041788321406223 -9.775029151611163 -0.9918616400569233 0.1272621989147173 0.0061309069880768514 118.93181829993404
0.014833829496549307 0.06779422202201364 0.9976009212201561 82.36838686178264 0.12575161569149587 0.9896620420692331 -0.06913118628257865 -9.835178583735432 -0.9919631818649542 0.12646959978486844 0.006158122959612813 118.93740386500082
0.014112434393086284 0.06702727735388256 0.9976632117852533 83.22841801454 0.12493511416137434 0.9898248215459479 -0.06827434428954107 -9.8971428308251 -0.992076635573704 0.12560086286836225 0.005597831058729718 118.94148324037583
0.012868776252660816 0.06692916216930293 0.9976865825434106 84.0947763061062 0.12599132633761592 0.9897082077577558 -0.06802550644266468 -9.961161038683326 -0.9919601224453917 0.1265693471447157 0.004306867095285847 118.93743680131425
0.011893143463513783 0.06745780872049964 0.9976633205367793 84.93896409422781 0.12714199169789492 0.9895331257061407 -0.06843005322313668 -10.026356826162433 -0.9918255576334086 0.12765267086659454 0.0031949261483174016 118.9319236773482
0.010759782357532898 0.06841796467314971 0.9976109302275917 85.79015558342768 0.1271082955901451 0.9894816141527837 -0.06923793528074919 -10.094836384115851 -0.9918429904978525 0.12754361001369868 0.0019529764821938265 118.9256773064353
0.010196167378162464 0.07201087095730675 0.9973638500809606 86.60734569166902 0.12869240921321326 0.9890261694013305 -0.07273121541179649 -10.16397321098485 -0.99164478184251 0.12908863102308465 0.0008198805711706245 118.91680933367745
0.010017894561414456 0.07610655258697868 0.997060918389792 87.45009125943531 0.1308848403561144 0.9884326493068311 -0.07676931405685347 -10.237902420600394 -0.9913589735206646 0.13126274568292579 -5.553524009492886e-05 118.9084737429909
0.009514470218952258 0.0801634173026488 0.9967480552794081 88.2583468049053 0.13228197352203705 0.9879317454356378 -0.08072344253177843 -10.312844690063146 -0.9911787107005136 0.1326132110936784 -0.0012009794547127388 118.89910252950718
0.00951580545792835 0.08103690017757047 0.9966775293789369 89.10029563396623 0.1338510548864863 0.9876493090324722 -0.08158700985628195 -10.387204017293934 -0.9909676139505698 0.13417569099715945 -0.0014449489089190034 118.89331392814482
0.009537851983307392 0.08053265382212489 0.9967181516328246 89.96043062721097 0.13703302931878283 0.9872540870911076 -0.0810855039924589 -10.458855498808294 -0.9905323345102349 0.1373497688056377 -0.0016155852165664168 118.88825493910731
0.009740388415272931 0.07907493176359963 0.9968328538478728 90.84261483086003 0.13738478953180397 0.9873207070480738 -0.07966892802635744 -10.530610814335397 -0.9904817219125897 0.13771872379603306 -0.001243084075579803 118.88612880253316
0.010197362014683214 0.07841947629704929 0.9968801465011206 91.73939350197044 0.13723280697340734 0.9873891839208239 -0.07908282341570905 -10.60411455973285 -0.9904983060454354 0.1376041836796473 -0.0006892388102330911 118.88609033743322
0.01204217691990071 0.07659679111373537 0.9970009806574097 92.63000462232519 0.13663677092930848 0.9875947164115186 -0.07753061549595543 -10.672722072943506 -0.9905597163276237 0.1371534660882841 0.0014305234452560132 118.8901931837537
0.014061712206926327 0.07353762347512914 0.9972047012291655 93.54155778304356 0.13699629019118348 0.9877570443208084 -0.07477906934020126 -10.740196357918999 -0.9904835211851343 0.1376575346038058 0.0038186724705676317 118.89492411401237
0.015710681615928365 0.07019879137365458 0.9974205104882122 94.4644606994303 0.1376315405561663 0.9878966030051084 -0.07170258703234317 -10.806959600205134 -0.9903703195124351 0.1383957075937033 0.005862460525636335 118.90133816576045
0.01629410165133674 0.07031012109739657 0.9974031488136224 95.38521629955443 0.13722676503890585 0.987938944613998 -0.07189088097937693 -10.87845541914842 -0.9904168297689077 0.13803442084793255 0.006452890452372201 118.90943245077499
0.01701001315661753 0.07466465208834439 0.997074721741702 96.27462102282144 0.13879390680917922 0.9873883090290462 -0.07631332284604754 -10.95548159397621 -0.9901864191223456 0.13967853844304282 0.006436259059432019 118.90998675967076
0.01819011409379766 0.08056726762779531 0.9965940502221318 97.14945174735237 0.13942609738627196 0.9868159110256489 -0.08232790019429116 -11.039719814810521 -0.9900763277853822 0.14044131082236883 0.006721188963427902 118.91041607148472
0.01850794877307402 0.0847894512409152 0.9962378133728746 98.00868710506205 0.13761392218839716 0.9867099082170422 -0.08654126094372083 -11.123541076975767 -0.990323806218704 0.1386904737027817 0.00659801836383794 118.91604557792469
0.019320109937249388 0.08282823410411201 0.9963874322256769 98.9154545096134 0.13683987214622323 0.9869765817249013 -0.08470568460700531 -11.20224697511395 -0.990415277228391 0.13797429526655608 0.007738593645620439 118.92686743572803
0.0196431914307073 0.08068122369858706 0.9965573787613952 99.83301426651242 0.13636816874969412 0.9872184444004166 -0.08261987505496922 -11.279682917820633 -0.9904739621161389 0.13751372611807638 0.008393966742564828 118.93661080805913
0.019708373847359652 0.07969195491122892 0.9966355895021438 100.75868586881214 0.13636066665473456 0.9873002007201477 -0.08164873940499423 -11.357900788099322 -0.9904735214051543 0.1375029205915909 0.008595519624462644 118.94382700504273
0.01969474304697491 0.07985866646582068 0.9966228821578824 101.66543413033114 0.1358136058230131 0.9873629700928673 -0.08180736045374197 -11.437322702785417 -0.9905491039102843 0.13695822300842217 0.008603910840571237 118.95172128191686
0.019602612492391945 0.08011555533152574 0.996604342350887 102.54919962211046 0.1353029212473929 0.9874136405592153 -0.08204501056076906 -11.515415471400171 -0.9906211930181923 0.13644402243211998 0.008519690977306189 118.95872214556644
0.01951578155556059 0.07857526098866233 0.9967284358244146 103.45295358740962 0.13630602831853963 0.9874016505603782 -0.0805155379956181 -11.589848259973655 -0.9904853081965194 0.13742387132124717 0.008563404217185287 118.96490793251635
0.019434567491301916 0.07822395960082366 0.9967578436844386 104.36936234293604 0.13765547988720958 0.9872430544545261 -0.08016792709629533 -11.666579230905892 -0.9903004297355834 0.13875988075914708 0.008422425294268667 118.97068451509026
0.019258699979236148 0.07910210349575028 0.9966920360948149 105.27898620912919 0.13860939774040315 0.9870399111397697 -0.0810210175696487 -11.747711404867157 -0.9901708080759797 0.13970406213924497 0.008048480227062883 118.9724162335796
0.01936416331039669 0.08101773410811723 0.9965360465260439 106.16220652658701 0.1386554804794034 0.9868745788695723 -0.08293327899258073 -11.830119374202331 -0.9901623057498071 0.13977377838264768 0.007880134482613257 118.97456778295965
0.019332857297940945 0.08278295051674578 0.996391337181411 107.03759063394055 0.13660833919870388 0.9870133334912881 -0.0846612446774183 -11.910026558652326 -0.9904474058771847 0.13774491250219306 0.0077767173870596845 118.98330182669434
0.0194855718291423 0.0800101697442421 0.9966145395635548 107.93302263063869 0.13307816373810327 0.9877276932411896 -0.08190549387506166 -11.983014948075901 -0.9909246253868182 0.13421667796067024 0.008602498480952861 118.99715534394673
0.019542074587406182 0.07944999846267009 0.9966580635111576 108.84649334939631 0.13014950943454015 0.9881652540843443 -0.08133175210460873 -12.060429546384183 -0.991312415141676 0.13129690895604687 0.00897403374245407 119.00791134435929
0.018851237590776195 0.0804507962681131 0.9965908500356777 109.75912743130067 0.1280213888903646 0.9883698717319741 -0.0822155386011869 -12.142212413647046 -0.9916028996506688 0.12912775741289592 0.008336451933883729 119.01328983403305
0.017688129697487023 0.08599761242664769 0.9961485857747502 110.6449340131027 0.12540503405099288 0.9882469585755324 -0.08754927041317244 -12.23175061581195 -0.9919585184500278 0.12646346123799357 0.00669987145609892 119.01563688151363
0.01727135309735165 0.08847105013515805 0.9959390985254601 111.51156460266903 0.12438643348792026 0.9881606389583627 -0.08994404252090313 -12.319419314824986 -0.9920940579132932 0.12542765878943682 0.0060664544600011385 119.01544977989957
0.016843000841507933 0.08876566206399104 0.9959200913619866 112.3906891165849 0.12503331280749289 0.9880568196123828 -0.09018618620683984 -12.405208097023298 -0.9920200564217073 0.12603488075292243 0.005547548643867515 119.01517496465385
0.016288611227554598 0.08871942956898786 0.9959334140601863 113.27056834224568 0.12608978601466533 0.9879323470312211 -0.09007560506661567 -12.489364595627958 -0.9918954204254162 0.12703658374890098 0.004909883659853566 119.01459812067682
0.01575587555130086 0.08932172625838614 0.995888397744612 114.1456561526564 0.12691062950379128 0.987778720081891 -0.09060897677109456 -12.57564647546762 -0.991799470803539 0.12780872723432746 0.004231838903885251 119.01225734161474
0.015361557826864209 0.09265575432170904 0.9955899333927162 114.99828167157007 0.1278155960651505 0.9873576979902862 -0.09386864693786015 -12.665096623425987 -0.9916897633040521 0.12868619393862196 0.0033287410265876315 119.00800258502566
0.015012525128213073 0.09403586271733487 0.9954658918076813 115.87142216164959 0.12709302668041933 0.9873243981050639 -0.09519025003040217 -12.756934404593308 -0.9917880557223886 0.12793823572717838 0.0028754683988710945 119.00663143579918
0.014355559333158205 0.09468713373749604 0.9954136826602569 116.76609915980441 0.12613886761872872 0.9873925304927084 -0.09574993668036089 -12.849715863092111 -0.9919193664052847 0.1269272493155914 0.002235651952761403 119.0056462442746
0.013405233062445895 0.09455286042518195 0.9954397659036167 117.65421731680271 0.12569155683995845 0.9874741287796623 -0.09549547759676394 -12.93954543172882 -0.9919895239365837 0.12639080229143518 0.0013577008035559877 119.002210832235
0.0113545253498574 0.09539498733568456 0.9953848672218862 118.55905101926444 0.12567083803130716 0.987420696215936 -0.09607172677857878 -13.036234085658373 -0.9920175883606371 0.12617399546759078 -0.0007715145872560125 118.9914209520088
0.009647952270906904 0.09795312875988671 0.9951542728351022 119.38107706119605 0.12550622206116532 0.9872127668800246 -0.09839467720531833 -13.128638165448148 -0.9920565414112311 0.1258396149908893 -0.0027639671227102374 118.97819107274638
0.006982342851634595 0.09899128653315438 0.995073879043604 120.25263440405247 0.12479095641922046 0.9872333191568599 -0.09909331843067289 -13.225492854429252 -0.9921691779795313 0.12486033881272508 -0.005454879672904204 118.96486244412328
0.004815211315451411 0.09910409106854087 0.9950755650295647 121.08144991027727 0.12548526147070568 0.9871613032675552 -0.09892925273352221 -13.312493463098559 -0.9920943549163124 0.12533550993867076 -0.0076774677007268 118.94899132066753
0.0032613787692439694 0.09821650520925308 0.9951698901039809 121.91471008788022 0.1267488641730397 0.9871084663646242 -0.09784222974184437 -13.39731181014208 -0.9919405249168338 0.1264477555509761 -0.009224206263594163 118.93258963632773
0.0014267849833801316 0.09876436150922371 0.9951200745112945 122.73257452280333 0.12857096967131723 0.9868440808982181 -0.09813322437176503 -13.48560043757635 -0.9917105085087701 0.128075650213503 -0.0112848949799782 118.91298371479861
0.0003347748083849287 0.10395831302086823 0.9945914171610759 123.54742134072873 0.1251824476724213 0.9867639112867443 -0.10318834077897016 -13.581712798229306 -0.992144396364565 0.1245321634863592 -0.012677873206356901 118.90145585887954
-0.0009678075914510662 0.11044090717409465 0.9938917315794755 124.33182724252767 0.12333334675453501 0.9863178923836867 -0.10948530245425717 -13.683054269207412 -0.9923753138813086 0.12246642497995928 -0.014569569243771341 118.88401284754757
-0.0019227913678815192 0.11282846510834363 0.9936220977950482 125.12493505165722 0.12763510671138278 0.9855257104305893 -0.11166818108356501 -13.779137115174837 -0.991829821505543 0.1265986294854741 -0.01628978781891528 118.85842526378083
-0.0032698653690439138 0.11128380194688012 0.9937927837767007 125.94078500155246 0.1298472957418001 0.9854325662319974 -0.10992658991587057 -13.87191456728187 -0.9915390695493657 0.12867396760364785 -0.0176661343021233 118.8375020904133
-0.00580097592117237 0.10554289868610643 0.9944083618130249 126.79931010363107 0.12918481170526955 0.9861714675682881 -0.1039208741898413 -13.960661920113862 -0.9916145426222133 0.1278517256395755 -0.01934885195777996 118.81759107621819
-0.006506075226272407 0.10420208423939228 0.9945455004449031 127.63196139018329 0.12887826589395296 0.9863598525501648 -0.10250722899412613 -14.050137169789982 -0.9916500553426024 0.1275009011138085 -0.01984040471554957 118.79673687267093
-0.007134762628670283 0.10702390570173421 0.9942415140355586 128.44195125971515 0.12827988563172504 0.9861500833774026 -0.10523822021574455 -14.146130522298806 -0.9917232170675423 0.12678284607312512 -0.02075872621790153 118.77261765787681
-0.008836004436508973 0.11103618633957323 0.993787987210473 129.24916183368515 0.1260262749917977 0.9860263474458383 -0.10905400535956337 -14.245203111219878 -0.9919986315448429 0.12427224971477192 -0.022700028162374403 118.74915300467983
-0.010470363604165221 0.1131995318449396 0.9935283116180325 130.07315893288822 0.125740913100212 0.9858451483811342 -0.11100458457474036 -14.347156118605225 -0.9920196133312117 0.12375730195933533 -0.024550515267613978 118.72085298896602
-0.0114730796059998 0.11727270320320377 0.9930449336127669 130.88076783116693 0.12899879364960218 0.9849854229050701 -0.11483628178320393 -14.448453492275185 -0.9915909459847918 0.12677676792013814 -0.02642354763284967 118.68815152202689
-0.012716505879148028 0.12209530778968945 0.9924482288667632 131.69751967792612 0.1293770168947741 0.984386752989641 -0.11945161879845623 -14.556813409244564 -0.9915262215415568 0.12687374328322829 -0.028308505240414058 118.65742387376773
-0.014634000620702253 0.12431249325357846 0.9921462013060486 132.494030747082 0.12924862208342836 0.9841636712360544 -0.12141189009564327 -14.663176207363511 -0.9915162280743103 0.12644969634386466 -0.03046329632850825 118.62520360103073
-0.015455781796505731 0.12245396439403376 0.9923647388969074 133.30139609180097 0.1295275144724638 0.9843661035099212 -0.11945574053639156 -14.76195782936232 -0.9914671498153067 0.12668484251850815 -0.031069208112014794 118.59523458449549
-0.018299437184950397 0.11842095661653183 0.9928056511651481 134.12543314146336 0.13381982540260268 0.9843283277100241 -0.11494955084335806 -14.85706885932418 -0.9908486426631758 0.13074586570718225 -0.033853802577565886 118.55367930974553
-0.023959606431223725 0.11749279838001774 0.9927957752377811 134.94552578590557 0.13606799644634177 0.9842229629080763 -0.11320074907404833 -14.953511680353142 -0.9904221193900111 0.1323678851280099 -0.03956253386504476 118.50997507819102
-0.030287594570899818 0.11725265177222058 0.9926516209453243 135.73595990640044 0.1364032851373028 0.9843021506667884 -0.11211003234554649 -15.048643070702784 -0.990202790950969 0.13199767377280466 -0.04579961910563264 118.46478333227161
-0.03804629384385431 0.11773757173908947 0.9923271073578965 136.52992143712086 0.13685786091146712 0.9843030784584313 -0.11154412865926269 -15.14753753332318 -0.9898723216722336 0.13155639434628957 -0.05355614529210491 118.40810793176772
-0.047808817795282815 0.11855248740186339 0.9918078413084574 137.32007840092558 0.13760459065776373 0.9842582547567805 -0.11102258648087429 -15.24588434796265 -0.9893457397916994 0.13116152901233663 -0.0633633696718711 118.34067495393431
-0.05867482318007884 0.11960660939423891 0.9910976269845225 138.1007101434299 0.13905257494182768 0.9841090946036204 -0.11053691703771791 -15.343322720465602 -0.9885579962873463 0.13132120290995442 -0.07436778882050638 118.26278373283634
-0.07059996526196634 0.1206929766228031 0.9901880440607457 138.86583771396565 0.14112107965341564 0.9838897052803235 -0.10986906228571894 -15.43857288480832 -0.9874851468045949 0.13197167136517474 -0.08648846198480402 118.17603681155448
-0.08180380560093094 0.12113672539468029 0.9892709800469734 139.63572145311184 0.14501704272691335 0.9834812521271352 -0.10844173795515867 -15.53071363065474 -0.9860547743552724 0.13458194378734203 -0.09801306816414795 118.07902356347043
-0.09285573772279362 0.12152140266003535 0.9882474991043055 140.40162146623436 0.14884662382480712 0.9830771457889595 -0.10690548860530733 -15.62133034749403 -0.984504170891983 0.13716206063509565 -0.10936610304658567 117.97499312196521
-0.10221475867893029 0.12184336509566926 0.9872837772769333 141.17055094964445 0.1527342869649835 0.9826364672255488 -0.1054628482779302 -15.710809301654987 -0.9829806594269085 0.14000383197930294 -0.11904319443540981 117.86386432086776
-0.11049410498118847 0.12250429215631733 0.9863096664303599 141.9319758557615 0.1572429570603214 0.9820425087472335 -0.10436444163277765 -15.798203192150257 -0.9813728725109337 0.14355039339972217 -0.1277662036775801 117.74782721888687
-0.11824989669730707 0.12280479342891923 0.9853728135942044 142.70941944394184 0.1612983416242304 0.9815319160900629 -0.10297481287136817 -15.885513582911884 -0.9798100797790741 0.1467544237098646 -0.1358671877946675 117.62538488099295
-0.1252026837874884 0.12329322559338006 0.9844525891735574 143.46418514309013 0.16150649770767891 0.9815586096640305 -0.10239529087460858 -15.97354241507092 -0.978912105299893 0.14616717640306123 -0.1427992786250815 117.50508102651355
-0.13043098689602753 0.12212829472956815 0.9839187795852677 144.22802292073658 0.1629326899097944 0.9815454472053762 -0.10023981081428558 -16.056662546888425 -0.9779926762171007 0.14723002724606046 -0.14791533763360176 117.38014657971449
-0.1325780150634165 0.1197586412575809 0.9839230882633044 144.99465335682004 0.16642886525817402 0.9812826761765113 -0.09701690970243138 -16.135072327859444 -0.9771147714010696 0.1508826354224486 -0.15002065401886236 117.25578005025912
-0.1336034027349644 0.11868633304361577 0.9839144567037501 145.75469062508049 0.17001576710321112 0.980842061436484 -0.09523487466167434 -16.210770719468634 -0.9763573492948954 0.15454904249069104 -0.15121529789340232 117.13346688598537
-0.13427956467500216 0.11836848963129937 0.9838607131531589 146.49285780199622 0.16994866456384197 0.9808940028830017 -0.09482181095903999 -16.28311499404991 -0.9762765118997886 0.15446504095289976 -0.15182352956745587 117.0156886221637
-0.13413669760029634 0.12407496681643022 0.9831766589920625 147.21396156500697 0.17096303303683458 0.9801648314757936 -0.10037527972985447 -16.366407788348326 -0.9761188567450556 0.15461469461605756 -0.1526813077349208 116.8986106437959
-0.13406570810724008 0.1288149099656581 0.9825762050723104 147.9527516441353 0.16929939891705004 0.9799288300476884 -0.10537345341120904 -16.45351222592731 -0.9764181455558103 0.15221453480784253 -0.15317583735184187 116.78606887347728
-0.13406094637515303 0.12939298746153294 0.982500822373082 148.6964612218372 0.1693136258074857 0.9798643634908815 -0.10594850440554139 -16.537734068092252 -0.9764164547592218 0.15213915833021574 -0.15326225989726514 116.66991391942369
-0.13340927113006912 0.12930081673393135 0.9826018001813637 149.44683683348725 0.1682571705315104 0.9800275794501024 -0.10612293511183006 -16.621168917809726 -0.9766884997998863 0.15116403506938406 -0.1524936037801966 116.55914727895679
-0.13247895996728334 0.12852913142470543 0.9828286345724631 150.22151791338797 0.16755414769194457 0.9802036821141275 -0.10560613389674389 -16.705354059163998 -0.9769358220238765 0.15067850041657063 -0.15138500762135448 116.44427734460282
-0.13270726921576825 0.12971217851131023 0.9826423709725739 150.955463764581 0.16639060939443276 0.9802579919812812 -0.10693180657642785 -16.790324626205916 -0.9771038023545467 0.14930381205748106 -0.15166322028783738 116.3337809890808
-0.13221658733584352 0.1327709993604127 0.9822995102532281 151.64495404220423 0.16510079758435725 0.9801074266813035 -0.11025816752782208 -16.873850710968775 -0.9773887325214277 0.147592559770998 -0.15149978054420413 116.23176243209386
-0.129142096570368 0.134641977016426 0.9824535644009761 152.3171454782893 0.16431578466608845 0.9799605533160167 -0.11270691536388443 -16.955393994151162 -0.9779317292162215 0.14686941854034138 -0.14867016535034222 116.13611199883258
-0.12428878199614808 0.13394847550270372 0.9831743563589379 152.99281255014603 0.16333957595898047 0.9801034344840888 -0.11288728173968374 -17.033299155648866 -0.9787249284095443 0.14655268239243513 -0.14368784260143505 116.04689303315759
-0.11882719759247835 0.13231418155672323 0.9840706043577617 153.68270459496165 0.16285580977564593 0.9802692227895164 -0.11214378428958494 -17.110524453070894 -0.9794839772699921 0.14692795590868252 -0.13802346330322765 115.95937621572098
-0.11490229629588823 0.13100719280164896 0.9847115091296815 154.397583510991 0.16159496381477162 0.980539638419804 -0.11160188703619987 -17.19112602482674 -0.9801610359943855 0.14629316076889765 -0.13382920002894988 115.8735420807447
-0.11146342867919437 0.1305634648692077 0.9851659073488999 155.09583592726628 0.1606055806096735 0.9806794101511663 -0.11180328858220914 -17.27137767609291 -0.9807205685825405 0.1457533243297933 -0.130272066076652 115.7903687917582
-0.1078370428539394 0.12949557025945804 0.9857102991951425 155.80024220149497 0.15994610960090627 0.9808373958744169 -0.11136296712320737 -17.350316996302094 -0.9812338298129633 0.1456437125825634 -0.12647600449208207 115.70824935507454
-0.10440606028815366 0.12781196788826887 0.9862994680726062 156.5002911031563 0.16088720224412234 0.9808286579495948 -0.11007756263045083 -17.426964750518664 -0.9814514047744266 0.14718271079955902 -0.12296050604550769 115.62690883611785
-0.10128684743504633 0.12680926233348494 0.9867540395025437 157.20044693611 0.16109161797927915 0.9808573157891233 -0.10952146508359517 -17.50445128011212 -0.9817449622002941 0.14785721661000734 -0.11976858561180187 115.54888196272373
-0.09948099881732113 0.1265696684238663 0.9869688092958941 157.87115655660293 0.15957116033615595 0.9810816629027806 -0.10973628311129333 -17.58015349227031 -0.9821780680206413 0.1465676272833651 -0.11778885466939351 115.47672127110185
-0.09784223201011004 0.1284101937977063 0.9868949787539206 158.52588911605142 0.1570181671075501 0.9812254038901269 -0.11211079742964944 -17.658941922075623 -0.9827539484994083 0.14398397100381746 -0.11616106523364705 115.4090759298339
-0.09466068133834205 0.13287707113947317 0.9866140555931276 159.17495377917962 0.15699131814562603 0.9806566204781456 -0.11701775861140369 -17.74192403067171 -0.9830698796360693 0.14380547884825023 -0.11368340980137003 115.33785953378174
-0.08970387704621027 0.13671757163867812 0.986552653009502 159.8371144355424 0.1569463122830993 0.9801112974613971 -0.1215599172580867 -17.82915433081281 -0.9835417251798669 0.14392404154859254 -0.10937037473158366 115.268237563204
-0.0835750143238863 0.1376149813994138 0.9869663329985854 160.46236766493035 0.15556157056958705 0.9800909560743198 -0.12348945613172552 -17.911365582992225 -0.9843014538270584 0.14320594349889476 -0.10331260546636464 115.21132215965451
-0.07702160478138739 0.13722051062437815 0.9875539624125301 161.13538658625575 0.15208342506266073 0.9805229202887117 -0.12438794223644539 -17.996675537679003 -0.9853790112458306 0.14060256764677315 -0.09638408136211118 115.16400539663684
-0.06720173960557818 0.13638675506145417 0.9883862551248279 161.77260159022936 0.15041898278699756 0.9806886642353002 -0.12510316551210357 -18.076422808388106 -0.9863528370851014 0.14025749099242238 -0.08641317909242671 115.12569496108438
-0.05521495336533998 0.13575307885354776 0.9892163086750057 162.40966814923948 0.14938790740009972 0.9806995100258344 -0.12625197171695204 -18.158354595900786 -0.987253449824408 0.14079869805801834 -0.07442407240779299 115.09433713770807
-0.042426285721122246 0.13522046546515598 0.9899202943472742 163.02982899531779 0.14764344018521405 0.9807825870407324 -0.12765062069945166 -18.240683461846842 -0.9881479506161145 0.14073232423105073 -0.06157062019992609 115.07527029585863
-0.02805296424669634 0.1352599858301339 0.9904265065032868 163.64764722268686 0.14522491834976425 0.9808558060988806 -0.12984552085953208 -18.32797484750454 -0.9890183877097606 0.14018494199679513 -0.04715431508277379 115.06926500861775
-0.011707241782081875 0.13527678031747822 0.9907518214912334 164.27017042355828 0.14241098192370674 0.98094546909582 -0.13226053315447212 -18.41921244612569 -0.9897553712642574 0.13953842177567397 -0.030744183121698482 115.07645979699562
0.007535284452782148 0.13550060676691497 0.9907616809354582 164.89269158289093 0.1399433684295855 0.9808972195724137 -0.13522120864669815 -18.51356711469453 -0.9901478674203351 0.1396623186844886 -0.011566424614744369 115.09640337214134
0.02756732156256097 0.13622135209250447 0.990308236784451 165.4904383759762 0.13614983468475372 0.9809416622540977 -0.13872850703027323 -18.608143825513082 -0.9903219742188853 0.13864751002085582 0.008499317028098563 115.13147908979985
0.047503428353409594 0.13872202647716733 0.9892052124485101 166.09567114563305 0.13039252831714862 0.9809882103498164 -0.14383699018384105 -18.70902638561284 -0.9903412594365062 0.13581054084459662 0.02851539111763576 115.18074293467491
0.06654613523904133 0.14135663947630975 0.9877329569018473 166.66810308684796 0.1244537658353271 0.9810212492550717 -0.14878644020886828 -18.808132473812236 -0.9900083911302344 0.132821118571984 0.047694414898798124 115.23828473478315
0.08329551737481794 0.14341977993093002 0.986163742646594 167.244105631049 0.11827003154283651 0.9811862224680883 -0.15269092606092796 -18.908403083125435 -0.9894986677137497 0.12934501535977996 0.06476958866468024 115.30590193623019
0.0967457621650747 0.1444482716417425 0.9847845040429299 167.83393415360854 0.11267162388447871 0.981477082898954 -0.1550373223156537 -19.007194500199155 -0.9889280271770807 0.12594943759246893 0.07868205170496406 115.38350870514418
0.10634910311565035 0.14428472316979765 0.9838174391618598 168.44238885455505 0.10708048863569636 0.9820136422611819 -0.1556005424869981 -19.10407858395782 -0.9885628578859474 0.12188876428675403 0.08898962300783059 115.46167697920505
0.10908581971766126 0.1438718069224071 0.9835788194752728 169.06113363196044 0.10310037882552635 0.9825100262423077 -0.15515565229784223 -19.19924733042988 -0.9886879553801247 0.1183257099034545 0.09234811793445213 115.53340121656288
0.10302489677763078 0.14250562269785905 0.9844310875407175 169.67309562332701 0.10284504732041085 0.9828677893643148 -0.15304802569772574 -19.293661838912996 -0.9893646457670227 0.11700471403790254 0.0866074481110913 115.58215934586737
0.09088539049337176 0.14102664097075138 0.9858390093164773 170.28096245298906 0.10540534062437973 0.983014136614002 -0.15034501499343297 -19.387454637091572 -0.9902846712235341 0.11757010307627198 0.0744803687101362 115.60539738565312
0.07758258770951798 0.1401490569122071 0.9871000949554581 170.88003823319568 0.10990078173812208 0.982849639561236 -0.1481880429007162 -19.480856369445032 -0.9909276027707814 0.1199732443150446 0.06085362737851489 115.61642761347572
0.065157955351965 0.13943871540062378 0.9880984888535159 171.50845277160218 0.11498561235950838 0.9825590002187427 -0.14624424232492583 -19.57826672272801 -0.9912455588995774 0.12313921912567423 0.04799224410867493 115.62143773379266
0.05310753773476766 0.13960133760372798 0.9887960202258328 172.11709047211986 0.11971220043026504 0.982163692063297 -0.14509993004754299 -19.673486708539503 -0.99140401978556 0.12606952166179572 0.035452252713678786 115.6224253310917
0.038865163984748805 0.1400167585918202 0.9893994587644581 172.69821976520663 0.12223412885508955 0.9820467792055018 -0.14378317255182926 -19.764695718134927 -0.9917566931441483 0.12651935696937117 0.021056606341235153 115.61303009070342
0.023005111277266344 0.1404301705011989 0.9898364230942845 173.31766355749997 0.12349209171923546 0.9821180704078377 -0.14221087898273854 -19.858910757223335 -0.9920949942698156 0.12550190636895178 0.005256018277346477 115.59126160484993
0.0072514104082740775 0.14052784087416967 0.9900628100084515 173.91582364447112 0.1279806649540204 0.9818175628297839 -0.14030060703393402 -19.94906647500389 -0.9917656468362516 0.12771946163439873 -0.010861381189832283 115.55389461818876
-0.0075491139753154565 0.14022560969020784 0.9901034806640971 174.48068027587743 0.13275484825783537 0.9815094999660058 -0.13800216092292789 -20.031284460944747 -0.991135802959326 0.13039254658514163 -0.026020847112467556 115.51110112619646
-0.021681803820872918 0.13982875973027303 0.9899510510845119 175.06413899558825 0.13725915858144155 0.9812253721677214 -0.13559560297496612 -20.11438881901328 -0.9903139062323975 0.1329332889276059 -0.04046266934499075 115.46183239861287
-0.036023276342403876 0.13956048134950996 0.9895710390285606 175.63073907667007 0.14119756147153406 0.9809925599670414 -0.13321613792056455 -20.194407436854224 -0.9893422974087221 0.13491954088012093 -0.05503916123400514 115.40510085613788
-0.050233336069888126 0.1399547373277108 0.988896072250427 176.16700824766573 0.14291528942571297 0.9809655578505272 -0.13157788272489465 -20.270957101361876 -0.9884763602642588 0.1347115804731237 -0.06927376458519229 115.34508754156202
-0.06260322255818121 0.14012744302415303 0.9881655870358866 176.72494262956909 0.14593779613601682 0.9807522963380533 -0.12983612311872847 -20.349398933503387 -0.9873280697919451 0.13607532323942062 -0.08184312560763582 115.2770720656432
-0.07293589117498725 0.14104817607377643 0.987325499074196 177.28980340878584 0.15086595962231922 0.9801322181502697 -0.12888140416639163 -20.424613393637088 -0.985877045518423 0.13954623390687307 -0.09276106564158691 115.20138127734302
-0.08210251213561753 0.14377440980310388 0.986211475951285 177.82777495104392 0.1564742951505559 0.9791408247540767 -0.12972311887735025 -20.498970308681525 -0.9842805145559375 0.1436584005004512 -0.10288188958089707 115.12487012897537
-0.0895037302901141 0.14406131639740957 0.9855254033814679 178.35570835386275 0.15760929605845964 0.9790794698468316 -0.1288109615985684 -20.573143999483477 -0.9834539232685483 0.14379108545651487 -0.11033139347969965 115.0533486068666
-0.09507202519413548 0.14416750390555896 0.9849884099345775 178.90197244365348 0.1603089638412855 0.9787751281435157 -0.12779040644272238 -20.648431401375746 -0.9824950248153362 0.1457456997541115 -0.11615992880135592 114.97811323062668
-0.0977491865047747 0.14382824788335138 0.9847759823026702 179.4179652911363 0.1604271741042573 0.9788525971561789 -0.127044493503974 -20.71818274117184 -0.9822129278606433 0.14555859363252113 -0.11875041290213115 114.91186653175426
-0.09896995933851328 0.14358629111485388 0.9846895195285127 179.93513200964267 0.16169326263489925 0.9787189749700015 -0.12646944395881926 -20.786594449089037 -0.9818834431521162 0.14669376510897084 -0.12007505443453474 114.84407230767727
-0.09929103657359083 0.14351655166280206 0.9846672637795875 180.45146731520316 0.16346593510284727 0.978467416325726 -0.126134877454391 -20.854261353635177 -0.9815572921676956 0.14842814308427907 -0.12060743713000606 114.78083035425831
-0.09996608276367223 0.14400436678933412 0.9845278367026868 180.94583037205783 0.16478590042244495 0.9782174709713015 -0.12635476677725366 -20.921629925344632 -0.9812681615617319 0.14959767717579814 -0.12151280276976281 114.71792447677844
-0.10208707237857227 0.14420193719215335 0.9842813913029325 181.4510156266569 0.16491413488085674 0.978214078634704 -0.12621380351647501 -20.991820475228483 -0.9810283740441638 0.14942967546155697 -0.1236384206393586 114.65068760160595
-0.10336215156083214 0.14688807671619053 0.9837508435662327 181.9442177186986 0.16514690800862786 0.9778557279775989 -0.12866125996707423 -21.063628555264458 -0.9808554698313984 0.14915738182050065 -0.12532561806409273 114.58279728272393
-0.10727804703099629 0.14751428451461107 0.9832377003515069 182.44438983133213 0.16563644176701442 0.9777768163029941 -0.12862819342279672 -21.135296292190148 -0.9803520224459926 0.14905322335173538 -0.12932176310829327 114.51071278283666
-0.11284895690021243 0.14730259182804117 0.9826459222801244 182.974713634952 0.16623077373800246 0.9778251992286783 -0.12749437633789892 -21.20746911935207 -0.9796260267377175 0.14895095128617997 -0.1348264638813777 114.43039397534895
-0.118369421669347 0.14702143574740506 0.9820386009866067 183.52128585653028 0.16703131110575214 0.9778486816811832 -0.12626547431229376 -21.281676532104935 -0.9788383956387147 0.14907804461988577 -0.14029792117611645 114.34339745800195
-0.12428459948275256 0.1475957602666776 0.9812213785582322 184.0743735750699 0.1709504777946439 0.9772883480825717 -0.1253553549105016 -21.356810477692903 -0.9774278035932698 0.1521533426963252 -0.1466866862131268 114.24912517251744
-0.13008906558422595 0.1482197715967509 0.9803744577447955 184.63029151185947 0.1741506821499358 0.9768224822653233 -0.12457861415990346 -21.433269890327395 -0.9761064088855773 0.15451905753937345 -0.1528798102352462 114.15184072981029
-0.13616875832595401 0.14877822053471335 0.979464117308461 185.17900655486216 0.17489301452099756 0.9767568741803617 -0.12405668787315585 -21.51067046851305 -0.975144253402749 0.1544012046810348 -0.15901715544340247 114.05218955444111
-0.1421376027264229 0.149771055531062 0.9784643403394403 185.71874737758904 0.17534110051839508 0.9766798524839926 -0.12403051723180167 -21.58305028312986 -0.9742116003747322 0.15392790547615867 -0.165077086802429 113.95182971621777
-0.14773454977736114 0.15062783930919554 0.9775032066520845 186.2724810333017 0.1777357859705257 0.9763035354742607 -0.12358459817163417 -21.657268376899257 -0.9729442153283255 0.15547186811108943 -0.17099879921608438 113.84366204716231
-0.15345884139040353 0.15130427403368937 0.9765162838028362 186.86535665148662 0.1820499392685743 0.9756372114539369 -0.12256275993256403 -21.73412921806289 -0.9712590325199332 0.15895846040161868 -0.17725822267583102 113.72474931599663
-0.15879148560349748 0.15199900303765643 0.9755556257188065 187.4486562781089 0.18615354770974488 0.9749819721969438 -0.12161272873681238 -21.809757242049113 -0.9696232949253657 0.16228420874515292 -0.183106702288642 113.60607790692558
-0.163494898471784 0.15181418044814488 0.9748074101920111 188.0354936839511 0.1858268258546862 0.9751573926474147 -0.12070492372286272 -21.886766190741145 -0.968903849056757 0.1614030800836398 -0.18763695035081082 113.49102402191303
-0.16751281293364584 0.1503542601120624 0.9743517612562308 188.62761609776547 0.18670695233422444 0.975272237956367 -0.11839979572683701 -21.960745121705965 -0.9680482799697351 0.16207723491191608 -0.19143478853039755 113.36759655076025
-0.16981356164653935 0.14694581980242044 0.9744738056312718 189.22257615604116 0.18656490442970902 0.9757499877727643 -0.11462939135058049 -22.030845097535416 -0.9676750960335684 0.1623294693834577 -0.19310220321485128 113.24634787749218
-0.17153705081632245 0.1444684618112869 0.9745421844145769 189.83215972989012 0.18976143101288342 0.9755285077817872 -0.11121557150855794 -22.100663292584937 -0.9667491244224804 0.16584525797304817 -0.1947456142571463 113.1179553414935
-0.172610949702871 0.14364975440764313 0.9744737301440449 190.44576428910676 0.19139823363320602 0.9753602141202902 -0.10988003710027738 -22.171472791878813 -0.9662354545788617 0.16753862192680355 -0.19584379541221097 112.99096462881703
-0.17304207575197764 0.1429719012904079 0.9744969456333897 191.05214224836755 0.19077654392623633 0.975552496525685 -0.10925283916728905 -22.242596501297445 -0.9662810283153178 0.16699829973367428 -0.19607894738733256 112.8697176044873
-0.17280295160508696 0.14444202239010273 0.9743225543099923 191.64542784483723 0.19078652675801364 0.9753802972623477 -0.11076407974997839 -22.317549961315287 -0.9663218789165811 0.1667399015322926 -0.1960978511069274 112.74869107000308
-0.172417899403035 0.14509575039210237 0.9742936882213631 192.22072495742694 0.1908887976914892 0.9752807425041604 -0.11146419719635847 -22.38837028559116 -0.9663703580938228 0.1667559526921015 -0.19584461583217483 112.6341451790804
-0.1720102050705444 0.1458875430190083 0.9742475582343103 192.80987805411826 0.19232242186704707 0.9749334290398067 -0.1120368733866907 -22.458631085407074 -0.9661586851356051 0.16809073209079356 -0.19574756759666406 112.51761680242225
-0.1706494914915431 0.1457849436918742 0.9745021903615604 193.3896957224321 0.19150821129683857 0.9750595658346679 -0.1123350362455168 -22.527935783762054 -0.9665618948013973 0.16744784560518436 -0.19430414678487073 112.4098249667078
-0.16875603543583403 0.14598777635223878 0.9748015426571942 193.97109784933832 0.1915113158283425 0.9749976064966854 -0.11286552481421215 -22.597501947875056 -0.9668935942845587 0.16763132666301833 -0.19248662986990023 112.30028685201349
-0.166125699684037 0.1459248987916569 0.9752625726497887 194.5448966517238 0.19176818193803408 0.9749070712948678 -0.11320854107885153 -22.665230749811116 -0.9672976610088162 0.16820980702793142 -0.18993251754718896 112.19461307470444
-0.16392774051455275 0.14821093779253167 0.9752894679841257 195.1125368242324 0.1934997281888841 0.9742914075663568 -0.11553833314156856 -22.736971406132376 -0.9673281657066595 0.16977070598125912 -0.18838384538407707 112.08462834145733
-0.16084133580477333 0.1500623728886536 0.9755202322386048 195.66184430834357 0.19383449108161022 0.9739462836776944 -0.11786367290052488 -22.807727350720207 -0.9677790503211013 0.17012444018280154 -0.18572953465018366 111.98341012603612
-0.1570033792392155 0.15029544428601824 0.9761092068703335 196.20498196931447 0.19360189084919122 0.973876904327539 -0.1188139175328896 -22.876197643203596 -0.9684553432793275 0.17031463400883562 -0.1819907388105356 111.88760282403142
-0.15287662518861853 0.15002270481335456 0.9768056657043036 196.7223969337031 0.1932370564488733 0.973885756509547 -0.11933364561702985 -22.940328721767898 -0.9691879179573452 0.17050399482626943 -0.17786564498085788 111.80032385389181
-0.1483334567336695 0.14888953320139242 0.9776791749591531 197.2380008266499 0.19226351657268512 0.9740979704035188 -0.11917642914485449 -23.002407244223587 -0.9700874881842603 0.17028649648963914 -0.17310875399724177 111.71974682576455
-0.14349717164057263 0.14641093673004194 0.9787747654816216 197.74690363070528 0.19148031193449924 0.9744326978294052 -0.11769110626556223 -23.060944000885733 -0.9709697768411867 0.17052001845665707 -0.16785427705955702 111.64406484514433
-0.1383421431923643 0.14317801005295772 0.9799946810075921 198.25847171753045 0.1917887848084139 0.9746548280288326 -0.1153262384776292 -23.117566313360967 -0.9716568951610636 0.1719897906040865 -0.162286887130507 111.57226368563052
-0.1322576044068739 0.1409445484688537 0.9811575437461459 198.73824053274194 0.1916366456053449 0.9748165407379472 -0.11420413556523502 -23.172190113827142 -0.9725335634508534 0.1729136258441933 -0.15592829612278186 111.5111359756975
-0.1243108462816707 0.1403692869019655 0.9822782973084333 199.20401140617022 0.19097556755771133 0.9748362173422636 -0.11513972305691592 -23.228706743826 -0.9737111423292987 0.17327021971166567 -0.14798091370955574 111.45877374170713
-0.11396114209441915 0.1401795961536942 0.98355990696233 199.64942788207517 0.1896238003250907 0.9748818180789978 -0.11697426826705866 -23.28578292099901 -0.9752404632058607 0.1731680305404809 -0.13767136983026668 111.41692206845974
-0.10187003793885094 0.14093564591971197 0.9847771204750357 200.0663182224422 0.18688107923396652 0.9750175345390073 -0.12020924737869164 -23.34539662077961 -0.9771057660908993 0.17178270539289126 -0.12565438755639674 111.38665587957969
-0.08764505879092085 0.1422991615198445 0.9859493106191775 200.47909563335008 0.18330527236962452 0.9751643628127431 -0.12445009527374871 -23.408830031964477 -0.9791607387157695 0.16981439446129562 -0.11154379705515757 111.36466155266075
-0.07061547158435333 0.14635561124292126 0.9867220610275553 200.88275337723005 0.1810171648004142 0.9746514220775605 -0.1316128049502194 -23.477545452019438 -0.9809609840595593 0.16931197403169213 -0.09530953648540147 111.348708661769
-0.048999003383961445 0.14972610012817297 0.9875266413050263 201.3005123293502 0.1788311971016092 0.9740562874467152 -0.13881248260321216 -23.551324324787757 -0.9826789378777879 0.16979089739344497 -0.07449539531574041 111.34341971831768
-0.024256158246755283 0.1503358399026483 0.9883514488643624 201.7428888076848 0.17529920679873673 0.9739677619187056 -0.14384757436779239 -23.627467165482024 -0.9842361534596518 0.16976000755655263 -0.049970515953165075 111.35327857878482
0.0016495248521445662 0.15031094030036687 0.9886516951538046 202.16745083851714 0.16928191840475962 0.9743459946685719 -0.14842026814959566 -23.700336785509833 -0.985585884124541 0.16759768707088793 -0.023830207633575195 111.38674075116022
0.029749860493064714 0.150712759807937 0.9881441472380039 202.59117651326932 0.16175485237142306 0.9748290444791424 -0.15355354846380337 -23.77379197962747 -0.9864018724445683 0.16439714235980757 0.004629436966356655 111.4442934581077
0.05849778628282559 0.1516962123709271 0.9867090975723842 202.97378276841684 0.15357214119560694 0.9752718603257734 -0.15904438963131984 -23.845908175140814 -0.9864238234222509 0.16082637922483745 0.033761442626752354 111.51184380452771
0.08730597017647647 0.1522996141484869 0.9844854453633429 203.37500966857823 0.14476263183050572 0.9758318607305394 -0.16380072586597005 -23.921764015437546 -0.9856264633126115 0.15680919570762603 0.06315466629475161 111.5899862829455
0.11615351784715497 0.15166297381770547 0.9815981996506767 203.7877540398511 0.1367346872796068 0.9764387946954015 -0.16704763979579648 -23.99922437167463 -0.9837933606544529 0.15361341393614575 0.09268494708649838 111.6801457884649
0.1456408493059156 0.15083973191952527 0.9777849537926253 204.18999951574705 0.12940347189833573 0.976930709051655 -0.16998425735473394 -24.07664470598687 -0.9808566412068117 0.15127695365437316 0.12276736520922531 111.78094416337804
0.1756743472289606 0.15013154288998354 0.9729473496785883 204.62124577965295 0.12386714006287981 0.9770943713114933 -0.17313852589609513 -24.161884542727297 -0.9766427878208228 0.15092383873021584 0.15305924018773573 111.89276196816306
0.2055561353109623 0.15023952959765577 0.967058536263481 205.03767814348882 0.1174093872486219 0.9772395728934846 -0.17677940015894256 -24.24773552483627 -0.9715946782659314 0.1498716714149571 0.18324309487054707 112.01941869433725
0.23654210728796218 0.15075690443307369 0.9598685837340415 205.45832398828318 0.11089617730545193 0.9772611956776044 -0.18081896377983964 -24.33907973912531 -0.9652893209419476 0.14920887356215384 0.2144495951907983 112.16246038487675
0.268069625887343 0.15252431231896352 0.9512635186900571 205.87477493592817 0.10374966813654811 0.9770915508286931 -0.1859048881201156 -24.435180230702294 -0.9578135892809937 0.14852106257113362 0.2461086459916393 112.32165550074669
0.3017220564014955 0.15528189678116944 0.9406796436226094 206.30199472671927 0.09622360117500704 0.9766650167554253 -0.19208841249936853 -24.54056472165166 -0.9485437500244565 0.1484659077127757 0.27974396668005663 112.50180451638268
0.3367217973585206 0.15740699441797754 0.9283685387485869 206.72736427994474 0.08847222004198063 0.9762933317783126 -0.19762449213475475 -24.648873762455235 -0.9374541417151308 0.1486726412907787 0.3148171640214431 112.70279012044541
0.3730133903992304 0.1598918271235712 0.913959933814111 207.13523012495438 0.07765644268308791 0.9762188671629888 -0.20248015547113438 -24.756236480670662 -0.9245862219060291 0.1464955675166217 0.35172963168541593 112.92869555421728
0.4096191448073274 0.16479785266456215 0.897263311699256 207.5275785670491 0.062538616735068 0.9761774874176141 -0.20784494989087426 -24.865163827335632 -0.9101264230111507 0.14124343373796497 0.38955775920695696 113.18326902060932
0.44719238375970904 0.1704129111152713 0.8780696708619211 207.90637921877848 0.04729288711054032 0.9758211298332558 -0.21347295525545923 -24.978406330175552 -0.8932029815590057 0.13698192112938845 0.4283228759716608 113.45589804596166
0.4859670667727214 0.17435835638958502 0.8564247570237251 208.30210898872505 0.03434884023979059 0.9753477813921957 -0.2180634553289346 -25.100469827256997 -0.87331825307739 0.1353807404324446 0.46799966753025335 113.75498678904268
0.5240800805359667 0.17660706271583532 0.8331740499360563 208.701023915297 0.024315596249957286 0.974780143963905 -0.22192002393126378 -25.226842802836877 -0.8513386953040835 0.13655467639241384 0.5065691017451514 114.07178875527501
0.5622617327706374 0.17861076210155621 0.8074584465134945 209.0844388764064 0.014509018928000014 0.9741343331013241 -0.22558453801643702 -25.353421986694766 -0.8268491564124795 0.13854440505129909 0.5451267553567494 114.41252283128973
0.5995278796237319 0.17930724271882756 0.7800285984409878 209.4462219758473 0.005432754179443755 0.9736661782981769 -0.22799595420493635 -25.476968054261526 -0.8003529400714842 0.1409187227111306 0.5827646748682506 114.76604102713813
0.6343066264860457 0.18161584675025932 0.7514653955627556 209.7979270465586 -0.008785271143583816 0.973663741312441 -0.22790295226445034 -25.599229949019588 -0.7730494956818192 0.1379495347412987 0.619194941481906 115.15259674704943
0.6675523793346331 0.1859358398219842 0.7209931740105066 210.14155842001085 -0.026452763992058908 0.9736474427243413 -0.226601791616226 -25.720756023604196 -0.7441110720637208 0.13218725789103183 0.6548764818983634 115.57774416228116
0.6992674811885613 0.19040166955316598 0.6890584115988473 210.46669518867543 -0.043033817710006014 0.9733600190256368 -0.22529038677606894 -25.843094185132646 -0.7135822711457693 0.1278767270100476 0.6888292862301008 116.01867587547409
0.7294256956550943 0.1924892084258711 0.6564412551472839 210.79789009427807 -0.05580011504129009 0.9731575234733408 -0.223357704538707 -25.97082083635751 -0.6817993567352858 0.1262847172081545 0.7205830098218815 116.48782759748886
0.7573620905570637 0.1942753239432023 0.6234489132203811 211.11140180429567 -0.06689466105327682 0.97279696809569 -0.2218753830105142 -26.099229190283882 -0.6495787795103787 0.12632651228245015 0.7497511483756591 116.96940354698556
0.7831081024290155 0.19579385697437726 0.5902836065302625 211.41770101579812 -0.07797363063485811 0.9725876436634004 -0.21915893869006287 -26.229030746962856 -0.6169973105760518 0.12559087175181702 0.7769031713726988 117.47864837126045
0.8057935649078554 0.19607604817897392 0.558819743987623 211.72065546127183 -0.08700282116665595 0.9725733955531305 -0.21579961221662558 -26.360388068726262 -0.5857911962090063 0.12526318957801488 0.8007468944299518 118.01220657852961
0.8258756606505048 0.19797317728856126 0.5279817243105162 212.0117207614659 -0.09728299872248888 0.9723432031255125 -0.21242242735392114 -26.492172495285903 -0.5554181615985847 0.1240628075038364 0.8222877097788998 118.56975141439476
0.8431960971682118 0.2001705402319816 0.49897959595178554 212.29152393146956 -0.10710166693957532 0.9720597976542484 -0.2089682034487791 -26.622448250132937 -0.5268520534779073 0.12275164953744508 0.841068874800099 119.13874496434546
0.858168179470252 0.20160966980259934 0.47215363197649407 212.5623448039284 -0.1152491195119592 0.9718638112228837 -0.20551573550940347 -26.751982381131242 -0.5002882218269 0.12194377748715422 0.8572509614815865 119.71942239068541
0.8712466374490833 0.20188583285856032 0.4474359165260977 212.82125495116736 -0.12175813438615299 0.9719210942090708 -0.2014519644026727 -26.877901801859032 -0.47552794059860665 0.12102777420522463 0.8713571234515124 120.30380421911103
0.8816079191756463 0.2026674386840396 0.4262867153127681 213.08536108500098 -0.1281722207538764 0.9720005641374234 -0.19704145724999364 -27.00697827788602 -0.4542705648392501 0.11906814419089273 0.8828921728912427 120.92573630990958
0.8897228564662036 0.2022443215137352 0.4092894652794193 213.34021767155176 -0.13226765018066416 0.9722799299709174 -0.1929137256423945 -27.13218952207563 -0.4369452769962106 0.11749682807307696 0.8918022008263088 121.54696218636387
0.8966405801859969 0.20133439274576473 0.39437077791515485 213.5947868979832 -0.13477792530050056 0.9724988726999833 -0.19005292984089597 -27.260468666873944 -0.42177482096525454 0.11724932471143291 0.8991089447678025 122.18266951872234
0.9034664246326566 0.19954445928570821 0.3794199963684597 213.83464089748077 -0.13581480804789264 0.972719721286754 -0.18817763190362527 -27.388570782451374 -0.4066045343537754 0.11847381438591273 0.9059114574891179 122.81390872813095
0.9099640974636851 0.19730919050874224 0.36477917959016076 214.0787779342163 -0.13633903382763632 0.9730252510028353 -0.1862086515743565 -27.520413387996033 -0.3916655358492516 0.11970194648324191 0.9123094618359748 123.47864184007898
0.916045794477222 0.1962788823271993 0.34980516469784545 214.3165022942463 -0.13818074169107208 0.973149698326425 -0.18418956718500268 -27.65483230492735 -0.37655121224686583 0.12038215953119483 0.9185621302652996 124.16184329020761
0.9215126465683398 0.1968196301556378 0.3348218695780559 214.54921810191755 -0.14131940544411672 0.9729273444370906 -0.18297908317012634 -27.795456566243054 -0.36175704281102655 0.12129295538299825 0.9243697706638498 124.87133661027575
0.9261719124175809 0.1980992109848368 0.32092176878501955 214.77743986012516 -0.14526265007432326 0.9726797319386579 -0.18119823878286087 -27.936654613094007 -0.3480355550425837 0.12119538526363562 0.929635327448115 125.6003708248645
0.9301281455958377 0.1991412488715594 0.3085987285632999 215.00841669348418 -0.1487653169439588 0.9725212338659326 -0.17919696927920584 -28.080549534360923 -0.33579048633512076 0.12075976056790577 0.9341847732414866 126.35814245694708
0.9319195467282577 0.20128468964958446 0.30172675326870596 215.24784648464836 -0.15266057939657218 0.9722977986591802 -0.17712285561089205 -28.225376258208176 -0.3290065386462389 0.118994901804148 0.9368212245791274 127.14938450921316
0.9325984418158131 0.203020788859265 0.2984493182408279 215.49065905154168 -0.15531145119944292 0.9720903737738263 -0.17595289889333965 -28.37027946432197 -0.3258276787925337 0.11773305880856906 0.9380912400353889 127.94286258735923
0.9326004997110315 0.2042265673000852 0.29761976394777906 215.73923026892567 -0.15682034423822055 0.9719232426862525 -0.17553793694684014 -28.518356277556133 -0.32509890603598013 0.1170261652551706 0.9384327937679174 128.74952557329186
0.9327250593602291 0.2038589005356954 0.297482231897789 215.9956018280311 -0.15639517774053094 0.9719609229494873 -0.17571161331754218 -28.671988582336724 -0.3249470439389399 0.11735790031231695 0.9384441793826356 129.5550954425836
0.9327963109142117 0.20351742186825333 0.2974937794457695 216.25659811452238 -0.1559287214916324 0.971979282895334 -0.17602749671471432 -28.83000989934431 -0.32496775825697677 0.11780204830729003 0.9383816304391573 130.37356697897974
0.9330895221679495 0.2025606780664819 0.297226073319773 216.52282390624626 -0.15426129069284122 0.9718736435043159 -0.17806460464623575 -28.994263617930024 -0.3249206864827866 0.12029205671774544 0.9380818421397714 131.2022388367462
0.933133172124033 0.2025103629675146 0.29712320559625055 216.79105973391123 -0.1538643726151064 0.9717463717364566 -0.1790986521578346 -29.16147955971471 -0.3249835922117201 0.12139855383950832 0.9379175266948345 132.04074917392322
0.9329604586697685 0.20297171061383087 0.29735089114942 217.0641186629879 -0.15425992238663963 0.971654713468101 -0.17925480333574426 -29.330530731433324 -0.3252920478911116 0.1213606745790288 0.9378154554845204 132.90178494325662
0.93275960963249 0.20310933115153545 0.29788701146560653 217.34632180443532 -0.1545594689492643 0.9717284505783771 -0.17859816539520773 -29.50189159262854 -0.3257260409192927 0.12054017992351623 0.9377706588414486 133.7854152865429
0.932514652359444 0.20291062611134977 0.29878917168583474 217.62842263153678 -0.15491794551935195 0.9720317406039706 -0.17662661190916368 -29.670346444985928 -0.3262577683556309 0.1184113550719543 0.9378572656972521 134.66585862906976
0.9324225466077324 0.20241580998706277 0.29941116138724794 217.91494200670417 -0.15436414338522753 0.9721424542363533 -0.17649967146979792 -29.838946249379475 -0.3267825184812199 0.11834642167460255 0.9376827618662136 135.54556131538496
0.9322917302121626 0.20262279569880778 0.2996775455591817 218.20133954482247 -0.15447202750138805 0.9720874163109248 -0.1767077492736681 -30.01116087619127 -0.3271037219270072 0.1184439902198158 0.9375583483122863 136.43211543234534
0.9322916455826268 0.20231912630140386 0.29988249661768723 218.48739631439923 -0.15372336294068084 0.9719944314576181 -0.17786680324666013 -30.186148626202375 -0.32745604917887133 0.11971750835490666 0.9372735030281841 137.30902172114062
0.9322682681574309 0.20201864478574125 0.3001576902471733 218.77072064784795 -0.15352256474406206 0.9721038012019136 -0.17743987429234012 -30.35567478247332 -0.32761686802212175 0.11933337175738765 0.9372662165205307 138.18727329907867
0.9322793164350539 0.2010016610451717 0.3008065810315955 219.0592976012683 -0.15310342787425654 0.9725472289314225 -0.1753612233123858 -30.525401700070528 -0.3277829269417264 0.11742391858983271 0.9374495686848968 139.0811355783662
0.9321912461543141 0.20096982659344492 0.301100437712362 219.3515895148675 -0.1532069143183866 0.9726211073628711 -0.1748604694660578 -30.698332516001578 -0.327984712790939 0.11686553362003195 0.9374488192291636 139.9882729843718
0.9322703872324647 0.20013805718425792 0.3014096253929661 219.6422210612823 -0.15216474813916583 0.9727157676460462 -0.17524316578971524 -30.872283273427225 -0.32824513301541364 0.11750296857560309 0.9372780037594786 140.8815910838317
0.9324038573064198 0.19957776869494023 0.3013678412435459 219.93586886500808 -0.15124300134116284 0.9726828687582244 -0.17622128026472164 -31.05036109348985 -0.3282915324376093 0.11872248381126652 0.937107932639214 141.78492511456528
0.9323575406733036 0.2000750439024012 0.3011815043555269 220.2266359233242 -0.1513216605258199 0.972429690226263 -0.17754750534176908 -31.229763055212135 -0.3283868403518571 0.1199552283462511 0.936917708152896 142.6814258814758
0.932500956488079 0.19981987380890684 0.3009080565830672 220.51568693974144 -0.15062531808446109 0.9722938502063155 -0.17888105657451486 -31.408538494374895 -0.32830089339296675 0.1214750128417185 0.9367522084780664 143.57052664611854
0.932456609511443 0.20043741647898325 0.3006356552524763 220.80163842984535 -0.15113595354630685 0.9721253306714657 -0.17936689376598697 -31.58661209350113 -0.32819294085014655 0.121807513920342 0.936747065204497 144.46596401922807
0.932507413351042 0.2005417123295668 0.30040886763892327 221.09330655689712 -0.15124342293408738 0.9720917002373812 -0.1794587422167397 -31.766286710914457 -0.32799947350878955 0.12190428517572148 0.9368023894136741 145.37640482352398
0.9325438556907557 0.20096291175979078 0.3000143908312801 221.38559954817177 -0.1518267020985068 0.9720488320870747 -0.17919922427739268 -31.945484714760358 -0.32762655616843 0.1215532279050151 0.9369785992411492 146.29950807539893
0.9325720397760073 0.20119410601023532 0.29977088294987053 221.6793834662926 -0.15209136143362365 0.9720027995990821 -0.17922527697898227 -32.12637118055421 -0.32742259941224866 0.1215400906047544 0.9370515853892103 147.2209801325949
0.9326192684379186 0.2015038118118851 0.29941531979458363 221.9694237880698 -0.15241413520890484 0.9719265430017987 -0.17936258000971025 -32.30603758331922 -0.3271374266396571 0.12163431283057938 0.937138944150552 148.13492907057713
0.9325924826054697 0.20216120205423743 0.29905572077816883 222.25080142920186 -0.15302918622262673 0.9717670145543255 -0.17970320096625542 -32.4822635118643 -0.3269270575216796 0.12181799888877369 0.9371885167804468 149.0260189524056
0.9326013580199978 0.2026093462356537 0.29872574756713155 222.5335511101287 -0.1534770715243072 0.9716627795794718 -0.17988712568769769 -32.65670645265431 -0.32669282573261094 0.12190773677520389 0.9372587981531407 149.9178903249542
0.9327696687303667 0.20241256540517605 0.2983335493805647 222.8203537782155 -0.1535272687315296 0.9717622502556607 -0.17930638156935658 -32.830940411952135 -0.3261884143773597 0.12144149180683947 0.9374950019006135 150.8212847477084
0.9329182537300165 0.20227969450366684 0.29795878255016445 223.10636291685353 -0.15359283272959484 0.9718331950715079 -0.17886500342788128 -33.00567539980026 -0.3257323028440599 0.12109429811904128 0.9376982938483478 151.72421809131862
0.933090279957441 0.20250177980585873 0.29726880351176455 223.39678340552666 -0.15398685891927447 0.9718080053121084 -0.17866420625311494 -33.18535787297892 -0.32505309313499614 0.12092646606717493 0.9379555815076067 152.64582761642728
0.9332785992788732 0.20261179602760765 0.2966015038766543 223.68344644815846 -0.15417934731162453 0.9717710965049904 -0.17869745280468136 -33.364225510840555 -0.3244202314942132 0.12103686726904972 0.938160289988808 153.55549515227096
0.9336369711409944 0.20204570267683206 0.29585983735314403 223.97085644606295 -0.15370407130641195 0.9718544040373681 -0.1786565642766231 -33.54284146459114 -0.3236146150852221 0.12131760528034986 0.9384022999883451 154.46527542893577
0.9337194501111481 0.20280636886890283 0.2950770024850969 224.24381496756024 -0.15446138553972583 0.9716592911071292 -0.17906120892616537 -33.7160559204897 -0.32301476984316796 0.12160736786660588 0.9385713119525974 155.3419481145908
0.9337847915388265 0.2031076654164397 0.2946617122111241 224.51261286345132 -0.15469954665220326 0.9715507320682164 -0.17944281448993235 -33.88636265952665 -0.32271090406916464 0.1219693294408505 0.9386286918756322 156.2003438875563
0.9340977455834385 0.20300530566117944 0.2937377293594728 224.78949766339068 -0.1549498646262646 0.9716352337702066 -0.178764515292029 -34.057911410339585 -0.3216824158182573 0.12146133045521393 0.9390473417673989 157.09227287648687
0.9345964418751644 0.20276842479250862 0.29231188033871897 225.0646196616186 -0.15596809835814732 0.9720467975006756 -0.1756148084293355 -34.22569692312145 -0.3197364550675101 0.11853021280580052 0.9400862004920214 157.99265676976387
0.9349186556529417 0.20297457511577466 0.2911354695240796 225.33685781187046 -0.1570254965984792 0.9722415825127741 -0.1735791993205715 -34.391543164806976 -0.31827287230704826 0.11655911797765556 0.940829009995821 158.8880432995668
0.9353532748190182 0.20282388492361958 0.289842351821663 225.59748683125963 -0.15626235232430574 0.9719521811718154 -0.17587384077828142 -34.55756932281718 -0.31737083881878714 0.11920467241958982 0.9408021441535918 159.73609636191387
0.9352910745701803 0.20576511947080414 0.2879629588376296 225.84569981211905 -0.15776347102741164 0.9707249249539784 -0.18123019153641903 -34.725131562825766 -0.3168101821016392 0.1240650493950984 0.9403626287148249 160.55691665894122
0.9351068263679545 0.20889388834837563 0.28630432536986833 226.0836854807923 -0.1596680922680154 0.9695300512820907 -0.18589732674387674 -34.88999138264275 -0.3164000318274017 0.12811233029483315 0.9399577291865477 161.3525695003664
0.9350639106718637 0.21023940885700063 0.28546095006025507 226.3134901480484 -0.16090320070425734 0.9691664943416061 -0.18672916397737888 -35.047909339701555 -0.3159028369074937 0.1286636307572263 0.9400501037506112 162.12660256076015
0.9353757252577378 0.21057391541422096 0.2841908671189444 226.54484342607176 -0.16167947265090432 0.9691806898345334 -0.18598429365086125 -35.2019303912178 -0.31458148920339496 0.1280087466542742 0.9405825907143138 162.91083002285924
0.9362665795767189 0.21037739960021198 0.281388885861571 226.7616606033798 -0.16284525744057093 0.9695455089080387 -0.18304160485743626 -35.342307108272514 -0.31131306432335853 0.12554440500973127 0.9420010087086026 163.65133726179528
0.9375406394204713 0.20972852045347704 0.27760652234209 226.9768970558347 -0.1637792407118114 0.9700097915954807 -0.17971846546841636 -35.48051162665481 -0.30695918081736195 0.12301881171144727 0.9437614107598926 164.40048766729484
0.9384670423779515 0.21018900768547996 0.2741054654262186 227.18684451896448 -0.16552568286767175 0.9701702166056855 -0.17723368589733188 -35.617916034660304 -0.30316764182864114 0.12094804839640826 0.9452531364575748 165.1540418467827
0.9390130921726795 0.21044820271738177 0.27202836404230574 227.37987449158004 -0.16614023735098848 0.9701065572076679 -0.1770076198190909 -35.74793623844349 -0.3011335668887994 0.12100922167061036 0.9458953724056218 165.84896287314484
0.9389689701275905 0.21280187722893532 0.2703458781436661 227.5580972969517 -0.16825394432447208 0.9694302507630205 -0.17870953115383378 -35.873236917486985 -0.30009669588327353 0.12230758614130352 0.9460584897570621 166.50702275801623
0.9391075990444941 0.21389403205260724 0.26899865758178054 227.72890390122654 -0.16907801818733795 0.9690037754869317 -0.18023768210570332 -35.99422380811666 -0.2991981517381067 0.1237724717039347 0.9461523532872816 167.13090368660144
0.9385269711758032 0.2175069895543482 0.26812831764671796 227.894882142863 -0.17175167590760898 0.9678373446509556 -0.18394152358760243 -36.116188027268386 -0.2994981501770881 0.1265743219276681 0.9456869497348018 167.7448293831638
0.9382930904413994 0.21860723405916682 0.26805234239801023 228.05138754528627 -0.1725580991874056 0.9674900666562563 -0.1850103633195677 -36.22962738511844 -0.29976760076908743 0.1273310134883716 0.9454999730279703 168.310720833134
0.9381845328900066 0.21994845512425942 0.26733329869436057 228.19907550415724 -0.1735179176312812 0.9670012030496903 -0.18665946246633053 -36.339723024008876 -0.2995527050517542 0.12872590732441103 0.9453791288858038 168.85630771832305
0.9381943330213608 0.22130810144862756 0.26617282929980185 228.34309523884824 -0.17398795518962276 0.9662422848820851 -0.19011824864273913 -36.44946199941089 -0.29924815459791665 0.13204900420085677 0.9450169476383355 169.38179970671376
0.9382286477923816 0.2219988810138423 0.2654775818283581 228.48134149646438 -0.17400475638909507 0.9657417988103657 -0.19263125288710078 -36.55563388452897 -0.2991323991539974 0.1345294620643679 0.9447038767217069 169.883756050378
0.9381018076888298 0.22265907580482952 0.26537205940875674 228.6124545667843 -0.17467900141820214 0.9656067328061919 -0.19269606196676828 -36.654192391318816 -0.2991364338944134 0.13440561837499632 0.9447200628465077 170.3760389377833
0.9382077856674116 0.22307376267664134 0.26464792065408044 228.74550450297903 -0.17532893479525208 0.9655627193858805 -0.19232470076143168 -36.753874446391634 -0.29842278110886095 0.13403219286187187 0.9449988357288144 170.88175915430008
0.9386303288555833 0.22301068137655314 0.2631989531489619 228.8709838639669 -0.17550164860234754 0.9655476572197031 -0.19224243962413703 -36.85004127886993 -0.29698931324808864 0.1342447912059201 0.9454200297432463 171.35875405047685
0.9397922053617396 0.22259376712873297 0.2593766547929579 228.9939928937287 -0.17569284382822986 0.9655518282500868 -0.19204596814980038 -36.94581699439719 -0.29317621380778225 0.13490469427042484 0.946515425339335 171.8365593422855
0.9420376239623818 0.2208324815868349 0.25264934193252464 229.11407703596356 -0.1752534003959672 0.9658802465598295 -0.1907919171481975 -37.039519595702835 -0.2861485656687228 0.13544742404537116 0.9485862559766288 172.32428550723398
0.9446670614095796 0.2192402011136991 0.24407427646757535 229.2201500757967 -0.1754212212800437 0.9662112027458607 -0.18895605337616792 -37.13059074201524 -0.2772403719166773 0.1356763676743234 0.9511952504949476 172.79504159913998
0.947837682580218 0.21891809943021165 0.23175975801235363 229.30887751429083 -0.1774777829061131 0.9662410213976698 -0.18687007253505386 -37.216889361770654 -0.26483182452605025 0.13598229602530357 0.9546806274808174 173.24960134746468
0.9513054217216255 0.22031465625249297 0.2156696345511799 229.38163871371117 -0.18170689460950898 0.9657948273394656 -0.18510392083456137 -37.30207939889091 -0.24906096336549416 0.1368938998319424 0.9587860096396681 173.697956579969
0.9553782307280937 0.2218067252200119 0.19516102424812054 229.4403858392728 -0.1869504093888697 0.9653822238274731 -0.18200925934371173 -37.38500716891939 -0.2287634833329656 0.13739479093417797 0.9637591838119611 174.15451675965915
0.9598941443119532 0.22262854494350023 0.17050699828262975 229.48585316996162 -0.19230918707745018 0.9651569488039429 -0.17756585062504987 -37.465738317200135 -0.20408536383393833 0.1376470023373474 0.969249074346888 174.62350347238464
0.9644104938989577 0.22271236827037666 0.14263118033045938 229.51532097014615 -0.1975046922579855 0.9651776420971959 -0.17165049138265948 -37.543277979521655 -0.17588176017735602 0.13736374056424955 0.9748015266313206 175.10084883027614
0.9684787540229399 0.22272422940749723 0.11168719631038596 229.52835513046335 -0.20301657567373074 0.965275927975267 -0.16451809783410937 -37.621485638469046 -0.14444001298497508 0.13665046448759144 0.9800533860184553 175.60872205792626
0.9714556412430738 0.22385200351593237 0.07871142380302856 229.51735142029833 -0.2097084012969516 0.9651537914250853 -0.15665381290800257 -37.692399500977466 -0.11102519215590025 0.13566811835994946 0.984534849001365 176.1057470582396
0.9734007974477021 0.22499560695866613 0.04359231549382896 229.48567415946724 -0.2164177873575352 0.965005500235522 -0.14821918403513035 -37.75989648393264 -0.07540529973287441 0.13483439119865562 0.9880159737482548 176.6056751697302
0.9734613588674216 0.22886584298713475 0.004997209105005999 229.4256553132849 -0.22593862986074684 0.9640635799458166 -0.13990680654487547 -37.817715992160295 -0.036827894295493595 0.1350568885561574 0.9901740205643828 177.08834319638774
0.9719572804385481 0.2325521734850581 -0.03535008447352134 229.3433952343576 -0.23519767938571384 0.963112798726401 -0.1309048148584506 -37.8737995752467 0.003612991970666446 0.13554039889218572 0.9907858431379735 177.58468342393678
0.9683827072742267 0.23742881904704002 -0.07676976571689748 229.23662127262378 -0.24543533656025848 0.9618150127295643 -0.12129808241059428 -37.91623416903897 0.04504725519271998 0.13629733880759412 0.9896637664254067 178.0409990468579
0.9632734544189828 0.24012582249818715 -0.12031392096653298 229.1095761305726 -0.2532442326728998 0.9612574383915894 -0.10904965141856462 -37.95189349395319 0.0894750016303746 0.13550585277123442 0.9867487474304892 178.50223335087878
0.956019603312103 0.24270334262647694 -0.16478225664090995 228.96016623133818 -0.26046425301054565 0.9607062063967508 -0.0961380259570811 -37.97787944513289 0.13498131223855603 0.13482227078329814 0.9816536251476728 178.9470191799561
0.9466503050981988 0.24424976837185416 -0.21030211394885334 228.78209974595995 -0.2662116142570662 0.960361396212693 -0.08293214551893988 -38.000239846844174 0.18171602813609283 0.13448528843986782 0.9741323117763876 179.4186601366634
0.9345705749388249 0.24653317830196847 -0.2565747313607193 228.58181048504957 -0.272204405792995 0.9597618175321985 -0.06929964135797369 -38.01177662245956 0.22917136253639592 0.1345989431433769 0.9640562437420411 179.86592057374963
0.9198683047577753 0.24987651675205585 -0.30238238123598926 228.34027162575876 -0.2786739770913071 0.958805944768152 -0.05542535682521181 -38.018292043903635 0.2760812503535218 0.13524278941560203 0.9515930710033309 180.35923676860162
0.902001652947861 0.25475550673200953 -0.3486040060834906 228.0894009257428 -0.28660588806695375 0.9571437210497059 -0.04211494836117326 -38.01460962225489 0.3229389063409986 0.13789218443606588 0.9363425944262486 180.77103921023263
0.8811972216685211 0.2589149771930563 -0.39558380785664427 227.82423483556985 -0.2935225691159746 0.9555510958563501 -0.028426807925768655 -38.004816479912456 0.3706430870738405 0.14115502746757186 0.9180087446968838 181.15126329932784
0.8575950482751462 0.263530444505787 -0.4417157767761805 227.538909774566 -0.30052828661204184 0.9536838413662044 -0.014504224824853933 -37.98616327720978 0.4174371106625583 0.14517939243329536 0.8970564146944696 181.51267678049607
0.8317181659183549 0.26711117826007585 -0.48675147728418067 227.23907797981846 -0.30602192196304107 0.9520456554789888 -0.00045575706363772117 -37.96188214499999 0.46328926313842517 0.14932819649732548 0.8735589101855571 181.85623658403316
0.8034153247113783 0.26917829604105104 -0.5311272806336754 226.91687970714005 -0.3088468266936499 0.9510174752057734 0.014801444697201098 -37.92906949793643 0.5090962236825196 0.15213781019494294 0.847181001644683 182.20039143865483
0.7725156718801365 0.27149744625239797 -0.5740536020111113 226.56632766680406 -0.3110608491652558 0.9499157744567563 0.030661090690956638 -37.88692665289912 0.5536269159227568 0.1548718020907814 0.8182618885505553 182.5461324970029
0.7392746588000632 0.27484046584284694 -0.6147885822761966 226.18499333674188 -0.31434416477946847 0.9482192278053775 0.04590640927851772 -37.83575167272145 0.5955703730023293 0.15931002257822208 0.7873733698485083 182.88170068431967
0.7037958752496949 0.2777660672920237 -0.6538711756795959 225.79702012110698 -0.3162226508718803 0.9466914092317525 0.06179038727334213 -37.77652444216051 0.6361758276470891 0.16327321035412823 0.7540975985816746 183.1857266426901
0.6660408631932312 0.28098687721705207 -0.6909887938806374 225.40303285801755 -0.31741005641203446 0.9450664762244724 0.0783570055031542 -37.708478565219934 0.675045067758378 0.1671299759583564 0.718625425522507 183.46040915111448
0.6264694165533237 0.28497685966790837 -0.7255019003771886 224.9816500625255 -0.3200612234668929 0.9427488211854328 0.09394034112913374 -37.62916381659714 0.7107340134671434 0.1733463726809594 0.6817982341335903 183.72364254776784
0.584539066525656 0.28913570648139875 -0.7581194311367769 224.53198834355177 -0.32401638385596626 0.9398183591468035 0.10860471206879585 -37.53968874987393 0.7438917083670062 0.18215139642525174 0.6430297669422088 183.97730947624507
0.5410077899401016 0.29282526801620906 -0.7884118046205119 224.07147307384648 -0.3278489279803633 0.9367179485274972 0.1229392694795437 -37.4422742534173 0.7745146860304214 0.1919607231880583 0.6027594787323044 184.20592823339194
0.49796919605382456 0.2947656740152294 -0.8155789053825886 223.6269163471203 -0.3287769261828545 0.9344412487404549 0.13698423556795963 -37.343580676639235 0.8024837518854209 0.1999214262718901 0.562220716762174 184.3981192154799
0.4562430354545487 0.29665510411219637 -0.8389678086863063 223.179792432232 -0.3294162501886705 0.9321406829430048 0.1504604368058191 -37.23847284627873 0.8266650858235369 0.20771485138315532 0.522991723703144 184.5703539243364
0.4162620209684312 0.29817255714159835 -0.8589797337319461 222.73615407201865 -0.3304291887847001 0.9297385096640943 0.16261001186290305 -37.1292510477183 0.8471066662941169 0.21613516407142247 0.4855268624996155 184.7204427055662
0.3789167128578905 0.29938694708977365 -0.8756811444056452 222.25779259021425 -0.3311934925915894 0.9274442989528536 0.17377456351770065 -37.01255497209922 0.8641648857948983 0.22416527114554394 0.45056627586216 184.87704938469685
0.34513122153937736 0.3000785751184806 -0.8893066065209424 221.84475356835605 -0.33114418911685845 0.9255299561142938 0.18378865813641948 -36.9057980346896 0.8782236027908716 0.23104865066480643 0.41878553924418366 184.99269995896637
0.3164285945797759 0.2983931458148052 -0.9004796703921926 221.43306444367212 -0.32636758328900795 0.925555912720521 0.19201807881925784 -36.807072361184176 0.8907337684978655 0.2331186648890373 0.3902451911433028 185.11729998459919
0.29134887254436137 0.29697373245880165 -0.9093686414557339 221.0123878848189 -0.3180773039810322 0.9266006450042695 0.20069489691543496 -36.70433591115875 0.9022152407667621 0.23076822396467925 0.36441187365858857 185.24875781582202
0.2699835101803393 0.2972759553129567 -0.9158410372388761 220.5853468161302 -0.3120145042298551 0.9268547575732767 0.208872551486227 -36.59557301603387 0.9109369828663137 0.2293543391214145 0.34297738745976436 185.3770091240618
0.25012005342407057 0.298880681984381 -0.9209446694555399 220.14765004175825 -0.31220374473292556 0.9252735401586062 0.21549530840731898 -36.478581423393216 0.9165255330008043 0.23361353007448477 0.324728641972604 185.49004153177037
0.23242901682310763 0.3010066515523741 -0.9248788420366583 219.70743326565267 -0.3126760492372125 0.9235734697619089 0.22200521065443507 -36.35839752816342 0.9210107257428113 0.23757772919604256 0.3087705105862702 185.6000697743352
0.2189224815405443 0.30279839118389495 -0.9275849574805857 219.2567194437746 -0.31254145451078197 0.9223253958493248 0.22731880485444783 -36.236695885768 0.9243595070113986 0.2401345558455812 0.29654229907142765 185.71796371083394
0.20708867439017983 0.3014850644397259 -0.930724695366838 218.81825071266928 -0.3082904167827257 0.9229944462248698 0.2303869444075764 -36.12610768741159 0.9285046786404414 0.23921394475652924 0.28407436905039457 185.83158542104607
0.1948253135002652 0.29657445649020747 -0.9349407432539086 218.37337380352793 -0.3015175778317556 0.9251651841567029 0.23064380767243908 -36.01809856043499 0.9333702738721615 0.23695675821366124 0.2696558384308894 185.93794119304218
0.1809260694139277 0.29128235995249385 -0.9393866784895136 217.92190572016779 -0.2947630287132828 0.9273085909578243 0.23076733341200006 -35.910475479570074 0.9383117658113256 0.23513581427118183 0.2536215017515345 186.03704248823877
0.1662315016838025 0.2878863972095049 -0.9431410980854501 217.45487206836958 -0.28546391120309667 0.9295499031046112 0.2334252108649612 -35.79487931474354 0.9438884907942952 0.23042132863600234 0.23668974362281722 186.13329630419986
0.15233373235105074 0.2885772665457138 -0.9452742632658769 216.95423373626687 -0.2813753315797009 0.9295270253188156 0.23842693559028563 -35.66306013227111 0.9474543548480712 0.22964787660742758 0.2227848644855906 186.22994280381056
0.13788397356674595 0.2904639278821307 -0.9469128778746148 216.39492312461567 -0.2798020531476923 0.9285330158172663 0.24408427149739087 -35.51005747740427 0.9501293213620083 0.23128430381332254 0.20929036193727837 186.3308211357491
0.12420536458642872 0.2921265811478333 -0.9482932511164573 215.82856180971342 -0.2802945778226046 0.9271077855790901 0.24888962491687466 -35.35242814382746 0.9518693287204772 0.23487956829586942 0.1970213977534917 186.42338036833786
0.11361642225338942 0.29235190948158735 -0.9495506587879625 215.2589143972671 -0.27893675364865356 0.9266929960236089 0.2519406896467108 -35.195680931928095 0.9535894304125585 0.23623145650228686 0.18682344272932708 186.51730213476145
0.10616264549054348 0.29220357272278163 -0.9504582468120939 214.66591928537116 -0.27706823328780616 0.9267036248598115 0.25395509476790495 -35.03591605959021 0.954991896154842 0.23637283257647357 0.17932967093707286 186.61765738652684
0.10129347358376317 0.2927798393579072 -0.9508123241667552 214.0427089152244 -0.2758316420351837 0.9265319080897066 0.25592011970537365 -34.865156831995506 0.9558781779172175 0.2363326550826298 0.17459773253095356 186.72588187209482
0.09777541765222614 0.2931806535660477 -0.9510569747364482 213.39369075638805 -0.27551467258660967 0.9262673592670727 0.25721614636362794 -34.686809814550784 0.9563354391734649 0.236872486402925 0.1713297285934958 186.83622497307852
0.09614388289273794 0.29308437495841644 -0.9512531018102852 212.74991285025078 -0.27606997840500264 0.9260460516815826 0.25741763306696136 -34.51077936742225 0.9563406388554003 0.23785502315663845 0.16993337525940294 186.94409610237884
0.09498036537132953 0.2923909206063653 -0.9515840000332362 212.09227739794636 -0.2784527591776858 0.9255589310686526 0.2566029814028863 -34.3323609152675 0.9557661608065208 0.24059043258698656 0.1693151233376932 187.0538003098783
0.09419193529249306 0.29178823386221237 -0.9518469114936692 211.41503806581272 -0.2819112787372759 0.9247893844971263 0.25559873152156665 -34.15100693779203 0.9548300057916892 0.244252565397506 0.16935417781395545 187.17079535986034
0.0990897017725797 0.29147755738700604 -0.9514450579751694 210.69154140850998 -0.2854127988562629 0.9243090586160929 0.2534419696826453 -33.96354729685246 0.953293119225729 0.2464325163786387 0.17476904823099307 187.30652505220596
0.10551544105771353 0.2912716495598706 -0.9508168905447715 209.94077222375068 -0.28854962302297077 0.9239921113212882 0.25103528161478483 -33.774664490296246 0.9516580973395042 0.2478614445458706 0.18152983797253688 187.45756711514477
0.11270181089378363 0.2914170076692505 -0.9499471930498606 209.16497500076957 -0.29080546177566424 0.9238586114797039 0.24891515710924744 -33.5833885157466 0.9501463783029978 0.24818828890716935 0.18885417458416082 187.62382228097349
0.1205135707335947 0.29124573201346304 -0.9490403440293981 208.34877960826785 -0.2933663098152039 0.9237665143506517 0.24623927528149464 -33.38623226377115 0.9483991827541693 0.24873317384303728 0.1967560098999869 187.80527144047718
0.12804384476054143 0.2910028276482377 -0.9481282027584684 207.55667342424988 -0.29596206203675246 0.9236579810482007 0.24352562381396745 -33.197697718027236 0.9466041122203486 0.24942018810055758 0.20438243810351703 187.98756283522664
0.13560803010470213 0.29090342237838884 -0.9471065699888263 206.76357943320514 -0.2984638683423709 0.9235334983945084 0.24093124481235687 -33.00993689758765 0.9447635882678781 0.24999714510941207 0.21205059844959107 188.17625100888637
0.1437828076981264 0.29061674238744617 -0.94598830615053 205.91562831075044 -0.30135800922063577 0.92338676998466 0.23787208116438044 -32.81116819074352 0.9426339590401905 0.250871573730033 0.22033466622337455 188.3844015637143
0.15184792390020166 0.29081857899420355 -0.9446649767415427 205.0578135234649 -0.30389520822564203 0.9231980626537685 0.2353638019578825 -32.61132501645035 0.9405524709450077 0.2513320900715074 0.22855188248765407 188.60480690545475
0.16053766063904096 0.29136853778492056 -0.9430573915238932 204.171935348774 -0.30618905110466166 0.9230247048474008 0.23305915369507899 -32.40643526509882 0.9383630913284292 0.251331312898632 0.23738177068920305 188.84229294639223
0.16875497697517605 0.29240914902681525 -0.9412988249984598 203.25703437570124 -0.30864915357159795 0.92265136183978 0.23128507338803955 -32.194956510397375 0.9361125238450313 0.2514927068622356 0.24594143562937698 189.0946544277418
0.17622586814246904 0.29431547232710914 -0.93933369512152 202.33878017873516 -0.3102969363761442 0.9222334592987185 0.2307464726324485 -31.977873793495917 0.934189180773073 0.2508010735457138 0.25383398403253454 189.3579110997165
0.18318701548298677 0.29541124170120275 -0.9376563718478088 201.41920533653897 -0.31175843686373034 0.9220311015582147 0.2295839234123932 -31.76361211438694 0.9323619756336524 0.2502578479666897 0.260988287151542 189.62729357376097
0.19019549518933243 0.29583708808999715 -0.9361253184222534 200.4522968874458 -0.3135518905381445 0.9219048401090583 0.227640555584863 -31.541559881059975 0.9303550958022332 0.2502201092507639 0.2680895820205629 189.91603748736375
0.19670859976884714 0.29589643883658845 -0.9347597410646968 199.53540594276092 -0.3149288459492416 0.9219444568115504 0.22556998876321063 -31.335000810821743 0.9285338812998352 0.2500037395296668 0.2745279352883502 190.19520241088293
0.20262428879633687 0.29567715953199136 -0.9335649172474939 198.62173946938134 -0.3152722240110559 0.9222879570887631 0.22368082557559174 -31.130540808032595 0.9271444446260938 0.2489963193577475 0.28008371768084905 190.47755481332308
0.20655637093062823 0.29500882845931453 -0.9329144132172816 197.731032199321 -0.3145597724877093 0.9228900779508109 0.22219534176631628 -30.933162454170482 0.9265183792107178 0.2475539701897813 0.28341374567690913 190.75566812089494
0.20772259707641932 0.2945436984671287 -0.9328027005840172 196.85048019690328 -0.3142908502126743 0.9231472600422386 0.22150897903152972 -30.736966279892243 0.9263493009203835 0.24715094089236897 0.2843178693036717 191.02932815403761
0.2083032055735274 0.2943806756034761 -0.932724595334233 195.9592153207128 -0.31452036738325356 0.9231612564054276 0.22112371604036724 -30.536512948900366 0.9261410470025995 0.2472919820610886 0.2848732129842127 191.304539164216
0.20863464623582711 0.2941370061196981 -0.9327273576733616 195.07378451577523 -0.3148359492747768 0.9231557232514078 0.2206975491789422 -30.337336260222546 0.925959460631065 0.2476027056248368 0.2851941190079835 191.57694446188236
0.20905579805470673 0.2936300742924016 -0.9327926538590805 194.177942777824 -0.3152877603282172 0.9231810608243789 0.21994509545391014 -30.137595466291888 0.9257105659476771 0.24810923912212243 0.28556116587528707 191.8539879486024
0.20941140900353225 0.2934117552693711 -0.9327816170219595 193.28055973246816 -0.31576535801170547 0.9231268887142635 0.21948708572565853 -29.936589925571752 0.9254674684011842 0.24856893638165886 0.2859495566765453 192.13134053111975
0.20975582935547715 0.2931914059428127 -0.9327729854736077 192.34971477197882 -0.31607198750033194 0.9231173422525799 0.21908315385498492 -29.727782327341234 0.9252843373809423 0.2488620921512501 0.28628566532873856 192.41972707673648
0.20990790107597668 0.2931420430275099 -0.932753999010502 191.42698507100096 -0.31631724304991343 0.9230721103881872 0.2189182720457801 -29.518439621732554 0.9251657015863667 0.24908658945239548 0.2864728661540464 192.70441928841163
0.21005916019122173 0.2927829340130027 -0.932832987704583 190.4961298221819 -0.3163711937725358 0.9231517115911995 0.2185056238378322 -29.30907721404646 0.9251131957017847 0.24921518887938826 0.28653142599088555 192.991415727395
0.2099154458531411 0.29256702277473007 -0.9329333634779787 189.5909862430273 -0.31681740515314 0.9230733201463209 0.21819204830803038 -29.10402970214882 0.9249934922276706 0.24976017959856534 0.2864445984249169 193.26757366036068
0.20973846664869109 0.2921551571430949 -0.9331026119408181 188.7014854771779 -0.31727117252052617 0.9230360816943424 0.21769108218881028 -28.903621905285217 0.9248786256477671 0.2503802625640176 0.2862757893535932 193.53884864863534
0.20996415443612065 0.289537548920518 -0.9338674941820972 187.8301847722487 -0.3158587754462912 0.9240393114468683 0.21547779684900345 -28.710516279096268 0.9253110438094836 0.2497195677610498 0.2854552872600192 193.80754212418978
0.20950225472982376 0.2883537944179217 -0.9343373399301044 186.97705537757062 -0.31672839039929324 0.9240472356382383 0.21416258995753765 -28.521137569467363 0.9251184969425302 0.25105559369035874 0.2849067843046426 194.06487843682194
0.20934756906665747 0.2886570445356223 -0.9342780101683686 186.0864292094131 -0.317070370343933 0.9238745765920365 0.2143991994069253 -28.318947917041644 0.9250360602556087 0.25134040240160216 0.2849224535944116 194.33524723816183
0.20882504319017328 0.2912002888905029 -0.9336055363001262 185.21461487988225 -0.31722123134175806 0.9232141424279342 0.2170081859546423 -28.11677730638698 0.9251029901389553 0.25083479305408357 0.2851518179073715 194.60017975400754
0.2083592922254326 0.29251356934262146 -0.9332990988530772 184.33840843411403 -0.3171639054731304 0.9228939704497146 0.21844938194953978 -27.91382308126359 0.9252273932014249 0.25048523290817515 0.2850550127168387 194.8672468103286
0.2083095843277869 0.2917373757481759 -0.9335534374620892 183.44460273966092 -0.31744542196533465 0.9229961430667861 0.2176081297888385 -27.713297298342113 0.9251424730377257 0.25101427528170556 0.28486653360060793 195.14002983053618
0.20817399240662882 0.2906129747634437 -0.933934355330296 182.56738279287936 -0.3179844142912105 0.92310247078214 0.21636678489799713 -27.51860589762938 0.924988061827798 0.25192633146469295 0.28456309172399946 195.40737099374903
0.20813629596482486 0.2901919211980498 -0.9340735667103259 181.71288279039837 -0.31847180181482493 0.9230644703706478 0.21581101278271048 -27.328483910077654 0.924828870315796 0.2525496262623356 0.2845279325938151 195.6677529735207
0.2085059992950969 0.2900522483157431 -0.9340345085898977 180.84886987302215 -0.31859941501188555 0.923085174875235 0.21553396072225053 -27.136083592119405 0.9247017249109682 0.25263420844354934 0.28486607808118264 195.93411348811867
0.20901172598057427 0.2901313003796828 -0.9338967376103018 179.9677279763413 -0.3188455303296226 0.9230312498958917 0.21539974640258996 -26.93901787536359 0.9245025754316605 0.252739297652832 0.2854183028432924 196.2062895549394
0.2098556218310704 0.2899043882987562 -0.9337775133042658 179.1012153671574 -0.3187391516880417 0.9231650963409751 0.21498049616117085 -26.74810653815101 0.9243476396283956 0.25250861011829 0.2861220774771423 196.47681360638862
0.21048860852272674 0.28956558319032477 -0.9337404301661436 178.23227087253125 -0.3185446431046105 0.9233362901419027 0.2145346854153396 -26.558277022052444 0.9242711337351321 0.25227266735239917 0.28657805036911416 196.74792773173849
0.21120503410432684 0.28889139499871275 -0.9337876658745727 177.3878023005228 -0.3179831538525417 0.923689408690698 0.21384871187432347 -26.37511582191153 0.9243013624181562 0.25175410462797687 0.2869372369708885 197.01179448001577
0.21154419307281805 0.2883862991609782 -0.9338672760708533 176.54859145954242 -0.31784592460967226 0.9238636258165406 0.2133000727326742 -26.193341762850842 0.9242713321935637 0.25169451722557096 0.2870870375626022 197.27235172182347
0.211568432000698 0.28818748653435633 -0.9339232891148183 175.71087002424318 -0.31843934958605596 0.9237487884766123 0.2129123816639173 -26.010180285470256 0.9240615884310819 0.25234334963355554 0.2871928713386802 197.5302727205489
0.21174826376936415 0.28812645015559935 -0.9339013266153952 174.8257651634436 -0.3189441911533716 0.9236358292624559 0.21264640457643255 -25.815851244429762 0.9238464470086631 0.25282561064699427 0.2874612601280708 197.80367125747713
0.21194809376524024 0.2881698473716182 -0.933842719231504 173.96006621419926 -0.3193709223254396 0.9235216398869317 0.21250217099134722 -25.62219149423246 0.9236534558975935 0.2531933082350752 0.2877583530172341 198.07168051052278
0.21243581006374043 0.2881185570235735 -0.9337474213088465 173.06815766725788 -0.31946076925038863 0.9235385736538886 0.21229137488279873 -25.424627854343594 0.9235097670691071 0.2531885067292428 0.28822182633025006 198.34999194192704
0.21256713363652466 0.28850249839723713 -0.933599205647061 172.17747487319141 -0.31974757810783516 0.9233812036099285 0.21254577547884038 -25.225629933323663 0.9233808645829913 0.2533265553516492 0.2885150327391404 198.62601841732462
0.2127683377079009 0.2885634527908252 -0.9335344807880549 171.24562857062318 -0.3200155423566204 0.9233064767417062 0.21246727669440588 -25.01978416207086 0.9232415004237113 0.253529983442276 0.2887816797925477 198.915225545268
0.21286457967822633 0.28841381319740644 -0.9335587001103723 170.3605966445017 -0.32026082962378694 0.9232789799956538 0.2122164391145451 -24.82571945128584 0.923134301021538 0.2537997306086932 0.2888875195159524 199.18919910559603
0.21302191706495588 0.28729987969746446 -0.9338663864979704 169.5221872475071 -0.32030879601955603 0.9235282473059161 0.21105685870578236 -24.646509316057234 0.9230813807511598 0.25415646218288307 0.2887429579031068 199.45000190245122
0.213061742292541 0.2854784758244245 -0.9344155641976368 168.6658793996597 -0.3206169139803807 0.923855348052076 0.20914851904680126 -24.4661783963036 0.9229651468028338 0.25501837634532765 0.28835422746903205 199.7150924908916
0.21327080706063148 0.28501702459457984 -0.9345087270964346 167.80374572525517 -0.3212855306966473 0.9237864237269323 0.20842595281281895 -24.28305959748289 0.9226841123678415 0.25578369463541756 0.2885751695886374 199.98081682714465
0.21347761328841708 0.2848955350911398 -0.9344983610615558 166.92574285744215 -0.3218658551973437 0.9236648377718712 0.20806788205222548 -24.095161638374712 0.9224334673249889 0.25635654730200996 0.2888665241187796 200.2522970294656
0.21380418099332588 0.2850194533433916 -0.9343856429522046 165.9935226240133 -0.32205906462952977 0.923603409211459 0.20804032983916274 -23.893539862052634 0.9222900235459668 0.2564392297506086 0.28924998250859724 200.54191223517387
0.21404727924885752 0.2850251230456769 -0.9343281497034684 165.07297702893803 -0.3224055569038941 0.9235206767024616 0.2078705264263895 -23.695749465474428 0.9221124202565603 0.2567304314473336 0.28955741838112514 200.82780002649017
0.2142206782799524 0.28495827788886485 -0.9343091205660492 164.16748398979368 -0.322935065795699 0.9233987955023651 0.20758985677643538 -23.50138324285897 0.9218870375694105 0.25724284043193696 0.28982071455938574 201.10792217188478
0.2144818215642399 0.2849203936455461 -0.9342607559830526 163.2577873453665 -0.3232368664174276 0.9233391627722436 0.2073854901239465 -23.30660992608119 0.9217206381383177 0.25749886039297987 0.29012279928197565 201.39147560389128
0.21576256554819728 0.28526149850778354 -0.9338615927755497 162.32879791008773 -0.3213573483568408 0.9238649233080409 0.20796280695369776 -23.10628492119829 0.9220786253404448 0.25522484704183857 0.2909930516793296 201.6863103941414
0.21647450100961976 0.2868465540200891 -0.9332112460039437 161.40213888715616 -0.32061970233559034 0.9237587516925735 0.2095703477624726 -22.90423503709621 0.9221689837776637 0.2538310234453149 0.2919251752979367 201.98016003832404
0.21638383240621234 0.286572360090988 -0.9333163983588137 160.47664623381075 -0.3220638738356934 0.9234158081531936 0.20886646800676392 -22.70529530165992 0.9216870048364276 0.2553839919052012 0.29209309976836045 202.2682360797823
0.2168470723382365 0.28358989746002994 -0.9341196009131308 159.58979861148185 -0.3213543186209112 0.9243035041617121 0.20601327935817512 -22.520003966441866 0.9218257978187315 0.2555016466193186 0.2915517309452742 202.54874971015158
0.21729207939300274 0.2794719070911196 -0.9352566891629362 158.71638397215034 -0.3202880478980257 0.9255253832517694 0.202152715908781 -22.343303021770378 0.9220922365084633 0.255616929025055 0.2906073714429255 202.82374448693858
0.21744006945213823 0.278929995371182 -0.9353838268568214 157.81468047987306 -0.3208378568660995 0.9254982640684601 0.20140274121432933 -22.158394004819495 0.9218659386861934 0.256305272738227 0.29071825064420076 203.10568987543482
0.21708637567586103 0.27876320011120037 -0.9355157370407201 156.91773354370147 -0.32167937270365277 0.9252786654081385 0.20106982500815834 -21.970849436986086 0.9216561722343818 0.25727833666564676 0.2905242582511944 203.38190439058408
0.2166304817906787 0.278719533423977 -0.9356344759123529 156.00449897674346 -0.320846092300228 0.9254930162017186 0.20141466237812033 -21.778904481504437 0.9220541212133547 0.25655361108085123 0.28990264481745764 203.6647097288051
0.21396413016527022 0.2788194662993482 -0.9362180163124095 155.07390311649624 -0.31905684073363016 0.9258082707722218 0.20280433252150476 -21.5823510819564 0.923296551038518 0.25530548937971714 0.2870355766592832 203.94991457227502
0.21099150892795226 0.27838535904404615 -0.9370215462702841 154.15768584765405 -0.316223103463084 0.9265050755208282 0.20405874900143964 -21.3880376444228 0.9249544271707083 0.2532444132384025 0.28350292910987546 204.22767382506316
0.20679510480885413 0.2785444702436605 -0.9379095147968789 153.2566645794063 -0.31512792108643384 0.9265191206419848 0.20568321865277878 -21.1945637422639 0.9262755631433346 0.2530181224412272 0.27936312991396084 204.49308197732546
0.20207205432356976 0.27878542208777923 -0.9388668780209081 152.35686694672853 -0.31391743854045256 0.9265124847514636 0.2075552797196649 -20.99904288668223 0.9277276402185414 0.2527766896859397 0.2747242130619981 204.75333161122126
0.19714545071740944 0.2795712260304444 -0.939680420481338 151.40811103908553 -0.3127743376797364 0.9263513609751471 0.209987882291891 -20.78868194504531 0.9291733546678118 0.25250059364669086 0.27005478157221546 205.02178956908205
0.1923914060793425 0.2805157385995 -0.9403839306234988 150.4671743722529 -0.3119094620568818 0.9260839268257858 0.21243959700110723 -20.576912376275434 0.9304596043431886 0.2524340495202234 0.26565222717274545 205.28300466324794
0.1884072099582206 0.28085373277279063 -0.9410895598155222 149.52892367242703 -0.3119493722353261 0.9257516506753204 0.21382596240346144 -20.365589121222182 0.9312610547690877 0.25327695273389145 0.262016611323373 205.53771193503945
0.18680592793402867 0.2780777549610222 -0.9422331121233062 148.59597568930715 -0.31147964603992984 0.9264085667330525 0.21165582616969555 -20.16335053743422 0.9317412010401162 0.2539383680154361 0.2596607198801659 205.79226603589217
0.18586873541874502 0.2744208788020741 -0.9434899192412745 147.6749143063981 -0.31231416090031877 0.9269369882128945 0.20808184939473384 -19.96920999954552 0.9316493585992958 0.25597968652831143 0.2579809588452038 206.04165369143985
0.18560265035356324 0.2720353867180476 -0.9442330170731521 146.76280019365845 -0.3128216829809073 0.9273040481835395 0.20567012240548727 -19.780484410409816 0.9315323118615965 0.25719367603545285 0.2571955718621891 206.28989224848243
0.18621562602172187 0.2712557907905044 -0.9443365087354333 145.84120495306635 -0.3109687478767019 0.9280199114454848 0.20525002014620597 -19.58728715058763 0.9320300411088194 0.2554284821065476 0.25715086590497566 206.54399323105966
0.18698631899025003 0.2709936099001925 -0.9442595810402982 144.90610035871597 -0.30804635498300137 0.9289185945301701 0.20559172313237856 -19.387161022266202 0.9328458415020158 0.25242322515533977 0.25716063628756547 206.80245743774717
0.18683977152071105 0.27218266272264063 -0.9439464793010325 143.94927543562054 -0.3065777222349784 0.9290458589151313 0.20720522985393325 -19.179045620531767 0.9333587739951696 0.2506694046110387 0.25701482138803344 207.06532363188742
0.18653729566056113 0.27472134857564684 -0.9432704023960002 142.97453885340775 -0.3054106624802442 0.9287784880249799 0.21010514974540498 -18.96470503343484 0.9338013774354572 0.24888332628088644 0.25714191189843977 207.3327918155131
0.185957342998694 0.27717958750177557 -0.9426656692922262 141.983876257286 -0.3052233594743216 0.9282426365276246 0.21272919967585088 -18.7443730708881 0.9339783584084005 0.24815612281633417 0.2572025552446302 207.6031292267573
0.1858447720027397 0.27764166529907264 -0.9425519575259912 140.97450416896953 -0.3050967101083951 0.9281652948592759 0.21324842371016375 -18.521630659612782 0.9340425421972157 0.24792929908518055 0.25718941765268116 207.8794212689078
0.18553440810644975 0.27797713053217 -0.9425142145321906 139.97521152245824 -0.3056948887764528 0.927911847625872 0.2134948471596193 -18.299707066734985 0.9339085254528584 0.24850195545161505 0.2571229579070652 208.1501596206466
0.18549449904561122 0.2779298402760318 -0.9425358855402752 138.9731912683703 -0.3057700048635259 0.927899818290243 0.21343823415850255 -18.079768807830074 0.9338914837984356 0.24859881201714282 0.2570900632701517 208.42406855415726
0.1853385738351813 0.27774015493311305 -0.9426226963505305 137.94378113922465 -0.3060549754596636 0.9278576088580526 0.21321362199553176 -17.85488515437644 0.933829535319265 0.24896842118077364 0.2569587368704831 208.70407008942726
0.18522280691881127 0.2771046039906028 -0.9428330121471685 136.96071119836853 -0.3065727289274208 0.9278564223689626 0.2124755113649418 -17.643759100095547 0.9336833362922242 0.24968183597868357 0.25680012793548584 208.9721875347689
0.1850723172085272 0.27627148714327604 -0.943107189031223 135.99202940529875 -0.30720477124463325 0.9278656472662337 0.21152207457208283 -17.436976196680412 0.9335057924871055 0.25057049437899015 0.2565814311944782 209.23523226697012
0.184922343794299 0.2756806137588341 -0.9433092154355506 135.0058376588925 -0.30796701203279286 0.9277838232543594 0.21077121509454258 -17.226675629623273 0.9332840483392942 0.251522579076438 0.25645551707705877 209.50317544284795
0.1846259328294983 0.27529190329693126 -0.9434806945934684 134.01708221761828 -0.309032907908588 0.927564691622222 0.21017480628360405 -17.014558441582082 0.9329902932707378 0.25275359258789676 0.25631377047074816 209.76981118546132
0.18481713387711826 0.27482012257384797 -0.9435808650519067 133.0323972768202 -0.3085959475819328 0.9277996206594581 0.20978012997037873 -16.804947141103973 0.9330973161412224 0.25240483341049447 0.2562686731771112 210.0397841336836
0.18459856681771353 0.27443830347966686 -0.9437350719606346 132.0701471216072 -0.3089992140624436 0.9277624340799008 0.20935189191240622 -16.599734423524787 0.9330073682815512 0.2529577196299298 0.25605189890044144 210.29996102186703
0.18481515748561345 0.27441893923345406 -0.9436983189738258 131.085007735847 -0.3092176748891824 0.9277207680130042 0.20921488309476627 -16.388614654815804 0.932891910374354 0.2531324843773207 0.256299143567201 210.5694251121099
0.18482793601685688 0.27399283441270983 -0.9438194837088261 130.0834235584528 -0.30954894880330747 0.9277258217906735 0.20870173978161066 -16.176645188268274 0.9327791294223856 0.25357495401160934 0.2562709517941095 210.84230289912657
0.185024626484016 0.2738089938652732 -0.9438344067718353 129.0681701569326 -0.3098429776726373 0.9276983048342782 0.20838750307133766 -15.958614812418123 0.932642582801519 0.2538740319456546 0.2564718937670463 211.1213632292147
0.1849788079486363 0.273547651123625 -0.9439190325889678 128.07107256602345 -0.3101825337562829 0.9276603946235081 0.20804986549810722 -15.745736462980245 0.932538484005772 0.2542932471629728 0.2564341002340188 211.3937285504933
0.18484732916202415 0.27394947527308555 -0.9438285426837943 127.0835645916506 -0.3101791834800297 0.9275649446921915 0.2084809852173494 -15.53242634438013 0.9325656142716602 0.2542096633523018 0.2564183480864089 211.66390335919584
0.18476975621309655 0.27373684710681573 -0.9439052977189033 126.1247012012771 -0.31027855961900636 0.9275799500998569 0.2082657197510375 -15.328221232175215 0.9325474260908057 0.25438358129805816 0.25631038213330026 211.92640820501916
0.18483132174733757 0.2730675189373529 -0.9440872076558694 125.17589153175037 -0.31043830916984627 0.927687608802118 0.20754773576531482 -15.129828911029017 0.9324823326808916 0.25471056807202935 0.25622339440210257 212.18736434025553
0.1847418729259831 0.2723562087796212 -0.9443097853404636 124.20594457427842 -0.3112456603509148 0.9276170015216949 0.20665139659078013 -14.927194773817057 0.9322307125702043 0.2557265509809757 0.25612630132166725 212.45145794507005
0.18481170944058326 0.27238881544232707 -0.9442868354169599 123.24196961721819 -0.31140604971777386 0.9275701533457529 0.20662016909892225 -14.722550853405231 0.9321633247381051 0.2558622232290675 0.2562361087906281 212.7150011827131
0.18447089589307564 0.27392806872391345 -0.9439082764504901 122.27173497644186 -0.31210933536595753 0.9270182894199145 0.2080305986845817 -14.51132181160414 0.9319956972815691 0.2562183489191701 0.2564901551015042 212.97714226106137
0.1845967286654949 0.2744620156813163 -0.9437283214841511 121.30710009884538 -0.3120611652839211 0.926920875035807 0.2085345949409497 -14.302533078982641 0.931986410834072 0.2559980829384168 0.2567422419606821 213.24095854237612
0.18436025208286852 0.27424380608303667 -0.9438378161078773 120.36243389064694 -0.31252162420543644 0.9268277999071575 0.20825742177117906 -14.101108988377765 0.9318788819260795 0.25656740340460854 0.25656396211358967 213.49681034955927
0.1843405320092413 0.2734754797459702 -0.9440648572936859 119.4321783486491 -0.31234646972516317 0.9270443154541665 0.20755627660449577 -13.90579295500157 0.9319419069970737 0.2566060677846546 0.2562976229637432 213.75100745490093
0.18397051830436567 0.2734781799460162 -0.9441360873945422 118.45649008533859 -0.31245807714683327 0.9269902883441351 0.2076284041589356 -13.697126911921538 0.9319773062952471 0.25679744238578917 0.25597591334141584 214.01481847293377
0.18357707157516157 0.2738728278014758 -0.9440981940892023 117.4664913581232 -0.31277605263163044 0.9267915644075363 0.2080351759757589 -13.482909931332703 0.9319479829633208 0.2570931120416832 0.2557850460967301 214.28191468128406
0.18312346079586753 0.27361815013584984 -0.9442597765019702 116.49695415969825 -0.3135011407249445 0.9266194442519647 0.20770958624017957 -13.276008742358222 0.9317933482402674 0.2579825588434733 0.25545182520974863 214.54223987961302
0.18280506553423428 0.26959679473378245 -0.9454770616827362 115.54150775917111 -0.3140658239917469 0.9273184696534786 0.20369663080364928 -13.081250381219048 0.9316655526435591 0.2596981126112561 0.25417545693625854 214.80006180356597
0.18247212487828918 0.26552951404961117 -0.9466916921830778 114.59979598155668 -0.31656805065906995 0.9274618306296136 0.19911970660994463 -12.893446095254077 0.9308834214097446 0.26335138173369854 0.25328016230212563 215.05090032532382
0.18281327897821634 0.26343453391096316 -0.947210940264061 113.6859440324527 -0.3182228940852193 0.9274494836244667 0.19652247512223425 -12.712811060033424 0.9302519992467786 0.26549020355540925 0.25336703725749515 215.2976149677598
0.1834043639183001 0.263927114218166 -0.9469595846413174 112.756842102572 -0.31866124605233276 0.9272574949722312 0.19671991701252428 -12.524176710793428 0.9299856357434079 0.26567255977884413 0.2541526330601922 215.55085121780186
0.1846348436492 0.2663593046360314 -0.9460390338198575 111.82440784446733 -0.31801787605730814 0.9270061782863476 0.1989361140276758 -12.332750255457185 0.9299627191217239 0.2641191234070638 0.25585053138444985 215.80961130946835
0.18539464701147465 0.2671570543631493 -0.9456656838653926 110.8856432540737 -0.31757219352157584 0.9270106269088133 0.19962967142833765 -12.140333378479642 0.9299645343166992 0.263298538904483 0.25669013437376276 216.06986537258663
0.18654952486934134 0.2679340595900568 -0.945218838642601 109.94247133199386 -0.3166759780763427 0.9271686049516761 0.2003197576083137 -11.946942440546083 0.9300395788116292 0.2619498767831775 0.257796638325281 216.3336524436879
0.18758010407319334 0.2680582577981041 -0.9449795327344749 108.97443994825771 -0.31609188572889196 0.9273678430166263 0.20031930926338204 -11.74973988007817 0.9300305273789726 0.261116059967308 0.2586723136529597 216.60498518095804
0.18863657037852194 0.2682407964779398 -0.9447173329867432 107.98841119906507 -0.31603034177664596 0.9274090090810693 0.2002246721764163 -11.549407628521186 0.9298372782099253 0.2607815538126218 0.25970114490347834 216.88203908653605
0.1891439690271443 0.2682680544822649 -0.9446080358346817 106.97691565292301 -0.3168096490313474 0.9272143595494844 0.19989352144743514 -11.344629440148156 0.9294687120331817 0.2614443590950288 0.2603524234926175 217.16340069692743
0.18995264795488642 0.26815258206631293 -0.9444787339821202 105.97181461096751 -0.31715189296445356 0.9271910401631738 0.19946058338937547 -11.143777232890423 0.9291876291691754 0.2616469146677163 0.2611530188427209 217.44599800345767
0.19036238135140357 0.2665773174574833 -0.9448424444911923 104.99002871783436 -0.3175872374883514 0.9274239330914289 0.19767805966051546 -10.953625554103896 0.9289555369776173 0.26243082770350645 0.2611940140363801 217.7219924440875
0.19123338908695067 0.26357090015412293 -0.9455105107987789 104.00599990635845 -0.3172823813782489 0.9281855715544093 0.1945700886737266 -10.767178935246923 0.9288815301949058 0.26277637490241634 0.26111260275192544 217.99983206295073
0.19150378820410408 0.26123831259314306 -0.9461029135794081 103.03734189483184 -0.3172007526209146 0.9287014073266827 0.19222799601614912 -10.584794137395678 0.9288537444368135 0.2632828758647785 0.2607007954268774 218.27083074912696
0.19177465675372288 0.26110218577242544 -0.9460856753327981 102.05778352767435 -0.31724744453247333 0.9287313544706163 0.19200594989774045 -10.395588902789967 0.928781826635974 0.263312311635359 0.2609270744690768 218.54398880749636
0.1917336849211384 0.26221598938698176 -0.9457861320796936 101.022373544741 -0.3170857690044867 0.9285481901301182 0.19315629304949164 -10.189255677378139 0.9288457660400723 0.2628516265940341 0.2611648691080607 218.83062237265213
0.1928819016227408 0.26313092178804043 -0.9452982529851913 100.0589039600049 -0.31387385985120636 0.929328114987641 0.19464174973620782 -9.996153539583702 0.9296979485190221 0.25915296158505596 0.2618266649766229 219.10198645067103
0.19313474843536316 0.2629188715266555 -0.9453057485226692 99.0519663472673 -0.31295522556450595 0.9296419008439851 0.1946227562953845 -9.79690186645329 0.9299552401100148 0.25824120168079856 0.2618141780679897 219.383187726544
0.19320015240894864 0.26236586613934826 -0.9454459936205306 98.07654077886923 -0.3124708562784921 0.9298937679323953 0.1941974699563285 -9.604039346516354 0.9301045292283567 0.2578966179185862 0.261623493369186 219.65528601395232
0.1927614919405988 0.26283398872974156 -0.945405690591998 97.08636875584607 -0.3118948524558346 0.9299326063446253 0.19493906150573945 -9.403207570303715 0.9303892800591714 0.2572812727460786 0.2612177746359385 219.92952065369525
0.19237106901130988 0.265701591336397 -0.9446832032817734 96.08221303873263 -0.31069551838213394 0.9296441429605812 0.1982028761923207 -9.195089631399654 0.9308713802568435 0.25537125049240794 0.26137505939424854 220.20789686103538
0.1920324108185648 0.26953133633677534 -0.9436670039818136 95.04631382055322 -0.3109680726772727 0.9287386068896525 0.20198690445688924 -8.975586355391911 0.9308503971554934 0.25465314872074046 0.2621495022998134 220.49429511493886
0.192369266658524 0.26966178103807065 -0.9435611124413321 93.99918963044063 -0.3108883584981733 0.9287519263508665 0.2020473812090123 -8.759378286642136 0.9308072789238648 0.2544655710144212 0.26248408217353575 220.78850499169567
0.1929007144980658 0.2650187750587058 -0.9447672311963169 92.99173136687196 -0.31036148514512707 0.929909121890237 0.19748246836652647 -8.564027892138444 0.9308730979190001 0.25511598328338825 0.26161791240202376 221.0717595288423
0.1937016729972035 0.25812402326211886 -0.9465109026828312 91.9986159821341 -0.3084832363153849 0.9318850936771177 0.19100551276762395 -8.382204854526421 0.9313312847223142 0.25497550439170635 0.2601210591059649 221.35041509630156
0.19420025357621806 0.2550689620480646 -0.9472367408568405 91.0396116428497 -0.30761111650375966 0.9327626244970378 0.18810644006179983 -8.203936607402564 0.9315163263709242 0.2548407996945207 0.2595912539271853 221.6178948172292
0.19453464374896723 0.2573260570878352 -0.9465573547271195 90.06290953338932 -0.307352412383938 0.9324004162141678 0.19031179689992517 -8.012563328065738 0.9315322995412775 0.25389501753890825 0.2604603242743294 221.8892539675224
0.19398781641343507 0.2608559898424807 -0.9457026615299291 89.07710496013105 -0.3071166211773103 0.9317169236523805 0.19400138674920647 -7.814175149580574 0.9317238415936318 0.25279781506968946 0.2608415162194475 222.16183703005896
0.1934472806533615 0.26172906706137866 -0.9455721225630026 88.09811724808606 -0.3067026868672008 0.9316191343204974 0.19512177833965094 -7.616621650138244 0.9319726924914842 0.2522544896777541 0.2604787783686791 222.43180328656325
0.19319365423099785 0.26130822103454765 -0.9457402518850512 87.1204004743572 -0.3066126927952831 0.9317159192392335 0.19480016737018344 -7.42368123667565 0.9320549519446439 0.25233275893876744 0.2601084466040417 222.70061110295543
0.1927974685232896 0.26134274170372435 -0.9458114645234718 86.14718726083984 -0.306583628379598 0.9316944098122907 0.19494792971694402 -7.228493114752807 0.9321463761155278 0.2523759582457032 0.2597381780302416 222.9665758880737
0.19181141079981665 0.2612916319153778 -0.9460260278246809 85.1741513267677 -0.305635619458373 0.9319058677501658 0.19542381544905701 -7.033056207788307 0.9326609009542364 0.25164589744549976 0.25859672429196645 223.23173922570862
0.18947142614549164 0.26189279006958827 -0.9463311744977527 84.19461269518212 -0.30397993372398396 0.9320950432874915 0.1970924099377389 -6.832497457628551 0.9336792016622002 0.25031403976256256 0.25620242849505226 223.49623816512488
0.18714453721514443 0.2614480792690653 -0.9469169526391159 83.2071080376911 -0.30205544265449147 0.9325721882747454 0.19779193828677294 -6.632465972033864 0.9347721934694593 0.24899759974886185 0.253484601882573 223.76063288275188
0.18503868303825094 0.26076702714727995 -0.9475183330682622 82.22472978904571 -0.3012164110753627 0.9328205662682756 0.19789990567676904 -6.433932368559468 0.935461965825519 0.24878103146648706 0.25114211304032424 224.02081773988508
0.1836389222083384 0.260149791931806 -0.9479601189191202 81.24593793653105 -0.3005470603818684 0.9330492952941154 0.1978378802000757 -6.236359369521339 0.9359528360573539 0.24856822625192912 0.24951829003600978 224.27774965367396
0.18236295724173016 0.2601360340560142 -0.9482100601342311 80.2584917532858 -0.30039721637073213 0.9330210828520239 0.19819775139981138 -6.035334376594544 0.9362501516867158 0.2486882850815894 0.24827935151801012 224.53494220524243
0.1814028171556565 0.25960522914674816 -0.9485395490796016 79.2891817296575 -0.3002968662664139 0.9331051352598262 0.19795333461074843 -5.840695610335305 0.9364691059835697 0.24892674711347337 0.24721323693225578 224.7861888386506
0.1803642854381092 0.2593750939853421 -0.9488004477276473 78.32558684452938 -0.29985323408474235 0.9332134650549513 0.19811530033428407 -5.646048491608284 0.9368115131458805 0.24876068470588666 0.2460796222095202 225.03555080233625
0.1781401397053997 0.2606658359146014 -0.9488668991675567 77.3391537630896 -0.30008240824632926 0.9327578335898492 0.19990548410158634 -5.4406828953219435 0.9371635653564203 0.24911980700690345 0.24436962162895884 225.28674074335675
0.1772826024772635 0.26167831218094423 -0.9487486934876048 76.34075589979301 -0.30043250450843434 0.932402412853839 0.20103376297337275 -5.231995275838999 0.9372137024127788 0.24938780610333883 0.24390223580429052 225.5416324341255
0.1766952561198961 0.26166208101697486 -0.9488630930058639 75.32540439100059 -0.30095700637419964 0.9322332912776352 0.2010349876446035 -5.022248608168367 0.9371570519701574 0.2500371363530349 0.2434572115750002 225.79988530646307
0.1766001511568369 0.2612190608914586 -0.9490033841078925 74.28606608868955 -0.3011054421158527 0.932282584751691 0.20058535347503773 -4.811798103925846 0.9371280786804558 0.2503179267978095 0.2432826928365206 226.06767910362524
0.17658774154578682 0.26082466188087045 -0.9491143214328068 73.2566231416881 -0.3013559709397964 0.9322981910050011 0.20013601631009617 -4.60491384100998 0.937049794856914 0.25067090187357305 0.24322041612576442 226.3326027618434
0.17651105149192525 0.2604488522706091 -0.9492319175700602 72.23849697149126 -0.30152902787744057 0.932326886517022 0.19974188589814146 -4.399746464775788 0.9370088470525783 0.2509552103258362 0.24308583303031228 226.59351868033644
0.176563030145823 0.26020119759981836 -0.9492904598446201 71.21719770907079 -0.3012174301293957 0.9324658048332479 0.19956554540191845 -4.193400048837586 0.9371000892138248 0.25069709384748734 0.24300310734391958 226.85627461768738
0.1758216499954167 0.2607407422134499 -0.9492801874848181 70.22433475840562 -0.30107271461471324 0.9323489948542985 0.20032796699465097 -3.988465460837884 0.9372857804216371 0.2505706133403075 0.24241613548316288 227.1088811574174
0.1750832317414254 0.2611174670300324 -0.9493132692059916 69.20470501118886 -0.3009136797506428 0.9322707440099837 0.2009324536502189 -3.777856662498519 0.9374755058910784 0.2504711862219423 0.24178584127410888 227.3677416194065
0.17439228502627602 0.2612364938938868 -0.949407372859433 68.18240435881384 -0.30086952532972056 0.9322178677883743 0.2012421006920875 -3.567092096980212 0.9376184634967955 0.25054271631031966 0.24115658528662173 227.62601875480246
0.1742545997115548 0.26051962206639767 -0.9496295021791498 67.14912645173168 -0.30013619534523667 0.9325574165184571 0.20076273691266747 -3.358030991243881 0.9378792559762152 0.2500244338330855 0.24068062762607734 227.88928204194514
0.1736033464477263 0.26006731277097506 -0.9498726311128141 66.08441968627292 -0.30010735118253123 0.9326237240262105 0.20049633229274166 -3.140651503097374 0.9380089763219877 0.2502469823350044 0.23994158480105404 228.15733833961843
0.17314687200411083 0.260044048206769 -0.9499621498554128 65.01124181635846 -0.29999911586006617 0.9326315555788123 0.2006205803134808 -2.920003197443991 0.9381275137553521 0.2502414970902187 0.2394818964638417 228.42755203403155
0.17241096223464122 0.25914262542997163 -0.9503420133036241 63.981678555127885 -0.29932016520619087 0.9329608864732751 0.200101451239852 -2.712930739750247 0.938479686968122 0.24994751809602442 0.23840599573144966 228.68609391196617
0.17115888194205295 0.25601734979588825 -0.9514148632955073 62.96850992671071 -0.29880742974057123 0.9336811167324951 0.1974911208791085 -2.51413155316095 0.9388722188976971 0.25047821751346694 0.2362942967691103 228.93716889087705
0.17000904742610445 0.2510826799411901 -0.9529348968078682 61.962223808563365 -0.2965398544334643 0.9352350702779775 0.19351564741807986 -2.3221933153815217 0.9397998195539017 0.24967436075941146 0.23344118314706125 229.18571111861826
0.16832677337917912 0.24832560665188186 -0.953955434466097 60.943412294455584 -0.29688290087275304 0.9356092711915015 0.191165480170951 -2.1280000965166495 0.9399942445639565 0.2510252482825681 0.23119843321522554 229.42955140435782
0.1674232499586072 0.24841974072524767 -0.9540894564843193 59.916292284695764 -0.2962879005677299 0.9356999959089441 0.1916404310288551 -1.9274791578681503 0.9403425598364298 0.2505913759710236 0.23024836946531 229.6770143430932
0.1642871793079444 0.2514062842431352 -0.9538521091303952 58.87574657004953 -0.29464649727112124 0.935359938198526 0.19578527978439006 -1.7169194395056928 0.9414108531942412 0.24887549649062732 0.2277303591073189 229.92569480690176
0.16198397377976087 0.2534369594998906 -0.9537088505085523 57.8491560785725 -0.2940793815809083 0.9349644776339918 0.19850907864682335 -1.507183172427486 0.9419876141277003 0.2483018122753231 0.2259662484091767 230.1691463965762
0.16119315166556783 0.25395822319339606 -0.953703953910366 56.80494831067723 -0.2943254921452573 0.9347471015518464 0.1991655364520774 -1.2942139404329962 0.9420461350338915 0.24858635379802385 0.2254076067526357 230.41538044997228
0.16091580153466004 0.2534501983329977 -0.9538858273489054 55.798377606415585 -0.29463295741328516 0.9347564867634149 0.19866619704077912 -1.0943980417902823 0.9419974040431399 0.24906886571232512 0.22507824537704513 230.65403706560562
0.16098825941306444 0.2530668043391522 -0.9539754371339038 54.82973571272706 -0.2946772577291933 0.9348286089119193 0.19826102942592197 -0.9029801078456643 0.9419711078303862 0.2491883319510799 0.225055829710526 230.88537425771213
0.16076979002391015 0.2536818738005186 -0.9538489841452263 53.835776306666396 -0.29509580607784847 0.9345778672617442 0.19882017968803245 -0.7014771466038052 0.9418773854912781 0.24950361629227527 0.22509874250448733 231.12017289722536
0.16032108851880586 0.2557087617232826 -0.9533829707181832 52.854639155626145 -0.29557265770352564 0.934001907886871 0.20080847699088833 -0.4993255228869526 0.9418043215229581 0.24959156155684192 0.22530724209588 231.35242248101744
0.16022746968898327 0.2558550363675542 -0.9533597486907384 51.87223827250172 -0.29588868620545217 0.9338824803966419 0.20090016333435462 -0.29897606270029037 0.9417215842799465 0.24988956381915955 0.22532484799368935 231.5854397844565
0.16032156538879594 0.25525898779613176 -0.9535040734716383 50.92152048009717 -0.2956213458860985 0.9340845802436447 0.20035535799272744 -0.10923386466761953 0.9417899515094318 0.24974552012236764 0.22520047750351233 231.81216030226176
0.16012754528181458 0.25482615250462276 -0.9536524447672167 49.99169236474361 -0.29564365950614657 0.9341587302360101 0.19997636711777803 0.07937571138052368 0.9418159748716118 0.24991010289905047 0.2249089212724757 232.03230277501373
0.15950602179508744 0.2549406886142419 -0.9537260645945691 49.02920324604095 -0.2955285750894231 0.9341306903249672 0.20027749624039984 0.27731705368975584 0.9419577688804018 0.24989812555120028 0.22432849826760506 232.25757258892762
0.15844433147211226 0.255349788071216 -0.9537934975164314 48.06203798824323 -0.29574780134802825 0.9339272681884395 0.20090184641427852 0.47786214374586655 0.9420681974360172 0.2502406862295529 0.22348149774823933 232.48101369047114
0.1577678834332015 0.25583899343559885 -0.9537744428197701 47.03432103738922 -0.2958501328336051 0.9337587049229209 0.20153280787832473 0.6912224165313514 0.9421494606687143 0.25036915524495273 0.2229940242690571 232.71859084624654
0.1565953048383592 0.25622752188438436 -0.9538633163333035 46.09777484861892 -0.29577581347663207 0.9336302696454709 0.202235748060531 0.8859766865998002 0.9423685147138845 0.25045066059971405 0.22197489743245358 232.93316019019636
0.15580290239071848 0.2559672389669273 -0.9540628434290966 45.13793776821949 -0.29554499830109393 0.9337020435167882 0.20224138656880114 1.083096960986505 0.9425719973311176 0.25044891476187325 0.22111022776087455 233.15269834964698
0.1547860299559149 0.2555922813210463 -0.9543289916531004 44.18837276802206 -0.294953321372463 0.9338816698064855 0.20227703255276458 1.2773904945661727 0.9429249628093498 0.25016295113396975 0.21992655579096954 233.36979416236042
0.15366888040928167 0.2552515303542363 -0.9546006044307412 43.27893844418803 -0.2947478949108834 0.9339453740051098 0.2022815451749038 1.4641415931330184 0.9431716534413107 0.25027257004666137 0.21874002316266428 233.57558364661747
0.15301546995650492 0.25500502342703213 -0.9547712601384264 42.36450399560315 -0.2944249293535686 0.9340466716512423 0.20228437264119137 1.6522762110392843 0.9433790364276986 0.2501459716087957 0.21799021521924358 233.782763054068
0.15203808150977038 0.25497702336895506 -0.9549348274946621 41.47883431076694 -0.2940910423195815 0.9340861019197509 0.20258748610296967 1.835148208159759 0.9436408823033106 0.25002728499334465 0.21698982455552937 233.98244089937845
0.15131755202144984 0.2550272438272106 -0.9550358063372736 40.59638759196896 -0.2935779748688468 0.9341708669311453 0.2029408626440077 2.0182975264872303 0.9439164881048313 0.2496593992117393 0.21621361022261576 234.18111379538
0.15031214615989846 0.25524825618935226 -0.9551353540574545 39.73782501014629 -0.293458373504717 0.9340986267645041 0.20344483323875134 2.1982106978564935 0.9441142248871169 0.24970298427181656 0.21529785792386702 234.37190132321533
0.14939105637449157 0.255985542824278 -0.9550826494158857 38.889753764340526 -0.29343904817277977 0.9338945374725386 0.20440843878957216 2.378636370980619 0.9442667475746498 0.2497123049710612 0.2146183774820701 234.5598613412318
0.14879855833679645 0.25617428235632855 -0.9551244110347219 38.05942250939403 -0.29378408966160885 0.9337289057884748 0.20466800210179953 2.5545302044995672 0.9442530080609652 0.2501365873363984 0.21418421892408027 234.74203799940287
0.1486585210731479 0.25614502124223393 -0.955154097927918 37.22690618195687 -0.29423044741793936 0.9336090205969821 0.20457427431083702 2.7291267631191376 0.9441364554613341 0.2506140640110026 0.21414139757579118 234.92665915554372
0.14898245471307028 0.25593384775538525 -0.9551598434921929 36.399461777634855 -0.2948457726786968 0.9335085629724105 0.20414421542660505 2.8989367828844586 0.9438928120205431 0.2512017452504357 0.21452409689955193 235.1137113290458
0.1501035136973742 0.25544831088035075 -0.9551144333062805 35.613497489075705 -0.29545177725965827 0.9335143899367344 0.20323964300971717 3.0586815529097255 0.943525881127222 0.2516738230223879 0.21558316238142333 235.29447989842643
0.1515949209818485 0.25501113933339215 -0.9549958670621964 34.83456001575687 -0.2957437707710851 0.9336141541035038 0.20235610038537902 3.21441311922107 0.9431961804246466 0.2517479801170776 0.21693583893897325 235.47657512878126
0.1528183886353074 0.2547764125543211 -0.9548634261587299 34.044751609176956 -0.2963415054051186 0.9335732106944539 0.20166912018074612 3.372243296759156 0.9428110508974991 0.25213711085524604 0.21815470168417894 235.6604983088433
0.15428884672483884 0.254416219112654 -0.9547229323580064 33.27974988754027 -0.2960294608518381 0.9338154864839217 0.2010048199629484 3.524115759888881 0.9426694647552476 0.25160355360132824 0.21937851948773324 235.84190991899513
0.1556658255869062 0.25391549048000017 -0.9546329170436083 32.52737239756624 -0.2956883976734186 0.9340890687954022 0.20023530750678434 3.6724668036496615 0.9425504416865731 0.25109402972312234 0.22047203306903596 236.02001825837442
0.15706060548982848 0.2536656633489093 -0.9544708491140659 31.775394246124893 -0.29579434334391336 0.9341914292709681 0.19960208727512035 3.820676410120749 0.9422861629756416 0.2509668289135504 0.22174397823892858 236.19845195459027
0.15838248544396863 0.2530898319425299 -0.9544051525169815 31.040114944381628 -0.2958060540188249 0.9343817973505258 0.1986911118470097 3.9631442642659143 0.9420611483158574 0.250839288608334 0.22284163686780115 236.3747185410567
0.15906858799580706 0.2530949635469437 -0.9542895183044902 30.311767741541793 -0.2959947719034789 0.934368148816774 0.19847272409278374 4.107684407322649 0.9418860389129369 0.2508840006196936 0.22352971722507578 236.54796470615497
0.1596239030688531 0.2537223804962116 -0.9540299305879928 29.557334203846224 -0.2956965351080911 0.9343473928999256 0.1990133089588128 4.260740300023284 0.9418854729033922 0.2503264603878591 0.2241552836520556 236.72778817572106
0.15997128017204076 0.254499108273183 -0.9537646676831437 28.81796818431623 -0.29541812133642464 0.9342776943335438 0.1997501776668489 4.412171925265826 0.9419135009817594 0.24979601607410915 0.22462765711087448 236.90331094259096
0.16012047921455938 0.25451432561321974 -0.9537356176917198 28.103443339681352 -0.2955565880478 0.9342460556504998 0.19969322503434886 4.556856380067624 0.9418446082161444 0.24989884441025917 0.22480164384911924 237.07152232520497
0.16061749791130256 0.25430501428283203 -0.9537078674480377 27.40924755719922 -0.2953510686786693 0.9343720488202417 0.1994080945553072 4.695650252966475 0.9418244791475125 0.2496410018168812 0.22517211913940036 237.2373044589472
0.16087159817870766 0.2541384949181231 -0.9537092970462259 26.726776193346947 -0.29558575826751526 0.9343584340390247 0.19912283398874533 4.832077942202149 0.941707550265471 0.24986063320893884 0.2254176188357581 237.39881441629248
0.1611510316496561 0.25407545296023015 -0.9536787548792954 26.052852655401857 -0.2957693086976411 0.9343381103346992 0.19894467148334416 4.967808007863385 0.9416018239187935 0.25000003808321997 0.2257034172621963 237.5583572423945
0.16151557117357432 0.254404317288189 -0.953529628630842 25.37333841349733 -0.2959961025101894 0.9342295211332841 0.1991177899904158 5.106579913979212 0.941468451875185 0.25007164523632597 0.22618145544519147 237.72011736866267
0.1619052104536744 0.2551809903759986 -0.9532560901376955 24.700214025788597 -0.2962446337473667 0.9340227852725869 0.19971758091442135 5.245163533775223 0.9413234718606627 0.25005265134787114 0.2268052844890235 237.8812941564225
0.16258794116247502 0.2555686476370942 -0.9530361091325111 24.045353940437348 -0.2960640329272478 0.9340274768057929 0.19996353623527655 5.380666933791881 0.9412625032444184 0.24963904514865282 0.22751247730659596 238.04173144653342
0.16358116683300863 0.255348371585582 -0.952925130295875 23.398469559493435 -0.29617416658188367 0.9340994951423831 0.1994626899681871 5.509841939130563 0.941055543453585 0.249594620901505 0.22841491653622176 238.19978113669842
0.16486325465614793 0.255134305077564 -0.9527611164493677 22.760180567387742 -0.2962822609914599 0.9341860593795999 0.19889352635635554 5.635530292003226 0.9407976545708518 0.2494875123416529 0.22959093741871456 238.35645995833323
0.16649271839375615 0.25505550677948324 -0.9524987389007727 22.155207755171144 -0.29650524077575735 0.9342332881124119 0.19833779614184258 5.754243492749844 0.940440123751205 0.24939077399137394 0.23115465378956013 238.5061760338846
0.16969647164657403 0.2542818044823267 -0.9521400576818014 21.554291216584296 -0.29471810780662 0.935041055493654 0.19718985066773242 5.8709908285104255 0.9404290485761201 0.24714275225930338 0.23360104624924138 238.65869332262582
0.1720724766170781 0.2538153734773683 -0.9518380360800183 20.973700168847348 -0.2932652238411096 0.9356470486391658 0.19648267398888059 5.984454286111809 0.9404519520300391 0.24532369004130186 0.23542054937774393 238.80604415278378
0.17490868850691935 0.2544251988178101 -0.9511578199309866 20.40206018662119 -0.29355330807595104 0.93559837157227 0.19628253765705037 6.0972606286375886 0.9398383157117419 0.2448762194407253 0.23831798707640828 238.95249401142254
0.17939307662562307 0.2546495808822737 -0.9502621900793621 19.838487703727353 -0.2943121609808703 0.9355952226385198 0.19515901544483974 6.205161021907989 0.9387550780137396 0.24465560577275036 0.24277204993643606 239.10040612822903
0.18494582018843014 0.2545017229806179 -0.9492368523875394 19.29265684670757 -0.2946814720139556 0.9358257646152445 0.19349237957623297 6.306080303788803 0.9375613812622275 0.24392886478307194 0.24806004299350815 239.2487357124928
0.19167316922446057 0.2540149918111828 -0.948031965488754 18.768173278197096 -0.2943873237206775 0.9363553145498381 0.19136812207747178 6.400546794455508 0.9363018828307976 0.2424002265163965 0.25423889349432405 239.3967160245819
0.19952177622398165 0.2531486892212956 -0.9466434034831371 18.269265000750316 -0.293535566426739 0.9371551389289008 0.18874463991801077 6.488297145562955 0.9349290055070348 0.24020667329510934 0.2612768837637568 239.5437897091696
0.2081456101870089 0.2515613494111099 -0.9452085319011382 17.775105443090784 -0.2930534778327423 0.938028800605817 0.1851178914886573 6.571676753051535 0.9331982317454879 0.23845713206471794 0.26895353117106746 239.69545169043207
0.2176648359928114 0.24919236294574937 -0.9436908167058332 17.307301647087673 -0.2940046094314225 0.9387144422005382 0.18006640201922594 6.64688135819499 0.9307241100287725 0.23824719955621346 0.2775748577327359 239.8452921944618
0.2277190801198194 0.24758389047313167 -0.9417394370099159 16.85089832886535 -0.29551620401854695 0.9391163402730419 0.17543736982056127 6.718721278208409 0.9278352269341169 0.23834106709754743 0.287005738262368 239.99762738378666
0.2391042615066952 0.24657439284715862 -0.939178833148677 16.407647214907982 -0.296059251721588 0.939701801232919 0.17133977464951336 6.787857267539769 0.9247933696050573 0.2370768924465317 0.29767331198802055 240.15387831431661
0.25153066035806765 0.24516998223606815 -0.9362960827095463 15.976161777868752 -0.29575384785166053 0.9406056384077144 0.16684698998540154 6.853745673654118 0.9215891210797131 0.23493872629240958 0.30908719646588967 240.31337930601183
0.2647687489791557 0.2437110512082624 -0.9330218091112075 15.558637825520105 -0.2956237762746157 0.9414883249527952 0.16203331426049453 6.917983863962982 0.9179163666520653 0.23291409579392167 0.3213086653304054 240.47769315404324
0.27806930245742034 0.24271258390546194 -0.929406039071231 15.161648682792162 -0.2973952145259157 0.9417884443028544 0.1569697265199219 6.975827150466462 0.9134004918662038 0.23274469413919413 0.3340488887852652 240.6395084869532
0.292425409028653 0.24230415799762672 -0.9250965100049144 14.765859826865128 -0.2993187863660855 0.9419764438130468 0.15211105832061259 7.031882778676122 0.9082743883652742 0.23240989155589237 0.3479688020933022 240.81065820639736
0.3077151894903593 0.24218367079924527 -0.9201560741439585 14.372088210903708 -0.3013951856063246 0.9420997885110649 0.14716892635436596 7.085116535754052 0.9025188848341584 0.232036613887636 0.36287531520845656 240.99295080760874
0.32457282754594435 0.24133779767109345 -0.9145695763033344 13.99963786701118 -0.30210319775537003 0.9427330081770862 0.14155682579097686 7.131709962147093 0.8963562787113564 0.23034084384685782 0.3788780198050834 241.176987171455
0.34343692306142803 0.2378716306681284 -0.9085689065790007 13.649966496657346 -0.30197250499981027 0.9440188738967684 0.1330089864238919 7.171098342682141 0.8893434643013948 0.22867460073790366 0.3960253639633705 241.35868387700546
0.36370314339575927 0.23314551609325557 -0.9018831089481675 13.306861006592015 -0.301585213738314 0.9455240611675084 0.12280866525627973 7.206508566892545 0.8813828424630528 0.2273205585985243 0.41418659188571755 241.54507512546405
0.38335920518551647 0.22985899472498916 -0.8945555031562263 12.979247474357305 -0.30223919826223083 0.9464568674289832 0.11367323743541644 7.239149282535188 0.8727858551262723 0.22678413601434066 0.4322891300656467 241.73202557973303
0.40447027630067617 0.22945122786218258 -0.8853164363458813 12.66297420395105 -0.3044801300361831 0.9466033704568606 0.10623064003639654 7.269209805041101 0.862417369467394 0.22658602672049344 0.45271976649262813 241.92762101439584
0.4292769131134447 0.22971110163043734 -0.8734887682430527 12.351466239491208 -0.3052485730230397 0.9471324205851293 0.09906522979825169 7.2976769823506205 0.8500658322908894 0.2240969131527724 0.4766849243520847 242.1375634967042
0.45520149574208957 0.23088561877530853 -0.8599494014483914 12.059550962775436 -0.3062315178552983 0.9474991683171896 0.09229451246776715 7.324782916132934 0.8361109485041872 0.22132300484201006 0.5019910365359321 242.35169950291447
0.48128728801211407 0.23232399449822785 -0.8452316426644174 11.778509075543578 -0.30861172063676956 0.9474367930608102 0.08469066131464821 7.348689522724881 0.820480406653259 0.2200798156200043 0.5276711925429938 242.5734036642429
0.5077885956113778 0.2323811113504663 -0.8295652001620903 11.506778554733762 -0.3093913188397959 0.9479073121688317 0.0761510624181985 7.365139020074072 0.804048640299257 0.217983688731463 0.5532170593251967 242.8050393065615
0.5341512628212939 0.23149463271300985 -0.8130934998937012 11.236557962829625 -0.3091044496863124 0.9486887108803761 0.06703985399216654 7.37585897454541 0.78689410927252 0.21551360939678588 0.5782833015583164 243.0500353514667
0.5609456339695392 0.22989625031459143 -0.7953083092826964 10.980535037078825 -0.30866294533337457 0.9495021976170164 0.056765290526010925 7.3800562965500385 0.7682000041055889 0.21363218559392233 0.6035642573502652 243.3002974075267
0.5881612052531836 0.22788030349228103 -0.7759931321535466 10.733512800552376 -0.30855529641087986 0.9501600408361376 0.0451602056830538 7.378215718441732 0.7476118986740048 0.21286750551325237 0.6291453467325386 243.55982269089012
0.6150705925196502 0.2247444195752267 -0.7557815431920873 10.482079154282031 -0.3095309201254376 0.9504189552595412 0.030722820897632824 7.369620046956335 0.7252178717164189 0.21503302814509456 0.6541247974850465 243.84500960997738
0.6418360709874648 0.22049033952959174 -0.7344779869281743 10.28393679758812 -0.3103299378534678 0.9505492660132087 0.014170320300005916 7.349322217970189 0.7012864201596652 0.21882732815071532 0.6785066780760808 244.09959841476305
0.66787512226955 0.21897494126755485 -0.7113509191137352 10.090983361473569 -0.3131766630494966 0.9497193866624724 -0.0016817669872463328 7.325084461690703 0.6752203517398515 0.22389339489829754 0.7028572086671984 244.36120694972627
0.6949028527850356 0.216940484894463 -0.6856201870003137 9.900926386256305 -0.31138318665130726 0.9501931863678511 -0.014941332238053825 7.2970013517858 0.6482354827716434 0.22386515498127385 0.7278288478003919 244.64300038393745
0.7217806086354629 0.21458363946613318 -0.6580386350749032 9.71483339458853 -0.30704585776805665 0.9513501307881306 -0.02655393566057819 7.2665663146618185 0.6203330000327273 0.2212060473789084 0.7525387385793977 244.94620484001027
0.7484484362802721 0.2122383260222057 -0.6283375880764629 9.517209642529876 -0.301200553354018 0.9528719424352473 -0.036915011232442715 7.23389566792282 0.5908967813235747 0.21687650558990612 0.7770875519884731 245.28904820874243
0.7740314828652942 0.2109664770116774 -0.596990104673999 9.329723460570188 -0.2969876686285293 0.9536984869074262 -0.04803662138425098 7.198960323682094 0.559221181377365 0.21447237785734835 0.8008329238242627 245.6396169996443
0.7985404888766567 0.20999144600702027 -0.5641505242316112 9.144134187309547 -0.2932636913367664 0.9541776879607484 -0.05993453066798843 7.156262548845199 0.5257210739182812 0.2132967408508383 0.823518173554974 246.01364090060247
0.8218740169530795 0.2083638933028423 -0.5302237025525516 8.96736320404802 -0.288768290017109 0.9546818885057459 -0.07243918448764766 7.105319021825502 0.49110843106245855 0.21263938715289046 0.8447824172393035 246.40667307477634
0.8440827098187129 0.2059520360794009 -0.4951142211821126 8.803884171334921 -0.28288790195445035 0.9554202676452639 -0.08484742383717668 7.047070559181357 0.45557526535082177 0.21167173504203823 0.8647003417761644 246.8144780578793
0.8642414230288591 0.20445660264104729 -0.45968906956336236 8.6548117045036 -0.2779529274982985 0.95565973049445 -0.0975140746911609 6.9842554851388865 0.4193772750927277 0.21203915130337478 0.8827357208618742 247.2241811609714
0.8813851591262795 0.20341216974204174 -0.42639518354686373 8.515801042617904 -0.2743427491281716 0.9551837870151673 -0.111407475474024 6.9118603724555525 0.38463302796643456 0.21516259223275533 0.8976761280752821 247.64202416356923
0.8971680040610318 0.20337912814018602 -0.392117232519816 8.385509981703956 -0.2706689728673178 0.9546624228575531 -0.12413454264404947 6.832647747160494 0.34910264669144814 0.21749473229934888 0.9115282654423841 248.0787460744895
0.9114635990595414 0.20441279368330018 -0.3570418589605164 8.255742353741422 -0.26705045068991523 0.954141309216688 -0.13546535579800947 6.744952311657472 0.31298714478613127 0.21881108269041102 0.9242409239180919 248.55741130875003
0.9243105903583054 0.20562094490219912 -0.3215568411164533 8.145897464726335 -0.2627405191797542 0.9538958048258652 -0.14526621908168966 6.655102226049575 0.27687213083894746 0.21874859646058037 0.9357090796140042 249.03749296004773
0.936449738317563 0.2056318330171942 -0.2842653027944485 8.055210744000236 -0.25659588867570804 0.9540067425955311 -0.15518506526075893 6.559226564967851 0.23929058331784187 0.21825569465126085 0.9461318454846636 249.52992551633608
0.9474506461171116 0.20419321588955494 -0.24631765274033146 7.966017348110223 -0.24844355057508852 0.9546497498753362 -0.16423530070188555 6.447493598846011 0.20162232501601882 0.21679233854359234 0.955202015008997 250.10037846088025
0.9562682914484586 0.20435910905860363 -0.20932971963222102 7.909312335325447 -0.24199476168186243 0.9546704862572761 -0.17348420477992813 6.340586838003346 0.16439927728671397 0.2165453256422577 0.9623631012875447 250.6206307802374
0.9633409926726093 0.2039950601223977 -0.1743308300570346 7.8645421266624185 -0.2354314540758147 0.9542828173084562 -0.18431146566218443 6.2219167315693085 0.12877410390619043 0.2185888618659144 0.9673148270298472 251.14862710317794
0.9685827204878737 0.20337453335179356 -0.14323816728344105 7.827334202084787 -0.22916010428195094 0.953537146136335 -0.19572117276822282 6.090695851956853 0.0967904174345223 0.22238778418557484 0.970173836754742 251.69998883424208
0.9731591549644766 0.2007741516654769 -0.1126111041141537 7.80343467351987 -0.2202961182628978 0.9542158560802662 -0.2024736569372055 5.958330086735982 0.06681646292264024 0.2218383382429815 0.9728232895285065 252.26603489610022
0.9763775893043927 0.1989164942220432 -0.08455471317198296 7.787071804098133 -0.21254179332707274 0.9547307615689546 -0.208253746980284 5.8213329707932795 0.03931449410352515 0.22129675707066968 0.9744456318101756 252.84999162812363
0.9785688141081107 0.19638874715115293 -0.06217295618932437 7.777533459525877 -0.20527086764511454 0.9549912922914522 -0.21426617960348546 5.671345607909806 0.01730793609468532 0.22242736747241204 0.9748276439926711 253.4681912276267
0.9800160771874792 0.19353019154272538 -0.046318627727145026 7.768921455439263 -0.1989880286457792 0.9554658868889632 -0.21804329780716952 5.513748512951871 0.0020710460935757617 0.22289326583385932 0.9748724220293541 254.11523193012405
0.980951967059084 0.19133350612769653 -0.03398683993033633 7.761686826562623 -0.19408621309527196 0.955848905804873 -0.22076592208169066 5.35605478730132 -0.009740010821385005 0.22314748201668708 0.9747675719152817 254.7626022728199
0.9815759226485079 0.18966058669866792 -0.02383133333116303 7.760236529662802 -0.19015885683644979 0.956149225120337 -0.22287305959278758 5.194202293483772 -0.019470285504356515 0.22328907954726665 0.9745893019646246 255.42159841259024
0.9821207151821644 0.1876713442165124 -0.015772852359761513 7.761127784267321 -0.18639649232336197 0.9566194543685256 -0.22403033750880666 5.0214312736029125 -0.02694170947538965 0.22295503390577553 0.9744879290405295 256.129573579774
0.982641273449162 0.18536457025341013 -0.009323515954924089 7.762796382440437 -0.18270041297034803 0.9572234555434179 -0.2244952022334518 4.849815391279274 -0.03267517896654337 0.2222918626823406 0.9744642429975944 256.8407073071678
0.98288834309724 0.18417621809892695 -0.006421770357482142 7.763111122523343 -0.1808750298602744 0.9574138505665912 -0.2251632637343773 4.675893323621562 -0.03530799328455355 0.222462135883896 0.9743336743205577 257.55786916431816
0.9833771828646171 0.18157024881391096 -0.005750057322644678 7.761577301063174 -0.17815348141524873 0.9577066245552618 -0.2260844355007806 4.502407981315921 -0.03552988439480236 0.2233408532167504 0.9741244432830195 258.28187356364765
0.9834381739552327 0.18123457543634403 -0.0059368551361804935 7.754805476134316 -0.1778684200363932 0.9577600752761832 -0.22608333563129757 4.325058278253314 -0.035274558484799545 0.22338508126357867 0.9741235324921976 259.0359515816943
0.9832791691308819 0.18204418421332266 -0.007356611633817719 7.742549508583658 -0.1789980096362312 0.9577089498592314 -0.22540766754133545 4.14467034511935 -0.03397512078677683 0.22294530378641966 0.9742705100874853 259.81855243185163
0.9831073003124637 0.18285668714292735 -0.009791897534654932 7.730272274434537 -0.18036241773796804 0.9576662799270903 -0.2245000901714495 3.9681872024521496 -0.03166009352701437 0.22246355677400007 0.9744586362135689 260.5924988487907
0.9831844974219955 0.1822669869430262 -0.012609102658575998 7.718174068606128 -0.18041639235422616 0.9576672481515205 -0.224451719457759 3.7894491994417194 -0.028821066988487954 0.22294248819637952 0.9744373981465129 261.36506630761306
0.9832981115838373 0.1814399566042219 -0.015377530320241499 7.704187685583949 -0.18014914896673276 0.9570227943605958 -0.22739520634665322 3.606302727251601 -0.02652816104691965 0.22635772094985973 0.9737149348788364 262.1364097685285
0.9828647129247776 0.18367490597224898 -0.016539695866491153 7.6855700467900405 -0.18251208739414207 0.9559047034220008 -0.23019717031129394 3.421942527445188 -0.026456829121669738 0.22926152252157472 0.9730378264610764 262.90059248739317
0.9826628290384327 0.18467638544636178 -0.017360327070398293 7.666856986038006 -0.18366818801354304 0.9556275501845534 -0.23042917408953095 3.2384878476894294 -0.025950364266493192 0.22961267047908052 0.972968736637255 263.6727095171243
0.9825016403536723 0.18546346401497843 -0.018077036647892175 7.64723015462198 -0.18467452257998532 0.9561421524348601 -0.22747107275021108 3.0493757338236582 -0.024888712733767963 0.226818736642136 0.9736513406432244 264.4980798948268
0.9823717124135676 0.18619931410497412 -0.017570042003670506 7.628830203969316 -0.18538477427297936 0.9570006024533425 -0.22324365039346952 2.861033456398886 -0.024738304486905907 0.22255450366802101 0.9746380809410177 265.3396152716098
0.9821138040366583 0.18754137935482107 -0.017723249012744538 7.609071068844447 -0.18676366420889873 0.9570754409495524 -0.22177053797131796 2.6697174729066386 -0.024613450359353584 0.22110292095892553 0.9749717459946999 266.1861348370418
0.9818199752358382 0.18905321214006035 -0.01793422617195219 7.589647725545764 -0.18826837527881043 0.9566424264002101 -0.22236516239323176 2.478096112219365 -0.024867017785362065 0.22168816542203373 0.9748322910162368 267.0162812872236
0.9812953631456562 0.19170155298769637 -0.01853918390297485 7.56981547761082 -0.19090898950437055 0.9554499349327383 -0.22522247105264862 2.287891049078616 -0.025446890870539193 0.22453785703467963 0.9741649451229326 267.81645607121146
0.980972730090474 0.19330767821778758 -0.01891752803440661 7.550273783869311 -0.19252808591989995 0.9548586488457094 -0.22634962874645376 2.1007333018553833 -0.025676180064020945 0.22567357012451228 0.9738965443082068 268.6047457188632
0.9807616875081538 0.1943603050819915 -0.019087590526451776 7.5298833240451515 -0.19358311832731542 0.9545702093785893 -0.22666901708918244 1.9112349399238142 -0.025819072501304746 0.22599126497565591 0.9738195000612607 269.41528585697785
0.9806570504681895 0.1949059192544485 -0.018906212556572998 7.510815474149836 -0.19411221684430172 0.9548081089984186 -0.2252093612981628 1.7191823305841059 -0.02582691714674248 0.22451085616233343 0.9741616337155475 270.2544012755587
0.9806428530215466 0.19496527371587202 -0.019028856307322328 7.492382912130536 -0.19420863086178652 0.9548907898243391 -0.22477401707333788 1.5246745379537598 -0.025636877914307438 0.22410665027079033 0.9742598301235449 271.09838583884493
0.9805489157709266 0.19537755236859858 -0.019621307667948017 7.471111355940971 -0.19474469529578062 0.9547993387751831 -0.22469890097813452 1.3270311644358839 -0.02515101001802364 0.22413737209032142 0.9742652124959206 271.9499147109941
0.9804972983858693 0.19556439511649137 -0.020316737095742134 7.450113219143305 -0.19508771318261717 0.9547806541738645 -0.2244786475497645 1.1353499590021157 -0.02448652990731243 0.22405250299579363 0.9743016255864313 272.78126352680056
0.9806348553697087 0.1947601368630059 -0.021378916698090267 7.431967428516921 -0.19457004149870302 0.9551563534913313 -0.22332745293289283 0.9460528790624139 -0.02305970549589743 0.22315059732168177 0.9745433389876795 273.6118931911438
0.9805473889334356 0.19507611811951953 -0.022479909078349215 7.409354519722908 -0.19516131653821062 0.9554273444074698 -0.22164755081507323 0.7558160107054266 -0.02174474752989757 0.22171145607628745 0.9749021651976242 274.4607960342973
0.9804365632689455 0.19555475278627676 -0.023141110154770075 7.385472897097531 -0.19579668268795572 0.9555382245332006 -0.22060709201029677 0.5604114754483793 -0.021013033056482194 0.22081064352271892 0.9751227176027004 275.32986220918696
0.9803336262740054 0.19596183652344523 -0.024033485693431677 7.360227212555661 -0.19639752300671104 0.9554936069213236 -0.22026498274279896 0.36623708952903705 -0.02018406242293017 0.2206418510512904 0.9751781877848391 276.1887321850064
0.9803545197786726 0.195765974861469 -0.02475981820540844 7.337341893578531 -0.1963684042636584 0.9555193008976276 -0.22017898177543269 0.17516320833706278 -0.019429524437965525 0.2207039960855681 0.9751792120420619 277.02621334170567
0.9803463660305506 0.19572657808022503 -0.02538447366527914 7.313100789721439 -0.19646865192046117 0.9555083100947586 -0.22013667953823612 -0.015475831499690368 -0.01881598535948133 0.22078598279162226 0.9751727104512591 277.8617838250534
0.980167581013561 0.1965495261250787 -0.025931960960067103 7.285894573669373 -0.1973892811863457 0.9552877769251973 -0.22027180010507366 -0.2077836314946907 -0.01850601210673981 0.22101029993568527 0.9751279501572364 278.70641373452884
0.9801838744748328 0.19632536869913025 -0.02699349630930399 7.263034272170739 -0.19735731776897494 0.9546811474498342 -0.2229143719044281 -0.39854054051666776 -0.01797793767456194 0.22381276081657375 0.9744983991277456 279.5119126685486
0.9801045290139172 0.19657752023883504 -0.028032553009006183 7.238700077801025 -0.19778810412703934 0.953962867616539 -0.22559282722680288 -0.5876993747349183 -0.017588623196583737 0.22663722724366478 0.9738528399044851 280.300430746361
0.9797585247713033 0.1982358896248775 -0.028442838050860755 7.213291613663671 -0.19945912983372907 0.953148802787127 -0.22755386092730612 -0.7750684584922072 -0.01798355251596839 0.22860926094192108 0.9733845054535378 281.07721070888095
0.9795496784979176 0.19932814451964576 -0.02799768909531416 7.186262524097774 -0.20045345726905167 0.9533579803025353 -0.2257967172267932 -0.9660528508141528 -0.018300299615490366 0.22677960561558902 0.9738063815399224 281.90726494378066
0.979406255147229 0.20014685708093535 -0.027155175888190004 7.161567332577251 -0.2011079764953385 0.9538057023451073 -0.22331012582806697 -1.1529047752334074 -0.018778432234025803 0.2241605406796152 0.9744035469786722 282.7272965539872
0.9794283323350573 0.20011059021485278 -0.02660918505926411 7.140937994697294 -0.20095396420973807 0.9538831429967992 -0.22311785357112507 -1.338535023950298 -0.019250560216211566 0.22386342105829282 0.9744624660086199 283.5278471247732
0.9794443244147346 0.20005979488828557 -0.026391009505417572 7.120176264799701 -0.2008516889854066 0.9538602507656764 -0.2233065030144611 -1.521041232254976 -0.019485764630304537 0.22400583431068952 0.9744251733687052 284.3041560757791
0.9791085252410175 0.20166440357674642 -0.02663734563106753 7.097074077193183 -0.20243166316751612 0.9530880046279854 -0.2251690033152746 -1.6990007074714075 -0.020005455748461493 0.22584563035544789 0.9739896116091284 285.04208173031043
0.9789554962665175 0.20232375024738602 -0.02725645422299181 7.075990738572991 -0.20316308988550957 0.9523475105883598 -0.2276298545601862 -1.8712521736238532 -0.0200820626958224 0.22836538444764892 0.9734002408520885 285.7447721232978
0.9787815350995075 0.20310297856571857 -0.027695371553351573 7.051444147050505 -0.20401566215579986 0.9521016696135219 -0.2278928954961726 -2.0396472649761233 -0.019901853705784192 0.22869656974153463 0.9733258225362145 286.46051678248426
0.9787435368911035 0.2032461308958791 -0.02799512583659025 7.02814903891502 -0.20423089922295795 0.9521396826773828 -0.22754150371117435 -2.202046084807325 -0.019576475913882896 0.22841092889978598 0.9733995600802996 287.1663984662564
0.978601131878347 0.2038049133135732 -0.028900983072443147 7.001697083519446 -0.2050113980775392 0.9523428645844422 -0.2259854211078501 -2.3620890827713383 -0.018518074294100927 0.22706337734994064 0.9737358207365899 287.8740372134308
0.9784206511138149 0.2044889316447892 -0.030152388251651244 6.973762566740786 -0.20599490843714363 0.9525830274874509 -0.2240696175230939 -2.516025753423136 -0.01708190079955557 0.22543430183704313 0.9741405702850129 288.5613918939413
0.9782397710936027 0.20513731302643184 -0.031586136055925765 6.945545357854086 -0.20694226722981549 0.9522716923763934 -0.22451979240212935 -2.6620990443832517 -0.01596336461594215 0.2261590529940084 0.973991526255207 289.1890303333513
0.9781033296636111 0.20552033170520398 -0.03327639473616365 6.918915860225788 -0.20767348080003317 0.9517329463406314 -0.22612256256922525 -2.8013241515771337 -0.014786997432909281 0.22807028436601684 0.9735643031727652 289.77727275338714
0.9780298863807859 0.2057062178661055 -0.03428448060994868 6.891979003188134 -0.20808676176918556 0.9516771694733094 -0.22597979632098775 -2.932290474744455 -0.013841848432940208 0.2281370975723019 0.9735626839119053 290.3474290972183
0.9778817601573458 0.2061878777432805 -0.03560348532986606 6.863657856870944 -0.20885512791166294 0.9514788769438138 -0.2261076955615607 -3.0593914485786664 -0.012728525629344727 0.22852995830532002 0.9734859164521235 290.8967633195793
0.9777719768979537 0.20653222586667777 -0.03661282619226758 6.836563104406985 -0.2094235857387002 0.9514003094963532 -0.2259131916258663 -3.1793574532750557 -0.011808561811248171 0.22854638391923773 0.973493793408185 291.4198625019111
0.9776712997846976 0.2069876139675288 -0.03672363704662329 6.811596801859204 -0.2098903303795248 0.9512669569014995 -0.2260395733085429 -3.296584960023319 -0.011837108959449458 0.22868788695571893 0.9734600519164092 291.92595005833243
0.9776234028546577 0.20735963714432007 -0.03588887790004405 6.7916051042990615 -0.21005787021392067 0.9511699670339225 -0.22629000992726106 -3.414666046398268 -0.012770849752917958 0.22875304049823422 0.9734327944145624 292.4249326686157
0.97769871623247 0.20760151936208027 -0.032260247171233984 6.7772467985289255 -0.20945146215776755 0.9511056227380423 -0.22712436987722348 -3.532794119058994 -0.016452313628176424 0.22880392880459097 0.9733656376943881 292.9091096528754
0.9778451210531248 0.20783612220422176 -0.025624313224964255 6.770668705560489 -0.20813333745387813 0.9510553083076172 -0.22854269996353913 -3.6522560132308644 -0.023113060606479746 0.22880073350548652 0.9732312201590114 293.3882557447258
0.9779802229142739 0.20806718271322344 -0.01724051804876996 6.772528834646259 -0.20637384711255266 0.950883168138583 -0.23084449714044433 -3.7732282362975025 -0.031620997890742936 0.22930740322240226 0.9728729319607724 293.8559468878516
0.9779898631769198 0.20866547437776542 -0.005302446535526001 6.784221067019052 -0.20408833380283664 0.9505780006192005 -0.2341093678326501 -3.895296230915016 -0.04379369265123815 0.23002683895841802 0.9722309681072563 294.3202089545733
0.9777615814298926 0.20959302727094437 0.009388829764733403 6.807324343982962 -0.20140994108205562 0.950230896435768 -0.2378095480292399 -4.017495282204901 -0.058748088650998564 0.23061823408013404 0.9713019607495208 294.7787867339877
0.9774816107497247 0.20958015239120084 0.02536095839852017 6.845173152039916 -0.1974514153819469 0.9501302335386304 -0.24150362729480998 -4.137897561403153 -0.07469391349092655 0.2310457251172657 0.9701044442214104 295.23492892141513
0.9772243558727765 0.20793608452989865 0.04281379466442955 6.894023349766593 -0.19144261721207934 0.95028893371354 -0.2456808390974594 -4.260593475699492 -0.09175456062220136 0.23187693537387677 0.9684411731420953 295.677055939721
0.9760155764443911 0.2085879281723238 0.06262186901256833 6.951098757420568 -0.18657355218713953 0.9491561473733597 -0.253674398736456 -4.393569271876243 -0.11233415282075596 0.2358948732607479 0.9652970282892507 296.1325958020568
0.9738986925992756 0.21061125752596146 0.0848557577419056 7.020518241714757 -0.1818995833787292 0.9473449663202769 -0.2636431099488351 -4.535780638422134 -0.13589634777751552 0.2413148164559073 0.960917820699829 296.59951176000595
0.9711221374170205 0.21193529366062513 0.10972809455697882 7.105077575699434 -0.1758068480192846 0.9462248988354018 -0.2716756940383254 -4.676961143830621 -0.16138712741107675 0.24452811564569335 0.9561503617735564 297.042918823443
0.9676189716714719 0.21097206851690437 0.138705861219439 7.206704045074599 -0.1665582525083837 0.9462527604087141 -0.2773482106461525 -4.814818380389144 -0.18974527077491532 0.24525318412129107 0.9507423448422302 297.46620994625846
0.9630916101236483 0.2089473700555536 0.16979650288076137 7.323715567130118 -0.15567299920401392 0.9467196511511354 -0.28203828376076956 -4.947349818470201 -0.21966259933543103 0.24518426927808473 0.9442967352758841 297.8708527591627
0.9575896031285314 0.20562183936840195 0.20193415499491577 7.457625722832075 -0.14307915088936002 0.9474398862894865 -0.2862577782988982 -5.077227539314277 -0.2501628315034231 0.24521325493975904 0.9366708277205 298.2639520803496
0.9508262157488331 0.20178281491261835 0.23505042628560463 7.61077228745053 -0.12948891983577407 0.9481969519884974 -0.29019483808748786 -5.210939964498514 -0.2814117405811355 0.2454764964122594 0.9276916650890167 298.66765755325656
0.9426880188580109 0.19846097360413592 0.268306506317578 7.770824879700179 -0.11598775482181796 0.9487035490889948 -0.2942234116224455 -5.337376069535024 -0.31291601607731356 0.24622840293579865 0.9173431453701175 299.04179151090693
0.9334455831631193 0.19458885227098194 0.301415471953636 7.949666930339366 -0.10212657137804018 0.9495185395705346 -0.2967238978752253 -5.466042765870122 -0.3439190878737515 0.24618046346738093 0.9061891392380229 299.4204284000176
0.9220257706485601 0.19225648805693465 0.336069893341977 8.139405454724983 -0.08908797585336918 0.9500850473958697 -0.2991027014724665 -5.593013644265973 -0.3767793215738051 0.24582790319802691 0.8931237829787118 299.78357854015064
0.9076766378942932 0.1934453311467608 0.37247826342130763 8.343407941674014 -0.07791023682829196 0.9497133486586119 -0.3033752563830115 -5.724323605277827 -0.4124136856997558 0.246333700615919 0.8770972052452465 300.13226433024363
0.8913023658280362 0.19683621217514402 0.40850231475175036 8.56277850271712 -0.06807509114802988 0.9487747082616259 -0.30863388037746564 -5.861779018077911 -0.4483062224219687 0.24726398508219952 0.8590383592333718 300.47143290064537
0.8731990772769073 0.2014460797573113 0.4438260052333054 8.786622121025673 -0.05798041620979306 0.9470870047514672 -0.3157961714710404 -5.997580264723 -0.48393668347308805 0.2500064022893472 0.8386698134813997 300.7753895853077
0.8546768773228358 0.20292087481021853 0.47790146727790234 9.012911686129268 -0.043492872211168626 0.9452375798709047 -0.32357185197338784 -6.128701677529795 -0.5173683009339328 0.25575054077607523 0.8166928348175142 301.0411765902635
0.8346606549439646 0.2011886269549088 0.5127418749924463 9.295706107872832 -0.02651444637644678 0.9445305197776217 -0.327450518991594 -6.278042728806095 -0.5501578047880802 0.2597012729124609 0.793692282022589 301.3538930544276
0.8131556443002865 0.1984857752007375 0.5471932875053513 9.562315357100617 -0.008187268257674843 0.943902802117567 -0.3302183855358748 -6.408439991634069 -0.5820190582408066 0.2640252399485731 0.7691620027678473 301.6075395045744
0.7891507725394216 0.19983783202665964 0.5808140744040797 9.83270906094424 0.006516147277559969 0.942848328112157 -0.3332541896086212 -6.539256262207047 -0.6141943259743948 0.26675888216100235 0.7427454687084165 301.8504908652355
0.7607511891521019 0.20712308455587233 0.6151393763746447 10.134113389521973 0.014543567955038608 0.9420721293097906 -0.33518986617255847 -6.679965303059441 -0.6489092168115043 0.2639287968435954 0.7136692743270348 302.1003014301007
0.7311978940623759 0.21521858148565112 0.647355511837849 10.455895155052644 0.019272442380037398 0.9420670932288057 -0.3349655748548938 -6.817966617734631 -0.6819210047258663 0.2573887747389812 0.6846896187661339 302.34488864525474
0.7021843594981698 0.21733345267168197 0.67804292196937 10.793972158496736 0.03133172625240608 0.9419547810278982 -0.3343712517581052 -6.9622151465127 -0.711333467621892 0.25602062234819967 0.6546171254484218 302.57871121995186
0.6715483347796789 0.2149552495099995 0.7091236772018169 11.156672922900514 0.05011349776005448 0.9416636880665681 -0.33290145957262673 -7.108731269418983 -0.7392925427053121 0.2590819559531679 0.6216018004890305 302.7975293707376
0.6395359842575341 0.21349728760259118 0.7385470409884844 11.51362328061004 0.07041468932364367 0.9403927243705124 -0.3328197992051752 -7.246535641502931 -0.7655580072456083 0.2648404849978274 0.5863837921014876 302.98426309138574
0.6051845403259472 0.21284401997274546 0.7671299352390434 11.88024125910861 0.0892693598897993 0.93941045589306 -0.33106687942967816 -7.382492505273715 -0.7910930585123905 0.2688233023584806 0.5495193043677515 303.15733218454073
0.5655144134059837 0.2172584211083387 0.7956332038606544 12.265389370903863 0.10106874026483624 0.9391891200803841 -0.3282934210893809 -7.521408866493123 -0.8185516972024269 0.2660533491912542 0.509170869854819 303.3236638007603
0.5256154010176213 0.22185094994951116 0.8213104362965985 12.661886769885003 0.11037846484852878 0.9394903297686362 -0.32441097550366543 -7.658745293889234 -0.8435612029567902 0.2611554986657718 0.4693281086464372 303.47003165771685
0.48717072166152275 0.22190283372451938 0.844667943530177 13.124220581529158 0.12302800641655692 0.9401311749657124 -0.3179382148403406 -7.810324181136019 -0.8646276736304833 0.2587933224586416 0.43071041701280355 303.62658246932364
0.449391644328967 0.21983310671185727 0.8658870878808275 13.605510868511276 0.13782522219651744 0.9406182567962766 -0.3103356056352323 -7.9607285253720885 -0.8826694936511131 0.2587889004619985 0.39241456095512994 303.7686156701831
0.41243183744805606 0.21727388038473577 0.8847217807810842 14.11939465198516 0.15465293937570956 0.940382801854958 -0.30303663727555863 -8.119799087771737 -0.8977966026539094 0.2617921129609555 0.35424967951376607 303.90246185787333
0.3792694598240661 0.21764286032939154 0.8993480386138959 14.593968979727753 0.16892388567191743 0.9393590079027537 -0.29856170917320324 -8.266701376412078 -0.9097679983415883 0.2651417025345832 0.3195137779896041 304.00899866788734
0.3490797272480585 0.21816142192728852 0.9113671170151796 15.086974206639882 0.18352712250027067 0.9378106346900233 -0.29478565217548364 -8.41773707065728 -0.9189786218238121 0.27014937171609554 0.28734181176401874 304.1049117367785
0.3204138506315728 0.2194005412680232 0.9215417641696753 15.619109775935703 0.19358103683316907 0.9371506277073363 -0.290421905466823 -8.57510597515564 -0.9273201487742435 0.27143345143280256 0.25781454927347064 304.2054483112584
0.2934490166447896 0.21820498580580397 0.9307605313440351 16.143866395143455 0.20344402984040486 0.9370817735176987 -0.28382690283088896 -8.724476994577312 -0.9341094336801353 0.27263158368282836 0.23060421825603258 304.29321290855194
0.26875237952876735 0.21373387687443612 0.9392182984876289 16.699876275036363 0.21376693153208318 0.9375558790089439 -0.2745225933449746 -8.872682195382968 -0.9392229890001624 0.27453717953506207 0.20629271255780676 304.3774739944935
0.24333748880923795 0.21220710933155998 0.946464887602994 17.287991551384724 0.2192728444351536 0.9385136475603592 -0.2667986137982357 -9.028127003240108 -0.9448653081890488 0.272441162485439 0.18185615178981915 304.4583326238515
0.21841482162629527 0.21158557666608077 0.9526633337514783 17.90334986717891 0.22709483950072867 0.9384263283550404 -0.26048797347021324 -9.190153051103755 -0.9490986596847515 0.27322430601508096 0.1569286909175922 304.5231423749395
0.1955657092689031 0.21339089824998916 0.9572143498671092 18.529072507240514 0.2312657468422186 0.9385146099615401 -0.2564703415514388 -9.356806252303597 -0.9530672235161637 0.271512406015642 0.13420436982931644 304.57975485738723
0.1766993440754683 0.21498017579547585 0.9605217058675791 19.15519198077283 0.2401001365640075 0.9369985756178325 -0.2538836464668235 -9.522936616922834 -0.9545667632690061 0.27546710465872715 0.11396387090320055 304.62035031882965
0.15924262808227765 0.21487444420989713 0.9635932276560255 19.842184900297656 0.2496996634880482 0.9355624850542476 -0.2498879474523895 -9.699800565871229 -0.9551758121480453 0.2803862640989177 0.09534129954972712 304.65811021451617
0.14384954312624176 0.21311680653158652 0.9664005189126593 20.52998829214949 0.2558092786833277 0.9353744186869988 -0.24435114400351154 -9.870054480311005 -0.9560017396559686 0.2823485758419313 0.08005040247530137 304.6908585395038
0.12930938255896987 0.21016072760530063 0.9690990252495967 21.28945255691491 0.25919735302212366 0.9361792789234864 -0.23760573300877835 -10.05314301351677 -0.9571661485922037 0.28189701130072253 0.06659846662642105 304.7211190943335
0.11685742941322093 0.20845407436404928 0.9710471718415727 21.974510199159507 0.2621739246676661 0.936605310849809 -0.23260959665132783 -10.214938350647424 -0.9579566876091604 0.28174986551187553 0.05481306663577454 304.73756581516864
0.10784371500992289 0.20798005590417434 0.9721909068539745 22.750846375695595 0.26726721179919716 0.9358460918231627 -0.22985153208244868 -10.402171449184712 -0.9576062718716699 0.28460695924249635 0.04535384412588145 304.75462808414716
0.10225138136129006 0.20953629673337704 0.9724608864117376 23.553271626290318 0.27351775904135994 0.9339997756155392 -0.23000798405597256 -10.59755625024339 -0.9564541249566164 0.2894878378814197 0.03820593357741065 304.7684787151832
0.09936517931077472 0.211039742178405 0.9724347084370343 24.37756535645514 0.27865275592864996 0.9322851453802505 -0.23079894148890256 -10.798010544974312 -0.9552755169887691 0.29388869792416905 0.03384505331512223 304.7835830745088
0.09780021610539144 0.2102516579698836 0.9727641050103395 25.15958626042259 0.2794431787701634 0.9323429169937083 -0.22960900360485076 -10.98410472946792 -0.9552065853065705 0.29427215275010365 0.032445118222810085 304.80265937027065
0.0966922058238734 0.20848240086389694 0.9732554841030112 26.052452092947078 0.2788852615900284 0.9330101489607242 -0.22756760847256174 -11.195223751095353 -0.9554824467770217 0.2934145964696541 0.03208704481766102 304.82870314008545
0.09619355229826829 0.20852607338776902 0.9732956504980322 26.880171475539573 0.27896022220215577 0.9330127054025963 -0.2274650113692708 -11.3900480403549 -0.9555110386153998 0.29337543747616507 0.03159423487665802 304.84990884562984
0.09589122644332501 0.20892569403653086 0.9732397480637012 27.656948247866826 0.27867902155325525 0.9330271239449112 -0.2277497015989446 -11.575549426844674 -0.9556233844766208 0.29304473580170876 0.03126094857297826 304.8708901835972
0.0954649302082397 0.20864853303416722 0.973341040268638 28.451621166208792 0.2813834351864022 0.9322894460847517 -0.2274452636274665 -11.762090968065516 -0.9548734878953198 0.2955793604926062 0.030305770501796434 304.8886579738559
0.0954414727082723 0.2054963984105685 0.9740135499305046 29.26855253554939 0.28310283417898946 0.932488538276651 -0.2244750615761337 -11.949863151937738 -0.954367433243971 0.29715425921155403 0.03083635401265693 304.9134139310719
0.09700393731813452 0.20302872117161258 0.9743766610155651 30.114069748023212 0.2835302968625936 0.9328096603856645 -0.22259338454740984 -12.143518211000465 -0.954082796434564 0.2978414251794962 0.03293593432658771 304.9444404523397
0.09956834321016668 0.20265219778075205 0.9741963912873656 30.953920798781976 0.2829278989494654 0.9329009309403673 -0.22297777502276644 -12.339259610029687 -0.9539976635923411 0.2978126407781328 0.035565764612572624 304.97907275021885
0.10221220965405257 0.20453679061224772 0.9735283900100244 31.753419180106714 0.28318653449974546 0.9321955796760198 -0.22558398919865777 -12.530141139798861 -0.9536412342492526 0.29873131265293673 0.03737418352201777 305.01114301938276
0.10451984049094303 0.20569224644134723 0.9730398631696457 32.538530945935555 0.2834268060613566 0.9316828426738373 -0.22739307463338337 -12.71814451815437 -0.9533196425631486 0.29953657276048984 0.0390950276801558 305.04453924173845
0.10734153462868883 0.20475566988125993 0.9729302986562113 33.34223100489181 0.2833388135219656 0.9317218957426379 -0.22734234386303637 -12.906095118802947 -0.9530322042959816 0.3000558484564721 0.04201154329278835 305.0842397775184
0.1093902057931797 0.2044456607142515 0.9727671416447581 34.12803569683342 0.2828924676957206 0.9317837725996759 -0.22764289923956688 -13.091940642527542 -0.9529314938733002 0.30007406670962533 0.04410629621815848 305.1260632734749
0.1112832047481897 0.20439644107820149 0.9725628647844533 34.92996760573526 0.2827161185500985 0.9317113186561728 -0.2281588023092252 -13.282837535044063 -0.9527646333285452 0.30033336989138093 0.04591184940233775 305.1676104584347
0.11277871967674462 0.2089713236307479 0.971417867206736 35.716650312900775 0.2816646012132222 0.9308456987699896 -0.23294274347080757 -13.478910578803776 -0.9529003118701098 0.29986892536232446 0.04613392755856178 305.2057242845833
0.11347924453396449 0.21238865527404735 0.9705950023883749 36.48585186169527 0.28002686494516277 0.9304810137262117 -0.23634952383399255 -13.673423175458183 -0.953299711292414 0.29859748214729986 0.046130074963951315 305.2443548402231
0.1140906212661648 0.21211666373031726 0.9705829246572625 37.28745569325473 0.2794623797360065 0.9306775539183125 -0.2362445819106294 -13.869653109024007 -0.9533926064380642 0.29817890580662115 0.046916969469619096 305.2887372709313
0.11491268235417583 0.21050728237773908 0.9708366157742159 38.125740005405255 0.27733492392424397 0.9316690797669571 -0.23484000866092372 -14.073140489325981 -0.9539152993701187 0.2962168890504018 0.04869350238196616 305.33934576017873
0.11516835312487732 0.21043072627205597 0.9708227952494446 38.95169048392256 0.2761898562126987 0.9320231114076714 -0.23478390744150954 -14.274524840464247 -0.9542163906753666 0.2951547982881237 0.04923489574342462 305.387416014319
0.11519486915259015 0.21243701381919722 0.9703828819202641 39.747546416271035 0.2745028945546053 0.9320544104906497 -0.23663151574579927 -14.474134348027146 -0.9547000697872366 0.29361532379426125 0.04906730401582882 305.43019758580203
0.11505991514094001 0.2151896792894544 0.9697926319792042 40.55321203601368 0.27265484940529083 0.9319563733900077 -0.23914164923318024 -14.678778849393094 -0.9552460095858687 0.29191791252971566 0.0485720762124399 305.471845995592
0.11503406493238262 0.21572197852195438 0.9696776603843454 41.365272172946405 0.2725005851708204 0.9318742134883655 -0.23963797248035187 -14.88344377461283 -0.9552936522892459 0.2917878244161597 0.04842645832387648 305.5103665354483
0.11489953145089127 0.21590614766454255 0.9696525569517784 42.196216827192885 0.2723424979453334 0.9318869564112353 -0.23976726205692755 -15.092167697922655 -0.9553545729263625 0.29161015718848154 0.048286843445434775 305.55040723247384
0.11470844897686189 0.21561883015214595 0.9697391799507585 43.03621416507254 0.272238127210516 0.9320042059645971 -0.23942978431654452 -15.301028954088428 -0.9554075582349608 0.29144779240104496 0.048223031999519904 305.5912535698362
0.11448203378253104 0.21513680469585544 0.969872905442536 43.873543203813654 0.2729603487906893 0.9319192759762889 -0.23893642344963245 -15.508428412594563 -0.9552283384775901 0.2920737280163422 0.047978355238125624 305.62904445052595
0.11417834593867902 0.21527322250584963 0.9698784891556245 44.68855743335017 0.27336495130507954 0.9317849382684813 -0.23899837467498403 -15.71333830104335 -0.9551492531064701 0.29240227308196753 0.047555579177201934 305.6644001645318
0.11368365888552588 0.21553540599226434 0.9698782222507668 45.5128803234605 0.2734980314156219 0.931716794114381 -0.23911110100431238 -15.921473783479158 -0.9551696855246361 0.29242578675869446 0.046986795504290094 305.69849927231587
0.11324111217462311 0.21565374283161887 0.9699039892635672 46.33779465008089 0.2732824980420327 0.9317871059691328 -0.23908427730552895 -16.128846225130562 -0.9552843251978397 0.29211495823349815 0.04659636161138226 305.73464960189955
0.11255545534917195 0.21594088601987915 0.9699195976922113 47.158661473657986 0.2728239064230839 0.9319077872452161 -0.23913678511934902 -16.335640928819135 -0.9554963005158041 0.2915164131663677 0.04599161584306018 305.7694868847057
0.11113256910785854 0.2162965343197136 0.9700039051427826 47.99958254460686 0.2716800359064592 0.9322745909312532 -0.23900793855774566 -16.546302061482834 -0.9559882841110207 0.2900753188575521 0.04485725655631182 305.80589303863064
0.10927295985116588 0.21671003739901254 0.9701227181251527 48.83563815184351 0.2711364692235727 0.9324760868339057 -0.23883905546659204 -16.756631860077892 -0.9563565883850327 0.2891173762045356 0.04315131762850747 305.83834104608934
0.10791625979335191 0.21683780805709474 0.9702459333547159 49.651356932959665 0.27123884219328315 0.9325145138782427 -0.23857233153138513 -16.96169878607599 -0.9564818555322249 0.28889726308466385 0.041833464896510984 305.86509346045676
0.10679484278667788 0.21561970180173118 0.9706410941177542 50.48388220021464 0.270295090850679 0.9331797692781899 -0.23703546710560194 -17.16759900670135 -0.9568742062395572 0.28765619557836664 0.0413927836185748 305.8979034734243
0.10545684965188133 0.21283704316775798 0.971401340304805 51.327333509420704 0.26969979108998937 0.934130719457069 -0.2339480968955564 -17.37149990083634 -0.9571909597982179 0.28664092101935396 0.04112367470455393 305.9293705804074
0.10428262925013386 0.21001376494008686 0.9721422016508632 52.19764355444183 0.26875129070909787 0.9351731134930974 -0.2308547893713262 -17.579255788239536 -0.9575863378254748 0.2853211332527385 0.04109585563193591 305.9629201394706
0.10374890579373053 0.21005780875164912 0.9721894145752081 53.039403857420346 0.2686752571877051 0.9352226644796513 -0.23074074577607032 -17.780359631826226 -0.957665247271703 0.2851246411732793 0.040606375600216724 305.99384849728676
0.10337084546557852 0.21295122179202636 0.9716000054750423 53.8438861777223 0.2694119150499519 0.934338969961503 -0.2334458053905332 -17.97970326439961 -0.9574989904323739 0.28587439053175606 0.03922758673152865 306.01772263662997
0.10316208879138737 0.2169762843743113 0.9707320272010309 54.6086934413088 0.2696275298044583 0.9333145912242131 -0.23726483885647173 -18.17465777994944 -0.9574614892407887 0.28619490994835106 0.037794873273832894 306.03994156683933
0.10313034576358107 0.21948413900062036 0.9701718534512129 55.370741959475 0.2702776965348221 0.9325061785435717 -0.23969214645016246 -18.36931897477013 -0.9572818284844962 0.2869176137080063 0.03686251574932482 306.0627711860829
0.10292979952038186 0.21997569892330102 0.9700815998478634 56.15463573483005 0.2703013129064764 0.9323921600546531 -0.24010740805530167 -18.568363111522043 -0.9572962711710555 0.28691049129597807 0.03652629806545976 306.0884216509449
0.1024855249259264 0.22014357181929423 0.9700904189349344 56.956247876002884 0.27015236195969283 0.9324278566047302 -0.2401348161803349 -18.770606637562448 -0.9573854172987295 0.2866643321241338 0.03610355801566524 306.1145702512971
0.10159709852862372 0.22054297129471034 0.9700933216406145 57.75854764013883 0.26956299540506296 0.9325711942021546 -0.24024134550066265 -18.97419858700291 -0.9576462083924983 0.28589099776059895 0.03531169133040319 306.14070871603246
0.10093951285048579 0.22037418418838825 0.9702001606718632 58.56625371724878 0.26926420304764537 0.9327504003334716 -0.2398794839140472 -19.176223014590644 -0.9577993358006606 0.2854354032611251 0.034828074200029244 306.1672222976466
0.10034545950462025 0.2187996348112105 0.9706182981726307 59.38650267798444 0.2694586384035904 0.9331244330341953 -0.23820243284226783 -19.378075550243313 -0.9578075410547178 0.2854262738887723 0.03469288309114265 306.1927846424352
0.09951213841735261 0.21708394002761433 0.9710890147897613 60.22294764389555 0.2693272904186009 0.9336431172256044 -0.23630955900927816 -19.583047065043413 -0.9579311848625306 0.28503826809770955 0.034457749232529304 306.21950139117814
0.09882080862351476 0.21721858901995597 0.9711296940286128 61.037100991021646 0.2691391701712 0.933716471402908 -0.23623477979854893 -19.786003759512734 -0.9580557758047301 0.28469588080624764 0.03382383294056334 306.2436718743461
0.09860475988282755 0.21858117237678773 0.970845621453422 61.798287129150246 0.2695895908453248 0.9332652150280302 -0.2374982453612547 -19.979468422050168 -0.9579509154954127 0.28512994171532396 0.033113088833053375 306.2626750073946
0.09863735245296568 0.22002839184578304 0.970515356437912 62.56995755190575 0.2708511857719861 0.9325313288407202 -0.23894171636935405 -20.175523577194326 -0.9575920406399018 0.2864154482903664 0.03240329482991657 306.2822600013636
0.09860722526181294 0.2203998478306362 0.9704340674936779 63.32589631758675 0.27173156248311076 0.9321781602491876 -0.23931961957966136 -20.366100664492485 -0.9573457738111724 0.28727784781673543 0.03204567294957703 306.3042998831607
0.09868320966456158 0.21931568299303605 0.9706720183821255 64.10302801050047 0.2722383006503781 0.9322872787906356 -0.23831725426904776 -20.557425805108963 -0.957193997966994 0.2877536534886312 0.032310716795960856 306.331046177895
0.09882137209555855 0.2187900360533139 0.9707764918048245 64.89498946961959 0.2717629671801138 0.9325486514506419 -0.23783599870686686 -20.753391842369684 -0.9573145615925855 0.2873058249507737 0.03271271712338599 306.36182125370175
0.09890090775417305 0.21812758157205941 0.9709176285247728 65.68220652998872 0.271146496288393 0.9328897281213302 -0.23720137988604398 -20.945781106738433 -0.9574814687155533 0.2867019951308693 0.03313483193401443 306.3910936736821
0.09904003794688312 0.21789922096080966 0.9709544809935461 66.45807836872916 0.27049345527430374 0.9331302561062537 -0.23699873732949128 -21.13610318593927 -0.9576513954438798 0.28609061793205454 0.03349319990654327 306.4218113749313
0.09919656057335867 0.2187490240491402 0.9707476538456578 67.22823656499094 0.27236677836439704 0.932349633530555 -0.2379252633764696 -21.328417751391765 -0.9571045502832042 0.2879825495550894 0.032922035593573006 306.4433619250153
0.09914087806209995 0.22058496991458681 0.9703375866747088 67.97070046844544 0.2721945804178723 0.9319534710838461 -0.239666588193029 -21.51849354280138 -0.9571588865430616 0.2878633380891757 0.032369104952368645 306.46342878971336
0.09814386882219428 0.22572546639520952 0.9692556132551478 68.73069871943056 0.2697125490906728 0.9314881089771706 -0.2442373010802178 -21.719274035822387 -0.9579637310379174 0.2853730148331166 0.03055575283819908 306.48635228267904
0.09787972907619504 0.22539950170244488 0.9693582217964726 69.48556320006024 0.2704965893828392 0.931356162326511 -0.24387333562014665 -21.91029585129087 -0.9577697530161845 0.28606067195632484 0.03020794715300122 306.5059087401224
0.09850712680887995 0.22190646852804782 0.9701001523386985 70.27375998118112 0.2743804578599558 0.9310133179221589 -0.24082428909319742 -22.105971186332436 -0.9566000155882557 0.28988154255568 0.03084148099674676 306.52815703474266
0.09824010653544894 0.2231253296245673 0.9698476351917033 71.04124216065257 0.2744801822151918 0.9307000737700192 -0.24191944845237673 -22.304921125541526 -0.956598789795684 0.2899522847383276 0.030205473480858402 306.5463820848961
0.0965573246531962 0.2302729744437581 0.9683451140190947 71.80263926988964 0.2723896487562417 0.9296521467868495 -0.24822998544497663 -22.514443017273933 -0.9573677064110105 0.28771794346251406 0.02705749176242318 306.5629769305137
0.09948483148899867 0.24146070835993846 0.9653187874427752 72.52817053200367 0.27476403119446674 0.92576140917608 -0.25988013265900295 -22.72907317402911 -0.9563887848366753 0.29107157062055994 0.025771517955257468 306.56721878591947
0.10151811873110919 0.24756982138699346 0.9635579546966911 73.23960257679497 0.27865175094813077 0.9227309611801185 -0.26643519394108683 -22.93464437043883 -0.9550492974265121 0.29552772858244863 0.0247053316592011 306.5721470799146
0.10148505372162565 0.2436415163734961 0.9645621582202221 73.96264406013636 0.27905082875702086 0.9236882321571018 -0.26267398453365354 -23.129096582873895 -0.9549363187498985 0.29580178893482284 0.0257693085941678 306.5946999310108
0.10211224980348332 0.23929173017285402 0.9655836448764296 74.70945914948325 0.2780141783033994 0.925130948445431 -0.25866441144367697 -23.3272831287609 -0.9551718178597612 0.2948409662990378 0.0279572157541203 306.6223875240803
0.10320192784369793 0.2359420634051032 0.9662920224095817 75.46185916289691 0.27753908196376403 0.9260800544560102 -0.25576247045372325 -23.526072626908057 -0.9551932096788115 0.2945612868684919 0.030106865810711862 306.6503346740844
0.10428920806245988 0.2348307468882995 0.966445903625254 76.20669283045397 0.2779284178027758 0.926164822683736 -0.2550316331041842 -23.723303159248832 -0.9549621012353963 0.2951820809707068 0.03133956816872822 306.6773130469947
0.10462855698260196 0.23500733904226798 0.9663665366054792 76.9369892856656 0.27821669318280273 0.9260017554026907 -0.2553112383292559 -23.92010265845932 -0.954841641535365 0.29555483756844037 0.031519495561281315 306.7021095510583
0.10432156018830427 0.23528871854000896 0.9663314984227293 77.66163006013062 0.2749100403658781 0.9269700395931981 -0.25538061537137347 -24.11210182821845 -0.9558327188573081 0.29227852662316567 0.032035866209335385 306.73278719042185
0.10367268723741924 0.23634109653206095 0.966144611397032 78.37901588060478 0.2722527697895539 0.927552405074598 -0.25611224142720257 -24.304935411569044 -0.9566634715932955 0.2895701756024306 0.03183339584120514 306.76062120697975
0.102948590105724 0.23789794872623005 0.9658399065449162 79.07659583529916 0.27113280041706883 0.9275350257120203 -0.2573607659993846 -24.496191490949347 -0.9570596664627025 0.28834863274727723 0.031002369745935333 306.7812967245417
0.10232710065375751 0.23842628511146496 0.9657757715382456 79.7525445578526 0.2712211724949206 0.927417656416845 -0.2576911809445037 -24.68107991197235 -0.9571013694999169 0.2882906952152365 0.030249481248132027 306.7973564499332
0.10136245601863865 0.2385326584985818 0.9658512372742684 80.45115948802575 0.27118140833011295 0.9274787656607221 -0.25751323625240463 -24.870739026346314 -0.9572154744995601 0.28800614483035386 0.02934162594850656 306.8154375151086
0.10070556373265138 0.23856492537983914 0.9659121706008762 81.14405048624714 0.27128497548656927 0.9274920624615622 -0.257357783548608 -25.05832094628632 -0.9572562039424156 0.28793825850028926 0.02869976234363133 306.83222252357956
0.10017506556870952 0.23765175909761296 0.9661924035072158 81.85047730694701 0.2738328445315757 0.9270078374992313 -0.25640263731518953 -25.246397752375422 -0.9565865075604834 0.29024376590864664 0.02780146606738931 306.84805550364905
0.09960654815106336 0.23764551999204875 0.9662529078292696 82.51852295808843 0.27631585752630566 0.9262993277942368 -0.2563010616462324 -25.426446173005523 -0.9559319330971918 0.2925039039669972 0.02661550766268727 306.86151084556303
0.09923651640202827 0.23760090553904112 0.9663019094500562 83.19047822281715 0.2765335232553625 0.9262748221820488 -0.256156050592138 -25.6079439562791 -0.9559078307394198 0.2926189746035251 0.026230455925161534 306.87760399624807
0.09919918911133947 0.2374596678909771 0.9663404302120229 83.86400851634626 0.2762424177566506 0.9264045660499984 -0.2560019269372225 -25.78926974745121 -0.9559961656710856 0.2923237810814248 0.026316517377778074 306.8988898798367
0.09928238941695833 0.23815440263575927 0.9661607245707848 84.48529333629534 0.27627261342161524 0.9262040600307491 -0.25669296142819437 -25.959833301185625 -0.9559783697592024 0.29239281622399244 0.026175015293386898 306.91609819689904
0.09938897572628164 0.2398543101915869 0.9657292367050645 85.10330412399276 0.2757751965553038 0.9258942116272264 -0.2583402710687477 -26.131525207541834 -0.9561109182784623 0.29198423805125345 0.025892659345549796 306.9334481602787
0.09937623026827624 0.24236907360259605 0.9651027863330799 85.7332910797177 0.27532121709413965 0.9253578922509181 -0.26073606442953745 -26.308222910451207 -0.9562434300200916 0.2916081220073922 0.02524364166051441 306.9491916043953
0.09945892190556331 0.24403040702958612 0.9646753261123517 86.3711633643597 0.2758653169645604 0.9247344013203432 -0.2623666808474858 -26.486286267729774 -0.9560778112071167 0.29219885254828015 0.024668345035199716 306.96348239946167
0.09942351196425106 0.24426509844371888 0.9646197014966842 86.99939869721834 0.2762862630349018 0.9245444798665848 -0.26259177198248396 -26.65994784136108 -0.9559596677249506 0.29260225717185817 0.0244494907949722 306.97962025407094
0.09948525760372046 0.24410624986193152 0.9646534184249549 87.64331337305924 0.2760228645069638 0.9246631929111 -0.2624509898199711 -26.836246914652794 -0.9560293673853519 0.2923597710003031 0.02462646978331839 306.9997313830934
0.0994044889214326 0.2433811468163406 0.9648448847785727 88.30531503407879 0.2748410080008921 0.9252275603103011 -0.2617014351344408 -27.014587623624617 -0.9563781075407651 0.2911768123611081 0.025095427167489127 307.020857165463
0.09937091341801414 0.24317076788550201 0.9649012462449581 88.95281286511579 0.2750904744677172 0.9252110806029309 -0.261496349454092 -27.189397580923856 -0.9563098479676954 0.2914037886856783 0.025059981196507954 307.03792216248024
0.09946382570433418 0.24261769357589355 0.965030889826926 89.60369505097852 0.27772245388616257 0.924547263833582 -0.2610617270894684 -27.365025491571373 -0.955539127687133 0.29396039028010706 0.024593511304630347 307.05256575768675
0.0988322629923737 0.24280961504959558 0.965047559182268 90.26506946382055 0.2807214747425304 0.9236209278604977 -0.2611333868858235 -27.545666730334055 -0.9547279661022646 0.29670137177231903 0.023136603129828934 307.06231894785543
0.0973738742453667 0.2429279963821544 0.9651661574151711 90.9085075895095 0.2809241770303772 0.9236483020454291 -0.26081750314140406 -27.723568378432176 -0.9548181112632002 0.2965184796298852 0.021710146717339007 307.0723737537817
0.09573872823992134 0.2428499359228335 0.965349254072995 91.54988953152103 0.2810859449144348 0.9237556825724528 -0.2602601669561779 -27.899642226296944 -0.954935362460056 0.2962459423386229 0.020193186841470964 307.0815927058501
0.09499662426625628 0.24256340255660122 0.9654946327413239 92.19214564237153 0.281297442229349 0.9238292832092981 -0.25976988768186987 -28.074100025897636 -0.9549472734527167 0.2962513277016102 0.01954386110395015 307.09061064254394
0.09405834389632388 0.24466236385714757 0.9650564594440318 92.8309271860793 0.28573067584393397 0.9219549889458665 -0.2615807845573353 -28.25236978027445 -0.9537226257529027 0.3003323466956469 0.016825800774305975 307.09054960965585
0.08932361013182188 0.24794444257109804 0.9646684144934515 93.44837825679082 0.28797367088326226 0.920761063589672 -0.26332128745266237 -28.428477273818988 -0.9535033130855479 0.30130227078167227 0.010860014578114616 307.08650922108757
0.08248452180768431 0.25032253535727556 0.9646628197101325 94.06346787628543 0.28995949685880046 0.9200735447397218 -0.2635429979204005 -28.60404357608455 -0.9535173013962401 0.3014342623273894 0.003324443984500696 307.07514585616326
0.07624471706667998 0.25103384142265245 0.9649909865882063 94.70850018944178 0.2910020780624702 0.9200868597062872 -0.2623430185006095 -28.786583590243147 -0.9537187612215869 0.3007997810398689 -0.0028834328673890625 307.06319165557477
0.07092233326848664 0.2510135207450928 0.9654021205119362 95.35848941480552 0.292333654862189 0.9201278024434643 -0.26071593867086246 -28.96693128734062 -0.9537221201813163 0.3006934889965445 -0.00810580316503184 307.0481587416835
0.0657384855448809 0.25000537200226947 0.9660305228176176 96.05869780417333 0.29585009966572023 0.9197266303068734 -0.2581527858593692 -29.15610580741236 -0.9530093154232167 0.30275428026259005 -0.013486143086827437 307.0272619440936
0.059767116296325994 0.2501669428591105 0.9663764695712556 96.73565450149223 0.2999706063089404 0.9188760966904285 -0.2564206700406128 -29.34126144410844 -0.952114305469791 0.3051935680222765 -0.02010747356903709 306.9998582351517
0.05395585073845804 0.2503919376082698 0.9666604299196146 97.41812410201247 0.3020619044852871 0.9186391637317554 -0.25481081864054067 -29.527946843002493 -0.951800608008575 0.30572365353352454 -0.026050969011611937 306.96840223346913
0.047801643235514786 0.25031747651883623 0.967003470133835 98.1514907206201 0.3031889615482381 0.9188155912534638 -0.25282864530842003 -29.724654112500037 -0.9517712960838649 0.30525432631287486 -0.031955659917785 306.93506009435646
0.042514050623590524 0.24762456892387888 0.967943341764054 98.90866795719036 0.30508541397412303 0.9193445988358996 -0.24858928902012922 -29.916976985703297 -0.951416054123613 0.30585776126656317 -0.03644472257220812 306.8953826962442
0.03843849266425306 0.24607940626887642 0.9685078522529463 99.6599497838047 0.308779919185062 0.9188818312657064 -0.2457226131942284 -30.10729895889148 -0.9503972877308177 0.3084852222961818 -0.040646710624623245 306.8526763687178
0.03358525924397168 0.24596031310743993 0.9687184498756035 100.41669266117792 0.31366679034571215 0.9177161700076003 -0.24388252641910677 -30.300458287487338 -0.9489800143517867 0.3120300526904902 -0.04631038695603559 306.80314873596626
0.026873679506576882 0.24979184788844822 0.9679473693842306 101.16560084954497 0.31520889873686186 0.9167985535604345 -0.24534071479751127 -30.499522680806585 -0.9486828156662235 0.31168343016382505 -0.05408117795672912 306.7490211411383
0.0225095148556395 0.25303218228535274 0.9672167060053383 101.90134556209169 0.3198488534825453 0.9148079782185922 -0.24676225865269902 -30.69372801096844 -0.9472422671838369 0.3149022291791658 -0.06032236710156939 306.6874587878206
0.01883087485242416 0.2539114612316997 0.9670647835597859 102.65945301213783 0.3228857626160381 0.9138832336301967 -0.24623249088570032 -30.892197564295152 -0.9462917313179721 0.3168726285684212 -0.06475733436168672 306.6245125225454
0.014732238647352035 0.253240375990298 0.967311645311747 103.43346439155694 0.325978525946078 0.913362962274282 -0.24407839242115387 -31.08990054109238 -0.9453033575473633 0.3189029199423213 -0.06907723358990417 306.55886408478364
0.011700317882624881 0.2499368009613073 0.968211680054173 104.22941472799911 0.3275909187122017 0.913899863574514 -0.23987257391447656 -31.28804866182544 -0.9447882185637233 0.3199679618590518 -0.07116658349655358 306.4913897331593
0.010177668945076152 0.24747640407566718 0.9688606922940481 105.04856543214024 0.32948571794352194 0.9139890341344317 -0.2369191166743637 -31.48945163688398 -0.9441468441769576 0.32162077091131447 -0.07222017235811934 306.42175148903846
0.009652357594346423 0.24466554821149789 0.9695797688894118 105.88264505868499 0.3320099641322536 0.9138518987987024 -0.23390542915467827 -31.691680863771538 -0.9432679787761725 0.3241517749339308 -0.07239289092540152 306.3529497068896
0.009408759780489575 0.243788355828967 0.9698033083356679 106.71726021208481 0.33337415683468935 0.9136134618729163 -0.23289486441450902 -31.89360951552409 -0.9427895032618725 0.32548272651861687 -0.0726591129593554 306.28545680531636
0.00920327213823058 0.24414971652122605 0.9697144130120677 107.56485995355351 0.33418097200435976 0.9132652186493512 -0.2331060842528826 -32.10228187470322 -0.9425062097330968 0.3261899173575306 -0.07316769257612327 306.2151304179141
0.009335759021256045 0.2467381119871244 0.969057786526013 108.40630310342354 0.3348422306693391 0.9123994964242217 -0.23553496267159355 -32.313978435012814 -0.9422700823022491 0.32666504168403104 -0.07408303398915608 306.14361145068443
0.010031419642345824 0.24903555319922396 0.9684631222842724 109.25828243223532 0.3384899404066198 0.9105073088092327 -0.2376356471381926 -32.526865032825185 -0.9409592649423902 0.33018401975746703 -0.07514496359781539 306.06955605621016
0.010751238917409601 0.25149658551614806 0.9678191081376895 110.11686819313454 0.3407924749484378 0.9090265356091008 -0.24000164818847095 -32.74446622235293 -0.9401198977838565 0.3323909149658147 -0.07591758329533467 305.99670645469325
0.012093291155785718 0.24997915787916303 0.9681959820848544 111.00024205534916 0.34456050856806253 0.9079418428419321 -0.23872300686837716 -32.96225469165826 -0.9387285828754455 0.3364736524204293 -0.07513575762602685 305.92511969383173
0.015142605315601161 0.2500150298412333 0.9681438096257675 111.8905108145423 0.3480606964576486 0.9063979351449494 -0.23951069027840557 -33.18298239652609 -0.9373921100451951 0.34058430411673746 -0.07327800579755947 305.85294022246757
0.01894485635524418 0.2486538825793934 0.9684272374589711 112.79839552876936 0.3479448862942273 0.9064343739264704 -0.23954041136336482 -33.407833981606686 -0.9373656284992256 0.3414817700264102 -0.06932876769519833 305.78904915738747
0.023969314379153773 0.24741549152280823 0.9686327452767768 113.73153522449768 0.3491886534196756 0.9058308200663636 -0.24001232703404587 -33.64016411881422 -0.9367875994789432 0.34397263031783804 -0.06466599276823679 305.7243479942124
0.028348980369837455 0.2457635936645942 0.9689347877538244 114.6956606003997 0.34764816605191234 0.9064072441085311 -0.24007245146779876 -33.882245432333235 -0.9372375947464325 0.34363834345740457 -0.059726903904608705 305.6679876506229
0.03156951492425728 0.2459161278546236 0.9687964039306358 115.63783520715721 0.34663391244334846 0.9064476072170312 -0.2413823098873072 -34.12287475499715 -0.9375098576460726 0.3434222737218771 -0.05660988538276132 305.6132799520668
0.034068129458195325 0.24751690009559876 0.9683038022687038 116.6248312545365 0.34454744462120973 0.9065804103855694 -0.24385858783858916 -34.38043009119191 -0.9381910068346849 0.3419189137277254 -0.0543788408946228 305.5601899099429
0.038828454598787816 0.24717159559866056 0.9682129102588165 117.6131172395278 0.34373943913702026 0.9065238514086711 -0.2452053005048209 -34.63576308850987 -0.9383023584419974 0.3423183122089242 -0.049746736618561715 305.5086252839579
0.04314723872644211 0.24470348009556325 0.9686568949589521 118.63032637776536 0.3422435446059931 0.9072952887227043 -0.24444398804696826 -34.89593445133954 -0.9386605186813813 0.34204810525198964 -0.04458394447192976 305.46495743112814
0.0463831746421666 0.24421542774581612 0.968630433660615 119.6451620304152 0.3402782221171905 0.9078359822005595 -0.2451790978186922 -35.15861670642612 -0.9392205301613831 0.34096046088141785 -0.0409759250827916 305.42636550010195
0.047380649865228545 0.24994176834085632 0.967120025944433 120.64292199558419 0.33888786282543154 0.906779164470612 -0.2509473378466716 -35.42979256587796 -0.9396733141501896 0.33961968762778755 -0.04172149962991853 305.3804402266885
0.04848099007651016 0.2571283627749242 0.9651794541029395 121.63650539619312 0.3376660910847079 0.9052219529883593 -0.2581137842773698 -35.71143590764627 -0.9400565871189369 0.33840653614098104 -0.04292018707934512 305.3284805835595
0.048554488335941316 0.25969484796600506 0.9644883313268339 122.59714951811209 0.337310535253641 0.904652734049909 -0.2605620237822949 -35.979973380560494 -0.9401805059041208 0.33796819022795804 -0.04365547523277874 305.27893877969086
0.04909270704077587 0.25650364689178345 0.9653145887546535 123.58643117779084 0.3376663963527152 0.9053296121459494 -0.25773428593735415 -36.24664167390671 -0.9400245267455076 0.33859171426242807 -0.04215028694363725 305.23385203764633
0.04992034105422188 0.251236076106962 0.9666563427724837 124.58675685400772 0.33874797781485855 0.9062525028818313 -0.25302808095729734 -36.509230524431814 -0.9395917124155614 0.3400685980453985 -0.03984814295784227 305.1898401370303
0.05103737775325917 0.24701831326075666 0.9676842279535196 125.57032668068786 0.34174769160351287 0.9061503934327294 -0.2493323135209155 -36.76392640369038 -0.9384446918897621 0.34341351271439774 -0.038153402526579006 305.14594810535914
0.05129010482000912 0.24429499375097236 0.9683622543742776 126.60193588582733 0.3413308613269991 0.9069772965437582 -0.24688511991262402 -37.03092559818668 -0.9385829871147351 0.3431792098121752 -0.03684924281065601 305.1054048710172
0.05129644754506295 0.24354399569634902 0.9685511394590905 127.6130451841303 0.34098542280367405 0.9072943597030523 -0.24619737101395642 -37.289664435824065 -0.9387086415426408 0.3428755157603704 -0.036486946355186546 305.0652801318358
0.05128466955397241 0.24396666047067656 0.9684457144858598 128.63514232054163 0.3406725896503278 0.9073023361232542 -0.24660146862199933 -37.55582892197852 -0.9388234260786761 0.3425545461650779 -0.03656535481540839 305.0219801535029
0.051645952623014996 0.24796582786164836 0.9674103258313631 129.62957237297064 0.3409194300741731 0.9061514452250529 -0.25046173137318656 -37.82225142489041 -0.9387139897349214 0.34272888709227295 -0.03772078614544405 304.9742114297188
0.05197332433353059 0.24991785510539474 0.9668903798842162 130.6212598624652 0.3408885648971222 0.9056241446142194 -0.2524034019000209 -38.089796686091276 -0.938707056068469 0.3427048213973671 -0.03810954758195269 304.92795290853195
0.052338457947012924 0.24975353363489197 0.9669131791726401 131.63351287433068 0.3410722853445077 0.9055652487327415 -0.25236705361423317 -38.35865557911492 -0.9386203733184285 0.3429806322289553 -0.037771959512442416 304.884193944116
0.052845419181403966 0.24849905851373327 0.967208971064402 132.66559627249347 0.34091343763082066 0.9059018606140937 -0.25137203994910745 -38.630681071882215 -0.9386498173523752 0.343003287503448 -0.03682779002338714 304.8423422089501
0.05301745404270579 0.2500951927448522 0.9667877693935149 133.70124885994207 0.33976979474501695 0.9058863477245052 -0.25297101246086934 -38.911349912261294 -0.9390545303032287 0.3418821767546093 -0.036930730825490726 304.7990491824385
0.05356716964187917 0.2542245904987301 0.9656798924228842 134.68229300378366 0.33904175790966146 0.9050084214444554 -0.25705700169873863 -39.182921391054826 -0.9392863897888076 0.34116065175308213 -0.037698011283423656 304.7540721836939
0.054724989467474075 0.25530560533688657 0.9653296631261992 135.65966614846403 0.3390680834501651 0.9045978234778191 -0.2584632997066204 -39.45219828983259 -0.9392103341121172 0.34144203452557237 -0.037045889316382065 304.71174647487175
0.05650938555208424 0.25229059872377724 0.9660193562695114 136.6700482564338 0.3381620322735179 0.9055578278855817 -0.2562796446143337 -39.72352342822456 -0.939431648323822 0.341138400728254 -0.034126457423558416 304.6770745979601
0.0590764718191803 0.24902865108730404 0.966712398644149 137.70060888994342 0.33691839320256783 0.9066246627467924 -0.2541372759777818 -39.997767329376686 -0.9397206594252484 0.34070174758244676 -0.030325791772923355 304.64582822525915
0.060814314598389894 0.24805930920870986 0.9668540865877682 138.70854225881888 0.33619804591024766 0.9069751700169005 -0.25384146944688374 -40.26643090770244 -0.9398684997490506 0.3404772045923961 -0.02822415945480758 304.6168849720072
0.06149743035493465 0.24902385665629617 0.9665630305049867 139.68887480143084 0.3357167665464291 0.9068306223578549 -0.2549929138102569 -40.53305927191002 -0.9399961876383055 0.3401584744353697 -0.027818157318173973 304.5863141708822
0.06154074117620471 0.24985309887371657 0.9663463455795164 140.69020668852863 0.3336508413879724 0.9073525931344185 -0.25584685725160994 -40.80563071201327 -0.9407287626213444 0.3381528954785312 -0.027509064997336467 304.56023934604053
0.06174898377251267 0.24968551636075187 0.9663762943398275 141.67002568119275 0.3316193940380149 0.9081053084863276 -0.2558180325543438 -41.069374790829755 -0.9414331448217685 0.33625119960222266 -0.026710331955287978 304.53734790135667
0.06197396041118386 0.24807521234518037 0.9667764478127984 142.65560291673026 0.32676186774544763 0.9102310784710242 -0.25451079400854276 -41.33318450355504 -0.943115531756089 0.33166417097158807 -0.024635422556665842 304.5185341591709
0.0616533077401057 0.24840666207097933 0.9667123589612595 143.65155026109693 0.3231120269222205 0.9114494100602052 -0.2548119581831346 -41.59933512512127 -0.9443934218175891 0.32805183674024596 -0.024054057548491794 304.4977613455852
0.061024960075772385 0.2511782787181973 0.9660357380735864 144.61548803218727 0.3219402640628533 0.911178883305114 -0.25725112882404727 -41.86378023181199 -0.9448345226080229 0.32668985375147674 -0.02524442812172953 304.46475885322684
0.05989328704902507 0.2538894745169376 0.9653972421307796 145.58591115572636 0.3209620570625253 0.9108952262305191 -0.25946753391416844 -42.13345278138452 -0.9452395446074494 0.32538171113446335 -0.026916803542417062 304.4278803933696
0.0588340386786715 0.25890756503869283 0.9641285991846341 146.54027728746456 0.3194506672886706 0.9101510621657721 -0.26390566375896235 -42.40534815636283 -0.9458178454032113 0.3235036521367186 -0.029144431957344938 304.39036427634636
0.05870382825520247 0.262153796787175 0.9632586398511549 147.45841181202707 0.31959559660963516 0.9092195222775735 -0.26692351991799473 -42.667962209608795 -0.9457764943059072 0.32350834618002455 -0.030392262418214175 304.35051558126196
0.05853787290212917 0.26356566748424476 0.9628834763980529 148.38886956162415 0.32128243686832764 0.9082646493326795 -0.26814669998755924 -42.932837841872406 -0.9452152248273226 0.32503976398688905 -0.03149472386380751 304.3087652278124
0.05754793301876153 0.2603571242937563 0.9638154232461134 149.31966428787848 0.32089225889423006 0.9093802439085402 -0.2648118875857961 -43.18972171463481 -0.945408535582555 0.3245054839310411 -0.031197607499935994 304.27446940314695
0.05629031718404614 0.25791047974899944 0.9645468306659634 150.26090637563212 0.32032516000358346 0.9103605461115784 -0.262115207807664 -43.447476671333256 -0.9456763246681195 0.3237079436529622 -0.03135518967045771 304.238698140339
0.0550393927259486 0.25777819646393213 0.964654302241287 151.20628348694856 0.3202447169429743 0.9105400235707117 -0.26158921175032124 -43.70763347224958 -0.9457770407829429 0.32330786922228844 -0.032420929346171336 304.19924327454976
0.052675814356601576 0.258482531334335 0.9645980405935614 152.1358543168412 0.31938903903475074 0.9108595359652534 -0.26152382414175424 -43.966047935108165 -0.9462009455607373 0.3218427796615075 -0.0345609201084708 304.1589844198197
0.049084225553210355 0.258859206609794 0.9646867052241703 153.0664105003372 0.31952873482514127 0.9110405458698475 -0.26072196459324565 -44.223505252093304 -0.9463477410735974 0.3210272492137482 -0.03798000001956263 304.1129632959819
0.04521069783506716 0.25878088615531986 0.9648968860848404 153.9892704344921 0.32050935205999387 0.9110831163731244 -0.259365856342773 -44.476619554739955 -0.9462092980118961 0.3209695941443618 -0.04173571053125647 304.06208711549715
0.04048828292564779 0.25878502692779326 0.9651055744943337 154.94531064055013 0.3214572758749677 0.9111899042781493 -0.25781377887415985 -44.73815537271568 -0.9461017004827195 0.3206638834646552 -0.04628043700023474 304.0068144345158
0.036041958869370436 0.25888868113183156 0.965253857982395 155.87212367927359 0.32227101698911287 0.9112876001035888 -0.2564479776051943 -44.99095683991175 -0.9460046627018706 0.32030076873532515 -0.0505724328605032 303.94876770794326
0.031736045940926196 0.2594098984195953 0.9652650918998106 156.78870526521177 0.3230884127860532 0.911259588831771 -0.2555186662941608 -45.24154225762881 -0.945880679099922 0.31995992682834196 -0.0548771359555569 303.88414239041333
0.02731376739136994 0.26237639099607063 0.9645987006389127 157.70859109826077 0.3224138213612385 0.9110956671221327 -0.25695258545781524 -45.496440215482906 -0.9462494434720439 0.31800268245877444 -0.05969307451718277 303.816157517261
0.02234436640015118 0.26307479132935796 0.9645362734659612 158.66132046613345 0.3261879616728082 0.910081834899326 -0.25577884274999496 -45.7520993974515 -0.945085613850225 0.3203196431606872 -0.06546142509577463 303.736824778594
0.016663355238435235 0.2632928410101085 0.9645919637888942 159.5878397816027 0.32785630873502936 0.909968392468124 -0.25404601256138065 -46.001262993798406 -0.94462596996882 0.3204654700825285 -0.07114358729926794 303.6547655011796
0.009878687045041858 0.2631218974824233 0.9647321482579615 160.52601893127283 0.3294120814289679 0.9100889349629867 -0.25159060965331886 -46.249888462402254 -0.9441804102431732 0.3202643834770954 -0.07766942901647164 303.56363527353966
0.0028968900991935536 0.26300526691261666 0.9648099223729675 161.4779545789587 0.33250270189391934 0.9096836823067693 -0.24897576318590536 -46.50065348444271 -0.9431436631348019 0.32150731132054305 -0.08479930744491794 303.4597147922014
-0.0043163949668700696 0.2604183061853407 0.9655062602903078 162.49952401344837 0.33454207676964043 0.910277185006454 -0.24402549665578263 -46.76189256831615 -0.9424171099830161 0.32193316134431216 -0.09103441996790597 303.34460956571314
-0.011779942015135512 0.2589940796531253 0.9658278728686878 163.4471507078267 0.3379271897789383 0.9101157058379296 -0.23993152034012705 -46.999423461596024 -0.9411453917015103 0.32353755520357114 -0.09822595975011092 303.2265858094767
-0.019721248153463208 0.2589677220833195 0.9657057141395845 164.39632696852803 0.33953194294063516 0.9102454990557631 -0.2371598466700673 -47.23814883647659 -0.9404351827950386 0.32319502532742084 -0.10586259545319264 303.1048016914139
-0.02810164796283014 0.25930678493380105 0.9654066624506484 165.35168970745292 0.34133931759320285 0.9102443132039464 -0.234553212300802 -47.477291980593264 -0.9395670832330484 0.322924473070227 -0.11407451581427697 302.9731343116789
-0.03584277126569377 0.2591617209898708 0.9651894272454813 166.33764033330107 0.34377962463662637 0.9100829569781237 -0.23159752275555273 -47.719296510787196 -0.9384134480822881 0.3234957719686104 -0.12169791125652543 302.82986188692666
-0.044089345602352295 0.2594797183680167 0.9647626475604992 167.28656462092783 0.3477348407667357 0.9093193478098647 -0.22867501206771684 -47.95005585810238 -0.9366035732221241 0.3253840593534681 -0.13030467586166017 302.6813493383753
-0.05290754357073121 0.26135648899612185 0.9638121822967523 168.21922693608246 0.35154014236267817 0.9082758044751983 -0.22699794696192735 -48.17808426292987 -0.9347244840771834 0.3267934071845611 -0.13991505839798576 302.52540701776707
-0.06270939816461024 0.2627429032380761 0.9628469577334559 169.1552558760543 0.3543471047701319 0.9077728245026527 -0.22463423447396513 -48.40470823615784 -0.9330569784133415 0.3270799995942143 -0.15001097968762012 302.35914781433746
-0.07252191238988616 0.2624632553978342 0.9622339590258218 170.11928500087362 0.3584927703056113 0.9071766736601741 -0.22042517061023473 -48.62895854528571 -0.9307595175757146 0.328952958198022 -0.15986428080719933 302.17716898485264
-0.08236631007397228 0.2621999487533883 0.9615130571173124 171.07920118768095 0.36340315013132857 0.9062848456745064 -0.21600798308754798 -48.84752738599557 -0.928032134800302 0.3316097687773024 -0.16991454938223652 301.9851977020118
-0.09201989659610954 0.26433687490074803 0.960051903648095 172.0371064009786 0.3683180938998155 0.9048177040848436 -0.21382465735153955 -49.06786118904112 -0.9251836515055543 0.3339132080256621 -0.1806037219895406 301.783338818125
-0.09957258821459322 0.2666824582297122 0.9586484072101606 172.97257629536873 0.373570270883278 0.902998434888158 -0.21239836103963086 -49.280834122867745 -0.9222912576211332 0.33695819463635723 -0.18952101362255824 301.57761275895973
-0.10542028963435257 0.26670588542857254 0.9580163016157426 173.93804873258952 0.3779727865378377 0.9018482663126562 -0.20947582984575253 -49.49097087631941 -0.9198444642114737 0.34000560933927604 -0.19586320970236526 301.3641206495424
-0.10899669417896465 0.26651666604989954 0.9576684681379348 174.90500485939967 0.38257331768821745 0.9004664704042487 -0.20705421337777669 -49.69961268062392 -0.9175225335159642 0.34379439940492845 -0.20009282317809254 301.1456756668757
-0.1101516445782531 0.2690255645913708 0.9568346619097278 175.86675499315484 0.38649479448408697 0.8985397069755867 -0.20814061543714707 -49.91243337065303 -0.9157399949934371 0.3468692512640083 -0.20293513576085911 300.9262779379602
-0.1098212100847927 0.2727165530711248 0.9558274433533798 176.81748751772767 0.38988348538466727 0.896414054974945 -0.2109674445942678 -50.12781167730518 -0.9143422549120201 0.34947746344684455 -0.20475544185153352 300.70871388866806
-0.10785099174133612 0.2756024207518348 0.9552236418261173 177.75115340151729 0.39416618238063056 0.8939567825713606 -0.2134206556779575 -50.33928065781041 -0.9127387883448557 0.35348396752547934 -0.2050298806331453 300.49927462088124
-0.10429790357357224 0.2778812190251673 0.9549582248155559 178.6684650029681 0.3958353180887094 0.8924855248813478 -0.21646924122805766 -50.552115118766885 -0.9124297073438856 0.35541382843060143 -0.2030623886398516 300.30043966020224
-0.09804864901513251 0.27633760338673363 0.956067211043788 179.5931370724671 0.39789157986896956 0.8914751582175895 -0.21686184573622494 -50.76145683001106 -0.9122279274980167 0.35913282935378615 -0.1973435634406254 300.1095858735913
-0.09170708700713569 0.27258017624596154 0.957773636827227 180.54097354040917 0.3997893983351884 0.8910051736453473 -0.215297437534095 -50.97381648969127 -0.9120578167964732 0.363147975291072 -0.19066948292286817 299.92692296362117
-0.0859398361681259 0.2682390641389023 0.9595318627089012 181.48895643424697 0.401289048476404 0.8908589903747823 -0.21310001049582822 -51.18425905186954 -0.9119607291894102 0.36672011374908675 -0.1841857463204234 299.7518229051802
-0.08093620933913183 0.26815909612426875 0.9599894637515813 182.43559971306667 0.40121963896074575 0.8904558152157871 -0.21490909916042636 -51.400430210268574 -0.9124493007646757 0.36775687249837286 -0.17964484045690518 299.57364188289233
-0.07640716431431183 0.27190420499494516 0.9593061841230603 183.3830287095766 0.4010005011442669 0.8892809534889577 -0.220116897270655 -51.625243533503486 -0.9129350844659476 0.3678481743070852 -0.17696444090031793 299.3960324650236
-0.07273976150227801 0.27787736318563316 0.9578796860690467 184.34649906416183 0.4000264679930341 0.8879352629712491 -0.22720877380784796 -51.86505685698255 -0.9136623839869589 0.366634144172217 -0.17573053237720926 299.21463863138234
-0.06854702281344772 0.2825823821615508 0.9568120851804167 185.3021391221021 0.39795354933366844 0.8872287215172765 -0.23352158362977865 -52.1077321841313 -0.9148914544370768 0.36474333503995093 -0.17325575548097555 299.0398656777932
-0.0650933520600017 0.28287229295733535 0.9569677042573713 186.2593680962691 0.3948372786461211 0.8880590747443307 -0.2356458944425184 -52.35098853659591 -0.9164925030671311 0.362491427818825 -0.1694796197675355 298.8766944018312
-0.060587061995599364 0.27989468884274826 0.958138585145866 187.22223782666885 0.39078991204086944 0.8899489285063555 -0.2352629552494221 -52.59125364036702 -0.9185339143396936 0.36016083838102225 -0.1632837490506629 298.7239869599063
-0.05534268354551651 0.2773593560155965 0.9591924483431606 188.1942901493039 0.3889191976613412 0.8907996223571025 -0.23514270203806764 -52.83262578536992 -0.9196580947450327 0.3600186977508835 -0.15715422403094362 298.57153787711576
-0.04993996315685922 0.27674444605470044 0.9596663322533382 189.15653878611016 0.387712678286587 0.8909029403157216 -0.23673788537555163 -53.07327437973758 -0.920476096144971 0.36023595967774835 -0.15177368056554918 298.4213098382529
-0.04650167879479715 0.2770583073556655 0.959748473068091 190.10148394851748 0.3857828335788968 0.8912464514411365 -0.23859062684701146 -53.31433261579352 -0.9214665293048061 0.3591434943555152 -0.14831353631656616 298.27904986299416
-0.046482638312014934 0.2804688043425635 0.9587584284473643 191.02397092507766 0.3835670099456722 0.8912500206550195 -0.24212344023183954 -53.55581002210506 -0.9223921761132916 0.35647741981591236 -0.1489908717944177 298.1377668540273
-0.04661139328709563 0.2844967139822022 0.9575645635962735 191.91643125568797 0.3834069787325356 0.8902988894052338 -0.245847861373772 -53.79229704759573 -0.9224523637687518 0.35566155013668044 -0.150560551164558 297.9916535028297
-0.04691031460106851 0.28565519553659224 0.9572050608479189 192.7924358822493 0.3836483287007066 0.8899374383534986 -0.24677816990183465 -54.02374291702057 -0.9223365613937858 0.3556376393075844 -0.15132275671150489 297.8472222913831
-0.047142945177369805 0.28338068437059716 0.9578691703155645 193.66452990162136 0.38352114992283715 0.8905925658651157 -0.2446011660172601 -54.24790694493551 -0.922377113612297 0.35581549817093555 -0.15065240177950576 297.7091250814053
-0.04736903140566358 0.2787672686532909 0.9592104936490167 194.52519079407574 0.3845349635489725 0.891388786697067 -0.24006698401403248 -54.4619475677033 -0.921943511876067 0.35746167402831996 -0.14940500129700415 297.57455533525405
-0.04750568362854199 0.2747244828900289 0.9603704808071417 195.43128470319684 0.38401543603255145 0.8926069943558663 -0.2363438645589892 -54.686047289650716 -0.9221534361671367 0.357552516525178 -0.1478868843317216 297.4367585444001
-0.04781777898569571 0.2750256418897457 0.960269000738574 196.30155645241283 0.3839836700193321 0.892575333390119 -0.23651637776549683 -54.90578511646919 -0.9221505886425666 0.357401161479527 -0.148270985370982 297.2974610998
-0.04811817023702819 0.28018120159299853 0.9587622408216215 197.13969855427183 0.38405404595930337 0.8912937134246357 -0.24118934223002725 -55.12577666914905 -0.9221055808695079 0.35659420721448304 -0.15047646560347924 297.1575466006175
-0.04887710528777771 0.2858086115154498 0.9570610393568948 197.9545690533152 0.38345750010038776 0.8901663626166658 -0.24624770527097722 -55.34649734930138 -0.9223135318808056 0.3549400982858662 -0.15308799195872672 297.0185949751028
-0.05045380265268638 0.2895515166142631 0.9558531717648504 198.76584082658476 0.3821294398228218 0.8898625259367151 -0.24939049593769724 -55.56722051690684 -0.9227797342005456 0.35266082755759426 -0.1555266871301496 296.8808382942604
-0.051080366880406215 0.2901339564092632 0.9556433559361197 199.56623696302015 0.3817845214250286 0.88990461842423 -0.24976829907238077 -55.782915587779854 -0.9228877942825923 0.35207556337387175 -0.15620883012239126 296.7451802531949
-0.051800945457585075 0.29001955575853255 0.9556392787478263 200.4029845252737 0.3819641746015747 0.8899377684767455 -0.2493752873317459 -56.00462266678815 -0.9227734697877072 0.3520860483298445 -0.15686022126618596 296.6026432409821
-0.052690566431219193 0.2881912670928686 0.9561433690151737 201.2525617042398 0.38201244204497514 0.8904821224039099 -0.24734827248734206 -56.22606414119221 -0.9227026535402917 0.35220937092826726 -0.15699640410767723 296.4582293205071
-0.054111949960204866 0.2849159414928905 0.9570454238359389 202.1446251442803 0.3820782283953782 0.8914372279761618 -0.24378099348326057 -56.454833722961865 -0.9225933564437384 0.35245838244313693 -0.15708104573718118 296.3070371835804
-0.0557885839480019 0.28144797176647685 0.9579749310888949 203.05303257198634 0.3829336833197019 0.8921477462894444 -0.23980768319596324 -56.681011090109195 -0.9221389567841448 0.3534459809235283 -0.1575309137027341 296.15146376852385
-0.05720183384951012 0.2809125673091166 0.9580487519471474 203.94988724019635 0.3838901317668845 0.8920497687573637 -0.23864006401575782 -56.90560380982915 -0.9216543560105714 0.354118276171654 -0.15884988506925607 295.995480008292
-0.05885749109985506 0.2835480545485532 0.9571713748286851 204.83132068722526 0.3850659710827907 0.8910975030672214 -0.24029660742680298 -57.13377971273927 -0.92105940122619 0.3544142894979941 -0.16161564376796755 295.8349544248285
-0.05970774323060006 0.29037707832119897 0.955069467052358 205.70582758664688 0.3848940115825133 0.8895089779644857 -0.24638172756205176 -57.37279235658175 -0.9210773527549185 0.35287288955812735 -0.16485847265504125 295.6722984238055
-0.05938819170673685 0.29677318887004983 0.9531209442521534 206.53070291847536 0.384456223175417 0.8879719779923165 -0.2525323010643285 -57.60316351065578 -0.9212806775877589 0.35141940805138006 -0.16681457007617062 295.5201831633531
-0.05870225957257743 0.29860646212011716 0.9525911769404041 207.3293734961653 0.3847038548625192 0.8873206014668288 -0.25443932861390683 -57.82268854057052 -0.9212220711715475 0.35151285718444775 -0.16694636645593525 295.3784885131309
-0.056506089225422926 0.2967930452526698 0.9532902101078695 208.15847919516145 0.383318140013259 0.8881091494702504 -0.25377866181248265 -58.04576790658215 -0.9219367174158246 0.3510567359933309 -0.16393328458889464 295.241674980966
-0.053597862032552915 0.2936413006596055 0.9544329629818491 209.00393767889472 0.38107408332126447 0.8895047219435445 -0.2522652527445838 -58.27085468171031 -0.9230398627958343 0.3501719711112486 -0.1595586635528636 295.1104763666222
-0.04932230472540615 0.29190336415990253 0.955196395822072 209.87226679035822 0.3793867036660831 0.8901753200914551 -0.2524430332295628 -58.50264320191664 -0.9239729603541329 0.34992081047944606 -0.15463383569776915 294.97644786255444
-0.04573880606617857 0.2918192427317693 0.9553998548515888 210.68808434277753 0.37760370838472784 0.8905122463419554 -0.25392192919190726 -58.72411328283392 -0.9248863764242622 0.34913166695202813 -0.15090626586536335 294.8537253127026
-0.04350770825199751 0.29217238768895715 0.9553965574088252 211.52022848694122 0.37600375087748683 0.8907973010470325 -0.25529378110576223 -58.951538461965434 -0.9256461546313994 0.34810840943553395 -0.14859804099744217 294.7301747005973
-0.04145651908808989 0.2954860036838928 0.95446800924969 212.31133430528374 0.375212542813646 0.8899940762367756 -0.25922811340889496 -59.17252307092353 -0.9260610377911506 0.34736466539051475 -0.14774924120291053 294.6093819727919
-0.03894456907803619 0.2973845301999002 0.9539840833381253 213.11361354304458 0.37491627643064623 0.8893293497521852 -0.26192379168011937 -59.39824172354444 -0.9262901564740978 0.34744660071845734 -0.14611213244219656 294.4867565302993
-0.037132248725476984 0.2971555834253122 0.9541276802495802 213.9154261416775 0.3745398432625061 0.8893463912367036 -0.26240305131117875 -59.621289433684886 -0.9265169580788106 0.34759791014413727 -0.1443033206852851 294.36804483222016
-0.035959705245745585 0.29365148412546965 0.9552573085566252 214.76621214469452 0.37357037150303546 0.8905480546583691 -0.25969612177525536 -59.851991593805444 -0.926954934041639 0.3474998207723351 -0.14170622410579056 294.24649887347067
-0.03506017163990509 0.2906781904224295 0.9561995829092645 215.59751269596333 0.3724139106311709 0.8916943620291643 -0.2574133648611305 -60.07654500588152 -0.9274545228738993 0.3470594670335143 -0.13949863960833014 294.12891752102337
-0.03502452544333403 0.2907579229230292 0.9561766234142736 216.37572600888532 0.37130333304139596 0.8920841747609013 -0.25766709891003675 -60.28911375399118 -0.9279009045814655 0.345989450067497 -0.13918740980147876 294.0197605634515
-0.035672230469786445 0.29502961185580123 0.9548428464304236 217.1695872118285 0.3691974857248412 0.8917700464982439 -0.26174751434800186 -60.51474675521872 -0.9287158914094055 0.34317136726828557 -0.14071843583884167 293.90229453005384
-0.036309359184267045 0.29996386225281724 0.9532806074031293 217.93362533349043 0.367314515985723 0.8911620340525965 -0.26642594304896705 -60.73724597620156 -0.9294377700828348 0.3404629342005997 -0.14252150965019658 293.7851124817425
-0.03753241691550638 0.30213634520833926 0.9525473562779555 218.6919338594027 0.3624918427663129 0.8924281060989019 -0.26878357493565 -60.95811922853963 -0.9312807390888813 0.33518546114506453 -0.14299994328356894 293.6795471723832
-0.03790120991025494 0.3018801942965473 0.9526137528866419 219.38872205072212 0.360798981892594 0.8931452670165683 -0.26867886888328796 -61.15661103810158 -0.9319228707116248 0.3335012663567035 -0.14275197980817952 293.5792530494861
-0.03840860753728659 0.2988827189977819 0.9535380992709594 220.1108075843071 0.35995707468945914 0.8943376282359365 -0.2658263933900697 -61.35706245705801 -0.9322275392088993 0.33300488368194475 -0.14191807584737487 293.475065181134
-0.03897988244906492 0.29530118656264165 0.954630258812575 220.79804515431454 0.3600712391003035 0.8953446354013366 -0.26225832991023046 -61.54401799731216 -0.9321598624646769 0.3334942056858456 -0.14121276591419332 293.375959987207
-0.03967762562933889 0.2927643336760268 0.955383369757703 221.48382603814997 0.35967716605899464 0.8962475583314217 -0.2597038890467171 -61.731048916768444 -0.9322836749346419 0.33330750677700843 -0.14084361434587678 293.2772579682728
-0.04022217169915861 0.2931812127257736 0.9552323305319014 222.1330137214174 0.35836728876709534 0.8966537296259087 -0.26011049239820005 -61.91334682548707 -0.9327644372015862 0.33184418155407686 -0.14111333146730787 293.18482508292317
-0.04054806240704331 0.29579468962071764 0.9544119404724714 222.74338294733823 0.357103945277438 0.8964179103490191 -0.2626475359409939 -62.08859406771206 -0.9332342153342881 0.33015714521617345 -0.14195821076020299 293.0937543045571
-0.04034982381363226 0.29999037496367503 0.953109857778975 223.31691484724635 0.35682648024029484 0.8953321710097447 -0.26669675933710546 -62.25545228148112 -0.933348740547156 0.32931662999978545 -0.14315176364825005 293.0059117431281
-0.039591057586703025 0.3026132722377827 0.9523122385390193 223.8360010320303 0.3573473498506039 0.8943350711556011 -0.26933200062774115 -62.406734978306815 -0.9331823446600922 0.3296260321382061 -0.1435266216119233 292.927870495371
-0.039069286254674346 0.30328666299504287 0.9521194082073611 224.3370355045506 0.3569178931245271 0.8942434932237613 -0.2702033115962695 -62.55394709445833 -0.9333681584464201 0.3292546691802893 -0.14316651502732622 292.85565788386117
-0.038844347240245485 0.30356485012238404 0.9520394768127668 224.82634078260625 0.3560111403773428 0.8944609276876799 -0.27067779547155113 -62.697132745780216 -0.9337233437596668 0.32840536014275473 -0.14279763100582138 292.78833035505886
-0.038915140990191895 0.303853993938994 0.9519442450171073 225.30896280397647 0.3550324885587376 0.8947293387584012 -0.27107579288162253 -62.83825379198967 -0.9340930190401473 0.3274052341804269 -0.1426768991197445 292.7217340594382
-0.03901263352552623 0.30529888556302237 0.9514778883215282 225.76716765218643 0.3548198967969208 0.8944010321270051 -0.27243419476722847 -62.97419174749209 -0.9341697584497354 0.32695783158392533 -0.1431992271484272 292.65301887563334
-0.03958385356039296 0.3074437569026834 0.9507631080573145 226.215051106814 0.3550214005676595 0.8937714839785763 -0.274231409835055 -63.1067851268062 -0.9340688652205004 0.32666916371268123 -0.14450767381426574 292.5797977131086
-0.041716290623390814 0.30962970417353425 0.9499622667081474 226.6476449820002 0.3557386246022588 0.893103996632449 -0.27547330027296574 -63.2362839719576 -0.9337029266149829 0.3264297230748225 -0.14738344575425918 292.5062478175995
-0.04573235091779313 0.3109289756409987 0.9493529004724232 227.08560801156733 0.35684391313887887 0.892748156101799 -0.27519763646343126 -63.36798901977975 -0.933093312275116 0.3261687006691742 -0.1517600722821894 292.42950874324157
-0.05025712635647343 0.31112361497453345 0.9490606958716503 227.5264248595925 0.3583831059764507 0.892611569841318 -0.2736375489730791 -63.498797146222 -0.9322707750118959 0.32635882515363235 -0.15634081199636143 292.3488522022052
-0.05472269450189837 0.3111228287321628 0.9488137148451575 227.9667752316343 0.36056171385308844 0.8922974659634224 -0.2717929280028844 -63.627387327000086 -0.9311781649028013 0.32721609460110695 -0.1609874553882556 292.2658472047691
-0.0595089277666304 0.3112804440464738 0.9484737682128055 228.3921578967481 0.3637824311108464 0.8915984509355368 -0.2697877048714323 -63.75076369581278 -0.9296305485712512 0.3289667167837593 -0.16627601046026047 292.1818271553326
-0.06423972089399597 0.31131930712983613 0.9481523562152941 228.80389672650028 0.36659425173193244 0.8910653552180405 -0.26773507402330154 -63.86913069278383 -0.9282100303684017 0.3303715016986927 -0.17134915278640261 292.0985854716969
-0.06845181175409636 0.3105458028587486 0.9481110673528867 229.20117063450058 0.36872942133321884 0.8909430462214816 -0.26519708719769863 -63.980712185545876 -0.9270624590716281 0.331426659457159 -0.17547371990506858 292.0175423607652
-0.07221103369522978 0.31027308466495024 0.9479214691720738 229.56231468578437 0.3700926549473804 0.8909063184094806 -0.2634156201962997 -64.08276544312274 -0.9262337880950419 0.33178056193273064 -0.17914270830592774 291.94262504071
-0.07546177589546518 0.31043065593471825 0.9476165122842608 229.8960642636925 0.3709291991060904 0.8908856842339082 -0.2623057293052062 -64.17926275489471 -0.9256395076518306 0.33168753580497856 -0.18235523539722334 291.8723668698804
-0.07821568344643141 0.3120539380883717 0.9468596406804989 230.1997795037539 0.3716735009088543 0.8904425249670191 -0.26275644066022535 -64.26747283455825 -0.9251122608407665 0.3313539017967412 -0.18560848733249335 291.80695045100833
-0.08032882720247989 0.3140419251850814 0.9460251722778014 230.50097128632007 0.3725785736512781 0.8897758986871127 -0.2637310043319932 -64.35467078033936 -0.9245670421212694 0.3312664569417492 -0.18845965137462758 291.74192434092714
-0.08237376379459896 0.31459682016358914 0.9456649241969612 230.80420653258037 0.37442597930740157 0.8891624894793104 -0.26318291185967624 -64.44041812955199 -0.9236405655418685 0.3323849345646286 -0.19101653621392853 291.676203998171
-0.08592585397316653 0.31451097690237234 0.9453773344391121 231.1169167409035 0.37691823876166475 0.8886426593958854 -0.261375502918609 -64.52589668948363 -0.9223023549372543 0.33385423838227496 -0.19488165615086353 291.6072927591643
-0.09094784393343971 0.31414757208384236 0.9450280908046979 231.42136370936964 0.3786643453014771 0.8886104513727193 -0.25894911965071965 -64.60857334322239 -0.9211046733135254 0.33428052533631986 -0.1997533797560459 291.5363325202847
-0.09618753495506802 0.3141212423452233 0.9445178110090846 231.72101960901145 0.3804372531400196 0.8884930021825509 -0.2567439661515675 -64.69113232836375 -0.9198410004917505 0.33461711821505524 -0.20494500773716273 291.46279339931357
-0.10130702554778488 0.31422890742379467 0.9439464741432183 232.02137370104566 0.3819954634592047 0.8884013869778983 -0.25473958473809577 -64.77099010707134 -0.9186447905431215 0.3347593057173042 -0.21001495971893921 291.38756767100364
-0.10705437402207561 0.3144314352171028 0.9432448406719944 232.30429625428346 0.38327293306773663 0.8884450962465472 -0.2526610037778976 -64.84694464196522 -0.9174598446115504 0.3344546308024169 -0.21560440722949714 291.31544099270553
-0.11368537530168601 0.31455386108167077 0.9424272499086994 232.593952295728 0.3847515464153506 0.8885173062170669 -0.2501453041748745 -64.9234991764114 -0.9160422155911164 0.3341457618349708 -0.22201601656509584 291.23811186638693
-0.12094267541305641 0.31502097190160155 0.9413672203255361 232.87255151179514 0.38666100839970047 0.8883968155687869 -0.24761603675060034 -64.99681911896606 -0.9143072710843739 0.33402589723408577 -0.22923090435915838 291.1590864008294
-0.1294114115076079 0.3178997130758006 0.9392711847738386 233.14762756746015 0.38905419647194384 0.8875788930041403 -0.24679886488795372 -65.07002711732012 -0.9121296618477057 0.33347242412654826 -0.23852256791695295 291.0779365125177
-0.13907460514836162 0.32014426611837143 0.9371252777767703 233.42130479571017 0.3915369864995766 0.8870087567789338 -0.24491491904474638 -65.14042935696399 -0.9096414547466016 0.33284159842412986 -0.24868823106978558 290.99257967402673
-0.151263467948674 0.3210401016782515 0.9349281965478464 233.70086886039542 0.3941904130079505 0.8869633312808614 -0.24079085372640885 -65.2084555386368 -0.9065458389203565 0.33210028759039023 -0.2606954322384129 290.89877572962314
-0.16471700479701348 0.3222953267435315 0.9322187035987302 233.9843265990713 0.3969013016451909 0.8869085206369692 -0.23649850171824371 -65.27650081488252 -0.9030110137519181 0.3310275233957281 -0.27398784454939307 290.79862143928807
-0.17826524431446347 0.323308096262355 0.9293711462791208 234.26982042734045 0.3999293645348959 0.886793291079564 -0.23178275288560324 -65.34335433400531 -0.8990938505426347 0.33034804508600824 -0.28736419194305385 290.6919973778496
-0.19212893042609577 0.3237791370585826 0.9264401370402839 234.56629979429002 0.40257381789955926 0.8869635589947381 -0.2264931771010703 -65.41099739409081 -0.8950493642255419 0.3294285426059268 -0.3007353106311163 290.5784728403515
-0.2070813349305556 0.3240322482003057 0.9231243519003913 234.86620255045543 0.40484232976584766 0.8873981041931804 -0.22067280292857153 -65.47618691709208 -0.890681178755465 0.32800619648384594 -0.31492450622645424 290.4584118933672
-0.2221791218138114 0.3248280805967921 0.9193264621473097 235.16088011258353 0.40768858958647924 0.8874765042933004 -0.21504397407150727 -65.53874753013825 -0.8857306624223061 0.327004462498633 -0.32958649782895916 290.3308723916861
-0.23764403995258318 0.32609074296802476 0.9150018893002014 235.45240691285363 0.41209442597783097 0.8868769569124152 -0.20903660164442148 -65.59827317964148 -0.8796568532705537 0.327374783546283 -0.3451201964084134 290.19381427209095
-0.2549212985857807 0.3280656643796078 0.9096298907275239 235.74133063620403 0.4163576708164506 0.8862959184713592 -0.2029649422940889 -65.6558562234136 -0.8727854221990714 0.32697511462491313 -0.36250711758154813 290.0509910919616
-0.2742999393930614 0.32991332480008445 0.9033021088744101 236.05327176954256 0.42016694274961314 0.8860601769014966 -0.19602469305031087 -65.7157054929983 -0.8650502363807804 0.3257520999798562 -0.3816436401289716 289.88988091571315
-0.29589050561809827 0.3306997074218987 0.8961716318001209 236.37623289193826 0.4230747378199523 0.8865308740279715 -0.18745254556603666 -65.77366031567064 -0.8564741629858201 0.3236664239644482 -0.4022061301271067 289.71537332884213
-0.31912866855507954 0.33116341281901546 0.8879896951908567 236.70253252312406 0.42585539741851597 0.8871848848355908 -0.17781572363391662 -65.82511072346159 -0.8466972511985182 0.3213930427692814 -0.4241326975721285 289.5275043315498
-0.3431157682026834 0.3310823867235706 0.8790302224125564 237.01050664614473 0.42849458262379325 0.8879790499117429 -0.16719437494092482 -65.86942415536177 -0.835916126294293 0.3192765438115837 -0.44652557299827267 289.33604277283405
-0.3671312088944448 0.33117792995880363 0.8692377169544214 237.32983488279348 0.4327785132276976 0.8880191269856029 -0.15554300969765802 -65.91253298686888 -0.8234131355112444 0.3190667549670084 -0.46932480406143945 289.1230851504263
-0.3920895149100515 0.3312012290772204 0.8582595001879542 237.64883541133378 0.4380317253993448 0.8876436761546191 -0.14242657870330053 -65.95088553585471 -0.8090023893693468 0.32008506795300273 -0.49309145931069015 288.8958480791249
-0.41817966265683953 0.3309570182668394 0.8459493157264881 237.9711278136536 0.44393425242012635 0.8869728106528989 -0.12755276954605752 -65.98248381787153 -0.7925512029337052 0.3221903082809127 -0.517816549036506 288.65176845787727
-0.4443003538158572 0.3306853203603642 0.8326356703898531 238.30922968711576 0.4485594991114677 0.8866476832010779 -0.11277971302027284 -66.01105115918999 -0.7755520938169931 0.3233627714283524 -0.5422488969682974 288.3834669539354
-0.47083375984797954 0.33044830500968253 0.8180198001554516 238.66004002637177 0.45229625050917094 0.8865288842164389 -0.09778904267890767 -66.03639392119952 -0.7575162272695316 0.3239294120157588 -0.566847932431172 288.09028056536823
-0.4969021023003619 0.33082233433458585 0.8022974677812891 238.99685762460365 0.456345519669133 0.8859902263981345 -0.08269261627347933 -66.05474634011908 -0.7381888990262381 0.325019452934397 -0.5911996088873543 287.788033871342
-0.5225724079776751 0.33143118253008813 0.785562017905134 239.33511060443445 0.46030350219431465 0.8852467518508862 -0.06728181272894265 -66.06672357326418 -0.7177206467081808 0.32642235156533156 -0.61514471571085 287.4670083285613
-0.5484861537950481 0.33139917275045194 0.767706719440695 239.67571452494653 0.46345384894265607 0.8847026605798551 -0.05078665267846441 -66.0686282398856 -0.6960288803780585 0.32792600126952437 -0.6388159429850374 287.1274112890546
-0.5745661628513095 0.331097464054375 0.748521221203387 240.0321034571237 0.46517261766453494 0.8845961223711956 -0.03421729036603352 -66.06453708761265 -0.673475450429961 0.3285165062025256 -0.6622575320111701 286.75533340711854
-0.600019510078975 0.3309641749081038 0.7283371089204462 240.38594669720518 0.4661823279400332 0.8845455142663684 -0.01789208170922095 -66.0534254639547 -0.6501766283326882 0.3287874738856928 -0.6850156257388361 286.3632628323697
-0.625207874994515 0.3313874358439852 0.7066350495013478 240.72565802449247 0.46663999449402166 0.8844831571047322 -0.0019197301177025228 -66.03501816709344 -0.6256511271771813 0.32852917409262267 -0.7076062052998422 285.9603744001532
-0.6493826934061531 0.33188033221256313 0.6842464961111008 241.0641864953891 0.46686448245247075 0.8842531192196141 0.014191439069006093 -66.00779321469543 -0.6003458422472016 0.3286513046664619 -0.7291435164092684 285.5338799183254
-0.6725204408247126 0.3327127601313928 0.6611008842628524 241.39623284117914 0.4669497856725205 0.8838054757743894 0.030226321299948677 -65.97217978132667 -0.5742370772799636 0.3290140064451932 -0.7497191565553541 285.08885231434726
-0.694287785886413 0.33453948986128046 0.6372464574571874 241.70846835686996 0.4672808189098666 0.8829712743862284 0.04557384968298391 -65.93014091244552 -0.5474341688236307 0.32939978433523825 -0.7693427786091986 284.6398756756674
-0.7147634964684878 0.33602375665379125 0.6133806404886344 242.03148147951555 0.4668479677511202 0.8822907145064812 0.06067788763926685 -65.8756007115441 -0.5208017502478112 0.32971118871792837 -0.7874848377001223 284.1534331102602
-0.7342625441738746 0.33628485806105546 0.5897511851970547 242.32877059154785 0.4649020751516179 0.8821479821945826 0.07581148987079284 -65.81503293603514 -0.4947648842920891 0.32982739133143324 -0.804051132105272 283.6757281908362
-0.7526834307173 0.337874176665644 0.5651050769665756 242.6198425536955 0.4637922088004542 0.8813147608111348 0.09081223337334249 -65.74730854168409 -0.46736461338364504 0.3304294865610374 -0.8200385455734671 283.1762276003807
-0.7713617807024901 0.33660341680203865 0.5401236326891521 242.90560394306075 0.4593235146934656 0.8819143507818795 0.10636954103539632 -65.66883140185278 -0.4405513917751616 0.33012624576497995 -0.8348696332582511 282.6587236598724
-0.7895648262756089 0.33513922494326553 0.5141052099044626 243.18341030478305 0.45438063670916007 0.8823619609227014 0.12264444267116689 -65.57785653421233 -0.41253705521147777 0.3304203304913227 -0.8489476445362725 282.12106597263073
-0.8065323621547963 0.33484235223896897 0.48725973615352447 243.4323733397102 0.4508744119536261 0.8814887454244689 0.14055723268385517 -65.47437778812957 -0.38246271937821125 0.33304224970696045 -0.8619061895506394 281.59614827716536
-0.8223460614363384 0.33535258951448255 0.45969745484916097 243.68087089635307 0.4477119039879717 0.8799719690847303 0.15896541563846525 -65.35179971527788 -0.3512250435056419 0.33652193219255616 -0.8737682905325673 281.03372605174366
-0.8379173659176937 0.3350109412067424 0.43092557636006573 243.92093586850396 0.44264076181932005 0.8790273927593355 0.17732984414039976 -65.21587688655801 -0.3194025663535041 0.33931833463817945 -0.8848285579409585 280.4489059621416
-0.853632020511355 0.3329617457392132 0.40060359008867336 244.15266787342327 0.43412346729016105 0.8797914175402741 0.19382870256789692 -65.06921706122982 -0.28792518896011443 0.33935506322998127 -0.8955521651917225 279.83365885177426
-0.8680051873632284 0.33311755358382755 0.3682869140053306 244.35592869531277 0.42664292932239817 0.8797950810839655 0.20977178641529018 -64.91468055567424 -0.25415331314948714 0.3391955053051764 -0.9057758905531699 279.2159241156787
-0.8795936771033319 0.3364617216522023 0.33636854985849246 244.53443079120476 0.4218797891238501 0.8784512364068713 0.22451773169596087 -64.7486515748455 -0.21995721736317767 0.3393771807616316 -0.9146144353105496 278.590659615666
-0.8898767576360097 0.3406437084702158 0.30350675406642774 244.7013001045301 0.4170842514567789 0.8770454320831402 0.23853399796187783 -64.56597573101001 -0.1849501324288575 0.338839356481691 -0.9225283077660363 277.93116787402994
-0.899774736171693 0.34360734553404937 0.2690246204413162 244.84650735079998 0.40999806849459175 0.8767861963437803 0.25142251450448505 -64.37737147165868 -0.14950317841670765 0.33650879020306534 -0.9297781272608019 277.26208679506044
-0.9083217105151552 0.346405960016115 0.2344975410257813 244.9676470775689 0.4021944803772978 0.8773394948450299 0.2618776620896707 -64.18361913856755 -0.11503529661316873 0.33216827597881976 -0.9362197525835148 276.58375060623814
-0.9143632318796866 0.3500720421732666 0.20352800404420213 245.0688136995632 0.39597926986526066 0.8781507153669633 0.268545300228578 -63.987918606478445 -0.08473570063237346 0.32612640798481424 -0.9415613928055915 275.9009122071799
-0.918520096907717 0.35497082054435397 0.17421395993407138 245.1483559489163 0.39161037871104115 0.8776475035071377 0.2764799517399241 -63.786670601152416 -0.05477427752468951 0.32216191619705675 -0.9451392529733811 275.2211032444614
-0.9222484154247886 0.3579226222698067 0.14622604043495277 245.21358080049856 0.3858247667443679 0.8765425722565496 0.2878836278222018 -63.56638807615711 -0.025152025154294832 0.32190349710209565 -0.9464785517929832 274.5356782041019
-0.9254115761759133 0.3597094753403621 0.1193964126487934 245.26352233677667 0.3789926854089549 0.8753157611491188 0.3004187336515369 -63.33749020790103 0.003534849400913094 0.32324672159424156 -0.9463482814990959 273.8542213855743
-0.9279932532350688 0.3603420270943096 0.0949476160469981 245.29799046684266 0.371498863289837 0.874669652696141 0.3114581734950492 -63.104440712889435 0.02916433814372401 0.3242894333648407 -0.9455482791553017 273.1765199605541
-0.9297283160611406 0.3607461689856618 0.0741663406394033 245.31719486196334 0.36479221108019205 0.8743374034106017 0.3201963559463548 -62.87097207397593 0.05064370578849372 0.3247363061821581 -0.9444879422282689 272.50711467167565
-0.9306689671711039 0.36167670688687986 0.05549760051697018 245.32526941230722 0.3591829444482994 0.8740475351554845 0.3272518990745151 -62.62828063035595 0.06983267860478568 0.32448248680047626 -0.9433511173371174 271.81874352995897
-0.931460315323504 0.361785735357287 0.03908284356794744 245.32497893182523 0.3534266807579654 0.8738795315650032 0.33390025055477723 -62.37970137050261 0.0866273209869579 0.3248133166615341 -0.9418434554593343 271.1278806344675
-0.9321605703689022 0.3613708044965731 0.02285709289621642 245.31398639166383 0.3470428046286918 0.8736337688187653 0.3411604057901668 -62.1184785803487 0.10329716498335831 0.3259342772285512 -0.9397732134825459 270.4219996820635
-0.9325979319778889 0.3609095432733725 0.006330318349133664 245.2918413944307 0.3401080644970511 0.8727113621130165 0.35038071678757693 -61.83830260368346 0.12091140586958862 0.32890269829993396 -0.9366324243310783 269.68971624281056
-0.9330072933676502 0.3597862920709183 -0.009254201124888237 245.25969135246115 0.3325298031798041 0.8716025234214919 0.36027578483863754 -61.54514155341928 0.13766843108401114 0.33304803162294505 -0.932846795233018 268.94903308580143
-0.9333002924193902 0.35827773536231056 -0.024934185118580095 245.21471028416937 0.3245470122254589 0.8711013796089293 0.3686700888207563 -61.2412218531158 0.15378656733551357 0.33597307047547054 -0.9292730428957653 268.1976978572819
-0.93338289896647 0.3565726394030341 -0.041064347593797665 245.15638996190316 0.31641204966505004 0.8714414126166921 0.374885661955405 -60.92700386524703 0.16943926394851871 0.3369036986801675 -0.9262088796572107 267.42836570682397
-0.9332281638331168 0.3548465321735268 -0.05659832087202461 245.08569023593847 0.3087854008205178 0.8725102232640386 0.37873974829252105 -60.61264475153 0.18375731923964034 0.335958919415614 -0.9238190642332157 266.65182905021277
-0.9317934487319512 0.3557774608072196 -0.07222420281501254 244.9987451572306 0.3046032783087797 0.8744454111400528 0.37766059055505924 -60.30511145932632 0.19749928132623032 0.3298871159579662 -0.9231711617279514 265.8788262225087
-0.9315963929090796 0.353274652934388 -0.0857818573730813 244.90902555670814 0.2984325216059046 0.8779238390504459 0.3745038793491942 -60.00040421360743 0.20759279701236683 0.3232713847522559 -0.9232970013807913 265.10170785701507
-0.9312469808281396 0.3508327015054539 -0.098636630127252 244.81122852825195 0.2922647798982562 0.8806526862560127 0.3729582403225982 -59.699681221513494 0.21769077676568213 0.31847316417779803 -0.9226388545980376 264.33625625506284
-0.9297350006884477 0.3526926798579917 -0.10599388361238604 244.70394660356527 0.29073155264466405 0.8795968368058154 0.3766296832053258 -59.38220270663223 0.22604665023466888 0.3193352280504421 -0.9203286791195977 263.55770073778405
-0.9281863071967136 0.3552326602925473 -0.11097244727601895 244.59370599956773 0.2901954194863499 0.8775374937632138 0.3818125469325435 -59.05280769009295 0.23299505457265104 0.32217423881329477 -0.9176025691563866 262.7749737429232
-0.9260057516185503 0.35889061923118704 -0.11724347441860689 244.47757396622475 0.29084498336725045 0.8760951257415529 0.38462064457187123 -58.7233831593001 0.24073337516678112 0.3220459532836631 -0.9156479756052393 261.9932694919097
-0.9246207758717202 0.3606311388546755 -0.12270675285785447 244.36078185940136 0.2907212091140168 0.8762059908569592 0.3844618944499373 -58.40524542493391 0.2461453665021873 0.31979270843068824 -0.9149986038655024 261.2208512861237
-0.9242387460173845 0.3601120715616879 -0.12703745263820304 244.2439255075199 0.2884674253377659 0.8764243633843178 0.38566102954424025 -58.08145883401578 0.25019987146184114 0.3197812334903348 -0.9139022179760765 260.4398045296919
-0.9233317326818551 0.36096464405204 -0.13114478761689588 244.11894876482097 0.2880302201363705 0.8767485737982267 0.3852495822613228 -57.75999460862219 0.2540226868256176 0.31792403141636827 -0.913495261041033 259.66129455348323
-0.9227749879417921 0.36172146406511463 -0.13296363390674204 243.9969070151735 0.2880501039345478 0.8765874770441586 0.38560120688399807 -57.439913471907566 0.2560148636653142 0.31750751898706575 -0.9130838357778432 258.8934147025921
-0.9220922878169842 0.3630334664176612 -0.1341159366815362 243.87194304739612 0.28901807340924307 0.8764267274035099 0.38524180131616964 -57.11108615101004 0.257379015254942 0.31645100153631384 -0.9130670982836688 258.10284415561375
-0.9220981090732715 0.3631912810466256 -0.133646072165177 243.75456200399057 0.28931270707499723 0.8763132477557796 0.3852786194028428 -56.77895760879412 0.25702638966905067 0.3165834860089617 -0.9131204485495851 257.3084614042802
-0.9214647268833439 0.3651615128403711 -0.132643193317457 243.63657504900337 0.29161622174249807 0.8757072105067918 0.3849195787307931 -56.444426605376954 0.2566951772734299 0.3159931884753636 -0.9134180652256083 256.50775393718123
-0.9210005310163641 0.3673790222087429 -0.12971012428137282 243.52252134940923 0.2948292573032768 0.874854387792072 0.38441040177667124 -56.10847545342666 0.25468264326916573 0.3157842259510917 -0.9140533311962983 255.7049241750995
-0.9214311247799276 0.36807860572043744 -0.12456461821141195 243.41801714832454 0.2974473077063081 0.8743904432924701 0.38344732231714107 -55.77680019524813 0.2500377584094225 0.3162531892535712 -0.9151728650883106 254.9092939615691
-0.922018256314812 0.3685693179167168 -0.11862578410271664 243.31966847186493 0.30013049347823756 0.8739117498014078 0.38244647417890987 -55.44048894066538 0.2446074135374761 0.31700385701627626 -0.9163799358237177 254.09948883004589
-0.9226346029435178 0.36887420484588607 -0.11273816085180184 243.22695407326364 0.30263541824939943 0.873521088784661 0.38136334317482484 -55.10336621053364 0.2391352548834815 0.31772463328159145 -0.9175736736920672 253.2832919558698
-0.9233762186517323 0.3688215413770523 -0.10667727268695239 243.1374987447718 0.30505051941246764 0.8734939541992985 0.37949688982498775 -54.767154270106175 0.23312945982963015 0.3178611240036544 -0.91907091710915 252.45911852418743
-0.9241270504030874 0.368595229252995 -0.1007990148652176 243.05592578467602 0.3071458025193984 0.8734295422452998 0.37795207650995233 -54.4329880449875 0.22733275571078687 0.31830015617463464 -0.9203702897874432 251.6372763495497
-0.9247005899123556 0.36876876621317467 -0.0947247824229003 242.9796035873046 0.3097248372095214 0.8732827720789944 0.37618258360129814 -54.10577271916554 0.22142625878463745 0.31850231069067103 -0.9217394042901188 250.8289552638277
-0.9252740602297617 0.36877929586435276 -0.0889050087987017 242.9090131046353 0.31203219941314747 0.873185531974485 0.3744975120039764 -53.79283046115872 0.21571798680959486 0.31875598243927383 -0.9230044574398677 250.05073918659377
-0.9259082459032403 0.3685382710859353 -0.08311191168114898 242.84561685758695 0.31399945594450607 0.8730495924864754 0.3731677553044718 -53.47618495705581 0.21006785891097265 0.3194064594070943 -0.9240820483973783 249.26311434352291
-0.9264941159434458 0.36825565384777387 -0.07765538063444986 242.7883353600666 0.3156935393648326 0.872782340289392 0.3723627855243705 -53.16413662826102 0.2048814535582069 0.32046097165777937 -0.9248810605208024 248.48502608731542
-0.9270260672870946 0.3679298114474284 -0.07269169039965676 242.73560272313486 0.31708044557347254 0.8724182021301522 0.37203750548511905 -52.85507947921644 0.2002817792868884 0.321823590435046 -0.9254153421127884 247.71464968038097
-0.9274008405039217 0.36768791313818533 -0.06904172174674615 242.68434727377743 0.3181291134881927 0.8721967978532673 0.37166140571838363 -52.544215189971624 0.1968540042071197 0.3226990279157331 -0.9258459408471725 246.937629731521
-0.9276351909784621 0.36727593027454086 -0.06807433727718096 242.63592925477306 0.3180942743388602 0.8722804386339378 0.3714946431144834 -52.249995794633236 0.19580175545579434 0.32294145680690994 -0.9259843711268918 246.19730782742934
-0.9279173305700802 0.3665493682927998 -0.06814931704106002 242.58612318903857 0.3174787117792352 0.8726909573368963 0.3710570379368767 -51.96782936020798 0.1954644993192061 0.3226582084129885 -0.9261544169053945 245.48051084825468
-0.927994942020199 0.3663028538414697 -0.06841765150303251 242.533945440102 0.31724577393407044 0.872950385919016 0.3706458154004972 -51.69145836007764 0.1954743968117672 0.3222362239481417 -0.9262994226018411 244.7783045594787
-0.9281744581616117 0.3657694133340165 -0.0688264446302948 242.48237053207762 0.31670327247803354 0.8733338412087317 0.37020569069943354 -51.423971196766786 0.1954995529147716 0.3218016132923395 -0.9264446928339108 244.09641581305002
-0.92823642101712 0.3655154427533448 -0.06933737048871504 242.43103394044402 0.3163253142053076 0.8735270020257138 0.37007321526683173 -51.162562607333456 0.19581671583551535 0.3215660752354844 -0.9264596743207143 243.43250907096817
-0.9282865066098112 0.36522347905180946 -0.0701984915537105 242.3791412208225 0.3157253367771811 0.8736556000024797 0.3702811619316994 -50.9029006141667 0.19654602810591854 0.32154731513917956 -0.926311462917019 242.77631469805013
-0.9281878529116026 0.3651335347924506 -0.0719493181240635 242.32386439300606 0.314973391953448 0.8737370767363638 0.37072907778645137 -50.65183908604817 0.19821190371699351 0.32142773446515804 -0.9259978813863696 242.1403305607824
-0.9279837106616715 0.3650343477115427 -0.0750185614806997 242.26717244761116 0.3136930815764719 0.8738357362164613 0.3715807334155426 -50.41062577995672 0.20117516611611896 0.3212718562937874 -0.925412672348503 241.52775790369267
-0.9276738723926171 0.36497294079233733 -0.07904367593665299 242.20637912456658 0.3120850460903807 0.8739577582430222 0.37264634528783386 -50.17187739357955 0.20506837513222226 0.3210097437156051 -0.924648488425066 240.92175717947998
-0.9272884943152138 0.36473052857816374 -0.08449600675499688 242.1430590426239 0.3096986765954314 0.8740978122553368 0.37430567002130993 -49.937412938178234 0.21036007979767274 0.3209051737273534 -0.923495339459711 240.33127114443243
-0.9266078306080917 0.36488449194612066 -0.09104501132589556 242.0724489481616 0.3073104997501732 0.8742224742565544 0.37597944782880655 -49.70677127944566 0.21676429237171513 0.32039063298266235 -0.9221922183896185 239.752883177919
-0.925897647655591 0.3647480852379912 -0.0985101623894323 241.99887452607157 0.3043421004415626 0.8745539499478238 0.3776198685044348 -49.477220595621866 0.2238701853935534 0.31964078809363555 -0.9207535578965563 239.19041282613455
-0.9249455205805005 0.3645583028728648 -0.10772578085711901 241.91532611338036 0.30056342597234476 0.8748574855668539 0.37993612675045196 -49.24422252169585 0.23273517462472398 0.319025947098873 -0.918766437075003 238.62440482329072
-0.923516124396222 0.3642538107896378 -0.12028860329226884 241.82222663526974 0.29523922634738503 0.8751585563554999 0.3834024465241353 -49.01381378384738 0.24490883587282555 0.31854866660857495 -0.9157628469494516 238.07325384726786
-0.9214928571818052 0.3641486430425656 -0.13519774121427952 241.71650798571375 0.28908911734370407 0.8754176602625198 0.38747542516136685 -48.78333018009649 0.25943449727790147 0.31795597210735727 -0.9119610134729875 237.53239819189625
-0.9185512676552949 0.3644609971522434 -0.15317426768126324 241.59673229240474 0.2820178795404667 0.8756151265013601 0.3922115057169217 -48.55367492172694 0.27704837841732344 0.317052891297767 -0.9070808612765912 237.00919833640094
-0.9145873941370763 0.3652724136283763 -0.17359577485521657 241.46387111788712 0.2744603173416315 0.8758737750750496 0.3969662139432397 -48.323305570668936 0.29702926446312344 0.3153996521296966 -0.9013154224695972 236.49612896735923
-0.9102699686296745 0.36417179378060005 -0.19702005886338758 241.31719467405696 0.26387344406457 0.8769365187889887 0.40176910903838586 -48.09191973164459 0.31906743847742214 0.3137145930191246 -0.8943441927345575 235.99282131543555
-0.9050711842969683 0.36180707798555767 -0.22354072886039206 241.15594261249018 0.2504284013387629 0.8782338177764448 0.4074996650172376 -47.86307724628766 0.3437375827849375 0.31281983047071193 -0.8854717165515693 235.51188067291454
-0.8977880308369703 0.3593590450827598 -0.25468790561676524 240.97419223326256 0.23448282934042106 0.8794494233449637 0.41430818402746233 -47.63109777702461 0.37285059518968255 0.312225535382955 -0.8738244346199558 235.04456621740664
-0.8880776933754414 0.35676087531917977 -0.289944860183254 240.77045620987462 0.21647521492855382 0.8809395604901336 0.4208908574621737 -47.39723054946371 0.4055615957106833 0.3110026707715205 -0.8595751179209299 234.59063918915365
-0.8756335969325258 0.3562708826121809 -0.3261365355153007 240.54924412125328 0.19967970864264323 0.8818600805318054 0.42721917954170213 -47.1657176266093 0.4397928419909635 0.30894951335386234 -0.8433296418945905 234.1597188835763
-0.8608533801796397 0.3565538233698287 -0.3630823168541526 240.31624702907308 0.18288313016756558 0.8826185678697838 0.43313175131750464 -46.94237462068984 0.4748784387344854 0.3064459346582844 -0.8250171679559156 233.7661705372411
-0.8440837187484662 0.3556192201420149 -0.40135391458139913 240.06849422983163 0.16351876927454517 0.8835397677536545 0.43895731531459564 -46.7221350595432 0.510694493203922 0.3048724153298942 -0.8039375318708454 233.39813275991608
-0.8248542004933058 0.3567820583830814 -0.4385767638154382 239.80104432237894 0.14540960609382442 0.8835440900381695 0.44527629064046753 -46.49824124272927 0.5463493231272493 0.30349960344574617 -0.7806806836427718 233.0491649734401
-0.8036304461147061 0.35621684823922317 -0.4767758768002957 239.52071991918464 0.12429395314221633 0.8839169520992346 0.4508964492933022 -46.277690795403 0.5820282297057302 0.30307898420151125 -0.7546248984851202 232.7259196573867
-0.779823400477559 0.3563658489801074 -0.5146902667111377 239.20787128600665 0.10306827412176056 0.8840577153110809 0.45594381807737083 -46.044234901647464 0.6174800562777436 0.3024927527959179 -0.7261464794284093 232.40569797643602
-0.7543759998433839 0.3545826590918793 -0.5524627028406537 238.84317337111088 0.07919340631444874 0.8846136545178162 0.4596220648130978 -45.77870326607676 0.6516719680259802 0.3029614771564932 -0.6954205367685867 232.05520277213094
-0.7269282566888644 0.3546303051121973 -0.5880814300045667 238.5150258254123 0.05810254326381445 0.8850662329147223 0.46189506691475435 -45.56225289759654 0.6842754014268919 0.3015805333925316 -0.6639940804985549 231.79665837744903
-0.6981052222127836 0.35629740542182364 -0.6210701999193222 238.16556085397778 0.03947512850202693 0.885262359765656 0.46348377895504905 -45.33913372832069 0.7149310490928165 0.299028430720602 -0.6320816913968784 231.54607670036154
-0.6676659854467286 0.3577157632246254 -0.6529078049048569 237.813850942727 0.020309271057763235 0.8854550278861363 0.4643513672852128 -45.121987760524135 0.7442095301195125 0.2967561271785941 -0.598464431844731 231.32127776836464
-0.6362913028526677 0.35777126875383836 -0.6834913316822031 237.44783211840266 -0.00010621262320672023 0.8859538507027559 0.4638442196602006 -44.90635791468111 0.771475070100122 0.29519707118456856 -0.5636989263139514 231.11068897753904
-0.6045131612919401 0.35702797433247596 -0.7121252440789619 237.04966612253008 -0.021775978308778424 0.8862331710093246 0.46279879477612945 -44.6778307405612 0.796324416046872 0.29525963224133467 -0.5279778664040006 230.89872082651968
-0.5713311808251911 0.35842470313718217 -0.7383358513113187 236.6369205140145 -0.04027886282960623 0.8863050507729051 0.4614196556607661 -44.44979800181715 0.8197584569098071 0.29334772542011667 -0.4919502856417574 230.70700386042483
-0.5365436995809827 0.35976090065343785 -0.763361141039847 236.21011687632546 -0.05762704790240521 0.886876265993039 0.45847173632712085 -44.22486683944606 0.8419314707233952 0.2899651614361803 -0.4551300702479183 230.5349377244042
-0.5010468552226429 0.36037298688272273 -0.7868360327926395 235.7757572992568 -0.07409894113022866 0.8880084197423628 0.45389124797962915 -44.0055973546806 0.8622719318647081 0.28570939026038494 -0.41824560164995905 230.3818217280477
-0.4664724099885538 0.36107274752966895 -0.8075010331816389 235.32214112725015 -0.09105830312118932 0.888474062690586 0.4498773442734879 -43.780780789038346 0.879867549335943 0.28337038716564755 -0.3815853294363616 230.23635397643636
-0.4333501547179963 0.3621408690568482 -0.8252817120391187 234.86711265259282 -0.10745933844608259 0.8884547122918678 0.44628328513084087 -43.558050372421086 0.8948286282265154 0.2820667024385069 -0.346112247150788 230.10751426213184
-0.4027049310955137 0.36450978777475207 -0.8396364726126048 234.38437090082715 -0.12149606651118088 0.887920506732802 0.44373848134113986 -43.32223013523488 0.9072635839449553 0.28069376452375894 -0.31329951862032157 229.98349763677615
-0.37374390839917326 0.3672926621440745 -0.8517271835552309 233.9005177566777 -0.13348406470940183 0.8874340708088112 0.4412601433702065 -43.08727981855313 0.9179100304812379 0.2785959459406237 -0.28266188748853943 229.8730301841572
-0.3459692024891203 0.3696029933125795 -0.8623955909200434 233.38882103068968 -0.14541388324520266 0.8869483601911771 0.43845743162229667 -42.84065477330779 0.9269425930721896 0.27708290770200167 -0.25312811666508594 229.7641536132078
-0.3216277980262159 0.36979327063855416 -0.8716855939864672 232.8522018953965 -0.15712642977458607 0.8870126147833277 0.4342662160531959 -42.59162455433241 0.9337722646995625 0.2766227797782214 -0.227200745323001 229.66059000024603
-0.30067563337984493 0.366597073006144 -0.8804705972341744 232.3201983751428 -0.16805263498915998 0.8884001490912395 0.4272828343194134 -42.354534314674005 0.9388387581370119 0.2764250075715368 -0.20553028206150997 229.56719038471493
-0.28294916236081263 0.36265170737324354 -0.8879476724068841 231.76440571748947 -0.1768243587431635 0.8902083923777243 0.419915920229966 -42.106723965686086 0.9427301406714579 0.27581190892709107 -0.1877758479428995 229.476235519226
-0.2683188109993293 0.3596200522005328 -0.8937034364427198 231.20583091399624 -0.18432033565089134 0.8914381095647244 0.41404241270375397 -41.86475346418751 0.9455678368060807 0.27580923326049633 -0.17292231410449463 229.39021178486794
-0.256187318522238 0.35760847020768066 -0.8980601289978359 230.62534080694564 -0.19119593092553214 0.8919845314839099 0.40972610910964213 -41.61591590146245 0.9475664804711452 0.2766586613097005 -0.16015962680622714 229.30406647692408
-0.24517230749071203 0.35746638880963094 -0.9011862458570461 230.0516293578598 -0.19539690749766722 0.8922822591050649 0.40708833182952525 -41.37189579050178 0.9496219953549052 0.2758824264019424 -0.1489329173368469 229.22721792109104
-0.2352592230177668 0.3584601151017969 -0.9034309268813643 229.43269445702117 -0.198812531986624 0.8921381227398838 0.40574662821169244 -41.10754792495132 0.9514192700890157 0.2750558318224611 -0.1386352604015347 229.1516930220589
-0.22449692442061142 0.3592962669328489 -0.9058342062647876 228.79137498398217 -0.20231080282904781 0.8921439918712194 0.4040010170424428 -40.83647850212143 0.9532806842788865 0.2739436470844369 -0.12761208723308837 229.08097373788772
-0.21490834544293203 0.3590271532454529 -0.9082634206477874 228.15448707373912 -0.20664450142677598 0.8922418074950783 0.4015846184144833 -40.57143527139972 0.9545607112010939 0.2739780595189474 -0.11757733789320272 229.01419202074825
-0.20660996357000255 0.35892689487489327 -0.9102267425437528 227.5070347470699 -0.2091260880068374 0.8926221789846535 0.3994492719979634 -40.30489918648555 0.9558518607535337 0.27286900802943614 -0.10938191844360945 228.95068651077915
-0.1988293461729099 0.3591429369742425 -0.9118728750175513 226.85208072660242 -0.2095760281996522 0.8933653349097961 0.39754630037110256 -40.035676258784164 0.9574022315125827 0.27013768855301884 -0.10237776630050735 228.88892326031717
-0.194688162585436 0.3592708662668919 -0.9127153203698062 226.18782297520838 -0.21006313957069908 0.8936789661867393 0.3965813621187942 -39.760418666591164 0.9581460151937412 0.2689251402738658 -0.09853743422147866 228.82493628227633
-0.19374725003981444 0.35899137712262447 -0.9130259087069246 225.5246750463193 -0.2103000835784822 0.89384890179813 0.39607308093278915 -39.48446379560194 0.9582851546412037 0.2687346987718852 -0.09770294570045826 228.75877925333063
-0.1936699423790712 0.35861719506011686 -0.9131894132971157 224.86486763888948 -0.2105431717251449 0.893952501477645 0.3957104125326007 -39.206719971708026 0.9582476922676555 0.26888996844838386 -0.09764515162171866 228.68864231127742
-0.19405841090988846 0.3584570303228363 -0.9131699863593685 224.17863177641226 -0.21081892549140585 0.8938974496767574 0.39568829556095586 -38.91246782896429 0.958108400911245 0.26928704065462 -0.09791652647358508 228.61190530243968
-0.19454560024288162 0.3580835256493955 -0.913212919876115 223.48379218337422 -0.21187651091042883 0.8937020190389604 0.3955650821814825 -38.612648072292515 0.9577761514092599 0.2704307192376649 -0.09801405057905829 228.5332772769787
-0.19481046022570284 0.3576801662832168 -0.9133145762621786 222.75337376257244 -0.21277198862293334 0.8935910681864968 0.39533524965309935 -38.299528420691786 0.9575236433284278 0.27133036077572253 -0.09799442572550168 228.45260211091664
-0.19482861778629065 0.3573813793652126 -0.9134274651215119 222.00687226624908 -0.21339408680976887 0.8935414990127205 0.39511185763458945 -37.98092984586968 0.9573814724857003 0.2718863772735822 -0.0978422351530453 228.37188204630715
-0.1945737725929981 0.3570892990845444 -0.913596197402088 221.25872010748557 -0.21376661725912097 0.893593474382958 0.39479317968920474 -37.662952160254996 0.95735031060634 0.2720999261182685 -0.09755379098877351 228.29448942189055
-0.19418954812966613 0.3569233611635147 -0.9137423736691185 220.5026587677557 -0.21436969840322515 0.8935404015298802 0.39458571270454035 -37.34108282009474 0.9572932587914519 0.27249066719482773 -0.09702062734133744 228.21601607178485
-0.1935492503676264 0.3568544775624985 -0.9139054208094878 219.74209382888475 -0.2148936887140397 0.8935000861545752 0.3943924205620912 -37.01881197652656 0.9573057660443701 0.2727144037024428 -0.09626850582098709 228.13832221371808
-0.1931717701974926 0.3567795489859054 -0.9140150773546475 218.96203463968152 -0.2153704893057788 0.8934434865498345 0.3942612206902859 -36.687893538748575 0.9572751945315748 0.2729991942238649 -0.09576610186479037 228.05799235505117
-0.19276851655888105 0.3568885174955744 -0.9140580313861831 218.14766064020475 -0.2156949518852301 0.8933539059651685 0.3942871901879457 -36.34155973612667 0.9572838327653322 0.2731508226641614 -0.09524910123074541 227.9747040578399
-0.19228734427733313 0.3569128911144463 -0.9141502573937154 217.31901591987327 -0.21607742636772295 0.8932939357206232 0.3942142511473511 -35.99048017818327 0.9572946882682232 0.27331641767389786 -0.094665837973849 227.89072838107637
-0.1915081938171807 0.35690959704916203 -0.9143147961051941 216.46169050676616 -0.21667100701763137 0.8932212443381016 0.39405230195764485 -35.628720818611384 0.9573167391040759 0.27355654932065415 -0.09374481463667719 227.80552334997333
-0.19025342481992763 0.3569375013754138 -0.914565321081603 215.6065963131426 -0.21728126714656423 0.8931886375812578 0.39378904515048935 -35.27034229847197 0.9574284212808721 0.2736248653363524 -0.09239426049116327 227.72455987995633
-0.18855214837606132 0.35686735821534143 -0.9149444658951504 214.7119899781491 -0.21817510830461007 0.8931720885396678 0.39333169282775865 -34.89676994259282 0.9575614453859111 0.2737695123547879 -0.09056810199747158 227.64051424794485
-0.18596349599264403 0.3567355063567934 -0.9155254545656151 213.80512323864758 -0.21943468661217896 0.8931863847351084 0.39259772808997173 -34.52009386940652 0.9577800283133572 0.2738947434702667 -0.08783816800572368 227.5588126490584
-0.1839886960404079 0.3566596873199764 -0.9159541034003837 212.8688397620273 -0.22030101944064903 0.8932133782341235 0.39205114783083994 -34.13152957071358 0.9579626652761998 0.27390633835501893 -0.08578698687675354 227.4764168702621
-0.1823736212140353 0.35659596366573865 -0.9163021351568192 211.93819381928003 -0.22037003595162205 0.8934186887859529 0.3915449869018003 -33.74712739621087 0.9582559053761872 0.27332067731523546 -0.08437125041630679 227.3977793490752
-0.18175111176849915 0.3564970813322926 -0.9164644043823742 211.01939442854655 -0.22025881572816045 0.8935685205072461 0.39126563877824155 -33.36648007548191 0.9583997207008731 0.27295993298300114 -0.08390375177068836 227.318262339967
-0.18155100957488143 0.3564339504722223 -0.9165285834019107 210.09599550994957 -0.22031796771173867 0.8936028850018795 0.39115380480959183 -32.981377047613314 0.9584239546715027 0.2729298894596918 -0.08372418437246583 227.236118637124
-0.18159393594037943 0.3562058885195341 -0.9166086130702844 209.15743036325125 -0.2204052880804984 0.8936698720462888 0.39095119229972064 -32.59000773985691 0.9583955020510108 0.2730077506384405 -0.08379397275505375 227.15062690145277
-0.18170200272945736 0.35589297123807395 -0.9167086666767282 208.23082862630923 -0.22058299571929874 0.8937394322696424 0.3906919503097325 -32.203675719714056 0.9583341580937254 0.27318789155408774 -0.08390902624809321 227.06617505126874
-0.1819167857700295 0.3555463792046093 -0.9168008695969534 207.30629536434327 -0.2209696775037354 0.8937509089050195 0.3904477346480104 -31.814954420809173 0.9582046806265956 0.27360186074849435 -0.08404165390742534 226.98139558913803
-0.18215929079485588 0.3552339266293937 -0.916873916148389 206.3314488961336 -0.2214915681659066 0.8937054581153638 0.3902563885602666 -31.40480240460026 0.9580379175672014 0.2741563557164999 -0.08413376848729745 226.89128655324973
-0.1824646734887006 0.3551003671453669 -0.9168648537274167 205.36660122341974 -0.22179804840170564 0.8936373914550241 0.3902386181270496 -30.999071774387883 0.9579088701011773 0.27455129264093986 -0.08431500520393306 226.8015705608253
-0.18261706056924712 0.3548616300744083 -0.9169269158304171 204.39179478598584 -0.22192661051885423 0.8936835282207154 0.390059825182333 -30.591242993557472 0.9578500738291562 0.27470990057081096 -0.08446694968952673 226.711560423326
-0.18307748216727945 0.35442766305074463 -0.9170033936759987 203.42320222463894 -0.2225896508518223 0.8936215873162148 0.38982409360181025 -30.185203771240587 0.9576086089412844 0.27547111250107764 -0.08472819500366288 226.61956789768496
-0.18317531383483396 0.35359818338422094 -0.9173038294428124 202.5048128725912 -0.22310102423424005 0.8938145020519869 0.38908886380403096 -29.804559589485134 0.9574705473731335 0.27591079970535437 -0.08485503234533655 226.5350518216351
-0.1829220598946556 0.35149224527185835 -0.9181631689411164 201.61479188783912 -0.222042948543769 0.8950396146201817 0.38687138737581966 -29.44052200074883 0.9577650331144584 0.27462695447425145 -0.0856945300007144 226.45531660692532
-0.18301720921107822 0.3505313528228855 -0.9185114160310727 200.71419671152898 -0.2229133037539425 0.89518252542321 0.38603898760126165 -29.070763247427674 0.9575447193400224 0.2753882043760066 -0.08571411983704062 226.3710121260479
-0.1827862353937437 0.3514709764643146 -0.9181982723443493 199.78467009248644 -0.22334802899036993 0.8946901277646125 0.38692853460443755 -28.68366284436685 0.9574874255435358 0.27579103873537947 -0.08505501665817931 226.28686862715549
-0.18212003804069254 0.3545884441111898 -0.9171314603121914 198.8844007672862 -0.223305172267948 0.8934640980100002 0.389774992524195 -28.30509792206107 0.9576243660197737 0.2757742322758199 -0.08355462971118421 226.20791383526674
-0.18170047300078224 0.3549022186741648 -0.9170931577523458 197.98085000555974 -0.22326801111632902 0.8933925477502778 0.38995979927524466 -27.92701864026019 0.95771258370398 0.2756017296655221 -0.08310999537549045 226.1294737491756
-0.1813799543740962 0.35409869410853206 -0.9174661972352325 197.0484117296769 -0.22358468931247924 0.8936810932236403 0.38911544935166226 -27.542902632647795 0.9576988322709696 0.2756980858017386 -0.08294375308452807 226.04944479167878
-0.18119498756728417 0.35324146068111884 -0.9178334755816983 196.14961872858126 -0.223831023043326 0.8939962742978557 0.3882494726961982 -27.173882395341934 0.9576768598642759 0.2757772205903814 -0.08294002748298743 225.97150851091402
-0.1810068128582976 0.35293083047683094 -0.9179898431638436 195.2841078436551 -0.22384595871731772 0.8941459070851134 0.38789557873604774 -26.81649356571698 0.9577086032379878 0.2756891765594249 -0.08286329048685162 225.8959261220866
-0.18082781380965027 0.35267145759637186 -0.9181250754737724 194.39563919461455 -0.22398679461569587 0.8942370200674573 0.38760473829789366 -26.449472042902332 0.9577095224047477 0.2757265795681238 -0.08272796474693823 225.81850915775217
-0.1805876637006029 0.35255251359730366 -0.9182180321900886 193.49858158331844 -0.22399555111338654 0.8943137646922976 0.3874223926781249 -26.078579276546012 0.9577527612200684 0.2756293889440604 -0.08255058661528734 225.7406650638633
-0.18033102430252956 0.3522076226599943 -0.9184009606090653 192.60163726774053 -0.223776417465656 0.8945537121376627 0.38699563768922174 -25.707429152843176 0.957852653389729 0.27529243653047747 -0.08251861393386845 225.6635208488323
-0.18009846171668809 0.3517736460560963 -0.9186126496856233 191.72732530194483 -0.22371736629414607 0.8947813674692697 0.38650313233369493 -25.347612830121925 0.957910174890103 0.27510683201381736 -0.082469373493934 225.5880383765734
-0.17978779043074192 0.35130150347235656 -0.9188542368202228 190.85098571381292 -0.22323522662436257 0.8951556506708235 0.38591489271822077 -24.989116933466146 0.9580810630077015 0.27449191907708026 -0.08253372187359864 225.5124347573598
-0.1800987003227018 0.3508093681775703 -0.9189809580017068 189.98452565658013 -0.22387417112429883 0.8951411267298373 0.3855777104025764 -24.63240060804447 0.9578734725628472 0.2751669527764636 -0.08269520163792239 225.43325736704617
-0.18018529254334595 0.35046457749168164 -0.919095545432955 189.07838939468692 -0.22428329082175635 0.8951576792182786 0.38530136466593123 -24.25997711778573 0.9577614513116017 0.27555224344951895 -0.08270954932449627 225.35231868469893
-0.18032038759327512 0.3502829492077482 -0.9191379499747848 188.17709784545903 -0.2248155690512329 0.8950638297232031 0.38520852710629494 -23.887986729256962 0.9576111449722102 0.27608639089638076 -0.0826679108287601 225.27052872335986
-0.18011919392864764 0.3501228605142144 -0.9192378769782632 187.2615430898626 -0.2251042985302989 0.8950712519551972 0.38502156636069595 -23.5117943739128 0.9575806321268422 0.2762634959412294 -0.08242435967177132 225.1898752239975
-0.18014739984160724 0.3504245269220409 -0.919117338995886 186.3029555782515 -0.22538841182620392 0.8948593433494354 0.3853479738236469 -23.115353240607046 0.9575085415641468 0.27656730348643044 -0.08224393953795399 225.10461744085848
-0.18017002651206598 0.3503897432569636 -0.9191263912194187 185.35204921361284 -0.22569602697189328 0.894782523292799 0.38534667967503866 -22.723830318976155 0.9574322519277836 0.2768603614728193 -0.08215026228516263 225.02065241328125
-0.18015334551398998 0.3500453969931046 -0.9192605458707055 184.4393934785824 -0.2261882954163356 0.8947861560088725 0.38504922451500356 -22.349948348100938 0.9573189816400843 0.2772833421699465 -0.08204160157327921 224.94018041146703
-0.17980238907099394 0.3492550132810932 -0.91962981588249 183.5487923875707 -0.22687885199209107 0.8949594186366908 0.384239907741815 -21.99003207640815 0.9572213861756045 0.277721164273611 -0.08169636025794505 224.86505247054916
-0.17890733530887226 0.34816327272034514 -0.9202183220515119 182.62328638365878 -0.228199429826013 0.8951393508575055 0.3830367728647904 -21.618191354351872 0.9570755527727332 0.2785104185769616 -0.08071533094661443 224.78737891958446
-0.17753801273930186 0.34769130205899323 -0.9206621214687373 181.70689275237874 -0.22922313305727157 0.895203497756136 0.38227524202602076 -21.250755301069262 0.9570861119848236 0.27889425679798524 -0.07925273513962251 224.71311508577995
-0.17670175556291579 0.3476488195091327 -0.9208391512854658 180.74235766860767 -0.22967048424320194 0.8951920545838202 0.3820335436800794 -20.86074651038266 0.9571338717705674 0.2789843760739294 -0.07835647815757428 224.63498023993438
-0.17579936501674046 0.3477786194366934 -0.9209627935854204 179.7748235032733 -0.23000819729987407 0.8951489217974017 0.3819313455259595 -20.469167469794137 0.9572189580700466 0.2789610302148451 -0.07739380434364944 224.5584642518901
-0.17507939578778783 0.34756509478860004 -0.9211807905873846 178.82898687174242 -0.23065014951005147 0.8951376680016526 0.3815709906196564 -20.087618139535984 0.9571967703331474 0.2792641943009282 -0.07657309541112566 224.48236491087007
-0.174547128988665 0.3474119473270569 -0.9213394892510628 177.87783854020907 -0.23097742742609362 0.8951698970317676 0.3812974267134679 -19.701013588954694 0.9572151562952028 0.27935149319691654 -0.07602380779609479 224.40833686816168
-0.1736944087815485 0.3476467896765655 -0.9214126417766167 176.9070880079869 -0.23029770977745798 0.8953746532611906 0.38122978336713137 -19.30718159538586 0.9575346757037325 0.27840459654842253 -0.07547792098650741 224.33429501490687
-0.1720563538305046 0.35077383776880094 -0.9205343674756798 175.95937465190826 -0.22743945274899635 0.8950989979534362 0.3835858751443436 -18.918572083499562 0.9585132138944422 0.2753521156668784 -0.07424638029673636 224.26376558442095
-0.17239210995351298 0.3501887579093946 -0.9206943558012876 174.99096850418977 -0.22846749979622935 0.8950065063163454 0.38319076228091326 -18.522724074486174 0.9582085780633417 0.2763957257598857 -0.07430404890451367 224.18404522697145
-0.17230639507528178 0.3479396096027569 -0.9215622259921397 174.05546651993944 -0.2282664531953588 0.8960073848186635 0.3809647067709564 -18.149067492961873 0.9582719340269833 0.27599234358324565 -0.07498359728318837 224.11133478879333
-0.17274151559753245 0.34376903907400935 -0.923044200888073 173.1680365652837 -0.22682054590873002 0.8980844819797367 0.3769152546013601 -17.80001938769943 0.9585365959408638 0.27446244373796436 -0.07718153619994135 224.03923608243022
-0.17303925110044685 0.34233997928931653 -0.9235197833301572 172.24252513032593 -0.22695928551443845 0.8985925795491752 0.37561871125085217 -17.434053343626754 0.9584503536104915 0.27458590044848874 -0.07781315133608581 223.96185259529548
-0.17420452194638034 0.34187425411929145 -0.9234733397371734 171.3062580286756 -0.2272430973482183 0.8985646815279126 0.37551386749221893 -17.058911006115093 0.9581721249018459 0.2752567467239649 -0.07886386980412845 223.87806190002405
-0.17609686906410327 0.3422309334170757 -0.9229825795626663 170.35580072601675 -0.22614220624164955 0.8985150242134835 0.376297546135064 -16.675710202087235 0.9580872451681561 0.27497714923928845 -0.08085098830862969 223.79297673297742
-0.18046970210140933 0.3428785004984246 -0.9218970139214958 169.4049224632716 -0.2228994593179851 0.8986666720425266 0.37786631787910596 -16.29125929392446 0.9580330955068541 0.27367093126339487 -0.08577283364976052 223.70458609780462
-0.18480358909293026 0.34317273461389564 -0.9209284543943518 168.46397428708772 -0.21855984188698108 0.8992740724299793 0.3789552397654109 -15.909986952352424 0.9582065471115095 0.2712971195865707 -0.09120332845931872 223.6124799882655
-0.18991636379511348 0.34321811506405214 -0.9198700363607095 167.53488782605265 -0.21646534086437466 0.8992509401103475 0.38020963699536814 -15.530537284488323 0.9576812748742327 0.2713152938728699 -0.09650632844474381 223.51179506507358
-0.19429727093757415 0.34354166752178505 -0.9188340086717453 166.5815717560364 -0.21439022371470523 0.8991908768823312 0.38152537433519695 -15.139148097522316 0.9572696456109527 0.2711055094060826 -0.10107681559089678 223.4041564400089
-0.19889572015030876 0.3446385044731086 -0.917438061031665 165.60514588718735 -0.2131711635540279 0.8985355413719779 0.3837451698059781 -14.731683671117574 0.9565968626859177 0.27188388818534714 -0.10526637407084458 223.28704287904003
-0.20291164253280894 0.34523896235644475 -0.9163325545842924 164.63467305916623 -0.21179328767763048 0.898196897137756 0.3852980880444736 -14.326415394461657 0.9560600197528774 0.2722414644516657 -0.10915351533958485 223.168351021337
-0.20592195891082304 0.34472570685999426 -0.9158544434876922 163.66539385032914 -0.2113180467534974 0.8981872959738972 0.38558162397669504 -13.923951868749802 0.9555213311481187 0.2729231317042049 -0.11212775516772881 223.04504030043054
-0.20725126486553844 0.3412716287025717 -0.9168476759165833 162.69027006395962 -0.21001825758663437 0.8998463289526211 0.38241028553747475 -13.527406593399363 0.9555206366910013 0.2717964377603276 -0.11483898973027883 222.92314849959587
-0.2083426235078101 0.33742082164076526 -0.9180251164498194 161.73582141975007 -0.21079591660216437 0.9010939574840418 0.3790299087608086 -13.143756399491496 0.9551120481262042 0.27247053992016024 -0.11662718564182249 222.8000124231776
-0.20820795879176315 0.336601797677409 -0.9183561728417753 160.79278274053652 -0.20971642052119424 0.9017547871196806 0.37805595581945134 -12.765418591998339 0.9553789703789922 0.2712950163992213 -0.11717943764077753 222.6829561842287
-0.20794339228470796 0.3368742514258209 -0.9183160350929629 159.81643380347947 -0.20809671163198235 0.9021313681357251 0.37805142535957204 -12.371376209534551 0.9557905300836764 0.26969827225624876 -0.11750767330697562 222.56114865626876
-0.20751234087021692 0.33788081271986664 -0.918043601613569 158.82420989683988 -0.20661173243839018 0.9021842655850504 0.37873870090549855 -11.967808557637925 0.9562061126140179 0.2682583397517143 -0.11742208638306702 222.43776469006124
-0.20708769963402504 0.34083594402559314 -0.9170465771869089 157.80546020818963 -0.2052102209946238 0.9014015118003063 0.3813545558969891 -11.549933906257834 0.9565997139382593 0.26714829620144975 -0.11674390439812554 222.31153566061286
-0.207215191419886 0.3431363259438799 -0.9161595118577726 156.75516890410205 -0.2048893799265666 0.9005158284050291 0.38361141261116366 -11.116244612628995 0.9566403723601253 0.26718909545724934 -0.11631332119408037 222.18098319218015
-0.20733073188400333 0.3439415385097488 -0.915831302140304 155.71458060089395 -0.2047655751329592 0.9001992524461541 0.3844194990202066 -10.68672213149667 0.9566421061956915 0.26722017833327855 -0.11622933141891194 222.0515566533111
-0.2076233472862578 0.34380030034666986 -0.9158175634050083 154.65931016796407 -0.2052481077137468 0.9000888752422017 0.3844202654393881 -10.251066893082704 0.9564751553961907 0.2677722280623536 -0.11633302194303963 221.91771236700654
-0.2076835000428318 0.3439193132171416 -0.915759271118811 153.59491876199962 -0.20535464019598268 0.9000021039273055 0.38456637567601853 -9.812042762339214 0.9564391128818974 0.2679115378545555 -0.11630808618207165 221.78435875306832
-0.20802516152657688 0.34346604142295695 -0.9158514764496578 152.50964424848917 -0.20615399658395805 0.8999274853321777 0.38431271097720415 -9.364799044611248 0.956192800984149 0.26874138995297453 -0.11641878047190161 221.6455778679733
-0.2079019045233347 0.3428963918124694 -0.9160929531143753 151.4409489660337 -0.2067718286038207 0.9000071972872915 0.3837941308805533 -8.92939527479864 0.9560864243273476 0.2692018346316379 -0.11622989784945574 221.51256864555302
-0.20808648245701233 0.34169567090414393 -0.9164995660991786 150.4022794725768 -0.20810481146769688 0.900111330591168 0.3828278231644519 -8.50799181884697 0.9557569599521112 0.27037734355701915 -0.11621063196235797 221.3827314053103
-0.20805089089482212 0.34100287547941427 -0.9167663324463416 149.3322125367586 -0.20882719693276527 0.900200538627381 0.3822249748192043 -8.075185816603756 0.9556075540994551 0.2709556724564835 -0.11609467727394132 221.25111806799336
-0.2078341623056555 0.3405989529172638 -0.9169655440172477 148.2736765459975 -0.2091471907136927 0.900303423427819 0.38180709470674873 -7.647374215172997 0.9555848214545348 0.27112088060648537 -0.11589626394319776 221.12166669152603
-0.2077412444623522 0.3404527115172807 -0.9170405843897562 147.23261270114554 -0.20938785719679615 0.9003066650217464 0.3816672855697833 -7.2242770842767 0.9555521748562421 0.2712929520701276 -0.11576206354772983 220.99312764944298
-0.2074018474194033 0.34015912159454875 -0.9172261275314659 146.17885091211727 -0.20968598905892427 0.9003840909781776 0.38132067317771007 -6.794731587410583 0.9555603951765005 0.27140400310063867 -0.11543285027060533 220.86514832764055
-0.20727607225865988 0.33990044769600825 -0.9173513220843587 145.11128548984016 -0.20978741278039217 0.9004786532213588 0.38104298680732396 -6.360383423360475 0.9555659416850015 0.2714171345426044 -0.11535842172904273 220.73431116273917
-0.20712308433077634 0.339423044791154 -0.9175625615337262 144.02830581192774 -0.21019581929019468 0.900578772371629 0.3805809762735639 -5.922365330108906 0.955509224447886 0.2716821690620596 -0.11520305946560336 220.6026509933605
-0.20718483424387152 0.33901833633701095 -0.9176983478525765 142.94760263216858 -0.21061822863769405 0.9006190920568318 0.38025215454439987 -5.485065327236898 0.9554029211147433 0.27205369026259585 -0.11520884745655319 220.46994793212355
-0.2072531735378091 0.33939832399128095 -0.9175423439590452 141.90157553278226 -0.21066350365190709 0.9004404725992434 0.38064978551738365 -5.0588800349017085 0.9553779947807766 0.27217103663396863 -0.1151380865282118 220.34189893680642
-0.20723431260298997 0.3390342744139309 -0.9176811641935205 140.8611715273048 -0.21065780288200664 0.900595293955785 0.38028647017050166 -4.638968295365503 0.9553834685227479 0.27211258813970635 -0.11523190164353866 220.21608464401507
-0.20737938595929636 0.33793765885202415 -0.9180533481840517 139.84257654729572 -0.21106660315497913 0.9009156558738595 0.3792996555766127 -4.2304646308873695 0.955262113903508 0.2724164274349168 -0.11552144902723152 220.09155174428008
-0.20745662306894067 0.33746972993486596 -0.9182077149666932 138.82101443108664 -0.21148370546001136 0.9009803594230564 0.37891286619198 -3.8183029141898945 0.9551526922182005 0.2727811634653775 -0.11556257465404929 219.96459727160044
-0.2078568535773504 0.33819380690721745 -0.9178505041557848 137.79116823118818 -0.21188481565554623 0.9005187837355492 0.379784391720846 -3.3963634956220914 0.9549768239222619 0.27340685518225377 -0.11553863326194291 219.83413426171902
-0.2080914380692492 0.33922084723525964 -0.9174178602596499 136.76874938909435 -0.21212744694054042 0.8999952419857994 0.38088758226348307 -2.976978514981688 0.9548716173953967 0.2738568909708054 -0.11534112965846355 219.70621559343095
-0.20835309593750778 0.33896853861120047 -0.9174514413807979 135.74830528354488 -0.21255605647829312 0.8999456646458678 0.3807658258390918 -2.5609798918747493 0.9547191286452977 0.27433169012338754 -0.11547456669997318 219.5781808401864
-0.2084558280460327 0.3384546278063405 -0.9176180441689086 134.73275163299712 -0.21256955833287314 0.9001430248136831 0.38029220761143945 -2.1508918217453696 0.9546938255016508 0.2743196857522503 -0.11571261381875356 219.45271050453638
-0.20855186685618826 0.33812447927686773 -0.9177177744350211 133.69422512690613 -0.21279421220007763 0.900203787654589 0.38002286260504775 -1.7306465323372748 0.9546228356718591 0.2745274186104229 -0.11580591103215618 219.32365747804357
-0.20871318178342052 0.33834818603077116 -0.9175987132692429 132.64889886132158 -0.2137964308965903 0.8998032045669963 0.38040916098929056 -1.3030760190197952 0.9543637010110836 0.2755636816696815 -0.11548070671462424 219.19313504985809
-0.2084856209635604 0.3368589235674551 -0.9181981229940673 131.58831789271522 -0.2155160707395418 0.8999488786908789 0.3790922224310087 -0.877967210683246 0.9540265142878943 0.2769096531492079 -0.11504548671224582 219.06498028664302
-0.20778028435812013 0.33241539843541423 -0.9199758004974775 130.5552655031828 -0.21703771664593932 0.9014129886957741 0.3747201246376912 -0.4730758349492614 0.9538355120292715 0.2775168509389764 -0.11516697126834656 218.9424808044987
-0.20602087340344413 0.3270882627528862 -0.9222777244198274 129.55512377182458 -0.21990253278580227 0.9029357659577065 0.36934438680846854 -0.08502916129688087 0.9535608676290608 0.2788917036671039 -0.11411387319267355 218.8214910995316
-0.20448908082561526 0.32631536083826307 -0.9228926996754824 128.5648235889871 -0.22102839441179964 0.9030947502423932 0.368282584307405 0.29812200926822874 0.9536307326369499 0.2792828064318114 -0.112565718711966 218.70710686104368
-0.20255235949503392 0.3280742714691253 -0.9226962488193162 127.55541937339899 -0.2211669459208365 0.9025775211700173 0.36946518319847954 0.6934786164925499 0.9540117745984004 0.2788935891351415 -0.11027772372243372 218.5954408950242
-0.2005966865120128 0.3306201678526712 -0.9222145324667501 126.53482679759948 -0.22095857906394198 0.9018452499255777 0.37137305421485156 1.0947937827080272 0.9544734695441797 0.2782548946769792 -0.10787160737521831 218.48595381264593
-0.19872791575632645 0.33204827448707025 -0.9221060194814978 125.4993057101557 -0.22062416426597264 0.9015864560345694 0.37220019366820717 1.5016401720322778 0.9549421129944897 0.2773925228449041 -0.10593032931793685 218.37746811999543
-0.19643954249001347 0.33348685276763845 -0.9220769626900572 124.42638213936421 -0.22059124165526406 0.9012823990708918 0.3729541564993556 1.9240590093030574 0.9554229340172983 0.27665252010527275 -0.10350099717180879 218.26765549379846
-0.19399362685891527 0.33390926539841226 -0.9224419434657911 123.34550805663481 -0.2209462654421341 0.9012949051896106 0.37271366170870845 2.347442727540908 0.9558403618586109 0.2761017319058654 -0.10108722229734325 218.15891396234306
-0.19238651764130044 0.3339181318128771 -0.9227753565899466 122.23639759266796 -0.2220119442218876 0.9011707516553045 0.3723802112505799 2.782499237128552 0.9559181298231849 0.27649585097742724 -0.09925723054457725 218.04513922586602
-0.19091101291383117 0.33363202228885386 -0.9231852210052637 121.12727970321889 -0.221951107433242 0.9014756483247408 0.37167799930172196 3.2125457950011587 0.9562283767208571 0.27584701089612584 -0.09806949865625064 217.93648355324433
-0.19004151550858228 0.33126912792618995 -0.9242146070432646 120.0505247652891 -0.2222702977706782 0.902431486346676 0.3691585695073509 3.6245717490604754 0.9563274097542084 0.27556867314658007 -0.09788616111727673 217.83032950329851
-0.18844137264391472 0.32858345307474107 -0.9254999162100234 118.98684343311051 -0.22149403251056707 0.9039044420252553 0.36600781742200605 4.027382286504043 0.9568239662966792 0.2739515552369061 -0.09757178365543345 217.7280126156998
-0.18775412259615695 0.3277391102043442 -0.9259388325616016 117.92333973027466 -0.22091994410522572 0.9044792415663528 0.3649329515788526 4.43106788357599 0.9570917209667843 0.27306383087664415 -0.09743365821956726 217.62362855069165
-0.1872508615729743 0.32828890780568326 -0.9258459477543814 116.86128135620972 -0.2201294944415707 0.9045442046447106 0.36524957638072136 4.840235628432702 0.9573725283007656 0.2721868169206552 -0.09712858701716984 217.51665966487715
-0.18577803098165507 0.33069026633636095 -0.925287949338528 115.7824048814795 -0.2162542510998767 0.9048522730213772 0.3667992269779216 5.259080293712696 0.9585421495626453 0.26822779602883856 -0.09660662579022916 217.41149211162903
-0.18501231862788897 0.33119670889356406 -0.9252601746959013 114.69106312504258 -0.2143658184442935 0.9052619265246615 0.3668959105321605 5.6824422059622846 0.9591139770043754 0.26621173715766727 -0.09650554214191943 217.30265951013217
-0.18475543210557424 0.3308402744195784 -0.9254385396494988 113.60306203447402 -0.21355965566335994 0.9056539829020134 0.3663969301349262 6.101424164770394 0.9593428349391517 0.26531797302656507 -0.09668875999418904 217.19337292963198
-0.1850791838169948 0.3316967776166944 -0.9250669923048583 112.50150772286129 -0.2121242908180218 0.9056753113220342 0.36717754212262854 6.5338187859206895 0.959598679757734 0.2641740151952962 -0.09727908825726876 217.080998686566
-0.18638807854325942 0.3360018243677894 -0.923249077617925 111.39564060182396 -0.21044879942571257 0.9042718805979522 0.371575519172452 6.975961406337136 0.9597143172564799 0.2635416283998045 -0.09785299031019878 216.96449095785152
-0.1887649549540702 0.3398799083737817 -0.921344237460266 110.25503987599677 -0.20901034799021428 0.9028302896674325 0.3758654509983934 7.435468910927154 0.959563578292201 0.26350927644884026 -0.0994026649294269 216.84211483185163
-0.19030846356753417 0.33868404039462374 -0.921466997390452 109.13048145947886 -0.20582484020694117 0.9040157498063263 0.37477188617774837 7.880564395314432 0.9599470125180245 0.26097164326114547 -0.10235069712506009 216.72060781229285
-0.1924285602186791 0.3318051329998498 -0.9235268800233578 107.98835506661894 -0.20390348279183754 0.9070756875763424 0.36837389544343413 8.317894561006833 0.9599343704314732 0.25918443021545223 -0.10690931948617007 216.5886828635839
-0.19472497509684997 0.326228078071915 -0.9250312565671102 106.87846606327443 -0.20250085269493312 0.909416167957548 0.3633424112131798 8.738292320450954 0.959768169882561 0.25805977594719137 -0.11104266681689166 216.45580688448072
-0.1978619477388578 0.3270441782650732 -0.9240768636878763 105.77188038915631 -0.20131820258500127 0.9090805960540057 0.36483645171994356 9.168181210035048 0.9593753156672128 0.25820904309368775 -0.11405055682623033 216.31892241433854
-0.2016797491843495 0.3306202225712324 -0.9219764451473371 104.6812822471157 -0.1996581580295215 0.9076970875440958 0.36916785382720724 9.599852857988765 0.958926845987528 0.25852240762503687 -0.11707098899743199 216.18030671524764
-0.20437578055069813 0.331547108732308 -0.9210495877291724 103.5957040902522 -0.1989957338647166 0.9072117462447059 0.3707155162101682 10.031164801156548 0.9584936310764665 0.2590387820043459 -0.11945345469406636 216.03826402206602
-0.20572546830909352 0.33127025999834875 -0.9208486775683817 102.5147124773635 -0.19923429087368844 0.9071114917354747 0.37083262414359175 10.45999687437957 0.9581552910689277 0.2597428460336852 -0.12063341075762456 215.89363231662227
-0.20682677479860886 0.3315113891222933 -0.9205149208781794 101.4282650304772 -0.19938412670518074 0.9068528442591312 0.3713837546330845 10.893199270504807 0.9578868403688476 0.26033675103469656 -0.12148121913567533 215.74802919382037
-0.20773876884699782 0.33211536884238146 -0.9200921185297232 100.32685860656643 -0.19899080720472115 0.9066162344468115 0.3721726316372987 11.332807023811704 0.9577715158819042 0.260392757629465 -0.12226909015546022 215.6014890512142
-0.20820639733568463 0.3321458892979101 -0.9199760614506751 99.21481634860159 -0.19820211373797084 0.9067675225537642 0.3722263465208677 11.77382327445981 0.9578343017211088 0.25982847207142423 -0.1229800589227736 215.45438624341438
-0.2085124486279393 0.3314858046176258 -0.920144831609828 98.11165289975199 -0.19653472255255508 0.9074518858869614 0.3714420471198795 12.206974728918098 0.9581112781640027 0.2582780155734235 -0.12408379888853771 215.30938490857767
-0.2089749188963257 0.3309729427290779 -0.9202244996060837 97.01316957000157 -0.1954895654243664 0.9078896930388669 0.3709231412019628 12.637813432734134 0.9582244353485487 0.2573952803110649 -0.12504169851183747 215.1631913185705
-0.20999246883284886 0.3305140965064048 -0.9201575266265477 95.91912927075312 -0.19496936957190855 0.9081039244562636 0.3706721137384386 13.067207809562454 0.9581078086564151 0.2572282670019898 -0.1262722962107615 215.0142588591016
-0.2113059535264212 0.33037240532944767 -0.9199077743609251 94.82236272778052 -0.1945164010934954 0.908140506978974 0.3708205524821621 13.501813088349442 0.9579111323247923 0.25728117798999567 -0.1276501986620974 214.86266289661458
-0.21423125722272987 0.33203563150468235 -0.9186317712960175 93.71878203873644 -0.19380097406520375 0.9073419821632376 0.37314391310144296 13.945556803924875 0.9574068036126668 0.25795775706497376 -0.13004988181601587 214.70625352767556
-0.21720232447612242 0.334579116819095 -0.9170098523457818 92.60582700815246 -0.19299770571504446 0.9061930459319174 0.37633900096912365 14.397049586207363 0.9568995889846851 0.25870937363858004 -0.13227201974174863 214.54548699540499
-0.2192830928310012 0.33461875350617215 -0.9164997936641007 91.4730372579697 -0.19260537403307088 0.9060514226201287 0.37688033047614683 14.85526836233791 0.9565038658927654 0.25915325012225227 -0.13425035541982963 214.37831291330707
-0.22074044758624772 0.33404042137270096 -0.9163614787708029 90.32509956198741 -0.19271923602725857 0.9060959841336519 0.37671500981054895 15.317680730942792 0.9561460505414591 0.25974326858049096 -0.13565363875034336 214.2066526162013
-0.221484672746764 0.333688820881399 -0.9163101927964921 89.15888557902339 -0.19293006779411734 0.9061000852644652 0.37659725156738166 15.787023907266263 0.9559313514746931 0.2601808970882826 -0.13632634275608083 214.0327842684547
-0.22198258403316729 0.33323323364611235 -0.9163557950843826 88.00609411031891 -0.19331034635126115 0.9061281972123809 0.3763348101830822 16.25046664690205 0.9557392323039626 0.26066728898979824 -0.13674487497862697 213.86073751644764
-0.22256554614747776 0.33312864958444316 -0.9162527239224904 86.88695266400181 -0.19304420579068865 0.9061786910697472 0.37635017337738 16.700559821598745 0.9556578934398353 0.26062592072319646 -0.13739298378114673 213.69380903806803
-0.22348433325057046 0.33326195775072787 -0.9159808217035181 85.75721868245024 -0.19320440654669835 0.9059772431681498 0.3767530158738695 17.157212778213104 0.955411160474705 0.261155705150415 -0.13810120917452742 213.52375186079928
-0.22400708129974511 0.3332144197704493 -0.915870271047876 84.61068250661563 -0.19311978887560097 0.9059609937600661 0.3768351526278892 17.619013851565484 0.9553056057034055 0.2612725083111894 -0.13860875300992853 213.35211749072573
-0.2242260829266519 0.3329255453965481 -0.9159222522330701 83.4119206549245 -0.19283045832925186 0.9061347352567756 0.3765663131508473 18.09905386477693 0.9553129819411247 0.26103939726161846 -0.138997949271925 213.17357906557098
-0.22475462766281268 0.3322564014509132 -0.9160351792722037 82.23057861264728 -0.19326858506759312 0.9062301325247054 0.37611143604885505 18.57156613569815 0.9550999841201396 0.26155959772462295 -0.13948192050226593 212.9939996209687
-0.22503051736773635 0.33181978527950823 -0.9161252703390798 81.0308650059205 -0.19282035658660293 0.90650044985679 0.375689141958654 19.049659977972794 0.9551252495010031 0.26117538687229996 -0.14002604634650986 212.8142664125059
-0.2258806771961196 0.32969566255198807 -0.9166828264636632 79.88208115446935 -0.19356516985476607 0.9070701213871061 0.37392742101010784 19.50390395276325 0.9547737041169003 0.26188699336895166 -0.14108922180802966 212.63790446909692
-0.22555003659395456 0.3259456992214738 -0.9181051205511853 78.72686529464882 -0.1918342782906182 0.9091000246377521 0.36986842372485357 19.952420697942298 0.9552018193172214 0.25953353659250483 -0.14253651759841013 212.4652182135192
-0.22641717107636264 0.3225178854404687 -0.919102098211913 77.57712363176664 -0.19225564503567208 0.9102654603529625 0.36677052176322894 20.397130985244914 0.95491205315124 0.25973115369436184 -0.14411013157477 212.28539749810906
-0.2265336443414267 0.3225379895556849 -0.9190665364678745 76.41106831168129 -0.19152239802808488 0.9104446201355385 0.36671042419351535 20.853551296416178 0.9550322987993946 0.2590792346629604 -0.14448912392480304 212.1068748720106
-0.22812276131468145 0.3262648376316475 -0.9173566500877829 75.2852164243775 -0.18918410083526513 0.9094090337050391 0.37047468997007593 21.302892986163748 0.9551200894230375 0.25804816885828435 -0.14574865831844425 211.93208780768632
-0.22957445082964587 0.32847873844994635 -0.9162035966285212 74.13554890774546 -0.18889336740662213 0.9084303832010329 0.37301444668482964 21.763260551370987 0.9548297909131199 0.25868476242725297 -0.1465207830856 211.75077725112422
-0.23056216887935718 0.3288527438367882 -0.9158205678276483 73.0054101568223 -0.18861596324893912 0.9082431955144703 0.3736088515564671 22.214988223599555 0.9546460996539363 0.2588644303201966 -0.14739591125241008 211.57187360475328
-0.2316538126856831 0.3287177106338371 -0.9155933076077887 71.91190058655928 -0.1885642112334834 0.9081913458856289 0.37376093992128634 22.651400375498525 0.9543916500548935 0.2592174206498036 -0.14841818974258228 211.3959048083594
-0.23280304886589295 0.3291993212961672 -0.9151283185400051 70.82748236868458 -0.18875307493932278 0.907815036615673 0.37457887705018067 23.087988942846597 0.9540742394209145 0.259922795417809 -0.14922147395555965 211.21909271095956
-0.23468646607930108 0.3307823701152907 -0.914075799319764 69.7453988795239 -0.1893624664080181 0.9067863442368672 0.3767554980711696 23.52769692644167 0.9534915089301148 0.2614977727236994 -0.15018959348434577 211.04015368469982
-0.23563855942219697 0.33099732410427785 -0.9137528806131177 68.6850737234261 -0.1898602182160817 0.9064529805626375 0.37730679831656627 23.95850501850636 0.953157672901111 0.26238001343499495 -0.15076893119400855 210.8649897530994
-0.2361810141624872 0.3304834676715094 -0.9137981900909501 67.6472332276358 -0.19008518306780825 0.9065408767453678 0.37698150642923484 24.376713747802924 0.9529782468698487 0.26272231820804554 -0.15130489942111738 210.6933646368827
-0.23665013714482566 0.33010572897008333 -0.9138134162432964 66.61784301620357 -0.19044437716146123 0.906544323431485 0.3767922392868908 24.792321534984485 0.9527902042073602 0.2631855823010006 -0.15168416623885458 210.5225140108574
-0.23757540222097148 0.33013839905930914 -0.9135614586717941 65.56833876650917 -0.19077711820039012 0.9063330624810535 0.37713184746984185 25.218998570067605 0.9524931759262395 0.26387092015174557 -0.15235664083976116 210.34517935114135
-0.23849615713665284 0.330107323108873 -0.9133329457937285 64.49681407894109 -0.19090044624876842 0.9062064169188664 0.3773738750991689 25.654706369652985 0.9522385437573317 0.26434478703278874 -0.15312594765519819 210.16356280305857
-0.23951663401684622 0.33072302761693506 -0.9128433734392676 63.4539117612453 -0.19086557891517514 0.9058444768458378 0.3782602890675995 26.081164950853918 0.9519896706755911 0.26481667010276816 -0.15385779946588485 209.98588193505378
-0.2404975777833417 0.33074210871852744 -0.9125783928895241 62.451599804345825 -0.1905833106562239 0.9058017748517564 0.37850446757227385 26.489080266929612 0.9517988071819079 0.2649384554976391 -0.15482592946889223 209.81504528692167
-0.24102744518278904 0.33054761425315976 -0.9125095352146547 61.447395014191315 -0.19045461837018257 0.9058576120948427 0.37843623818273614 26.89722842775592 0.9516908008487432 0.2649917045333951 -0.1553986850170672 209.64346000748762
-0.2421423318932237 0.3302207211510192 -0.9123330821525788 60.4668818760059 -0.1899806790497538 0.9059967794455013 0.378341925568981 27.294852531457366 0.9515028777612226 0.2649246352663169 -0.15666087175151125 209.47483193069993
-0.24293434412109785 0.32989420008639414 -0.9122406804333649 59.52660828326759 -0.1892688509496475 0.9062388675017529 0.3781188137423248 27.677200121396673 0.9514427930148143 0.264503295849337 -0.15773416618099637 209.31337281755987
-0.24386755289267437 0.329990058969227 -0.9119567641207549 58.620337946308645 -0.1883265844037551 0.9063529760744597 0.3783150916293454 28.04703557338381 0.9513907930092154 0.26399098958164435 -0.1589005677095496 209.15617778190605
-0.24460428881425758 0.32992230044829796 -0.9117840249944683 57.730393034384335 -0.18784344470801437 0.9064304898336124 0.37836985262639894 28.40989271434702 0.9512970576534621 0.26381001836660367 -0.15975946332900276 208.9999570991077
-0.2453297339864648 0.3300461700339638 -0.9115446249304923 56.8560374555647 -0.18813645176424798 0.9062143651570334 0.3787422757270124 28.770146741563345 0.9510526556137138 0.26439767925380664 -0.16024384018139504 208.84382383173184
-0.24563087091359884 0.3299057101831735 -0.9115141972546313 55.989694207652825 -0.18843817421676637 0.9061537048540462 0.3787368047092049 29.125478470224234 0.950915223857193 0.26477978950383824 -0.1604287723006409 208.69033631810055
-0.2458499565822664 0.3291598786994522 -0.9117249259941101 55.12811505930172 -0.18936370519979645 0.9061798682915141 0.3782121354780675 29.4749810703946 0.9506748569538221 0.26561725957452725 -0.16046969870935215 208.53912101456274
-0.24443999427145763 0.3286768742757387 -0.9122785449190696 54.2899139703867 -0.1905155989885447 0.9062217213015279 0.37753364126973277 29.81114788001029 0.9508087097376874 0.26607346446595476 -0.15891493958680644 208.39798387564997
-0.24116853324102625 0.3280010387080758 -0.9133920285481123 53.45913758223192 -0.1924937752859326 0.9063254417344502 0.3762798636758405 30.140215871387387 0.9512460979923334 0.26655481730341163 -0.1554549936560456 208.262542474628
-0.2361028106768804 0.3278263712177468 -0.914777065987251 52.63983237141698 -0.19479292125044037 0.9063360469388234 0.3750686648123868 30.462499296020738 0.952048575446353 0.26673256743777435 -0.1501462234317903 208.13565321127757
-0.2304460918392049 0.3273998229623788 -0.9163711105536456 51.827310208458876 -0.19787196536729507 0.9062959348124559 0.37355197648614585 30.780355034252885 0.9527999414322635 0.2673939903932184 -0.1440846417938222 208.01487659242449
-0.22357514261677572 0.3272587708249619 -0.9181218684385144 51.019376892874234 -0.20065877170906582 0.9063547501308101 0.3719191435304266 31.09141641778323 0.9538540586034514 0.2673671274722608 -0.13698659811242261 207.90729772453082
-0.2154282288277958 0.32704257206872084 -0.9201441843814128 50.202497323316564 -0.20342593272620627 0.9065871912579885 0.3698425692945357 31.40191553922836 0.9551417968833629 0.2668418039429925 -0.12879119658393487 207.80730281317582
-0.20644400980053268 0.32710165390546503 -0.9221804080791476 49.39342596197978 -0.20617548161757962 0.9067994120565465 0.36779287918244685 31.70674186563653 0.9565355441657901 0.2660459401381323 -0.11977869203766012 207.71823917823795
-0.1959902076747746 0.3269781484994991 -0.9245023505507598 48.61330035078439 -0.20811662496662717 0.9074591191360112 0.36506143198495744 31.99600962180425 0.9583125722118985 0.2639391871981493 -0.10981927638236456 207.64175112637207
-0.18697679419008661 0.3275281757117746 -0.9261732507976871 47.83379021811682 -0.21051187777322797 0.9075600187533579 0.36343611039327856 32.285818651755946 0.9595899090983901 0.26291068227110614 -0.10075985152131084 207.57383462586097
-0.1770725691218448 0.3285500792473173 -0.9277562604645717 47.06594744137788 -0.21191837119536 0.9078327242315023 0.3619334902853947 32.570463842954375 0.9611578745158569 0.2606833734585169 -0.09114216498722458 207.51623651932036
-0.1677004940227754 0.329771937203389 -0.9290631922873845 46.29509625664386 -0.2137973107830326 0.9078353371043805 0.3608206893454017 32.86105480862682 0.9624220998673039 0.2591274883579246 -0.08175569946680203 207.46698867941274
-0.1592935773040314 0.33032692722384727 -0.9303445900776285 45.555562468810116 -0.21554547559112566 0.9080252475949318 0.3593001557025457 33.13546062747165 0.9634599316996685 0.25775220530364645 -0.0734577653183712 207.42419829663606
-0.15028719314531147 0.3304846933591083 -0.9317860135455075 44.826478240573834 -0.21541414056281036 0.9089193071241533 0.35711070163151937 33.40185755022616 0.9649351775558286 0.25437547406088523 -0.0654235710783377 207.38789855564235
-0.14222270922933658 0.33047889948363113 -0.9330530486965714 44.12233036445784 -0.21579127886113364 0.9096297367499224 0.35506742005717357 33.657154724918044 0.9660725707619154 0.251829836374501 -0.058071313065870364 207.35567597667088
-0.13457737092028077 0.3309110899587476 -0.9340334372713647 43.41189758214878 -0.21583541094371678 0.9102064554421773 0.3535600505706774 33.915476288048154 0.9671576458575453 0.24916513914013333 -0.051086601278159754 207.32704460458896
-0.12797829921410595 0.3314447659821168 -0.9347715159656136 42.70570837885496 -0.2150514494594811 0.9108435221172849 0.35239533424354436 34.17348875443455 0.9682276458106124 0.24610913401906861 -0.045306329500392775 207.30002128683057
-0.12533118603064042 0.332085748677836 -0.9349024377310182 42.01152756623278 -0.21298247446686597 0.9113760130289648 0.3522735045120246 34.431407466985064 0.9690305629580532 0.24325537577632658 -0.04351117666909803 207.27143070983874
-0.12385323494543336 0.3326733603320224 -0.9348903270210962 41.31332426335402 -0.21054901337844523 0.9119006596343828 0.3523784052415248 34.69394614595575 0.9697518215336861 0.2404702235423598 -0.042913642771109935 207.23942763917657
-0.1236042727454395 0.3329408682806648 -0.9348278267237964 40.64604978386551 -0.20788804776335165 0.9124789561043333 0.3524609886442753 34.946293347957734 0.9703571474279243 0.2378923487860028 -0.0435876960008293 207.2052544362231
-0.12669329200812923 0.33365649699189465 -0.9341589041954224 40.00669602249179 -0.20572817880479485 0.9124512878783286 0.35379705318164345 35.19114622428513 0.9704188220645468 0.23699368277958482 -0.0469747441048619 207.16770585683196
-0.13068968891907873 0.3347737334777953 -0.9332081480264403 39.37184055143634 -0.2030358940084809 0.9123129647938326 0.3557042435875748 35.43745029754967 0.9704556318500035 0.23594881006030274 -0.05127467557435832 207.12719552488002
-0.13530490399942993 0.3357112398117267 -0.9322132481660437 38.74841964790722 -0.20007388373927454 0.9122452502914148 0.35755229364209906 35.6810871370254 0.9704385229264774 0.2348771990622816 -0.05628013572735513 207.08327580061905
-0.1399736819429413 0.33703342890535937 -0.9310461461449727 38.14429406207412 -0.19716279457272132 0.9120051428961509 0.35977460154629515 35.92110823586704 0.9703720862901367 0.2339138714350265 -0.06122202269641616 207.03611108404544
-0.14464246810015013 0.3383003726325488 -0.9298721202851774 37.562540793293564 -0.19418302588056935 0.9117945271581135 0.3619211752956649 36.154163225847476 0.9702874181248539 0.23290219900668274 -0.06620757659388411 206.9864359117436
-0.14928357436538442 0.3391581070350559 -0.9288256362524339 36.99737274901976 -0.19133661464935728 0.9117075895658354 0.3636519339672564 36.38077923522913 0.9701497954798685 0.23199334786380887 -0.07122520060178798 206.93453247306368
-0.15433614565256407 0.3396488473048782 -0.927820016256581 36.46895858301839 -0.18877460944933186 0.9116532185137838 0.3651242282954983 36.59267506984747 0.96986095859883 0.23148831698415898 -0.07659950076231643 206.88177646147915
-0.15914702916723192 0.33994865806917784 -0.9268972267019007 35.987170144811834 -0.18673247880485372 0.9115698451636656 0.36638083673653576 36.78315874833314 0.9694789314937593 0.2313777967997919 -0.0816095182404049 206.83324446383963
-0.16329578180082427 0.33878928945334363 -0.9266000312515994 35.52282530014374 -0.18487050438368646 0.9120811118674694 0.36605268784916356 36.96582627007016 0.9691458452123389 0.23106332964390827 -0.08632201349606806 206.78302025115073
-0.16752983076320774 0.33604682935018537 -0.9268429847931726 35.09048507149402 -0.18400786422888807 0.9129693481431702 0.3642687634641306 37.13403832088675 0.9685871780561234 0.231559649434559 -0.09112937239489112 206.7322028742746
-0.17172741970013922 0.33368808212000783 -0.9269269194950337 34.67939115312528 -0.18373275628439575 0.9135659312818045 0.3629094309313793 37.293440007896194 0.9679039168045458 0.23261564756798822 -0.09558987290548229 206.6809610381839
-0.1758050664326473 0.33301843471894793 -0.9264031610038964 34.3029685015605 -0.18309370389095234 0.9135974303346596 0.3631529658225932 37.44080816757679 0.9672929313247068 0.23344996957601027 -0.0996564839577734 206.6316822769108
-0.1790884931637815 0.3324177830192619 -0.9259897511702655 33.94908511518716 -0.18215703261635527 0.9137480439309116 0.36324495263370515 37.57909876330123 0.9668670453486017 0.2337158474473202 -0.10310464842234492 206.5840036864809
-0.18150872679962643 0.3314927065235903 -0.9258509271897984 33.617716652250785 -0.18218155271853834 0.9138751129708552 0.36291279261624393 37.70815822795238 0.9664114392093701 0.23453172539053108 -0.10549900707540015 206.5369921673889
-0.18412893001990385 0.33072925050883606 -0.9256072520922499 33.30215342250734 -0.1823190085622306 0.9138913013740892 0.36280327490487063 37.83121598208764 0.965889844594366 0.23554516642432025 -0.10798984428564025 206.49044110607588
-0.18654997958473685 0.33025771768511536 -0.9252908926576365 33.00244728843247 -0.1828559697822906 0.9137127984924978 0.36298300550480395 37.950162343586975 0.9653235909841319 0.23689624154946107 -0.1100776023490038 206.44434615422
-0.18823945197887865 0.3298724233263912 -0.9250866692975759 32.71846964957565 -0.18333468649219167 0.9135833941796564 0.3630675636650821 38.06258405468119 0.9649052196524669 0.2379307082613584 -0.11150920800555528 206.40086468088762
-0.18991257969725509 0.3295677959187875 -0.9248532174651055 32.45619147998781 -0.1833524520398893 0.913536309369879 0.3631768154100092 38.16540477434696 0.9645737422561022 0.23853257375554604 -0.11307875497241131 206.35993356688562
-0.19110677668583617 0.32919859484551256 -0.9247387900607839 32.21807503991358 -0.18321428884321997 0.9135995549716353 0.36308762697006847 38.2580666553189 0.9643641175081551 0.2388004528285709 -0.11429497754503377 206.3223094315562
-0.1918542124339125 0.3280379020736906 -0.9249971384577784 31.99732098404985 -0.18302387651075322 0.9140295993477586 0.36210056571097254 38.34286873275213 0.964252281975902 0.23875327112839365 -0.11533530955793123 206.286672952812
-0.1929071910416522 0.32585185340291145 -0.9255503177487393 31.78021877400819 -0.18364441526715614 0.914627054128634 0.36027351549375053 38.42545085619849 0.9639242379287258 0.23945754488763066 -0.1166107376866124 206.24972066427324
-0.19374081177672364 0.32493853529778854 -0.9256975293650191 31.57473030774536 -0.1834066461087698 0.9149608573654775 0.35954644425894394 38.504074722536544 0.9638026888848054 0.23942364923590673 -0.11768264002962563 206.2151556679779
-0.1946032397681904 0.32489105188222106 -0.9255328239359842 31.36742289648157 -0.18293505349914954 0.9150128147361019 0.35965377498021356 38.58438494760709 0.9637181800028604 0.23928804631984824 -0.11864388916714876 206.18154827886087
-0.19539409218832363 0.32438063361970254 -0.9255455825483938 31.152125003324617 -0.1825541583506113 0.9152296366708881 0.3592958492687803 38.666220839291846 0.9636307662940494 0.2391519600381664 -0.11962650432853307 206.14799576411554
-0.1964353980294756 0.32287504767394654 -0.9258515462643493 30.964152769605 -0.18300636712094961 0.9156003373176429 0.35811927705034086 38.737268843012565 0.9633333232188198 0.2397694369710773 -0.12078126933689559 206.11532325313507
-0.19752735300340682 0.3219245469197755 -0.9259500514413748 30.759399215599878 -0.18370249381624004 0.9156885129686938 0.35753631652150925 38.81517681612795 0.9629772922841221 0.24070791957812843 -0.12174838898159465 206.08053210969766
-0.19884138423218178 0.3220863896385548 -0.9256127046124435 30.549589173717578 -0.18326180758571767 0.9156093629828526 0.357965344039998 38.89613724344943 0.9627911750815803 0.2407930615671589 -0.12304801640971483 206.0466493778497
-0.19989286252591976 0.3225871066571821 -0.9252116832490601 30.328296493950656 -0.1821135024293438 0.9156003506145687 0.3585732467951395 38.98257699259348 0.9627914413700979 0.24015511327145517 -0.1242876809117437 206.01121658236457
-0.20091502400081487 0.3229402026275325 -0.9248672832261503 30.117380670903398 -0.1812237695747563 0.915586782220063 0.35905924607242773 39.065311963046504 0.9627465569217883 0.23973355500028248 -0.12544377235802884 205.9760157240124
-0.20196488620632919 0.32319485359381966 -0.924550041102501 29.90800951456794 -0.18057637616709613 0.9155480799832687 0.3594848028010913 39.14737476025372 0.9626486774483102 0.23954032671079226 -0.12656009809544264 205.94046379280923
-0.20337741582243427 0.32339991211569485 -0.9241686560887834 29.699900683363747 -0.1801369420677255 0.9154407967541339 0.35997819037495704 39.22900559825002 0.9624334875021869 0.23967345182217714 -0.12793653563492188 205.9039406513769
-0.20473934174181838 0.3234528300443575 -0.9238487141153252 29.490177999743675 -0.17994496643941524 0.9153349960557216 0.3603418038226206 39.31124568788262 0.962180109383876 0.24000341173283513 -0.1292145462902608 205.86632668894907
-0.2064128578586274 0.32336213414651965 -0.9235078290045586 29.270056815771003 -0.18033213719875454 0.915110288754528 0.36071904932638427 39.39928941061947 0.9617498394845113 0.24098062491963954 -0.13059122869239373 205.8256956340193
-0.20877406638114454 0.3222089727028481 -0.9233802200152843 29.04637790769079 -0.18268747032152832 0.9147339467780488 0.3604881747518849 39.49060077549129 0.9607951047220347 0.24393602910502052 -0.13212247780485167 205.77982771010815
-0.210604270479015 0.3169271491037827 -0.9247908051069031 28.83521705951381 -0.18586607568418445 0.9157878847359047 0.3561604894262465 39.57088199230382 0.9597852217791011 0.24688171403082057 -0.1339764510106541 205.73343079228312
-0.21247625376853185 0.311492172396033 -0.9262083996667407 28.618065292355233 -0.18763508213031657 0.9172243279088119 0.3515060930052005 39.650108012698745 0.959028391659023 0.24846121309888933 -0.13645478480952491 205.68812594683456
-0.21430473389326682 0.30905696390936865 -0.9266024462493212 28.38051090732449 -0.18787272529804824 0.9179045266272934 0.3495983679734031 39.73759101891272 0.9585750183558296 0.24898921951959194 -0.1386610483874368 205.64157785685936
-0.21714274675929796 0.3089118942078145 -0.9259902189123703 28.1115047353809 -0.18756155326215773 0.9177614223967888 0.35014090324466396 39.83908238180356 0.9579972972844196 0.24969586629122137 -0.1413581828932511 205.59050457606708
-0.22012736678963127 0.30871022452289826 -0.9253529562174247 27.831416717321716 -0.18676650184697305 0.9177507910607429 0.3505939753967191 39.944357899523915 0.9574715312634346 0.24998538418406047 -0.14437801606231263 205.53666763168715
-0.2226069285039971 0.30737384010697294 -0.9252047211051103 27.538609198673026 -0.1860847343008375 0.9181895936442005 0.3498067155727939 40.05272330420054 0.9570307251686231 0.2500209388116782 -0.1472104637047972 205.481774884936
-0.22462684753457476 0.30528535931655076 -0.9254082694924846 27.252231670787044 -0.18564984493273914 0.9188919470766309 0.3481897695454131 40.157981764003694 0.9566431613941934 0.24999959289767945 -0.14974417970298343 205.42690643271564
-0.22627852271449506 0.3019734476029595 -0.9260921731834065 26.944545367026507 -0.18745978050277448 0.9194958683067094 0.34561681076416134 40.27110397298592 0.9559005356423823 0.25179570568263726 -0.15146675450481772 205.3654314517377
-0.22741509577993424 0.2992557229186449 -0.9266962106829654 26.598406043795666 -0.1900243914955634 0.9197160003235088 0.3436253881047311 40.39912760043935 0.9551245715061115 0.25422525956497843 -0.15230348406801747 205.2980892273609
-0.22810940083410317 0.29677913476923534 -0.9273211781041671 26.234100989450777 -0.19288838209077555 0.9197958714992303 0.3418097316300022 40.5334154915267 0.9543843689729552 0.25682451691757696 -0.15258124258112335 205.23010068917628
-0.22840599383082347 0.2955055242641426 -0.9276540677339018 25.848302919927836 -0.19496694395099617 0.9196731038192301 0.3409588106559451 40.675419059153164 0.9538909112215721 0.25872405135084464 -0.15245761836929347 205.1599283255735
-0.22840082779098284 0.29640693425142345 -0.9273675722964826 25.435499644591363 -0.1956516597224947 0.9191555739996006 0.34196025118423234 40.82993857682626 0.953751895402892 0.2595301987750962 -0.1519560903307675 205.0889009497835
-0.22814735747638448 0.29902693661503277 -0.9265887705218719 24.986673569259107 -0.19604804206730508 0.9181034526148789 0.3445513855931108 41.000397921770215 0.9537312925102334 0.2602494275047899 -0.15085199738845265 205.01321619928493
-0.2279558951053457 0.30204043839135075 -0.92565822692306 24.520163001258616 -0.1971251037912444 0.9167022053269478 0.34765437295201823 41.181302590464625 0.9535552123833089 0.2617052202065628 -0.14944080750967667 204.9336296362671
-0.22754167005042045 0.3047504972543959 -0.9248718315103133 24.03114494837429 -0.19852311768558487 0.915338161811223 0.3504423356517163 41.37052787356226 0.9533647578627338 0.263333102363366 -0.14779079888328875 204.85259389670892
-0.2271677970732657 0.30855231436077446 -0.9237025883757358 23.51030953558464 -0.1986765507488443 0.9138865685093692 0.35412609952894236 41.575497259140214 0.9534221757335366 0.263948242576467 -0.14631681106498765 204.76708304342128
-0.2245768369541478 0.31484468845284813 -0.9222113179261863 22.95221164545666 -0.19262019409740688 0.9133867730308634 0.35873055406506527 41.793970886608015 0.9552767561459453 0.2581836140744597 -0.14449346969197097 204.68250410887148
-0.22181923663713687 0.3155829734959856 -0.9226262864843384 22.396831460091626 -0.18629938274192276 0.915069077559264 0.35778013077556886 42.00502994044452 0.9571726894703046 0.251231735493435 -0.14420036272331227 204.59922558714487
-0.21988827906319663 0.31529797282215105 -0.9231858219830205 21.83432774077164 -0.18137289636401227 0.9166511846679306 0.35625806887653966 42.220656930331764 0.9585636896736991 0.24576232646889565 -0.14438762805826705 204.50958902712432
-0.22094518713324626 0.3122571676539274 -0.9239663365024459 21.264063574109244 -0.18373980988349273 0.9171055999960392 0.35386753226241174 42.43883895542938 0.9578694251190412 0.2479391837850748 -0.1452691208886681 204.4075718956685
-0.22186778938075452 0.30978460333162927 -0.9245770307179245 20.671464034004234 -0.18610563999590485 0.917342571593692 0.3520116980460802 42.66398626071156 0.9571992055618758 0.25015347097553825 -0.14588917804238308 204.3042946139695
-0.22173420030829535 0.31085685399678364 -0.9242491383856156 20.053033471125705 -0.18290449145779555 0.9177780586296672 0.3525527091867078 42.90058752813515 0.957846537322587 0.24720704042981934 -0.14665868993752196 204.20648618241407
-0.22196049640458634 0.31694247377827756 -0.9221255062730443 19.396142888736676 -0.17575366746685092 0.9172379476010066 0.3575596793467825 43.15743955653522 0.9591317643600069 0.24141595080295783 -0.147899999650895 204.10284154853127
-0.2239558642394853 0.3176545036190559 -0.921397915708937 18.723529651671434 -0.1751211148285726 0.9169258046084158 0.3586696683061028 43.422771104872574 0.9587837485763903 0.2416671148993106 -0.14973588977536745 203.98638261252557
-0.22524850423695164 0.3137533155732736 -0.9224190358353284 18.050085360893856 -0.1757329234669902 0.9181558791462382 0.35520793178198423 43.6770686274314 0.9583689898980735 0.24209403692407302 -0.15168930127997352 203.86970226208527
-0.22806814645104706 0.3053068842729223 -0.9245582424378234 17.337189593680307 -0.17765821199479023 0.9206107156703623 0.34781970528230477 43.93446700932239 0.9573465024124173 0.24356645176143307 -0.1557343918875167 203.73730171754116
-0.22957298359077302 0.29575784954862105 -0.9272855613368784 16.63695068109754 -0.17830093642604067 0.9238457821632279 0.33879556784409454 44.17267209101115 0.9568670940114208 0.24309867465784576 -0.15936894342180613 203.6113646844983
-0.2301620903684383 0.2903764945648567 -0.928839534440428 15.940934047841697 -0.18027718320115788 0.9252384745029121 0.3339146567658512 44.414304361528 0.9563554037226627 0.24428731454162042 -0.1606187460661454 203.48660249465775
-0.2312542445420761 0.29433548917178204 -0.9273208592401202 15.19615486762236 -0.1791096535573784 0.9240025255784076 0.33794036180247417 44.688904308711805 0.9563111093978328 0.24422668969997435 -0.16097349101127578 203.35526078740457
-0.2329069490303534 0.2994378348785217 -0.9252716891107372 14.405467431127429 -0.1776920215387542 0.9223337139837409 0.34320736016715014 44.985576294066604 0.9561746057194535 0.24433315715105156 -0.16162265522682864 203.21578196994633
-0.23383301555027902 0.30319174114979525 -0.9238147827147943 13.583579130340105 -0.17727149266694953 0.920951608557532 0.3471145929772387 45.29535639951442 0.9560269080787663 0.24491724270402654 -0.16161402048090218 203.06983152572374
-0.23530419172111433 0.3000681228008048 -0.9244614200295886 12.756653075123861 -0.18082015532207257 0.9210631990207067 0.34498174989620894 45.600642190939034 0.9550011061082939 0.24832103944605347 -0.1624839250140058 202.9137706615842
-0.23624787515295753 0.2948975854408169 -0.9258833211931775 11.94723343700459 -0.18286223996528883 0.9223545243659754 0.34042480969845057 45.88958877767658 0.9543789567721092 0.24971780719741968 -0.16399100522268978 202.76579446230184
-0.23699845644177558 0.2928081948420541 -0.9263548472556021 11.13132419955772 -0.1829510187845728 0.9230252294207438 0.338553839814123 46.18032559375119 0.9541760706871087 0.2496981136497204 -0.16519825163079468 202.61763936765436
-0.23765707547070172 0.2935723008309074 -0.9259441217354973 10.270711764353607 -0.18316699802397227 0.9226258111819349 0.33952461938452 46.49570181978534 0.9539708117588493 0.25027663879706524 -0.16550802032764056 202.4602308927453
-0.23840585106994222 0.29574940789469656 -0.9250585090048786 9.398796699586084 -0.18386856331869078 0.9215676267467441 0.3420117391442665 46.81870012867001 0.9536494404173651 0.25160998713086896 -0.16534042970885163 202.30088785056336
-0.23905924223647057 0.2975972310526958 -0.924297175328207 8.511165209525199 -0.18416656284209681 0.9207400536989584 0.3440759651399739 47.148560572172535 0.9534288828366618 0.25246201689889897 -0.16531609487400487 202.13925765649296
-0.23965671019745283 0.29886104513072825 -0.923734509150793 7.614751847914163 -0.18448644877400958 0.920124669168532 0.34554818705430784 47.48424496863001 0.9532170916947209 0.25321232370835334 -0.16539034010270737 201.97765089170562
-0.24010284129817203 0.2999409211720992 -0.9232688122965134 6.713552420473118 -0.18489499693403713 0.9195670577203339 0.3468127365578359 47.82221158304047 0.9530261029670697 0.25396117701347287 -0.16534504960425597 201.81573840999752
-0.2399982315259958 0.3000132117713586 -0.9232720239268583 5.779587442546663 -0.18522304002977646 0.9194623474302712 0.3469141351518087 48.16848178336977 0.9529882593527448 0.25425305615497945 -0.16511224105931557 201.65043934162097
-0.24003460998999995 0.2976227549312193 -0.9240362553600274 4.8763410699640115 -0.18718846373822404 0.9198277298734703 0.3448841219109178 48.49567084676784 0.9525953764597808 0.2557359329647627 -0.16509096379332872 201.48989875582816
-0.23921482223498047 0.2953724664741985 -0.924970508964681 3.9724157084396117 -0.1878960465947417 0.920556335696066 0.3425477041787006 48.81811577190768 0.952662367697828 0.2557236540796533 -0.16472345143415495 201.3339422538242
-0.23850106665726628 0.29493214694977166 -0.9252953182315794 3.0501037284481587 -0.18866816162112388 0.9205827803110909 0.3420518137243556 49.15067128275327 0.9526887694702608 0.2561363327004269 -0.16392775033616203 201.17333097284484
-0.23769903095321873 0.2962667058239315 -0.9250749968084144 2.11851876083856 -0.1892927488847693 0.9199999096090815 0.3432717690779728 49.49124284089811 0.952765263385907 0.25668847733392974 -0.1626140310142484 201.0137235302863
-0.23660844102193962 0.29673225758600374 -0.9252053150206866 1.178639329027713 -0.19011178648273888 0.9197155038186295 0.3435812907222239 49.833740407320754 0.9528739690979762 0.25716954416269944 -0.1612121465997834 200.85398608850738
-0.23541857651758938 0.29663574180852575 -0.9255396558319103 0.23568014273566074 -0.19064589886405775 0.91972622883548 0.3432563007927586 50.17458930331538 0.9530620175174254 0.2572420855771016 -0.15998024882593417 200.6965363812733
-0.23460131396584544 0.29652906370574156 -0.9257812206988318 -0.7254491227370181 -0.19093122465370937 0.919770547568373 0.34297894043082144 50.521360580136005 0.9532065868748555 0.2572066464933252 -0.15917472077838782 200.53620649950625
-0.23376403188263303 0.296194102452137 -0.926099900643127 -1.6959546674976906 -0.19073284094586299 0.9200310698295283 0.34238907415740844 50.869104223624745 0.953451719581066 0.2566588882124942 -0.15858839056159293 200.3758685295371
-0.2334043927856864 0.2958598499532392 -0.9262971956964329 -2.6870034038446726 -0.19076170441037452 0.9201823445145414 0.3419656149758644 51.22443585328336 0.9535336905647069 0.2565014364887724 -0.1583481914660631 200.2109666127201
-0.23333581283846982 0.29527553763852044 -0.9265008298910327 -3.6711669696900313 -0.19082727518941098 0.9203869395439124 0.3413779653675295 51.57582295413578 0.9535374869007481 0.25644027307070183 -0.15842491727949368 200.04625651073067
-0.233655216667923 0.2953484732015944 -0.926397492519226 -4.664981474733215 -0.1908657203164631 0.9203185766410794 0.341541658014207 51.93505685850052 0.9534522525994665 0.2566030426045571 -0.1586773207733952 199.87755930419874
-0.23408807677105659 0.29559362690957114 -0.9262102213771204 -5.660422741744874 -0.19078579649454572 0.9202070493976907 0.34188719437082876 52.296343447868466 0.9533624147856808 0.2567217965687564 -0.159026224243245 199.70795666495502
-0.23544572338847303 0.29492084416538017 -0.9260811488561045 -6.658695414522749 -0.1924573578877926 0.9198679570908544 0.34186301727587903 52.66105212803261 0.952692172428794 0.25870348098042567 -0.1598308141960349 199.5315038586668
-0.23599600362363346 0.2929847349894204 -0.9265557873129014 -7.6524498741129765 -0.19379038198277151 0.9201630440407076 0.3403128461279583 53.017696256234075 0.9522858972405953 0.25985213193377793 -0.16038855615694889 199.35841114123568
-0.23617335202948703 0.2911720852402386 -0.9270820053952062 -8.63991518093809 -0.19379151768801944 0.9208090164630914 0.3385609041666551 53.368114520388694 0.952241962619897 0.25960156094262105 -0.16105515240590917 199.18915563276573
-0.23699925356393192 0.2914548790537379 -0.9267825073837221 -9.655934857870667 -0.19425455566988997 0.9204969692192292 0.3391441031451403 53.735815749963216 0.9519426947304591 0.26039026866269005 -0.16155179164985398 199.01099812660954
-0.23774372101287983 0.2923691239970049 -0.926303947729355 -10.660623119304688 -0.19520319951373888 0.9198268387983224 0.34041571983541113 54.10221711692047 0.9515628923702484 0.26173083722808904 -0.16162256315791593 198.83304130489236
-0.23788418136622075 0.2926026051378224 -0.9261939066445858 -11.678326298233596 -0.19535401820444623 0.9196849011360043 0.340711885678253 54.47088074613361 0.9514966719654631 0.26196747826458394 -0.16162834722792324 198.65610407850903
-0.23682788727478507 0.29249452807902293 -0.926498570317398 -12.712031051005594 -0.19460218798568582 0.9200375095913437 0.3401890845827683 54.84088267312529 0.9519141220981131 0.2608466918952795 -0.1609815137304994 198.48176667951867
-0.23666042091679346 0.2928041539733155 -0.9264437454092455 -13.757345764898085 -0.19460664168133432 0.9199396611315267 0.34045145576300523 55.21745837249773 0.9519552546856136 0.2608450826686266 -0.16074257769640407 198.30348696778196
-0.2363577686014681 0.29318957545225993 -0.9263990505604203 -14.818399679813956 -0.19437785296026552 0.9198911614263533 0.34071316914574074 55.59961626453536 0.9520772682846861 0.2605832693541593 -0.16044472745042607 198.12333631184168
-0.23629670456412977 0.2929764952727126 -0.9264816677269126 -15.867494076606015 -0.19465366707510057 0.9198998423746165 0.34053180137615685 55.975234661439934 0.952035997250577 0.26079144334392823 -0.16035134052438743 197.94435692513855
-0.2363350577855847 0.2919006309425858 -0.9268107256331779 -16.919289553554137 -0.19595952919983356 0.9199318078141325 0.3396946238636694 56.35017785156033 0.9517582481222032 0.26188111610216497 -0.16022273257257535 197.76260745158885
-0.23642483856332197 0.29008105300775006 -0.9273593666993304 -17.96126614881176 -0.19810560400612293 0.9199955501277652 0.33827492440933643 56.72018542156344 0.9512918084838156 0.2636734566753461 -0.1600541586260324 197.58189680404143
-0.2365423336550831 0.28652649704114547 -0.9284338470129282 -18.953319818046456 -0.2002114336044523 0.9206879150955837 0.3351365010991838 57.065915530344185 0.9508217193533194 0.26513879307085086 -0.16042657108749964 197.41070798399892
-0.23682723706069667 0.2847122586342276 -0.9289188607533888 -19.958659179329285 -0.20267305745708594 0.9206228808898382 0.333832305840975 57.41975571934287 0.9502292150852473 0.2673091688474072 -0.1603359324860145 197.23342913593427
-0.23831754455485102 0.28661918037128087 -0.927950533877524 -20.941542175477164 -0.20440258408463888 0.9192933005832091 0.33643147088760206 57.77517986989457 0.9494857562599729 0.2698348577067531 -0.1605088079358389 197.05869861146294
-0.23943718256360155 0.2921990063062091 -0.9259199544385979 -21.944089254604172 -0.20375214521762028 0.9173193652834559 0.3421651838093621 58.144382554298296 0.9493439714909203 0.2705670814518847 -0.16011521245699648 196.8849781277156
-0.24040421837543602 0.29663420123386497 -0.9242576744202435 -22.986307960409313 -0.20375794351954274 0.9155632183742957 0.3468332870972537 58.533023182803674 0.9490982442922058 0.2716869669550008 -0.15967488858917936 196.704404011213
-0.24054668069851196 0.2954193005894536 -0.9246094777980621 -24.035519916973016 -0.2052091783125218 0.9155866367892662 0.3459147547122384 58.91871107400551 0.9487494880972303 0.27292897809270744 -0.15962990927570497 196.5226344821068
-0.24060322247879767 0.28940329391076425 -0.9264954154520488 -25.07153390169595 -0.20648526022316022 0.9174428080153736 0.34018933375359794 59.284143451273586 0.9484582816460011 0.2731402419403526 -0.16099350891940897 196.34266707845663
-0.24003174995786414 0.2826619039289143 -0.9287229134566932 -26.08619721027742 -0.20650625035666875 0.9199442454167782 0.3333534928441035 59.63065436574392 0.9485991963426663 0.2717841154528249 -0.1624546755054828 196.167681592687
-0.23861442877037442 0.2779617148994416 -0.9305048778600392 -27.103861135204298 -0.20627375550475577 0.9218272942243005 0.328256738175291 59.97416492003646 0.9490071489904977 0.2702470838749257 -0.16263553784335136 195.99480138981394
-0.23812993199181684 0.27837536343737157 -0.9305055144331643 -28.136736766827205 -0.20601273886353974 0.9218043903594928 0.3284852299563437 60.33146704951094 0.949185959212561 0.26989932547758044 -0.1621706652658543 195.81827747274383
-0.23756989838524095 0.2785445736717769 -0.930598478429066 -29.171371195722116 -0.2058297504394298 0.9218534806368358 0.328463509629254 60.68844865720155 0.9493666854583585 0.26955847689887646 -0.16168192182074376 195.64175021173222
-0.23677541036079544 0.27961396972747854 -0.9304805186559268 -30.20627445744832 -0.20481929304500718 0.9218420184352244 0.3291279345192261 61.047296519709754 0.9497841950157514 0.2684897990651278 -0.16100915280910102 195.4672007888821
-0.2363005690260334 0.2793231980109032 -0.930688510437023 -31.234690841728906 -0.204287783843215 0.9221424032004153 0.3286168437224887 61.40011343358843 0.95001693794133 0.2677606234651895 -0.16085038877870317 195.2938177050907
-0.23564797906269 0.27890734663298955 -0.9309787474589402 -32.25704733001843 -0.20289686228848244 0.9227444074885474 0.3277875906542384 61.74928500049034 0.9504769652632351 0.26611500697711676 -0.16086334610056144 195.12268052481508
-0.23573963694070327 0.27666959440969624 -0.9316225929644747 -33.29243659181842 -0.20229857384908292 0.923687304070996 0.3254932475553714 62.09921139484174 0.9505816943072217 0.26517766582114294 -0.16178973584628173 194.94631851414704
-0.23602381471436074 0.2762178830148327 -0.9316842305355073 -34.34030932857305 -0.20210381663688143 0.9238712777894726 0.32509142387048273 62.45494898464275 0.9505525960277365 0.2650065499980632 -0.16224104743120404 194.76582578521004
-0.2364484392631321 0.2775306158550035 -0.9311862439696161 -35.394256514114026 -0.20135609949457936 0.9235791520496454 0.32638287625618917 62.818370475626374 0.9506057425115922 0.2646531179131077 -0.16250649432359254 194.584521686011
-0.2374827937552748 0.2805614466129466 -0.9300138451552646 -36.47827456632938 -0.20118612144811487 0.9224564829077785 0.3296460177467216 63.197583171048464 0.9503838185659136 0.2653714957422713 -0.16263271083020733 194.39618771825207
-0.23837732867813763 0.2829812983819712 -0.9290514345507058 -37.57676336428982 -0.2013108285867707 0.9214711864583062 0.33231568030761865 63.58422315518507 0.9501337521716007 0.2662246224833193 -0.16270093352199405 194.2053340073085
-0.23840853245446753 0.2798980557863631 -0.9299763261045831 -38.67421214982567 -0.20104204373819615 0.9226401652584877 0.32921997283821197 63.95870419555987 0.9501822402447224 0.2654331936150759 -0.1637045112745689 194.01649647787616
-0.23932623190398494 0.27429617859131356 -0.9314087845773771 -39.72467485247022 -0.20325758595954999 0.9238958235090211 0.32430167774526125 64.31099584863978 0.9494798436777596 0.26690959933154446 -0.1653698715880586 193.82728076912304
-0.2399526011819249 0.2708159894943699 -0.9322657880616808 -40.79450070266921 -0.20450852957687807 0.9246882760842923 0.3212433605248204 64.66960829156025 0.949052921716521 0.26771933896952677 -0.16650706700485052 193.63596217893308
-0.24053117909571736 0.2710570963852375 -0.932046312495715 -41.844993973547474 -0.2048645915211483 0.9244478741875753 0.3217074070736089 65.02787184385058 0.9488294037179408 0.2683039768027318 -0.16683852486572187 193.44771804229114
-0.24174604293004487 0.2746644200912913 -0.9306748778957391 -42.93137169810377 -0.20470298091600192 0.9231203524624346 0.3255982869734811 65.40348187589501 0.9485553580611227 0.2692040808404767 -0.16694617867849854 193.25486540520043
-0.24262002876827363 0.27708908701602003 -0.92972862878739 -44.009553635427494 -0.2045031490739907 0.9222386516679898 0.32821437845510365 65.77784423582757 0.9483762243468433 0.2697427910354123 -0.16709843885713627 193.06336128453896
-0.24304323490700552 0.2764431366608836 -0.9298105229276696 -45.110855786292646 -0.20469821551677514 0.9223686950768832 0.32772735854939367 66.15446119155935 0.9482260148202396 0.26996126748340404 -0.16759836120292912 192.86679227081086
-0.2437646239524712 0.2735150099059556 -0.9304873859530919 -46.191874430878116 -0.20597579996022136 0.9229595811933373 0.3252536200261148 66.5198402673265 0.9477640662680494 0.2709220160685672 -0.1686577281920401 192.67081926429444
-0.24513138468620918 0.27179776967048197 -0.9306312688061714 -47.29141732926049 -0.20863974659852141 0.9226560452800208 0.32441572736474905 66.89605793043897 0.9468281970866425 0.2736700596705716 -0.16947455588798138 192.46447275838239
-0.24704764118452266 0.27012971184888596 -0.930610283860941 -48.392702769709345 -0.21190118590819268 0.9220932241449394 0.3239014140489962 67.27378581020602 0.9456051765487824 0.27719531481011755 -0.17057056364059045 192.2555071613987
-0.24810147744423994 0.27016668906748026 -0.9303191165267164 -49.47060928971269 -0.2116583458370708 0.9220439037936872 0.32419992671703807 67.64214534158621 0.9453836156575642 0.2773231251432855 -0.1715878809244087 192.05622292666195
-0.2504285501174801 0.26612203492400327 -0.9308610288881787 -50.52501458914892 -0.21174393290233282 0.9231837999907148 0.3208826205976578 67.99482918077301 0.9447506158788801 0.2774412054216927 -0.17485246545909797 191.85590574416736
-0.25311713904208943 0.2668110006846627 -0.9299360045779186 -51.58967375024547 -0.20982715578431466 0.9232353981027578 0.3219911764371168 68.35546789272254 0.9444614615918974 0.2766063294789581 -0.17771304446335295 191.65432953752784
-0.25347414307778054 0.26602893148449547 -0.930062748487857 -52.64374122276537 -0.20518088096255546 0.9248183778534469 0.32043820840766 68.70914780551158 0.9453861364723855 0.2720329274233534 -0.17984400463871464 191.45637573061938
-0.2542516309107579 0.2624799038336093 -0.930859057708525 -53.67750820948755 -0.20457497994986887 0.9261317692427626 0.31701441156100635 69.04980871944632 0.9453090905023924 0.2710105120754936 -0.18178362781405275 191.25575888589523
-0.25526184317862766 0.257913562738626 -0.9318574951811777 -54.700305202533976 -0.20490836915739702 0.9274820023371888 0.31282302141084894 69.38122739652438 0.944963958394478 0.27077623392106054 -0.1839125757921996 191.053372190196
-0.25622923067186615 0.2572196651733789 -0.9317840318387064 -55.740915277538825 -0.2051405972896898 0.9275550140913702 0.3124538269402465 69.72187347233664 0.9446517621319601 0.27118552166620513 -0.1849109460436233 190.84487349497923
-0.25846672912041524 0.2594200718728236 -0.9305552994969113 -56.783809457765734 -0.20520854379802697 0.9265772478348381 0.3152995044965746 70.07221855529026 0.9440277241681465 0.2724308585543414 -0.18626476633559946 190.6331719651747
-0.26079198439931633 0.26243714560416376 -0.9290593430355457 -57.833738410181894 -0.20481385219033443 0.9254332305258671 0.3188958549608666 70.4323882845478 0.9434739252127751 0.27342825764700457 -0.18760552579327341 190.41920442769188
-0.26326246001184034 0.2661080979111254 -0.9273165379044566 -58.89425313470139 -0.2041886968952436 0.924096580040041 0.3231425940369051 70.80090072562601 0.9429227752658969 0.2743978638284881 -0.18895433841230969 190.2011526550339
-0.26423693729759806 0.2660307493778602 -0.9270615080710644 -59.955476539770444 -0.20416409852436307 0.9240318037805028 0.32334326052477447 71.16530366006943 0.9426552500926126 0.2746910125473713 -0.1898600382122431 189.9816121950591
-0.2651472156425465 0.26236048046609756 -0.9278478405125938 -61.01402294452472 -0.2032591037541222 0.92547580154073 0.3197638466101155 71.51860232845354 0.9425958079969933 0.2733566634240068 -0.19207043936443507 189.7623047273031
-0.2660920011995437 0.25752448852286797 -0.9289317783502488 -62.041396966797194 -0.20245457312996384 0.9272685578819412 0.3150459213472725 71.85376910449662 0.9425028654892423 0.27187623946833667 -0.19461190445197463 189.54681846048095
-0.26729769283731125 0.2547842472079378 -0.9293418138741628 -63.09749912279665 -0.2027564379733525 0.9279898457227772 0.31271940910807744 72.19859341961737 0.9420969747106803 0.2719977170197423 -0.19640027476173177 189.32136166248102
-0.268919469354364 0.2546126235467546 -0.9289212178558571 -64.17707938815306 -0.2026514106906569 0.9279204374344933 0.31299403460884284 72.55561414172033 0.9416582008714989 0.2723957040278095 -0.19794793755383244 189.08861481450955
-0.271303437173617 0.2561593914732508 -0.9278025192119576 -65.27715810965019 -0.2030107763139042 0.9270593531049376 0.3153066370060152 72.92590020941613 0.9408973472226067 0.27387530097252194 -0.19952141416198202 188.84837192779918
-0.2734486569086668 0.25727014796858927 -0.926864971368614 -66.38122820815741 -0.2033752822026657 0.9263608447393621 0.31712012230012315 73.29982367779992 0.940197437275319 0.2751951274433045 -0.20099996021852398 188.6057664466588
-0.27470604843889584 0.25677481787934864 -0.9266305880191528 -67.48514470036424 -0.20394315522465176 0.9262376951267771 0.31711534251575174 73.67078866375203 0.9397078676900651 0.27607118192022123 -0.20208576836685851 188.36206668219748
-0.2757347895174269 0.2563343066639279 -0.9264468007672213 -68.5669177669263 -0.2044543227647167 0.9261344704251621 0.31708807075618883 74.03441396825973 0.9392954865849641 0.2768261138811572 -0.2029690352063725 188.1223425751139
-0.2766216197095173 0.25601052657879525 -0.926271687801209 -69.64894473030657 -0.20462451771284343 0.9261052920911361 0.31706313529094665 74.39783254295811 0.938997456676662 0.27722223262753765 -0.2038050399830323 187.88202496535666
-0.27773376693196083 0.25560999332763945 -0.9260491866791042 -70.73694164529891 -0.20429358688157206 0.9262275397713358 0.3169190048753334 74.76179478268853 0.9387408325756814 0.2771830829301122 -0.20503568201167807 187.63972436161404
-0.2789485507846429 0.2544133765292467 -0.9260132883466057 -71.82022768980192 -0.203952389244001 0.926614541146018 0.31600596866949243 75.12142488465679 0.9384546967809207 0.2769901419919907 -0.20660022553126864 187.39727801365478
-0.280075160853411 0.2539388979884715 -0.9258033567499934 -72.93757954902587 -0.20393966642124808 0.9266666632544427 0.31586156578411045 75.49436192752435 0.9381219247123109 0.2772511373525355 -0.20775871687810396 187.14509312654812
-0.2808717401878564 0.2542676113038924 -0.9254716845677027 -74.03062434292237 -0.20347047355701361 0.9266126153725167 0.31632213645806473 75.86098908878967 0.9379855067841315 0.2771302875930878 -0.2085340059845067 186.899905363736
-0.28154379064603485 0.25379774430545493 -0.9253964152467457 -75.1423477667555 -0.20362391234303714 0.9266598980403825 0.31608481918199016 76.23304829733341 0.937750715997337 0.2774028517814932 -0.209226680553555 186.648511914945
-0.2811686441596312 0.25283413264250926 -0.925774061169159 -76.25173151124775 -0.20129588449415922 0.9277105868542598 0.3144890140785085 76.59939033398983 0.9383656444214095 0.2747571261134061 -0.20995926345823174 186.40161429099058
-0.28221460219824096 0.2532337555905137 -0.9253461180583199 -77.36949172206118 -0.200561229975162 0.9276850118673616 0.31503176258450466 76.97220396677012 0.9382085254659674 0.27447358795713683 -0.211028272285739 186.14743921020047
-0.28308458631902267 0.2556216466621722 -0.9244235234032329 -78.49120518014034 -0.20030070154657958 0.926857710882967 0.3176226414769989 77.35131320810204 0.9380025012481342 0.27505492503792633 -0.21118890055044695 185.89137812647238
-0.28385546020038777 0.256266666769329 -0.9240086505091225 -79.62188447304953 -0.1997888312929817 0.9267082163049511 0.3183805361946652 77.73310756274395 0.937879005300287 0.2749588081974817 -0.21186289390872587 185.63368369888474
-0.28416935210573585 0.255070148527017 -0.9242434217973026 -80.73997479060095 -0.20006815249806512 0.9270063314651734 0.31733577916078276 78.10481570569758 0.9377243729865308 0.2750668311856232 -0.21240621671718535 185.3790060769435
-0.28465279088423767 0.25351954853278136 -0.924521888940786 -81.82778072635118 -0.20066879317392888 0.9273127559081686 0.3160589442388291 78.46570707584365 0.9374497213503739 0.27546765507343374 -0.213099354425555 185.12833521697343
-0.2848024174011029 0.2532145029630194 -0.9245592534024712 -82.91540988596495 -0.20040185480420436 0.9274801779243893 0.3157364470209606 78.82654451259116 0.9374612290600569 0.27518394098797383 -0.21341475178122934 184.88001495405706
-0.28491550225875467 0.2527592319595948 -0.9246490503477921 -83.99651897974157 -0.2000745019895152 0.9277201734661421 0.31523836073687744 79.18440573549454 0.937496843491242 0.2747931267955635 -0.21376209314611536 184.63248278623905
-0.28491774792832003 0.25201774300131463 -0.9248511881126733 -85.0657446782198 -0.1994861897041648 0.9281450082542739 0.3143601655085234 79.53603563734083 0.9376219582724731 0.2740396067697163 -0.21418172289539775 184.3884296264086
-0.2851182511920358 0.25177570491731477 -0.924855502482425 -86.14876668451053 -0.19943995827695507 0.9282208425825403 0.314165292147292 79.89392389043272 0.9375712428665216 0.2740049141244572 -0.21444914061152798 184.1392917953334
-0.2847309444976804 0.2533332787837596 -0.9245495914066824 -87.21792802311352 -0.1989344269764616 0.9278766920201948 0.3154996447947501 80.25119833308993 0.9377961783059124 0.27373479579588883 -0.21380914771859486 183.8967161034873
-0.28309509891521645 0.25507512903094004 -0.924573135010969 -88.28854968578683 -0.19595361405007947 0.9283089594018213 0.31609416806965784 80.60808873464961 0.9389184745925834 0.270635445512419 -0.21282744430497907 183.6596357304409
-0.282717852655744 0.25458518430108235 -0.9248233168868373 -89.37103472431934 -0.19635499880964477 0.9283974840217822 0.3155840694522775 80.9658046380283 0.9389480210786146 0.2707924569831628 -0.21249646480310005 183.41593976785916
-0.28303352386243114 0.25082069926634776 -0.9257552055316722 -90.4324679322426 -0.19879939156968274 0.9289365010539801 0.3124513399823364 81.31131849797525 0.9383387873716936 0.2724511630886956 -0.21306794743329804 183.17222714883673
-0.28242084499819836 0.24794524902848158 -0.9267169173537889 -91.48699323244722 -0.1985302542622492 0.9300393787348585 0.30932640378865833 81.64832718859414 0.93858087446438 0.2713185329122225 -0.2134481367997881 182.9357739192878
-0.2825515636227549 0.24627970258548387 -0.927120839965089 -92.58461535873856 -0.20107977422784534 0.9298412729184082 0.308273460290723 82.00741371536259 0.9379986875764786 0.2735052792476412 -0.2132163951452859 182.68137547489457
-0.2831791254800836 0.24573516630156025 -0.9270739839276255 -93.71828984937403 -0.20333743336195323 0.9292999073334471 0.30842516342020276 82.38142789236018 0.9373223956793364 0.27582532194612913 -0.21320136290758004 182.41838682464822
-0.2832568689608015 0.24706186608259004 -0.926697657204146 -94.8335365819715 -0.20339162034264832 0.9288340508952794 0.30979014876841604 82.74762868708507 0.9372876612613689 0.276209446092333 -0.21285836731418842 182.16488998429003
-0.2834759704918443 0.24859985021493566 -0.9262193140350485 -95.95521770106949 -0.20339636773049855 0.9282951522848112 0.31139759393180805 83.11735281083202 0.9372203482269943 0.2766399265577888 -0.21259528281670384 181.91028167425713
-0.2836279755307776 0.24900755550726106 -0.9260632847991473 -97.08997948109285 -0.20384126740289632 0.9280113232057189 0.31195217222544863 83.49213375637636 0.9370776974535447 0.27722487075031144 -0.21246218332960445 181.65132598873709
-0.28377382289810066 0.24869737580814602 -0.9261017079282324 -98.23955135605456 -0.204005605850075 0.9280523895600138 0.3117220071149371 83.86806092774623 0.9369975505001538 0.27736513902540155 -0.21263154388716132 181.38991245488066
-0.28385516287502716 0.24703125411961088 -0.9265234925567017 -99.37803714349612 -0.20452643831799713 0.9284497723407479 0.3101943802684955 84.2356562876244 0.9368599090430737 0.27752510034344624 -0.21303066073771879 181.13038373929356
-0.2840138417161892 0.24498688901988774 -0.9270175419062617 -100.52247558320333 -0.20586925559269 0.9287178267210451 0.30849893451626476 84.60315820462964 0.9365175571082291 0.2784385505542327 -0.21334309621449046 180.86794754788514
-0.28414179415201074 0.24406007448894348 -0.9272228933346454 -101.67839164248295 -0.2070305743150885 0.9286673503613478 0.3078734354541878 84.9753965839774 0.9362227865564605 0.27941932859978413 -0.21335499529582483 180.60314597074375
-0.28429349464161097 0.24343241790001066 -0.9273414894605835 -102.84113509237282 -0.2080264873510217 0.9285628196868476 0.30751720476472905 85.35039301810433 0.935956212791824 0.2803127943720919 -0.21335362133541622 180.3371919914351
-0.28421435117466 0.2434418241701408 -0.9273633162365763 -103.98251025570843 -0.20774131714099828 0.9286528532911942 0.30743819299142167 85.71721679408992 0.9360435035109035 0.28000596754055307 -0.21337319380485742 180.07947805178836
-0.28428145389142684 0.2434904345293809 -0.9273294823373712 -105.14233029168217 -0.20819934839776022 0.9284924942389501 0.3076117764729142 86.09286789180018 0.9359211642164579 0.28049382163299164 -0.21326845209110937 179.8147557481787
-0.28386127080138324 0.24348944004626813 -0.9274587813698315 -106.29149932888565 -0.20794365125231637 0.9286115608074468 0.30742619624951634 86.46117582605439 0.9361056780536011 0.28010141525100407 -0.21297443127267476 179.55814761681242
-0.2832399961996382 0.24318166628325114 -0.92772960614401 -107.45020856998285 -0.20735896657785413 0.9289497558789314 0.30679920882329903 86.82955768571058 0.9364234440708814 0.2792465051021059 -0.21269948661591823 179.30027287895942
-0.28313948372657066 0.24335148843995882 -0.9277161567535596 -108.58637470361835 -0.2075362295919864 0.9288510255836342 0.30697889556078745 87.1946469823765 0.9364151083025601 0.27942790363232 -0.2124995097040779 179.0449635184617
-0.28299868169762876 0.24213090451640112 -0.9280785700056938 -109.70469379876894 -0.2071695577969169 0.9293771152354461 0.3056312731789107 87.54780540891628 0.9365389426833671 0.2787382857335179 -0.21285961738422282 178.79481427307203
-0.282937486378567 0.2379486272404393 -0.9291781810595148 -110.79159774508409 -0.20781159949400743 0.9305592462038307 0.3015707069073851 87.88822012158094 0.9364153599428309 0.27839509924018 -0.21385076973969921 178.54776658257555
-0.2828507843952347 0.23711279657103773 -0.9294181046936419 -111.88767898880178 -0.20846858223587603 0.9306432235898269 0.3008579220170158 88.23238454689913 0.9362953902254947 0.2788279057174828 -0.21381177627957565 178.2981872084834
-0.2830479736424796 0.2391281418973649 -0.9288416275717365 -113.00371010671134 -0.20918132068707931 0.9297571657144305 0.3030969167049512 88.59021065965784 0.9360771367482961 0.28006247385054994 -0.21315373388911882 178.0434052437461
-0.28312509448748224 0.2396062931622913 -0.9286949665866611 -114.09084894777797 -0.20941724427330485 0.9295229190900568 0.30365223365955857 88.93822804723246 0.9360010993613018 0.2804316464751188 -0.21300262207379597 177.7965106685673
-0.2820568599050897 0.23977565398587816 -0.9289765325864977 -115.18585702824026 -0.20710614933355412 0.9302612193479163 0.3029773823848779 89.28321687541984 0.9368377089454708 0.2778286060667145 -0.21273643783031704 177.55375266082407
-0.28136906967007885 0.2398507896478733 -0.9291655905415214 -116.28873668923765 -0.20551842019680566 0.9307719258674056 0.3024889037875027 89.63000807270312 0.9373937287332962 0.27604696262965134 -0.21260568040410194 177.30806154043884
-0.2805535157422687 0.24060507266056508 -0.9292171326072083 -117.377618368099 -0.20345640505725301 0.9312086749865865 0.30253795691915936 89.97404895620944 0.9380873444564067 0.2739089158137683 -0.21231031818326235 177.06623349964562
-0.28051891256219574 0.24054092893958837 -0.9292443746085449 -118.4716024048301 -0.20325824712786375 0.9312908808540823 0.3024185244932966 90.3191210750437 0.9381409215664067 0.27368622873125864 -0.21236184175645828 176.82075739383208
-0.28047176636220067 0.23937551590816994 -0.9295601215008464 -119.55515897990566 -0.20360715234909937 0.9315724918616228 0.30131500891123103 90.65597285208732 0.9380796870335828 0.2737506960350829 -0.212550007334487 176.57728947575802
-0.2804119633789943 0.2388240364961172 -0.9297199093111951 -120.65412009282187 -0.2036727032220144 0.9317375212775625 0.30075978789968705 90.99895037906767 0.9380833421513425 0.2736704519046149 -0.21263716566243826 176.32985982155645
-0.2803566204195568 0.23977828944428464 -0.9294909799520392 -121.75885029949433 -0.2037438360644857 0.9314128678669369 0.3017158139708484 91.3488638553765 0.9380845708495759 0.2739412834238173 -0.21228306616957687 176.0818052383302
-0.2804556333284057 0.24363896842250302 -0.928456646448223 -122.88656439489473 -0.20395413878335023 0.9300798021983468 0.3056603515507665 91.71321904966435 0.9380093060708736 0.27506194400277106 -0.21116371957936805 175.82857964649116
-0.27964386962064197 0.2472793738737585 -0.9277389264842327 -124.04808790759986 -0.20273046015651938 0.9293118473451278 0.30879451920310136 92.08980243401089 0.9385169314923397 0.27440867159608656 -0.20975410113492043 175.57368528592153
-0.278938545324934 0.2434944861569398 -0.928951789475268 -125.18609712252184 -0.20057535119734346 0.9312558256283959 0.30431299230387704 92.44512823217158 0.9391896700575654 0.27118469380369054 -0.21093269742665174 175.3242863177947
-0.27898411813435553 0.23458561834036484 -0.9312276573838241 -126.31014641014728 -0.2024986761982653 0.9335703037019718 0.29582900355595904 92.78101806761815 0.9387633923573455 0.27107921008043867 -0.21295667186072265 175.06620422272366
-0.2791822079372505 0.22801718105562616 -0.932798527626056 -127.39542521838595 -0.2037407343533596 0.9352564132340396 0.28958386213546655 93.09788423737253 0.9384358607338585 0.27087089648759505 -0.2146591921843041 174.81909971557835
-0.2790951769817459 0.22899642266825168 -0.9325848464018225 -128.4837491765378 -0.20353066098778527 0.9350206759510232 0.2904921678207795 93.43216557697092 0.9385076122085707 0.27085945096976616 -0.2143604349333121 174.57347887463033
-0.27965503444496465 0.23591548135922602 -0.9306906612634577 -129.59194774431865 -0.20269271287143498 0.9330290449265282 0.29740037489324705 93.78324491705509 0.9385221800533706 0.27178873499290085 -0.2131165055536463 174.32369815479214
-0.2791298278749421 0.2421980038155147 -0.9292335984061081 -130.69637917061522 -0.20099817698781372 0.9315398988266886 0.3031632637936302 94.13812265494387 0.9390428444857306 0.27137119440730095 -0.21134793970117283 174.07830883203158
-0.2797023350823341 0.24401356408228786 -0.9285866385668362 -131.81974800811932 -0.20169461514132292 0.9306903939305574 0.30530546931171865 94.50025419008362 0.9387238541876682 0.27265943816615407 -0.211108595593584 173.82417513739904
-0.27969596442739025 0.2426212787942493 -0.9289532638717968 -132.93204327029028 -0.20250664373936073 0.930911739194735 0.304091019516524 94.85035245334869 0.9385507893065639 0.2731461371484356 -0.2112483332061417 173.57486215498466
-0.27953623327944604 0.23557324014719236 -0.9308133550216836 -134.03929957284612 -0.19914360634221567 0.9341707314504353 0.2962147325372349 95.18014080192148 0.9393175958822465 0.2681420412181334 -0.2142301450116541 173.32989799248486
-0.2799511557141425 0.22864670914883342 -0.9324147137912913 -135.1202123316924 -0.19534435409344714 0.9373813900420812 0.28850165637440583 95.49317840782398 0.9399915042922138 0.26288201541177947 -0.21776441598008456 173.08673219081925
-0.2809244625590727 0.22926118252372887 -0.9319707233956455 -136.1692788478577 -0.19270537127864706 0.937840999702499 0.28877920450828903 95.80962051656125 0.9402450907165524 0.26069522345433216 -0.21929110077192582 172.84306673885027
-0.28337896680175084 0.24248512386508114 -0.9278717287888518 -137.28906421264523 -0.18912362082393422 0.9344180977133308 0.3019420166040766 96.17682553991305 0.9402356838008824 0.2610206926920641 -0.21894402414048822 172.57929152944612
-0.2847379437911833 0.2557745621203429 -0.9238788794582057 -138.40864774146473 -0.18528646546711788 0.9309310251844524 0.3148178784830253 96.56104034154802 0.9405889356346704 0.26079731160357805 -0.2176893537988831 172.31802029861763
-0.28528631208063254 0.25763008139204646 -0.9231934028660858 -139.49704472881717 -0.18683847817840896 0.9298112305779637 0.31719970331561753 96.93132414075718 0.9401155767302997 0.2629556700247782 -0.21713643123661452 172.06010674511109
-0.2855855400580517 0.2519161902240231 -0.9246767054754508 -140.5617257204747 -0.18910362822276666 0.9310936477777058 0.3120546474903691 97.27604948130897 0.9395718509382136 0.26395281502596013 -0.21827740229024917 171.8082460592065
-0.28751200695763696 0.24127064021083344 -0.9269167116037775 -141.60609235282192 -0.19188799097531864 0.9336630787679642 0.3025324778809374 97.59976689416303 0.9384195761461667 0.2648203690230695 -0.22215066252438437 171.55054408670182
-0.28896085615467654 0.23185417385613602 -0.9288682393426562 -142.61335013917991 -0.19235867349903782 0.9364246658907454 0.2935671443974928 97.89707054284536 0.9378786534072037 0.26347918683839544 -0.22599812359777152 171.3034771411508
-0.28950659446055294 0.22811215048244005 -0.9296249335509811 -143.58000793684548 -0.19421424203793197 0.9370295305348217 0.2903979514227922 98.18821701649752 0.9373280571196934 0.26459229643025695 -0.22698058483586772 171.06302082253544
-0.290689401408017 0.23296581639327127 -0.9280503205361357 -144.59683762599843 -0.19454249979959393 0.9352991214070889 0.29570666344183316 98.50975636751765 0.9368934288869529 0.26647806424267867 -0.2265670041136753 170.81357483736335
-0.293220331723168 0.23953745918725186 -0.925578131593245 -145.6279625261031 -0.1954930228842806 0.9326688933543656 0.30328967836970583 98.8511227413738 0.9359064955609461 0.26984876106965083 -0.22665699253589966 170.55767107678577
-0.2947006339388826 0.24312644703318692 -0.9241712739587555 -146.63001989574502 -0.19670201869792114 0.9309914659581878 0.3076308847737536 99.18609304896016 0.9351880751484896 0.272419230707223 -0.22654786475255803 170.30959521573638
-0.2949744613018347 0.2427013003530257 -0.9241955866732899 -147.62837499575232 -0.1971771638177858 0.9309677660457212 0.30739825865616616 99.51067993688496 0.9350017235972813 0.27287874708916743 -0.22676406348439743 170.0643386211872
-0.2953063878089745 0.24126218197028942 -0.9244663802017488 -148.62855757227425 -0.1978924484100085 0.9312043708625238 0.3062198113353114 99.83110220592008 0.9347459827053041 0.27334728571628863 -0.22725374479242025 169.81800678693318
-0.2948029356061135 0.24052599973428926 -0.9248183501834344 -149.6534163656369 -0.19706400967274015 0.9317374183602761 0.30512945718412887 100.15811059304545 0.9350795195178225 0.2721755006822046 -0.2272872243123602 169.56960840537565
-0.2946534949744049 0.23744494420389337 -0.925661500807571 -150.64575927490662 -0.19717308922618426 0.9327307563839571 0.30200817199615315 100.46975113954625 0.9351033958207505 0.2714771473957171 -0.22802190063330804 169.32720530169846
-0.2942519123602198 0.23289418679124751 -0.9269439037919283 -151.63425208410274 -0.1966691365461198 0.9343858755737259 0.2971813561512327 100.77257417158593 0.9353355570347982 0.2697216019579523 -0.22914938349405756 169.0860851896985
-0.29373356371363096 0.2319243776793691 -0.9273517446836774 -152.65760823694083 -0.19715505216138723 0.9346041613391121 0.29617167829070185 101.08777135048307 0.9353966034317805 0.2698014380553592 -0.22880691857536578 168.83685241543458
-0.2926110651259819 0.23264499040474843 -0.9275261678193032 -153.6688408539018 -0.19770929096099427 0.9343179209956308 0.29670593348863483 101.4044129253607 0.9356319241166716 0.2701735444167095 -0.2274028221134097 168.59204918660953
-0.291192028966143 0.23056642563494245 -0.9284914948088199 -154.65297952989002 -0.20035948120582434 0.934343669886121 0.29484136722880716 101.70565820354196 0.935511134829262 0.27186095455146586 -0.22588394958721683 168.353892434202
-0.2904553221571403 0.22529953543129866 -0.930013514935741 -155.60720892032433 -0.20267774213257633 0.9353933349821096 0.2898870847722328 101.98842409375645 0.9352406274535672 0.2726657125810678 -0.22603345623705406 168.12344704736063
-0.28995255341344783 0.2226918222716574 -0.9307984113163407 -156.55326084118735 -0.20438135256310397 0.9357506242038806 0.28752874939261563 102.26890536615156 0.9350262220023936 0.2735808311093016 -0.22581559906433987 167.89598195856573
-0.29014774276885963 0.22267302840340214 -0.930741090662298 -157.52520047351751 -0.20555599502647015 0.9353936654118005 0.2878517963196742 102.56549929170006 0.9347076823869427 0.2748126463390887 -0.22563735555541822 167.65777937544277
-0.2906630664186302 0.22324116229731328 -0.9304444953668978 -158.45517589184942 -0.20572959387552253 0.9351200979316877 0.288616642901839 102.85006858528585 0.9345097899267527 0.2752834522713024 -0.22588403486320652 167.43196416835514
-0.291389462502524 0.22342166100275315 -0.9301741909565437 -159.42266180887813 -0.2063271295800936 0.9348212743180121 0.28915786273056177 103.14646641357817 0.9341519277495699 0.276150825409572 -0.22630544498797364 167.19482560394925
-0.2919658263369839 0.2226231964474342 -0.9301852156170751 -160.37255273119052 -0.20725997593284473 0.9347401266165165 0.2887530021341137 103.43525462483885 0.9337656030193617 0.2770690857954572 -0.2267774788736695 166.9599809053827
-0.2937243550183988 0.2188012608120359 -0.9305380031495775 -161.33287071081915 -0.21012383597804643 0.934904538887473 0.2861385856091993 103.72590829101809 0.9325730944054419 0.2795469965697408 -0.2286353229500314 166.71318666357308
-0.29611571073722165 0.2176599256427691 -0.9300467895878625 -162.28705995266898 -0.21104533859085042 0.9347569277373168 0.2859416795267663 104.01657788992539 0.9316076533247836 0.28092705857120814 -0.23086712175593024 166.46790216197724
-0.2992790045983502 0.218254699666125 -0.9288940595189618 -163.2363705765347 -0.21038103932891195 0.9344795068066949 0.28733468448812655 104.3076991991238 0.9307463283470128 0.28138825845065546 -0.2337605847927179 166.22605911641708
-0.30365919255236423 0.2189252326035022 -0.9273135079530747 -164.18948224201986 -0.21182898960112367 0.9334162689419185 0.28971703173216223 104.60642594632657 0.9289976735782559 0.28438037906694236 -0.23707295704871098 165.9734189001827
-0.30650855235602953 0.22168996654709636 -0.9257176598445904 -165.09636153861206 -0.20759728149332263 0.9335645054796272 0.29229046293742755 104.8910133534937 0.9290171455277163 0.2817392338479174 -0.24013061901097113 165.73962685431204
-0.31065319540504294 0.2237335353777692 -0.9238425302720824 -166.01640684531236 -0.20275400949598588 0.9339803580688425 0.2943524630679305 105.18035282038728 0.9287093352299685 0.2787280790184157 -0.24478865318095847 165.49752019552412
-0.3148788693523717 0.22140613651044228 -0.9229719058103767 -166.91672208964775 -0.20224454428415453 0.9344698740553452 0.29314693587696483 105.45892168544447 0.9273961894451658 0.278945622256151 -0.2494743526514871 165.24848156296292
-0.31816283422679076 0.2166490394387781 -0.9229749560263557 -167.82668791391518 -0.1987043769401929 0.9367173121686057 0.28835621235651854 105.73249732050681 0.9270409835282781 0.27511690248627235 -0.25498687689969723 164.99621270978724
-0.3241712870937088 0.21442382416726988 -0.9214023579593443 -168.70635097072707 -0.1956621871854364 0.9377572725568151 0.2870535850028439 105.99933670329628 0.9256050181892194 0.27331169357608903 -0.26204664289194096 164.74497774663314
-0.33011899488050506 0.21693550866109357 -0.9186991143605528 -169.6293550545035 -0.19347415750938662 0.9370636214370294 0.29077937035322937 106.29226990974266 0.9239619683244498 0.27370922214403215 -0.2673788461830647 164.47279999323402
-0.3357180696671675 0.22024354715335384 -0.9158787503553959 -170.56148103467117 -0.19214416076772264 0.9358700411194937 0.2954677962746622 106.59550176861235 0.9222203450503105 0.27514755022590787 -0.27187761543952366 164.18890994685233
-0.34182903909617823 0.2223495513336847 -0.913104977060528 -171.4569372584999 -0.19068175595898795 0.9350283863309731 0.29905741567426164 106.8892290424318 0.9202767373505746 0.2763119759045751 -0.2772295524569387 163.91068346306074
-0.34808485246800447 0.22143058827452916 -0.910962102660658 -172.3179509046569 -0.18730571729381418 0.9357266992634014 0.2990069607051656 107.16575396847665 0.91862307521928 0.2746813424974615 -0.2842448022564795 163.63983193313527
-0.3528884988163182 0.2164723325057323 -0.9103055206134588 -173.1423126395283 -0.18713173821182166 0.9369276923702405 0.2953326387810935 107.42537093953348 0.9168238845935371 0.2745396477994522 -0.29012958180539594 163.3705579870005
-0.35556649918486083 0.21178228896565462 -0.9103675937303187 -173.92602184823127 -0.18951530932965374 0.9374645802006981 0.2920921813390042 107.67273347335237 0.9152989212098038 0.2763594334035427 -0.293201585724654 163.10780109107225
-0.3580498888000954 0.20962060821166675 -0.9098942321998883 -174.71819591345314 -0.19253666416946472 0.9369973863609645 0.2916154728504711 107.92774319828634 0.9136986615673198 0.27957362659948465 -0.29513869229902084 162.8401329449163
-0.36076635980219435 0.21031979771896794 -0.9086591886656393 -175.50426557900226 -0.19648180734509463 0.9352817030876232 0.29447762752963036 108.18673000001958 0.911788371212083 0.28474536083426105 -0.29610084317048807 162.57666691307168
-0.36129578129162326 0.2103553929029296 -0.908440271782211 -176.3176466383877 -0.19770954313754488 0.9348316868942009 0.29508384105233043 108.45128029498882 0.9113132986503862 0.2861927417857715 -0.29616816151589437 162.3097807607247
-0.361695873874957 0.2097579632453722 -0.9084201946024708 -177.12504036462877 -0.1989462414593642 0.934596138637646 0.2950000490622783 108.71069284740041 0.910885872111806 0.2873995288846334 -0.2963152549018979 162.04531165010096
-0.3616357190740395 0.20962932701696724 -0.9084740110915684 -177.95872223551953 -0.19938177191101367 0.9345067721022412 0.29498963501062747 108.97665511190313 0.9108145150292534 0.287784419023417 -0.2961610238074372 161.77527713513925
-0.36092518329098167 0.21068804690844664 -0.9085120471262719 -178.78159676849972 -0.1985991168448874 0.9344828503227222 0.2955937260206333 109.23980357670331 0.911267564720112 0.2870890983313693 -0.29544218565373276 161.51178244758566
-0.36100829583499533 0.21095353428829397 -0.9084175733104422 -179.6040398808751 -0.19981237397500026 0.9340048544948526 0.2962867851834155 109.50511428857108 0.9109696045517933 0.2884471906484979 -0.2950384524665249 161.24514887806768
-0.3594772884769299 0.2065293591688762 -0.9100402611434684 -180.38701439640352 -0.2033169874693464 0.9344814792449644 0.29237426067369887 109.74598736287416 0.9107998910964418 0.290100595848822 -0.2939396219580182 160.9941677078076
-0.3560346943408491 0.20376636966036238 -0.9120142477833864 -181.1632720174239 -0.20703444461506293 0.9345277985776163 0.28960442280400894 109.98223528589627 0.9113146801035247 0.2918997728025204 -0.2905433202823785 160.75021422745334
-0.3497901416208642 0.20232187264071286 -0.9147483306816651 -181.94603082592565 -0.2107519737219758 0.9344242976611551 0.287248471624909 110.21597749316408 0.9128800347958398 0.2932340838158969 -0.28421786916624275 160.5161985287524
-0.34151582585671236 0.20171338253784848 -0.9180034466674077 -182.73432190675658 -0.2145252064577477 0.9342320242673834 0.2850722211740354 110.44801909234738 0.9151316269787665 0.2942639191750335 -0.2757877356142244 160.29482668702474
-0.3317978752499907 0.2011357447157978 -0.9216862010969677 -183.521423242532 -0.2183553199170397 0.9341422440177009 0.2824448140725482 110.67399351815484 0.9177965291931495 0.29494183200595187 -0.266033058700879 160.08437513429158
-0.3208330885863753 0.20104761833067922 -0.9255790775984921 -184.27312387026458 -0.220766862317498 0.9344650090093296 0.2794875134205774 110.8824526300154 0.9211122676589958 0.29397829060781294 -0.25542833874760223 159.89580508731453
-0.31081591977948464 0.2014722161423249 -0.9288987522951258 -185.03308072840642 -0.2216548316420232 0.9350099003139085 0.2769502134128761 111.09101996844902 0.9243283121732456 0.29194766327075067 -0.24596437213389294 159.712268497006
-0.30037336897667627 0.20232958289443007 -0.932142616705356 -185.80814095652624 -0.22281448522925068 0.935365119735489 0.27481444994742654 111.30218319561742 0.9274971365384452 0.290213551646481 -0.2358824762069396 159.53512137794706
-0.2911478986954862 0.2024276301295806 -0.9350440012926107 -186.563706634784 -0.22505549252981538 0.935481125176761 0.27258453566306656 111.50500309900819 0.9298954145204049 0.2897709200260043 -0.2268113766480265 159.3690724164121
-0.28122127355810445 0.20253049853017382 -0.9380552694279003 -187.34240452990474 -0.22789435766192645 0.9354631353540178 0.270277900457167 111.71215633173898 0.9322565226713552 0.2897571392786974 -0.2169218620517362 159.20694439342438
-0.2697672363809656 0.20278408286310953 -0.9413586476347565 -188.1081401651814 -0.2310994605955467 0.9354137100213331 0.2677167077051215 111.91892527030879 0.9348491824828999 0.28974070094391896 -0.20548547922535101 159.06041653121358
-0.25745396188855624 0.2031524889575618 -0.9447215832691388 -188.86081429776232 -0.23314032690522699 0.9357529443827762 0.2647456844968114 112.11426879818723 0.9378101911621126 0.28838443790092994 -0.19355504703562387 158.92725659665572
-0.2450586454348415 0.20253010842087069 -0.9481456951410159 -189.60177312704624 -0.23635593555348489 0.935995572644641 0.2610103276914409 112.29989911281353 0.9403231164443735 0.28803455823309654 -0.1815093308246528 158.80378153201102
-0.2320084465191103 0.20270899889516897 -0.9513851212541654 -190.3234215598553 -0.23852194319081665 0.9363733762656447 0.2576642450525775 112.47793312315196 0.9430830639612798 0.28667823354562805 -0.16890080054128007 158.69627610465392
-0.2185735796264171 0.20272299761457815 -0.9545582420354294 -191.03071999854143 -0.24048108003158242 0.9368684432125322 0.2540181191917453 112.64752731022266 0.9457915765561609 0.285046391321682 -0.1560284575213837 158.6004963454536
-0.2047804712522239 0.20250828754549013 -0.9576573256221913 -191.72252459451326 -0.2417896655194806 0.937622324774781 0.2499615322209186 112.80877924698937 0.948541139125576 0.28271052482832437 -0.143046956172977 158.51793975718581
-0.19072840647735467 0.20280645664962457 -0.9604915032018253 -192.4064252668701 -0.24363501078540864 0.9380763497141037 0.24644010338238162 112.96658142209014 0.95099515953686 0.28098428292345773 -0.1295115095291675 158.4473634719954
-0.1764972933566231 0.2004864385398311 -0.9636937070544924 -193.06095236973903 -0.24528560438832547 0.9392363302036906 0.24030861067412962 113.10851454650837 0.95331559553379 0.27876585407989624 -0.11660057724098631 158.38824472506911
-0.16313051525423636 0.19951298678320004 -0.9662476758797915 -193.70257266668884 -0.24847724568288562 0.9395075691346134 0.23592878980744883 113.24686691110516 0.9548687487235944 0.2785490700957229 -0.10369238113025787 158.3369651471635
-0.14959422909495915 0.1987334495015904 -0.96859624394226 -194.33564290160638 -0.2522368602956037 0.9395540140334586 0.23171809927817494 113.38138687825865 0.9560994415938027 0.27895072632450474 -0.0904282135704192 158.29568456994485
-0.13538526610591284 0.19896799938944815 -0.9706364819284093 -194.96516775507212 -0.25408147711142776 0.9399418188491324 0.22810236390729996 113.51326177126359 0.9577273603552838 0.2774736683307973 -0.0767046069181171 158.26710879682668
-0.12318999840015224 0.19910867117108907 -0.9722308160263488 -195.58603741472706 -0.2563502795466023 0.9400758424256371 0.2249922341413074 113.64201571230804 0.958768765828084 0.27691968438708475 -0.06477060826911503 158.24423677394495
-0.11036162342173006 0.1997752300850411 -0.9736340935096873 -196.21885301901386 -0.2579631192090149 0.9403076872241601 0.22216440990448294 113.77194443630958 0.9598981129763573 0.2756510796568844 -0.05224352933332979 158.23012006665653
-0.09928654750125215 0.1997333379249695 -0.9748341749355559 -196.82588487744025 -0.26045917421515613 0.9403207650123903 0.21917721953423366 113.89352116507092 0.96043378313826 0.27563682900244485 -0.041342944122143496 158.22100537653253
-0.09043506722998577 0.1991922228297638 -0.9758058035324607 -197.4213980540718 -0.26319140944245495 0.9402244151176216 0.21630848312319484 114.01124546020276 0.9605634346160824 0.2763567102966072 -0.03260756196379922 158.21261252884784
-0.08236329242417023 0.19894297449639325 -0.9765710713886107 -197.99205926274408 -0.2633039920708329 0.9407573016334784 0.21384174178676657 114.12133914328432 0.9612584113616561 0.27471870659589176 -0.025105403556953093 158.20952889236142
-0.07579487624345546 0.19860995536333229 -0.9771705801132241 -198.54113183010656 -0.26168607758544565 0.9416951603341079 0.21168507979245907 114.23133344398562 0.9622396203536189 0.2717277737279844 -0.019406257402698752 158.20892975767637
-0.07294157518465637 0.19821871678115277 -0.9774669392611272 -199.06939275186005 -0.2594865883633911 0.9425696485299423 0.2104934988474183 114.33763809715259 0.9630548186397299 0.26896505927332565 -0.01732143305837115 158.20517989198103
-0.07174484771100008 0.19804703621196862 -0.9775901277281951 -199.58880726505882 -0.2581327294294268 0.9430546811838179 0.20998284112298246 114.44477696650065 0.9635080562644891 0.26738525092848486 -0.016540892590162875 158.19601100087772
-0.07198891918973968 0.19803903910250453 -0.9775739125691026 -200.0930158399102 -0.2575208393792464 0.9432117477252872 0.21002962102931869 114.55081550492874 0.9636539271267995 0.2668372374072463 -0.01690547128878007 158.1830360463961
-0.07413687059016397 0.19782928198015734 -0.9774558809880114 -200.5683917904872 -0.2572384464074737 0.9432071819819638 0.21039637126110183 114.65093014175632 0.9635666990683162 0.2670090373768748 -0.019040876044708582 158.16681029605948
-0.07942575253793685 0.19759138792138722 -0.9770885943530081 -201.04108123647987 -0.2557204762116467 0.9433628895288227 0.21154645033930553 114.75249367070825 0.9635496474089691 0.26663527416760363 -0.024402726694656957 158.14649949024587
-0.08695168785111601 0.19756110042950079 -0.9764536861978221 -201.51033858163618 -0.2535909583991667 0.9435055786118317 0.21346500747709435 114.85711719044971 0.9634627272738292 0.26615245987331126 -0.031943283440823166 158.11837673669197
-0.09675605151329514 0.197583612595835 -0.9755263234201681 -201.95710743979595 -0.2501456682397449 0.9438556879191646 0.2159675887089476 114.95826702626923 0.9634284686497923 0.26489132942462534 -0.041902571686246434 158.08198912898433
-0.1106668970151506 0.19703870322449632 -0.9741570309381836 -202.37889201993346 -0.24707049814828347 0.9439696865619888 0.2189888219262596 115.05397171572389 0.9627243435866324 0.264891569229095 -0.05578719136475053 158.03456466050795
-0.12717699249325815 0.19599784427947223 -0.9723504138782499 -202.79505501876017 -0.24357205647669203 0.9441387075842679 0.22215685910060576 115.1492755272369 0.9615759607395221 0.26506164901356144 -0.07233615069190709 157.97702352689447
-0.14564396772562604 0.19515941739170495 -0.9699254543681033 -203.22188241707502 -0.24037580526950378 0.9440379885490217 0.22603354819410648 115.25065821857862 0.959758668201572 0.2660380496001005 -0.09058458953996289 157.9074682009253
-0.16640212923863215 0.1944189599989215 -0.9667295100668536 -203.63529138961093 -0.23597463084561132 0.9440758909658433 0.23046926445711943 115.35152491069465 0.9574732625754249 0.26644535014673115 -0.1112209190207215 157.82948324512236
-0.19015908814017415 0.19437105893315565 -0.9623480968360674 -204.05735473249126 -0.2295876831746395 0.9442658802466991 0.23607319565097742 115.45869785531409 0.9545979070246176 0.2658058201586825 -0.13493817942627 157.73834524906997
-0.216117579328082 0.19433373529456452 -0.9568607166807263 -204.4567203532969 -0.2225426357164875 0.944436441707564 0.24206203655386788 115.56565742212926 0.9507339988666369 0.26522723134177906 -0.16086440568727112 157.63389331686687
-0.24450975598713953 0.19333979114949307 -0.9502048104047417 -204.85463667739475 -0.2164577186846353 0.9443528485236464 0.24783674752706006 115.67830076816715 0.9452446112987066 0.266248811626009 -0.18905598947753807 157.50752571390925
-0.27450713104289726 0.19151006548005733 -0.9423506379630159 -205.22884549168484 -0.21120430949653898 0.9440736192761927 0.25337216286689174 115.789754532146 0.9381709210380793 0.2685522620040197 -0.21870926086402406 157.36713153172417
-0.3061388931281865 0.18819683063704745 -0.9332290929852596 -205.6052283593211 -0.2087040545929329 0.9431957634387963 0.25865848467036545 115.91510924314083 0.9288955807691055 0.27392541457131875 -0.24947334812706462 157.1986722722687
-0.3386281741378814 0.1842578300459628 -0.9227330792753596 -205.94341739728696 -0.20286574836857063 0.9433234035489823 0.2628058755684294 116.02322037884166 0.9188591626588625 0.27615582722854387 -0.2820575491374715 157.02858878041843
-0.3723018200854947 0.17940981992342542 -0.9106370936263304 -206.28144154156797 -0.1970281874622079 0.943543354646484 0.2664331488421299 116.13158065120349 0.9070257016044917 0.27858630943595575 -0.3159350751359472 156.84397191082496
-0.40350072994550534 0.17622665937319185 -0.897879499045403 -206.61773476133376 -0.18945890396111384 0.9439643796641116 0.2704008780099175 116.24040032097714 0.8952171509532423 0.2791892330992736 -0.3475038271709525 156.65519809022297
-0.4349562884060529 0.17407348373711706 -0.8834974329640589 -206.941586693436 -0.18281767447724886 0.9436762701583115 0.2759211181931065 116.35596484172554 0.8817651416886889 0.28150350759148524 -0.3786354496269391 156.45350129478274
-0.4644721761594218 0.1725060525709037 -0.8686564270445065 -207.25492720969157 -0.1749743864794865 0.9436790916191821 0.2809509983824195 116.4708271137078 0.86819784756855 0.28245771378243656 -0.4081296720339506 156.24559651989267
-0.49443036405543994 0.1702000158629714 -0.8524243084445814 -207.53156709167212 -0.1685700075451552 0.9432958172207878 0.2861061466559594 116.58208751895981 0.8527828863843445 0.2851240372166977 -0.43770465967219263 156.03596375828195
-0.5232641823312565 0.16630097058333038 -0.835819519344513 -207.78988522056798 -0.16466030612932278 0.9426059304294472 0.29061986796000244 116.69523963480927 0.8361792787234823 0.28966858726459177 -0.4658499289709842 155.81819506967744
-0.5508674696243174 0.1620728716958578 -0.8187384457698026 -208.04022948855837 -0.15920458224848236 0.9425904942382926 0.2936927629558013 116.8030533302455 0.8193354968193322 0.2921040159440669 -0.49344129380977825 155.59634892910307
-0.5773770387928804 0.15748534553884067 -0.8011791456462738 -208.28520469186802 -0.15496158572897842 0.9422973679154872 0.29688460682175916 116.91492832337651 0.8017053398227463 0.2955378806669723 -0.5196584699461754 155.36441258121857
-0.6029066667342327 0.15422031671076175 -0.7827986195412208 -208.51801020530766 -0.14978262876954582 0.9418597495365821 0.30090416163023126 117.02728465816662 0.783693183022241 0.29863835043489934 -0.5447558223058652 155.1322373380808
-0.6277558837622093 0.1527022521549092 -0.7633212272848344 -208.7417989642695 -0.14484223050592632 0.9405778072444051 0.3072658169198609 117.14522688007534 0.7648840159841458 0.30342080359666657 -0.5683373673076063 154.89356623668326
-0.6506464496027063 0.15371343338644586 -0.7436973727229726 -208.9886139106214 -0.1352441644826712 0.9402349155071128 0.3126423285792053 117.26807920448626 0.7473084422880484 0.30397189761952986 -0.5909734230088654 154.64182639933978
-0.672467122809071 0.15193765582477334 -0.7244018327999506 -209.20277282987945 -0.12705031795914182 0.9405262155839272 0.3151940289822175 117.37643926673832 0.7292096095463043 0.30396467912888664 -0.6131703223302111 154.39853278684186
-0.6924410957132195 0.14860244470667952 -0.7060436152994453 -209.40399162129216 -0.1205150392182582 0.9410355488216327 0.3162385743867116 117.48091583229214 0.7114067912705921 0.30403730490057407 -0.6337041251098269 154.1547536689214
-0.7112843180539303 0.1459544943029422 -0.6876233319932344 -209.6010881203017 -0.11515151557288325 0.9408426083301368 0.3187996753995114 117.59395229865089 0.6934772391658208 0.3059099445798069 -0.6524013660323381 153.90278966669422
-0.7275128700004365 0.1438671446601535 -0.6708808656719998 -209.7863218325519 -0.11128872610258765 0.9401244875571008 0.32227082130526696 117.71373753733003 0.6770776573182633 0.3090897519663839 -0.6679436170391636 153.64426363542643
-0.7411701870947016 0.14084331252272575 -0.6564166243959109 -209.95834465463383 -0.10861099168737157 0.9397554655259125 0.3242537197644725 117.82245474848192 0.6625426142518765 0.31159361954148473 -0.6812234901287759 153.40205150411992
-0.7529585802882315 0.1371068061230182 -0.6436667664949575 -210.13339861930248 -0.10504929247962046 0.9405203602847652 0.32320657148348625 117.91799315970377 0.6496987349743532 0.3109505329512793 -0.6937719205263125 153.16671470093988
-0.7647517184850827 0.13469324919692774 -0.6301309994169295 -210.2988169748395 -0.09912739596164341 0.941719095152312 0.32158222247197493 118.00672375260785 0.6367245490589211 0.3083665707020229 -0.7068313661856901 152.93820284856727
-0.7742347850317295 0.13933525572537434 -0.6174126206315561 -210.48913174873533 -0.08693887784565889 0.942853669751901 0.32178187862267493 118.11127214423416 0.6269687195406646 0.3027848935678543 -0.717878792718764 152.68664418912368
-0.7829367408498041 0.1410414860947606 -0.6059453077805577 -210.66427145141662 -0.07909384355219831 0.9435387767996253 0.32179789937089315 118.21045147926642 0.6171230622274892 0.299846796286345 -0.7275778243557707 152.4428025419252
-0.7919054853306088 0.14057282779037977 -0.5942870973701265 -210.82355935119668 -0.07271071521056272 0.9445625055254712 0.32029672908591383 118.29969793251017 0.6063696540282386 0.2968286408242117 -0.7377853000947874 152.2080638243292
-0.8010427089444973 0.14053826943506625 -0.5819213005914793 -210.97247117577686 -0.06496405038999054 0.9459494360746439 0.3178599679014901 118.38337585339758 0.5951424458064709 0.29239616115438904 -0.74861791025058 151.97955537694534
-0.8095160365078539 0.1403170306853408 -0.570129700801833 -211.1162955243448 -0.05731563828106586 0.9475438844023649 0.31456477585002013 118.46385671420289 0.5843644688854334 0.28729546095643754 -0.7590114535398869 151.7518543755278
-0.8183550953763057 0.14006528747247615 -0.5574323426623833 -211.27035514143043 -0.05069101599218464 0.9485274826974077 0.3127328511015382 118.55418086033033 0.572545013565953 0.2841560110016588 -0.7691339544019875 151.50161501981725
-0.8280672540331275 0.14013543539589277 -0.5428818987519433 -211.431243351446 -0.045357012229795046 0.9483879714413441 0.3139723522761933 118.65800319939454 0.5588634058386034 0.28458648459978486 -0.7789746801634957 151.22422040970065
-0.8387481565943705 0.14081101576526087 -0.5260489122486854 -211.58582290615846 -0.039638821073506574 0.9476858919946044 0.3168526354341017 118.77177317121661 0.5431479490578551 0.286584225759208 -0.7892899991205918 150.93269472635754
-0.8503468622048903 0.14216439818239188 -0.5067083543488232 -211.74566049042525 -0.0321736558026836 0.9470221520107938 0.31967140297953045 118.89555525898247 0.525311951861438 0.2881070297087621 -0.8007251045506515 150.6151500136843
-0.8626136198085657 0.14320926889538385 -0.4852248081859869 -211.89522191905576 -0.02408543226119542 0.9464311866791557 0.3221241049601666 119.02077381957682 0.505364957797219 0.28952836167352203 -0.8129569539258351 150.28948653742475
-0.8748137120575258 0.14455833538580815 -0.4624472728298681 -212.03839343631623 -0.014093346250333075 0.9465023423042481 0.3225063691528037 119.14054179844737 0.484330135804326 0.2886233970324593 -0.8259781650835576 149.9623777765708
-0.8865642141070895 0.14370821740468986 -0.439780007805721 -212.17346504200083 -0.006402380560793902 0.9466799869674016 0.3222302431405732 119.26360971369937 0.4626396279906796 0.288466191225391 -0.8383741498441668 149.61871858099025
-0.8979142738996381 0.14262691294205002 -0.4164879114345741 -212.29052422308447 0.0007763878254694115 0.9466194625859833 0.32247003356318277 119.39307977366921 0.4402499867774818 0.2891999342050056 -0.8500958841463965 149.26469778813836
-0.9092851405268797 0.1417176656837644 -0.3913701768960396 -212.39722206891494 0.009064979261245044 0.9468182154516239 0.3217586204202955 119.51504363963461 0.41615676880587604 0.2889955069172411 -0.8622148956927432 148.91636656253587
-0.9204318903583684 0.14168341032745305 -0.3643978056221972 -212.5078679588113 0.018853806320374103 0.9470728632067991 0.3205821932781151 119.6438634911311 0.3905339537585787 0.2881768112354988 -0.8743895514192106 148.53809396830218
-0.9307092711816527 0.1422587383381211 -0.33704292800508057 -212.6135751362324 0.029671322730460584 0.9476596103383398 0.31802028601765225 119.772960129441 0.36464483595587893 0.2859574703288352 -0.8862181858931889 148.14533398985373
-0.9404866475840113 0.14159805300575806 -0.30901525540424285 -212.70249915141056 0.039436313271687534 0.948462431762757 0.31454774221528503 119.89844724060714 0.337630440220549 0.2836148393954629 -0.8976016297968641 147.75013166911017
-0.9500290920308689 0.13747545936843342 -0.28035900553346066 -212.7784174712853 0.04574487201241223 0.9494993030303654 0.31054063422214173 120.02871670692045 0.3088942224710858 0.2821706616520906 -0.9083414462057176 147.32902092498367
-0.9589726915367089 0.13240532432964686 -0.2507925421346404 -212.84442012533765 0.05073064221715002 0.9501946889552346 0.3076265418266959 120.17051870019003 0.2790348697890525 0.28225535754643477 -0.9179279703317659 146.87824388742493
-0.9666663838737585 0.13165303161827382 -0.21972772907088883 -212.91720196006744 0.05982921951639002 0.9501748419374392 0.30604819797560345 120.32956235928776 0.24907357019281592 0.28267292221516804 -0.9263792228659812 146.37204969171967
-0.972253705093798 0.1356977864587816 -0.19069795199112194 -212.98189958000972 0.07251172127463541 0.9493699919818851 0.30580532284067635 120.48632125797131 0.2225416335305122 0.28346507155139267 -0.9328681673594015 145.88371591106252
-0.9767548555010918 0.13723550850264565 -0.16483900746516889 -213.03499516895684 0.08216834940716969 0.9493496630908818 0.3034162305011473 120.64123667304092 0.19813078563279657 0.2827914203599233 -0.9385591670117294 145.38357902442712
-0.980621037413492 0.1343672608998567 -0.14276979229031422 -213.07811834429086 0.08635823218397107 0.9498408544817948 0.30070397033251217 120.80362094745907 0.17601490831521976 0.2825197813853375 -0.9430385703694399 144.8541192887174
-0.9833635187892942 0.13041213029793333 -0.12666771963151166 -213.11688658244296 0.08733083396269295 0.9499771205535682 0.29999187187964543 120.9717546934698 0.15945570089685257 0.2839113371248948 -0.9455626021344222 144.31904001426076
-0.9851556049707005 0.12783595798618577 -0.11481510829179448 -213.16204611248833 0.08840735499498416 0.9501245138864935 0.29920942863519495 121.14530927028915 0.14733996943897418 0.28458964441204676 -0.9473228000975614 143.76830869786
-0.9861338618343826 0.12888576752082564 -0.10481364232083248 -213.21175782712552 0.0923618976943159 0.949845409450326 0.29890165841226557 121.32892925854449 0.13808167061451732 0.28504884819820764 -0.9485791794365155 143.1908832147072
-0.9865568967202146 0.13392670435807802 -0.09395005512523769 -213.25414669542272 0.10056281085236432 0.9494885191900775 0.2973854982736723 121.51169693475751 0.1290330258502864 0.2839125644986348 -0.9501926081315365 142.6132161326205
-0.9868879425608091 0.13972606300749793 -0.0811586609743817 -213.28827178827657 0.11009284207035337 0.9491205668131308 0.2951765443009952 121.69541597388276 0.11827368136687517 0.2823436266096788 -0.95205846711459 142.02399270674022
-0.9879736250262948 0.13976592495604856 -0.06657271706162185 -213.30833731385306 0.11482823445052082 0.9500583342046808 0.2903157964416119 121.86223097536148 0.1038244467736454 0.2791522298275443 -0.9546816180782185 141.44357429554492
-0.9887906514500473 0.14029419586031108 -0.05166376055626775 -213.32116019935938 0.11985567317094323 0.9504746096860109 0.28690232906348745 122.0356526183136 0.08935569919865868 0.2774665974840358 -0.9566353683133967 140.8398097071926
-0.9895116363753284 0.13991290051018823 -0.036743707371907214 -213.32532002194392 0.12377305947438529 0.9504104589595181 0.2854480173970512 122.22765782179339 0.07485926589640125 0.2778784689253311 -0.9577596088366623 140.1830392871955
-0.9894985388505309 0.1430882421715489 -0.021861422330605444 -213.32290163696382 0.13100479077997615 0.9495665502207175 0.2850301690509837 122.42606826995257 0.06154299095201772 0.2791454803575128 -0.9583394635833283 139.52198786028987
-0.9896851665385168 0.14332476181310005 -0.0063926804145822864 -213.30617220564565 0.1355661683879076 0.9489071750229524 0.2850931570116907 122.64352364331384 0.046926748083173625 0.2812581828900143 -0.9585487665604209 138.79806202320017
-0.9895802587806545 0.14397030259873678 0.00791942797535023 -213.2829929813073 0.1402539184761645 0.9484796389159866 0.28424664557432855 122.86548350273802 0.03341143149106128 0.28236822521523885 -0.95878874649359 138.04900555317818
-0.989337684004615 0.1445371575684141 0.019457013622902815 -213.2529492414862 0.14413598488825818 0.9488280633723827 0.28112430356894075 123.08215681732526 0.022171542676947972 0.28090405890022696 -0.9595439826850231 137.28713010203663
-0.989224927161976 0.14377102019153856 0.028680076961862387 -213.21671697066117 0.14605390400731696 0.9497739620145448 0.27690999868571703 123.29690400787224 0.012571681437308765 0.278087636132005 -0.9605379874407406 136.5158077778842
-0.9888046744370065 0.14480569416512026 0.03681006988634467 -213.17928295781178 0.14932012151063104 0.9497008985526926 0.27541469470061436 123.52358573561804 0.004922603284642909 0.27780057553993937 -0.9606905883355007 135.7158919350871
-0.9887081420155501 0.14378665458774664 0.04289320327994416 -213.1304978561584 0.15003369226778995 0.9496650691663217 0.2751505094696552 123.7683661778014 -0.0011716654117809129 0.27845183001443957 -0.960513966408504 134.86127484390857
-0.9885408192978639 0.14343601511562304 0.04766572239252476 -213.08142944294764 0.15102992613027064 0.9494042568810279 0.27550573453964117 124.0124753125908 -0.0057371536824299615 0.2795206313734818 -0.9601873130136324 134.01282907189668
-0.988376037165268 0.1433967105943719 0.0510737047786335 -213.03096667337672 0.15194548750144804 0.9492808782221814 0.2754272978972516 124.25711279756509 -0.008988260682134729 0.2799592031483339 -0.9600343781969071 133.15606276184056
-0.9883802660144972 0.14290851995929707 0.052343654173780195 -212.97949841148085 0.1518254347441103 0.9494913687054604 0.2747669594150637 124.50259669895618 -0.010433611559860669 0.27949425785735094 -0.9601550797528946 132.28301480365144
-0.9883576778217176 0.14276132727576557 0.05317752994687743 -212.92752456930242 0.15191430123027322 0.9495462170108683 0.2745295666913358 124.7549293705335 -0.011303134936713088 0.27938489653396326 -0.9601776785208773 131.387923799591
-0.9882778775741176 0.14289497609635293 0.05429178725968799 -212.87285962004742 0.15235712112337 0.949414234423716 0.27474111309308646 125.02157370034223 -0.012287109877211122 0.2797651622559126 -0.9600551157433269 130.44835588146302
-0.9881429378358932 0.14319540143907777 0.05592699825583388 -212.81601396513562 0.15311459568329128 0.9490760968627496 0.27548655423366547 125.29540463850498 -0.013631410683379525 0.28075620776990234 -0.9597474064148066 129.48802179562142
-0.9879072897856535 0.1442201121096253 0.05743759479385783 -212.76012539194627 0.1545386725138209 0.9485607383953808 0.2764645701956458 125.57526395735366 -0.014612101734912118 0.28197058517874685 -0.9593771115038116 128.51443411175396
-0.9875840622174964 0.14596861881347772 0.058584043144702044 -212.7019937831981 0.15655208010114793 0.9480155256422976 0.277203572207681 125.86416836366459 -0.015076497639777302 0.282905959729378 -0.9590946560701336 127.50804461418728
-0.9876119169051488 0.14558116133593266 0.05907978807388763 -212.64207271385854 0.15630397698878598 0.9483507847176113 0.27619483955054386 126.1484430071084 -0.015820464219821067 0.2819803409443825 -0.959355167998254 126.49392741983827
-0.9875470939098803 0.1459485536918073 0.0592555317087242 -212.58320909281423 0.15664088110094504 0.949418752944965 0.2723078294052883 126.43318522208948 -0.016515876819746454 0.27817136194446 -0.9604545934204607 125.45552488723281
-0.987820062656429 0.14406536413248425 0.059309232827256184 -212.51911897244096 0.15480221278282774 0.9504016070580061 0.2699200645506678 126.71673330083912 -0.017481790216445428 0.27578648256704913 -0.9611246919138379 124.4135263064629
-0.9879828999664569 0.14267950977594662 0.05995033636146958 -212.44830658271283 0.15364062913683366 0.9506656884359015 0.2696531870548984 127.01719767979638 -0.018519311115720718 0.27559665497090985 -0.961160202147024 123.32468665587729
-0.9880314330865217 0.14194740436260325 0.06088215694229957 -212.3761667064995 0.15321121716788869 0.9504859021152309 0.2705298625130353 127.32767435563464 -0.019467162530180847 0.2765927538262502 -0.9608553989084158 122.20834150261538
-0.9878098315600201 0.14268620052767986 0.06272199003259031 -212.30369036504587 0.1545211189904118 0.9490843861373212 0.27467226594281774 127.65064528632708 -0.020337238590850945 0.2809891138192003 -0.9595607901080093 121.0675001110566
-0.9877104036213571 0.14219990262795873 0.06533488305069061 -212.2259229910378 0.15490097476973957 0.9476408314573961 0.27940140002236125 127.98488731356225 -0.02218382009902499 0.28606140501029964 -0.9580197015442715 119.90895918833579
-0.9871534804885216 0.14475021995849935 0.06809424298668992 -212.14735751770914 0.15825330473201663 0.9457077256617674 0.28403587193641466 128.32735237907718 -0.02328367404175736 0.29113611524498834 -0.9564637773849037 118.74420195421752
-0.9868815211721015 0.14621208700296512 0.06891358149749596 -212.06840249941155 0.15988019180332608 0.9455874957992433 0.2835249903910867 128.6676109166424 -0.023709759458577336 0.29079620384205623 -0.956556843304181 117.56885593271585
-0.9869429892995287 0.1457037628770846 0.06911818151353644 -211.98888683126367 0.15940123272649837 0.9462749278834731 0.281494693556318 128.99726865587252 -0.024391256867817537 0.2888093352720446 -0.9571421186040875 116.41145983261184
-0.9871575597595647 0.14426974541524137 0.06906732025998215 -211.90698477034252 0.15791859966786723 0.9475742077036791 0.27793825901786673 129.31939267182804 -0.025350092972350954 0.2852481719136123 -0.9581852175403803 115.26161423324947
-0.9872856406386631 0.14289434553658453 0.07008489564178881 -211.8221518256654 0.156874241019046 0.9479046208313597 0.2774016350507859 129.64329430040235 -0.026795976558709175 0.2848413641454 -0.958266400606169 114.1160530586021
-0.9875925346100624 0.13998079885593886 0.071623559067216 -211.73147336422977 0.15450388929661527 0.9484113946122458 0.27699880319926007 129.97273508032706 -0.029155234920885877 0.28460012051617395 -0.9582684234934806 112.95513002623747
-0.9877325883258292 0.138543553160739 0.07248207154343243 -211.64204822108655 0.15337160464944782 0.9485661530067651 0.27709813041550874 130.30269374982493 -0.030364905429395836 0.2847876963557955 -0.9581751729715038 111.79652854879862
-0.9876745606580631 0.13844334978096018 0.07346369515187803 -211.55579506817392 0.1535527966952622 0.9485613325427125 0.277014182939451 130.62976507035793 -0.0313353768049903 0.2848524935717986 -0.958124882949417 110.65041474233765
-0.9876244542639897 0.13783448703756618 0.0752648650436031 -211.46446343402695 0.15348141386941574 0.9485829414800985 0.2769796015294917 130.96073145490823 -0.0332190857858526 0.28507537917750164 -0.9579952848023184 109.48885786286979
-0.9873324127831956 0.13943346666616718 0.07615354229485224 -211.37807019508043 0.15525722513914067 0.9484082792987624 0.27658824697672624 131.28671033548733 -0.033660653454684344 0.2848797505194468 -0.9580382380260041 108.33648091457675
-0.987140481723865 0.1401575098438379 0.07730497506432547 -211.2877571217674 0.15627781321290085 0.9482738721351608 0.2764737797692729 131.6157468615491 -0.03455804233062488 0.2849711790731028 -0.9579790108538669 107.17326169378691
-0.9871129285482533 0.13994353255017664 0.07803828181350672 -211.19604854026343 0.15628393993354062 0.9482573269660498 0.27652689368802275 131.94324794345184 -0.03530367450980817 0.2851310438368323 -0.957904134676007 106.01786432041061
-0.9871661415027213 0.1390954115196084 0.07887695733724097 -211.10052087964544 0.15570740668427374 0.9483646809671642 0.27648389285699965 132.27392577256452 -0.03634802230415834 0.2851889946988534 -0.9578478493848813 104.84996054714166
-0.987297415278462 0.137857483826741 0.0794036149949823 -211.00430202860434 0.15465650767239955 0.9486282554109713 0.27616848387202886 132.60406134966044 -0.037253809313160524 0.2849120714453949 -0.9578951459800285 103.68084942885112
-0.9874084000361538 0.1369761284179614 0.07954447531034121 -210.91035028535077 0.15383381752943423 0.9488819750743113 0.2757552592899208 132.93041253588007 -0.037707266546786765 0.28449081094851064 -0.9580019777524269 102.52046093177408
-0.9875051618130548 0.1361262342070856 0.07980372386090383 -210.8143265104993 0.15308927531925587 0.9490158520573585 0.2757087973999413 133.26159380535157 -0.03820482821887395 0.28445199478902666 -0.9579938252836648 101.34727345547381
-0.9875628770846462 0.13578297938048756 0.07967836509730677 -210.7230943107466 0.15271103520019555 0.9491668626407532 0.275398584401737 133.58980644073873 -0.038234979916447975 0.28411244866820085 -0.9580936670169456 100.17595139130677
-0.9875789560801799 0.13572067357722384 0.07958541982805699 -210.63438911282685 0.15258171176042162 0.9494989325678318 0.2743240091833928 133.9105286003784 -0.038336237563251684 0.2830312053954926 -0.9584097654744866 99.01974828842462
-0.9875441743038199 0.13606624081248359 0.07942451662266575 -210.54831249369502 0.15284027201670858 0.9496594716654196 0.273622920440878 134.22378076605582 -0.038196866043150327 0.28232549493355397 -0.9586234158179103 97.88850821719333
-0.9875340176231432 0.136143310271611 0.07942170989256467 -210.46001950939174 0.1529257560845916 0.9495579801778266 0.2739273425045795 134.53779375107703 -0.03812361835731424 0.28262972910052286 -0.9585366357658559 96.7693555406787
-0.987438519665561 0.13669351644019725 0.07966160835179009 -210.3703475656925 0.15356225972570692 0.9491698775635652 0.27491522790495454 134.85748685556283 -0.03803460076466055 0.2836664795266996 -0.9582338968703442 95.63658296581013
-0.987472150335869 0.13632537741940565 0.07987207081322617 -210.27716184695458 0.15327772298977377 0.9491497594704104 0.2751426550441551 135.18096726865278 -0.03830254806424943 0.2839094923274291 -0.958150781654961 94.48798178995456
-0.9875098647781186 0.13599395804391518 0.07996816306727608 -210.18654199367577 0.1529643306981068 0.9493599059206868 0.27459120770641093 135.49887111843188 -0.0385766686031474 0.28336504358103975 -0.958300868915955 93.3472582195128
-0.9875840129650486 0.135290577547331 0.0802461501457315 -210.09168608257522 0.15234602026104066 0.9496093885114812 0.27407199365157175 135.81774275960328 -0.039124299534983184 0.2828657168763192 -0.9584264402133076 92.20938025050839
-0.9876683328067218 0.13448402851726518 0.0805641242250505 -209.99627007679462 0.15165216295565095 0.949779728855906 0.27386642559578894 136.137070428198 -0.03968874385416113 0.2826785556176903 -0.9584585367036611 91.07176807294584
-0.9876739735605303 0.13405383124254014 0.08121207074749809 -209.90120105253004 0.15142755000475705 0.9497795291064471 0.2739916764572021 136.4563536393629 -0.040405243347859526 0.2828836595178588 -0.9583681614830086 89.93591944969536
-0.9877111509436317 0.1335665500646474 0.08155891911783668 -209.80796858387845 0.15103502771563454 0.9499936909867541 0.27346483764871016 136.76902364803826 -0.040955868052481255 0.28239384541040546 -0.9584891339525488 88.81122627481996
-0.9877513683576022 0.13317009140459923 0.08171680592167792 -209.71849696559033 0.1505864955338423 0.9508073905638056 0.2708718157485557 137.0699117930236 -0.041625639196327176 0.2798308122252311 -0.9592113707482813 87.70735104275994
-0.9878483264069046 0.13247433532844125 0.08168100623609391 -209.6280939798442 0.14980294483323317 0.9516036982137135 0.2685002307378792 137.37151485962823 -0.0421596780595991 0.27744459418513756 -0.9598813665147435 86.59049795278398
-0.9878484189207558 0.1324565361864457 0.08171177200309876 -209.5370107080479 0.14979552887474692 0.9515968432551426 0.2685293980591723 137.677143436184 -0.042189520769649866 0.27747746202203244 -0.9598708385719668 85.4748688366665
-0.9879467119459051 0.13145918787721328 0.08212842296528458 -209.4431946301754 0.14903282456151115 0.9511962925242321 0.2703648601129732 137.98366740208772 -0.04257927332446273 0.2793168012277491 -0.9593199265280714 84.36881536449543
-0.9879839613915978 0.1309666335845442 0.08246903482315468 -209.3494495620635 0.1487254767779467 0.950788783155723 0.27196368388296555 138.29772292590917 -0.04279362289696904 0.2809320135369366 -0.9588387628612782 83.24191188066155
-0.9879944589135171 0.13092060169335099 0.08240913585214285 -209.25694728948145 0.14865533235948986 0.9508578227096522 0.2717603700616427 138.6145324963673 -0.04278112757455794 0.28071918589664835 -0.9589014553144899 82.09528976812119
-0.9879583526745024 0.13157697150306805 0.08179210905909785 -209.17395173131263 0.14899913571272505 0.9515395336295207 0.26917343458653537 138.91202885545908 -0.042411873218985915 0.27809008651998307 -0.9596835030551661 80.99578284755495
-0.9880771797501147 0.131219508959074 0.0809257601995468 -209.09059642631127 0.1483307388074716 0.9521773263153258 0.267280639621733 139.2081435169561 -0.041983698501230245 0.2760688193651748 -0.9602858472806158 79.89039447265
-0.9883433728488388 0.13005166533594448 0.07955174013680993 -209.00712457125124 0.14677863824134788 0.9527207504860559 0.26620055185991015 139.50511324141462 -0.04117153624459517 0.27474466678903303 -0.9607010079280958 78.78057576653684
-0.9886981557452444 0.12908241245302354 0.07667895335353642 -208.92454730700055 0.14508646508788692 0.9527454292862341 0.2670400896843813 139.8093350803319 -0.03858620483814112 0.27511762340098733 -0.9607018695372309 77.66340719132558
-0.9889924504493038 0.12928935565083519 0.07241673484124761 -208.85281141916644 0.14412550354697062 0.9527787758602977 0.2674418140086957 140.11181334472735 -0.03442063550687994 0.2749054973391936 -0.9609207813367412 76.54276128285413
-0.9890986852985807 0.13020756817821974 0.06924703823827084 -208.78984214076183 0.14411965114383707 0.9529325849397511 0.26689631829759763 140.40199356193784 -0.03123656622487346 0.2739371878524359 -0.9613058207203834 75.45821998407727
-0.9887608330490903 0.13393119837809767 0.066930886790006 -208.73101440409218 0.14703802443071973 0.9528027986555678 0.26576486839555397 140.69163699243776 -0.028178625354732117 0.2725897878503584 -0.9617832442842864 74.39487657954275
-0.9884529817745742 0.13688360220344425 0.06548906965843657 -208.67094297347282 0.1495272646007095 0.9520187959468545 0.2671817900554651 140.9878522682683 -0.025775029675734584 0.2738594898032768 -0.9614898987639665 73.31892364712317
-0.9883865202335094 0.1379582155101157 0.06423103282849923 -208.61146662919472 0.1503141396003296 0.9507949581276897 0.271070621325501 141.28377789545686 -0.023675168901162114 0.2775477059065684 -0.9604861334576011 72.25998042591526
-0.9885909520203534 0.1364862726051879 0.06422993531117506 -208.54463642954292 0.14898232605412284 0.9500273278762568 0.2744760930676209 141.59064070274667 -0.023559012928658616 0.2808839023489802 -0.9595185756295072 71.17298738394916
-0.9891626918051595 0.13210656954437724 0.06458757454234224 -208.4740263950648 0.1449880715375489 0.9493585868511378 0.2788940174848517 141.90640096309872 -0.024473700443466532 0.28520589667875557 -0.9582204862526095 70.07707743191717
-0.9893258614505698 0.1310536136824691 0.0642357167590873 -208.40833977911157 0.14390980030921438 0.9491421845003102 0.2801864165290677 142.2208032933318 -0.02425007388458351 0.2864096874293432 -0.9578670662724248 68.97792113695756
-0.9901284076283823 0.12550465817006065 0.06293836682178858 -208.33596778880707 0.13810021954862356 0.9512848344429654 0.27580955001658713 142.5298344468274 -0.025257385583246035 0.28174847264431374 -0.9592223993318914 67.8630108966736
-0.9902321820338209 0.12532474948999744 0.06165865856730219 -208.27670051054758 0.1373947822871667 0.9533077705879133 0.26909571595067017 142.81664009580413 -0.025056075374891053 0.27490862823481255 -0.9612107507299312 66.77388554276601
-0.9898297486793212 0.1287016516254592 0.061166855578403054 -208.22246439048132 0.14037457251038435 0.9543901653468136 0.26366666555647433 143.09387116289386 -0.024443674236536775 0.26954129334373333 -0.9627454888104046 65.7143148265961
-0.9897339783936663 0.1294990247592278 0.06103906396650551 -208.16243568660764 0.1411002563876548 0.9543757635512129 0.26333238610135057 143.37284879272985 -0.024154089631900858 0.26921159906258163 -0.9628453994895656 64.66432818341781
-0.9896986025745023 0.12966732868857592 0.06126255329137613 -208.0990005836578 0.14140464220621443 0.9534216932500563 0.266605615460739 143.66136272737452 -0.023840175056341395 0.27249170130495687 -0.9619301887237977 63.606574941267226
-0.9897605566175941 0.1289452820535119 0.06177297680625915 -208.03270884852162 0.14091381159305458 0.9527750921491105 0.2691632973566061 143.9549770233821 -0.024149737388820113 0.2750820026856773 -0.9611848113378759 62.54102332272642
-0.9898987973335915 0.12779291849073726 0.061948244246062864 -207.96535897376657 0.13991580359264577 0.9522232649438436 0.27162472311197033 144.25612279774901 -0.024278163873843184 0.27751881617738583 -0.9604808283485429 61.45809013493158
-0.9900099064393891 0.127016388679732 0.06176730358956087 -207.89846138273717 0.13914056643169045 0.9520897815472368 0.272488733979883 144.56122650850583 -0.024198666824162378 0.27833090607030253 -0.9602476083918577 60.362106796965065
-0.9900653326327512 0.12676550140490414 0.06139080692859192 -207.83469764176724 0.13878460061531006 0.9522533026030089 0.27209794882816096 144.86706257673004 -0.02396809678706108 0.2778851956895153 -0.960382340844696 59.24874807415678
-0.9900386163215543 0.12717355192292024 0.06097953009079613 -207.77404588933794 0.13902867390847085 0.9526118931500821 0.27071558101507304 145.1670943153977 -0.023663260633384392 0.276467310750285 -0.9607992748275966 58.14567887628271
-0.9896953434896792 0.12999213761816253 0.06060285918160079 -207.71500769000934 0.1416028778200143 0.9526378189224008 0.26928581702699234 145.4647461137663 -0.022728830470993052 0.2750630541315697 -0.9612245241998598 57.06027580854547
-0.9896858018227659 0.13002571944158053 0.0606826160550373 -207.6513013417959 0.1416520841746169 0.9526922510704415 0.2690677086010787 145.75930735444626 -0.022827254383285128 0.27485911009619346 -0.9612805956860044 55.98574416499942
-0.9896636916971183 0.13012378075084324 0.060841450867077825 -207.58765116083208 0.14178517196735063 0.9527293384197225 0.2688671612919671 146.05227600611815 -0.022980851627914425 0.2746854840027477 -0.9613269488210289 54.91296888360176
-0.9896852366494715 0.1296652653123605 0.061466772448816244 -207.51904856822793 0.14152545722102763 0.9526582317955774 0.269255536500992 146.34947420437302 -0.02364519426381347 0.27514841766269205 -0.9611782602487765 53.83272188011515
-0.9897034622056975 0.1292570338660649 0.062028162570074805 -207.44909176161005 0.14129303028852835 0.9526286740837474 0.2694822459807549 146.6506477497896 -0.024258549987850552 0.27544267910802545 -0.9610786687166737 52.737480154148145
-0.989736561195931 0.1287073086907703 0.06264090719472813 -207.37927118595903 0.14092861130594506 0.9527302736957409 0.26931374345376047 146.94957429915638 -0.025018643179552047 0.2753483840803286 -0.9610861817747814 51.645934559374226
-0.9897019482454612 0.12859366306737738 0.06342705790848795 -207.30998292308348 0.14103361234439454 0.9527405428483087 0.26922303074329956 147.24961105498622 -0.025810832361328796 0.27536683534403 -0.9610603613959223 50.54905031108449
-0.9896737958322378 0.12856730537270916 0.06391420022978676 -207.24123184731639 0.1411343353434138 0.9528125497516118 0.2689144395699494 147.54326594282946 -0.026326143055050193 0.27512893471263483 -0.9611142815505298 49.47151862187687
-0.9896806804101991 0.12829516608644526 0.06434372086479218 -207.1716320996235 0.14098446366829248 0.9529002050770663 0.26868122311224274 147.83453091386292 -0.026843734440685094 0.27495080739219385 -0.9611504720380676 48.402738555201495
-0.9896909989815172 0.12803168980484003 0.0647123008655794 -207.10185622857472 0.14082254316171772 0.9530221334075958 0.2683332307723273 148.1237887146938 -0.02731826071782969 0.274650751828847 -0.9612229474961531 47.33866909689288
-0.9897386969315656 0.12749432304062464 0.06503526408963513 -207.02979893477263 0.14038516122324937 0.9531729960192569 0.26802617841837306 148.41487237723638 -0.027818895616242685 0.2743766780024449 -0.9612865449305771 46.26901339996358
-0.9898065316033964 0.12680639625340764 0.0653446356702801 -206.95871421230405 0.1397950563847101 0.9533813373882155 0.26759302683442693 148.70331668805557 -0.02836644760330183 0.27397060994624917 -0.9613861324842193 45.204517261928295
-0.9898686286501185 0.12616324326313247 0.06565225363769023 -206.8870840615989 0.13925637988240977 0.953493828435707 0.2674728137885347 148.99087091601305 -0.02885453549526275 0.27387595304389606 -0.9613986828426871 44.147251118044075
-0.9898951311827532 0.12582301681538988 0.06590445163520661 -206.81657856732855 0.13900015105164346 0.9535108822293518 0.26754477501767415 149.27881796552194 -0.029177916048232184 0.2739724238475371 -0.9613613173990688 43.0912887302757
-0.9899785771681971 0.1250867403534944 0.06604953021483463 -206.7453298957017 0.13832599675861204 0.9536535182957528 0.26738525181657186 149.56548102511493 -0.029542355816269263 0.27381238901378474 -0.9613955787033065 42.03921889603893
-0.9900347490043552 0.12466813940959699 0.06599837125860133 -206.67667403156838 0.13790667678778007 0.9537338121810418 0.26731546827216107 149.84788105021684 -0.029619457676750695 0.273723523792206 -0.9614183767095051 41.0022321009798
-0.9900939170730422 0.1242938290978187 0.0658159061141859 -206.60948175132262 0.13748571699430254 0.9538896588316736 0.26697588059108485 150.13015003628203 -0.0295977919312411 0.2733501247563301 -0.961525317339868 39.96615921907267
-0.9901677221870518 0.12388584955100837 0.0654696418462106 -206.54263366698805 0.13697401159281025 0.9541807859092566 0.2661969363652286 150.41649768042197 -0.02949184000961258 0.27251734056884463 -0.9617645442463848 38.90304114913026
-0.9902439435495671 0.12346854876708638 0.06511004300269499 -206.47461075910147 0.13646395881986348 0.9543431127724064 0.26587760769801577 150.70425915124156 -0.029309871712529686 0.2721391249381522 -0.9618776495232326 37.833904065648454
-0.9903416023592362 0.12301271953351335 0.0644855987804242 -206.41000629773995 0.13584553484712011 0.9545120706048151 0.26558819255736554 150.98580283202085 -0.028881730246822928 0.27175321525285373 -0.9619997883308193 36.78547785990002
-0.9905131808051173 0.12231887017950371 0.06315653560237523 -206.34649866035994 0.13481813680914556 0.9546281622755306 0.2656938536638447 151.27100937185648 -0.027791700830398846 0.2716577629374876 -0.9620586544505855 35.72612143223262
-0.9907856537047647 0.12133998784189859 0.06072373638798628 -206.28618961045478 0.13322840560629298 0.9546921296617487 0.26626420723838695 151.55290214133663 -0.02566395971636339 0.27187062617797236 -0.9620575032470093 34.68466884796493
-0.9909641061143266 0.12117334442860091 0.058083605606879855 -206.23153051031434 0.13236918130821454 0.9545821093093734 0.267085500301177 151.8364747629997 -0.023081815378909576 0.27233044123709493 -0.9619928800303926 33.64001291868226
-0.9910888439905176 0.12108434458242864 0.05611976736745067 -206.18078467692632 0.13175210945385926 0.9546112039038281 0.2672880836726618 152.1177678347451 -0.021208500040366247 0.27227024768564845 -0.962053472044826 32.59650164731501
-0.9911944463656861 0.12113600147318664 0.05411964974570484 -206.13461967417703 0.13125034707264263 0.9547669934074215 0.2669795502796454 152.3944752924528 -0.019331675548799686 0.27170240072003415 -0.9622539364053189 31.560909294832047
-0.9912793657621174 0.12119955370227298 0.05239612409662638 -206.088258595688 0.13084333337117124 0.9548190061245126 0.26699255302211516 152.6769300128896 -0.017670026858389875 0.27149042706681115 -0.9623455888436663 30.508099828721214
-0.9913455144553293 0.12117275184542455 0.05119223223657084 -206.04470500042993 0.13048594303642908 0.95493979993214 0.266734779448529 152.95352109404416 -0.01656509295264248 0.27107670566197195 -0.962481903556152 29.472331139007444
-0.9914006851047925 0.1210617252415776 0.05038421022689845 -205.9998788199146 0.13015855122263975 0.9550046870912499 0.2666628176768406 153.22901490261134 -0.015835184235130244 0.2708986370958563 -0.9625445728751312 28.44588540506205
-0.9914001142917105 0.12138752116085418 0.04960310645898505 -205.95578051536856 0.13026147363234272 0.9549762545553603 0.26671427113779617 153.50799395166823 -0.014994676319569784 0.27085284848583246 -0.9625708323772689 27.40881887311867
-0.9913865250954006 0.12186291386708684 0.04870560981760449 -205.91338038874184 0.1304769087751159 0.9549303408116984 0.26677323765916466 153.78008407837495 -0.014001514430831474 0.27080125322310067 -0.9626002466681678 26.39905231544189
-0.9913915607137571 0.12211817060491478 0.047957819546043806 -205.8703435731825 0.13052155335366922 0.9548915113519177 0.26689025041979636 154.0540571531009 -0.013203256375461032 0.27082331764339057 -0.9626052829219951 25.383142768714045
-0.9914166715010156 0.12224517682681153 0.04710498007252802 -205.82871429065654 0.1304118678042441 0.9549277466939485 0.26681460774212906 154.32512281059246 -0.012365904838670297 0.2706382993725784 -0.9626685560582616 24.37312001643773
-0.9914292766313505 0.122422799806995 0.046375812471044775 -205.78693100793993 0.13038288165040934 0.9549912501987466 0.26660062478677177 154.60245944507446 -0.011651276937223957 0.27033313938480785 -0.9627631053696676 23.34962410102892
-0.9914910256695255 0.12221489502965449 0.045604304102654945 -205.74622041886497 0.1299710043794534 0.9551165068035365 0.26635326277379634 154.8730998782159 -0.011006238988754144 0.26998481223690035 -0.9628687610017174 22.34189727547563
-0.9915495384715762 0.12181482244536525 0.04541001344339353 -205.702310180111 0.12953959329660975 0.9550123057291503 0.26693632747334867 155.14793659010684 -0.010851598582047949 0.27053362188290603 -0.9627165562791501 21.330606105038562
-0.9915484473129884 0.12175612260829961 0.04557460389749214 -205.6573472268913 0.1295294478960647 0.9549769623380726 0.26706580865178337 155.42201141352365 -0.011006532004873816 0.2706826069194789 -0.9626722737761877 20.32094497973774
-0.9915039292455551 0.12163827502676705 0.04683473025884987 -205.60870113034784 0.12975963242010272 0.9548963496496538 0.2672418259594668 155.69647286857625 -0.012216053598702073 0.2710191204794305 -0.9625628009127604 19.310961430479484
-0.9912996329418616 0.12186187458462362 0.050442212717983576 -205.55751475171826 0.13094024249508113 0.9549757618788685 0.2663820126618438 155.96392271714424 -0.015710128707255265 0.2706403116478267 -0.9626191131176509 18.314870613549388
-0.9910460945923686 0.12143749797575527 0.056130848455668056 -205.4963065395526 0.13206406042230256 0.9549560657461751 0.2658978135103889 156.23200914051492 -0.021313335972538424 0.2709008707374137 -0.9624382984889286 17.321368009897693
-0.9905853165354609 0.12156817270721054 0.06349820695671324 -205.42616395263738 0.13416313007594788 0.9549416316037053 0.2648977560554907 156.50192965661873 -0.02843476978148779 0.2708940595403342 -0.9622562355348915 16.319301987420378
-0.9901425668131117 0.12104284326121148 0.0709720777705119 -205.34596296364774 0.13565808874089885 0.9549663114951973 0.26404607762307125 156.76735125112245 -0.03581612309355666 0.27104234577152403 -0.9619684420514866 15.335734266953901
-0.9895986707405829 0.12031003884975806 0.07930983883168595 -205.25409923481834 0.13719150549895295 0.9549385353867369 0.26335335116270503 157.0373070715463 -0.044052801457067206 0.2714665457327657 -0.9615066247644862 14.33671911193277
-0.9889615855067948 0.11960218985083527 0.08785853754822696 -205.15251710379283 0.13880658752423072 0.9548927519194153 0.26267039194355585 157.30708656474107 -0.052479801460889645 0.2719381911949132 -0.9609494744607535 13.335564213779756
-0.9881270634184035 0.11919342459481413 0.0972993067812998 -205.04231312075115 0.14096220329816359 0.954737202314216 0.26208769881889815 157.57625854954233 -0.06165650328065905 0.2726632550874132 -0.9601990533835181 12.337935157777672
-0.9872278780616685 0.1185677025446387 0.10673529588277554 -204.92112931806685 0.14283575999826872 0.9549001097203048 0.26047487248089696 157.84215519650448 -0.07103789498407051 0.2723652611367616 -0.9596350199100245 11.336638502976372
-0.9860007592994845 0.12007333858550887 0.11599464320489605 -204.7949760810576 0.14652813424774175 0.9553686993142564 0.25667811663126966 158.0985459513694 -0.07999789669886176 0.2700528812349541 -0.9595837094368019 10.346355069086645
-0.9848990413006543 0.11994566448392298 0.12512506608072727 -204.65753645516793 0.14842250019956077 0.9564511921492057 0.2515069529959582 158.34546725079747 -0.08950938597568979 0.2662517825860719 -0.9598057566682698 9.360537704365882
-0.9833072983007876 0.12032942419634003 0.136737587508048 -204.5078439236234 0.15170632137719767 0.9565154346142664 0.24929402836115455 158.59517875076995 -0.10079485339510572 0.2658481532766124 -0.9587984649796304 8.369091847716554
-0.9811629487416141 0.12036374673291783 0.15133390861787926 -204.33928699768035 0.1556235262874635 0.95605464618188 0.24864740159559257 158.8444868987976 -0.1147559279937213 0.26748619338427587 -0.9567717887700984 7.4012867541490985
-0.9786389420130914 0.12068382849488046 0.16664666105189488 -204.15382989653418 0.15980099213955318 0.9560053320855255 0.24617490354523905 159.08834442101266 -0.1296061060999834 0.2675184314248003 -0.9548643328726051 6.426997886683341
-0.9754747031608445 0.12163315376389393 0.1836427973164987 -203.9573687615643 0.1646369836472473 0.9564868063945026 0.2410645910983702 159.315732507035 -0.14633094231088772 0.2653587739174328 -0.9530489724822362 5.481204974260031
-0.9719567045844777 0.12176149350974896 0.2013576838075556 -203.74225472096418 0.16871483004871385 0.9571203384744613 0.23567074940215738 159.5351764397188 -0.1640284940680688 0.26300569783663674 -0.9508175745927395 4.542091094347392
-0.9684971437618258 0.120316906775555 0.21819194345017312 -203.50808428626257 0.1712936921951122 0.9574597577877114 0.2324093113529048 159.75274132674457 -0.18094774915658168 0.26243449906097893 -0.9479016401878531 3.6133239191890687
-0.9646720069712301 0.11840054537503694 0.23549930878217387 -203.25443660689746 0.17354536263158238 0.9577798968995336 0.22940052148288453 159.96943834725403 -0.1983956571528672 0.2621377732895442 -0.9444862416285771 2.6827935456270406
-0.9604460674274234 0.11697767948756589 0.2528445187714919 -202.9817090028782 0.17625253892996368 0.9580168526787571 0.22632679280191298 160.1858691474946 -0.21575428322057633 0.2619107667982989 -0.9407358606656587 1.7449395662842835
-0.9553875124444681 0.11667676377035693 0.2714639379254695 -202.69017005110555 0.18008906277283604 0.9583273612274457 0.2219493387926807 160.39749248686778 -0.2342551464846071 0.26090669043642006 -0.9365810011320229 0.806756877711935
-0.9499473896066619 0.11569246551590945 0.2903211858429703 -202.37539940150592 0.18322284507826025 0.9587552014456838 0.2174909582584083 160.60633521063863 -0.2531847774093592 0.25976991396040766 -0.9319593462930418 -0.1354310934253099
-0.9437606167798404 0.1157383951401359 0.3098247266290378 -202.0475081858888 0.1871863564871927 0.9592435135263262 0.21188996131396795 160.80418580337988 -0.272673199316626 0.2579399441432096 -0.9269558535154879 -1.0547917277727281
-0.9370829533563184 0.11546617426979369 0.3295662661699558 -201.69770259064526 0.19043000731399354 0.9600742166692803 0.2051282049833569 160.99551415385116 -0.29272236424707376 0.25495307121731414 -0.9216523469047263 -1.9751139979019858
-0.929742223667176 0.11588059935580076 0.34960308956256086 -201.33493277126001 0.1944480732089937 0.960612127053515 0.19874230095543863 161.17698666150892 -0.31280253867505575 0.2527305442028926 -0.9156494691140982 -2.8701070916129607
-0.9222090371844387 0.11512948953792726 0.3692511296501078 -200.94245669072 0.19751810759651317 0.9610163707696557 0.19369614098502297 161.35952406156022 -0.33255585570340396 0.2515337469325413 -0.9089928798703304 -3.7796844798792266
-0.9139736180785829 0.11454462465569856 0.3893612057388596 -200.53043641177175 0.20102236699988546 0.9611993525922068 0.18913019052970978 161.5387440685073 -0.3525894898971447 0.25110210307359343 -0.901531744317762 -4.679887276321065
-0.9052130849944847 0.11375697329059949 0.40953554006948195 -200.09755120431538 0.20453126822142031 0.9612428027652956 0.18510571017016045 161.71583138290472 -0.3726058214639381 0.25129480450087 -0.8933914082137989 -5.573690103006847
-0.8961540008982737 0.11343326508504674 0.4290825034527103 -199.64480402406525 0.20855281959185915 0.9610610229879939 0.18152776300056814 161.89001464840118 -0.3917828488379267 0.25213496631515625 -0.8849103950671768 -6.46053432320388
-0.8861899865921686 0.11516676380298371 0.4488602034390582 -199.17835071310367 0.21423800101345963 0.9607484901629842 0.1764927557809911 162.05732297518796 -0.41091530608932547 0.25254073195921634 -0.8760733793408831 -7.321697196611995
-0.8756666019172029 0.11622892120016606 0.4687964248779707 -198.6813752802954 0.2182705598613683 0.9611100070978749 0.1694439084911833 162.2162340561121 -0.43086996151808665 0.2506726545592353 -0.8669758572301406 -8.195081569610185
-0.8654390222168007 0.11611808944479066 0.4874461685995638 -198.1630012529274 0.22154913355274738 0.9612377799329378 0.16438979210514337 162.37267492817543 -0.44946254491834464 0.25023463920170685 -0.8576133147251599 -9.064615925844935
-0.8555342571280189 0.11533684797816894 0.5048076459323377 -197.62002307977957 0.22412941186211455 0.9613427454317127 0.16022557828260714 162.5285008305742 -0.46681285640667564 0.25019273715744605 -0.8483070630250004 -9.936129384999957
-0.8461629747877281 0.11317903096978733 0.5208364421632347 -197.05613687069777 0.22557853129450725 0.9614411710393853 0.15757745729779882 162.6855507860677 -0.48291896876350693 0.2507977382563999 -0.8390617437875816 -10.805566892690823
-0.8364095338480503 0.11487925833887112 0.535997491169613 -196.48195971330193 0.22680165155781332 0.9627363971033824 0.14759682678902195 162.82223477883383 -0.49906817130075626 0.24498873257302617 -0.8312915292755516 -11.669231607336656
-0.8264943185698626 0.11409586695838042 0.5513266756589482 -195.90262761778644 0.22787219959767968 0.9632849196445701 0.14227353394552916 162.9547010061693 -0.514851452219274 0.24319232269695842 -0.8221433508607582 -12.50058252996154
-0.8163943194277457 0.11486460992067835 0.5660192843871663 -195.30096635985083 0.2297228286534467 0.9637830625288836 0.1357744349416632 163.08327714744541 -0.5299236568291898 0.2408449353225112 -0.8132079994860704 -13.341396117431938
-0.807478771611868 0.1139347137997357 0.5788507275707422 -194.6823366256232 0.2312130545318977 0.963835062216992 0.13284296960869893 163.21456202708092 -0.5427807575052832 0.2410778143112201 -0.8046135212478566 -14.1776488187048
-0.7994006666116233 0.11417365184261029 0.5899105146447959 -194.0463965671511 0.23225356392779717 0.9642227339776139 0.1281309160609112 163.33981277345225 -0.5541751888676258 0.23940863553602926 -0.797311531935131 -15.022370261036732
-0.7930303371892743 0.11247793064507962 0.5987680116002685 -193.39346157278206 0.23169936595696536 0.9646791040567092 0.1256753998082335 163.469088158659 -0.5634826028922484 0.23837055613575775 -0.7910750728479283 -15.870188566749766
-0.7881204255785371 0.11117154857068309 0.605457009148076 -192.7167858620739 0.23142628256724837 0.9649505233107072 0.1240841280717763 163.60194722400894 -0.5704403246177971 0.23788403336010414 -0.7862190661454274 -16.738728064334367
-0.7842098316760574 0.1105169786553778 0.6106327148614196 -192.03931884202038 0.23138685541134282 0.9651631378693145 0.12249527111730982 163.73202904895334 -0.5758213481274662 0.23732674079508498 -0.7824564978007406 -17.602073794169996
-0.7814677284917102 0.11015687801272359 0.6142032593382245 -191.36047836491596 0.23159461369785903 0.9652304433191405 0.12156816024860088 163.86126501354465 -0.579455313547262 0.23721994968873836 -0.7798018662278737 -18.463888302232892
-0.7797210355299338 0.11101620692446439 0.6162649886920653 -190.6775143998976 0.23210059144384987 0.9653324745656974 0.11978073367624394 163.9874312889359 -0.5816018927797515 0.23640306165375086 -0.7784505070094924 -19.330939746973524
-0.7788331988475345 0.11261049389610252 0.6170973292056557 -189.9819489664419 0.23222174325515738 0.9656580587203785 0.1168851004246768 164.11205821953791 -0.5827411364768817 0.23430942042381186 -0.7782305828279082 -20.213354863371933
-0.7783966656589808 0.11281416341721529 0.6176106587120075 -189.29979651850925 0.2316661952920916 0.9659517311343487 0.1155514178329769 164.23343683276394 -0.5835449738062953 0.2329962182040876 -0.7780222561242511 -21.076449649102194
-0.7780399221132861 0.11291544630014987 0.6180419136800099 -188.60502415024698 0.23183704768237948 0.9659293690038324 0.11539761380098046 164.3593019202855 -0.5839534510798079 0.23304091159318846 -0.7777027345370178 -21.955765746603166
-0.7778609527450839 0.11257750706067877 0.6183286774159974 -187.88891042055945 0.23141196853705934 0.9660489780042703 0.11524827232802053 164.48772321696285 -0.5843604834550894 0.23270786923931697 -0.777496754559085 -22.8590710232969
-0.7777947779526801 0.11231050060339466 0.6184601295555406 -187.19446678254636 0.23138306359988242 0.9660156226583443 0.11558571190678518 164.61403834259056 -0.5844596161517144 0.23297548327793705 -0.7773418903568037 -23.73895514773599
-0.7778979289850118 0.11225285654747302 0.618340947974028 -186.4808432677212 0.23118815497973802 0.9660748329858583 0.11548058048106795 164.74217562899884 -0.5843994983382217 0.2327575143349603 -0.777452347722588 -24.646345539452923
-0.7783723867840351 0.11204236738479537 0.6177818963047131 -185.7680124230675 0.2305499559925715 0.9662542248350364 0.1152548525448122 164.86907680821272 -0.5840199683627632 0.2321131971813069 -0.7779300756667675 -25.558912919490215
-0.779580046142883 0.11208051975354706 0.6162502584232064 -185.0627236824041 0.23019346324603104 0.9663133597370293 0.1154710709194322 164.99537768522976 -0.5825477700079346 0.23184811296393257 -0.779111844899257 -26.47071034575705
-0.7819994795784562 0.11158766461772611 0.6132674670705753 -184.355144129891 0.22919187712450714 0.9664381192871667 0.11641793332372581 165.12404041244483 -0.5796930906251498 0.23156741363448458 -0.7813216302952103 -27.388479383135053
-0.7852730369557471 0.11108623606074793 0.6091627032060494 -183.6458235931912 0.22834982303755158 0.966428613961277 0.11814687718165745 165.25671075145056 -0.5755860568797418 0.23185228130860042 -0.7842684278990396 -28.32286935130439
-0.7888777961026863 0.11118415159693605 0.6044696109845867 -182.95567738462663 0.2278307911775809 0.9663719669911901 0.11960239373483131 165.38758628261138 -0.570842985571245 0.23204096829077592 -0.7876721734638534 -29.24749349675389
-0.7925975220497405 0.11108246486320864 0.599602673150506 -182.26485202486484 0.22695760697939568 0.9664047448977413 0.1209899443787215 165.52076651846596 -0.5660173270666152 0.23195318393166295 -0.7911727806584624 -30.18542465459068
-0.7965301604494338 0.11117477813664373 0.5943510739983527 -181.58821344465767 0.22621198524515423 0.9664001781114997 0.12241207183411076 165.65394148331615 -0.5607703622581707 0.23192672224068983 -0.7949080100218702 -31.11982513244635
-0.8006643637760529 0.11128881466169366 0.5887487445656192 -180.91685875609005 0.2251982529387026 0.9664882721940046 0.12358298756608656 165.7876129670641 -0.5552637332334599 0.23150604042419073 -0.7988865320201084 -32.061549271930396
-0.8048171404236624 0.11129510498327046 0.5830578144414411 -180.25390788137764 0.22437885530936716 0.9664630753402929 0.12525629109926772 165.92536201450437 -0.5495622172578998 0.23160665787877446 -0.8027901888932863 -33.00760098659824
-0.8090592683345058 0.11175836829080464 0.5770673425129437 -179.5987607880127 0.22409140996574192 0.9662938802582942 0.1270590460765925 166.06515189087474 -0.5434161147346916 0.23208646109979167 -0.8068252846969091 -33.958619209360826
-0.8131726515506437 0.11327224308600138 0.5709584274899464 -178.95258821263 0.2250570133850657 0.9658203282572525 0.1289405242207758 166.2072709393399 -0.5368373512571645 0.23332139816483632 -0.8108630559087393 -34.91286490694952
-0.8171042389435792 0.11523312781804826 0.5649205667944317 -178.3094686297704 0.22652736475012125 0.965228847953048 0.1307797724391832 166.35722829628077 -0.5302070485578948 0.23480301266413486 -0.8147881830250555 -35.87235184411807
-0.8203098114746062 0.11894703721158312 0.5594791459782438 -177.6842100500777 0.22952429161296845 0.9644218145130711 0.13150776656330213 166.50325163516536 -0.5239312368021813 0.23626345262163181 -0.818417674120799 -36.818046142066834
-0.8215662597360646 0.1225095245320174 0.5568601141995753 -177.06787496417397 0.23266705092869794 0.9637006269019497 0.13126967683375212 166.64657762775585 -0.5205645314466822 0.23738207471998632 -0.8202400964825468 -37.7535617625753
-0.8222290969597116 0.12430843229522442 0.5554821055199839 -176.4530081150319 0.23426529686175826 0.9633225234530977 0.13120266791285057 166.7882170623781 -0.5187989464928682 0.23798117522313955 -0.8211849509728048 -38.687088448711705
-0.8229265443869572 0.12434667221284448 0.554440009113768 -175.83779194648156 0.23428713501872425 0.963245693606985 0.13172724631577257 166.93043906175205 -0.5176822605890732 0.23827218657736254 -0.8218051653134821 -39.618438753064176
-0.8236223431499874 0.12426645694747192 0.5534243045744286 -175.21817313834015 0.23406471274186458 0.9632529760003539 0.132070483608405 167.07348600596364 -0.5166758559610206 0.23828560523695053 -0.8224346564382735 -40.55898893924936
-0.824298144747213 0.1254216580316409 0.5521563444461872 -174.60744998073838 0.2348696030162602 0.9630826068278978 0.1318858081888591 167.2139497606614 -0.5152309637510962 0.2383704110351791 -0.8233162782366844 -41.494380228693906
-0.8247215778011345 0.12617735139729097 0.5513511921856762 -173.99651725791415 0.23548580537487165 0.9629307833188979 0.13189521981390584 167.355254420171 -0.514270949771027 0.2385847217707473 -0.8238540544801054 -42.428754372432216
-0.8252222938858964 0.12739975479021548 0.5503205449262505 -173.39477261207742 0.23654783398578444 0.9626743591223403 0.1318697523606327 167.4948712326665 -0.5129796097734705 0.23897170646344848 -0.8245469767293937 -43.349588830165764
-0.8256131261902552 0.1280924293484672 0.5495728604860933 -172.8004097384091 0.23716565694101857 0.9625085994375303 0.13197061958302386 167.63346667262962 -0.5120643037855778 0.23926919344433797 -0.8250294650482495 -44.259069600028624
-0.8259610758071382 0.1296103196405002 0.5486934983957258 -172.20584842804726 0.23809084467581657 0.9624008297221825 0.13108789779433166 167.7700510730836 -0.5110727507907215 0.2388852154403941 -0.825755287697682 -45.173836645538955
-0.8263674134237472 0.1298417033649099 0.5480269231001906 -171.61147415222942 0.23807410490855505 0.9624186072042548 0.13098811603881752 167.90684680372638 -0.5104235721615785 0.23868807341480391 -0.8262137862627147 -46.08594641977762
-0.826646215813199 0.12943660331428464 0.547702205424947 -171.02215448221594 0.23767932169249154 0.962475282856856 0.13128954360773976 168.04345321298464 -0.5101560731713047 0.23868040067423268 -0.8263813310298167 -46.98500697020346
-0.8272036758911155 0.12928385229694403 0.5468958778095826 -170.43788317935682 0.23744783156044005 0.9624842248141378 0.1316418559963137 168.17983708230838 -0.5093593957072208 0.23872667158433075 -0.8268590889668055 -47.880973725582635
-0.8276479601132664 0.12932620027776362 0.5462131668898612 -169.8535485983462 0.23741201596707232 0.9624608761943777 0.13187578118026527 168.3168646974786 -0.5086535816222997 0.23879687288140033 -0.8272730012367936 -48.77966767297169
-0.8280619161810667 0.12931601292642833 0.5455882163544645 -169.26590441321073 0.23721504731649964 0.9625039848169672 0.13191564617087034 168.4536260261287 -0.5080719077465854 0.238628650444802 -0.8276791564101675 -49.68378485987273
-0.8285973571283529 0.12912649245975344 0.54481959528715 -168.70512325092537 0.23688478101347354 0.9625524145553572 0.13215597166373777 168.5873698363372 -0.5073522070200303 0.23853601085344314 -0.8281471160039339 -50.54477971746571
-0.829432195916955 0.12856072212785305 0.543681316734744 -168.142092839419 0.23587596507113612 0.9627935529612411 0.13220210700079923 168.71975815279853 -0.5064562971971892 0.23786623767580817 -0.82888706455568 -51.409283644771385
-0.8295690778176057 0.12787763351700826 0.5436335988092912 -167.5751523059517 0.23509192751774208 0.9629799394193489 0.13224260544411498 168.85310649574188 -0.5065965716356792 0.23748049957965106 -0.8289120510087282 -52.27670537285449
-0.8286530509035921 0.12775383254240444 0.5450577662603144 -167.02292522575638 0.2354363568367434 0.9628926213115141 0.1322646003783092 168.98342433535515 -0.5079340389361352 0.23789995568345743 -0.8279725912304295 -53.11829412942132
-0.8264351853370607 0.12716171708799204 0.5485518838998458 -166.4721862094631 0.23580564476235727 0.9628272969056434 0.1320812492723321 169.11158373913128 -0.5113640207898583 0.23848026683548373 -0.8256908916868636 -53.94551551866709
-0.823578784209697 0.12581383312618685 0.5531399456434095 -165.92106859042832 0.23642619659543745 0.962534230183121 0.1331046244262712 169.24180125971952 -0.5156684148351003 0.2403710451712924 -0.8224594376230079 -54.759235845570885
-0.8201350664032243 0.12558451424520334 0.5582851025182718 -165.37281139306592 0.23717004454589563 0.9625156265131249 0.13191153162509375 169.36592580682222 -0.5207909844016249 0.24056604764312828 -0.8191687555186896 -55.556967147800485
-0.8154040122028893 0.12856364410891818 0.5645022851522606 -164.83285809635672 0.24016102840963133 0.9623348548331694 0.12775274703651826 169.4824685530878 -0.5268147557530788 0.23971369050394825 -0.8155585688500715 -56.33555882783796
-0.8110101210205773 0.12911611345397897 0.5706716349537115 -164.3165027436389 0.2410923812502314 0.9624787728283328 0.12488218442890682 169.58862269031107 -0.5331335806084458 0.23883770305979396 -0.8116999695371251 -57.06208579897071
-0.8074465495697986 0.12795288920300882 0.5759619546526052 -163.79884267294642 0.24130292339423992 0.962477841420062 0.1244828192169371 169.6968841603885 -0.5384210209292051 0.23946697891751884 -0.8080158599317597 -57.77397968349002
-0.8039286608259115 0.12624547843265405 0.5812341054222412 -163.28404930862595 0.24131392485434958 0.9624410699241979 0.12474350294223259 169.8042299693911 -0.5436540055351247 0.24051750839531985 -0.8041905857475395 -58.46896268795729
-0.8000552107750191 0.1256328893081615 0.586686042795634 -162.78981122710235 0.2415601259638043 0.9625647804257234 0.12330516969138709 169.90401570352284 -0.5492306770051344 0.24034375749764078 -0.8004446810616314 -59.12743409050838
-0.7965178517598263 0.12446444118731619 0.591726507778975 -162.3149401985244 0.24048385078597767 0.9631081047199511 0.12114870008635441 169.99518647749548 -0.5548162134021403 0.23877064456617636 -0.7970559751557437 -59.750133375520406
-0.7927165765571592 0.12386626836146669 0.5969343851377529 -161.86159122091323 0.24002396442453364 0.9635117957188053 0.11883076804734241 170.08034994540165 -0.5604326089300962 0.2374504233505913 -0.793514199263656 -60.33878728051045
-0.7893330920886118 0.12266818638596318 0.6016467036710739 -161.41219938578746 0.23946767641081163 0.9637912387603563 0.1176817769464351 170.1649038154874 -0.565424511466441 0.23693796638583928 -0.7901190107078014 -60.91050364144881
-0.7853332333090078 0.1224542789178294 0.6069022836999143 -160.97820230276957 0.2402422592818237 0.9637505275051576 0.1164340818371861 170.24616441939204 -0.5706435555947464 0.23721630331300764 -0.7862756248292929 -61.458394985175886
-0.7814564755230862 0.12176141983358589 0.6120245319103593 -160.56466870072683 0.24068955138156262 0.9637389314638171 0.11560226534060798 170.3210609195081 -0.5757554073385226 0.23761902547687172 -0.78241836267863 -61.97213887274007
-0.776780090870393 0.12158229695580558 0.6179844992032557 -160.1519095508023 0.2418533545511157 0.9635865818337922 0.11443839790066847 170.39517433556833 -0.5815671941635616 0.2383279214262616 -0.7778916383475674 -62.47301612877985
-0.7714517595020285 0.12167092415881385 0.6246061633826706 -159.7340528309538 0.24315137576201223 0.9634703406034549 0.11265128541424407 170.467042435695 -0.5880823661535461 0.23875141706602834 -0.7728469347132274 -62.96918772773526
-0.7650981271494273 0.12173826789522021 0.6323603459699563 -159.3365727288179 0.2441093039612569 0.9635498301752515 0.10986771368642913 170.52945049429488 -0.5959346893708671 0.23839733968320662 -0.7669191785736542 -63.426524964428
-0.7577940643851327 0.12241392544119198 0.6409661065682147 -158.9384536587051 0.24546275140862145 0.9636188805575967 0.10618229982012779 170.58576644188852 -0.6046480508817196 0.23777002961969176 -0.7602638467180985 -63.87362168661576
-0.7497922872269391 0.12267926147211192 0.6502586555747838 -158.53690124369507 0.24659462776176033 0.9637250038223746 0.10253658184040491 170.63915700908635 -0.6140903869852 0.2372038733647045 -0.7528368890318553 -64.31018889955921
-0.7411665010231246 0.12260156219698813 0.660087992436111 -158.14740895375473 0.24685533908410087 0.9641178285535225 0.09812032487544046 170.68511943394904 -0.6243719107919977 0.23564236371252775 -0.7448279651329499 -64.72103663515905
-0.7321934744224838 0.12244103144565424 0.6700569824133294 -157.7675582313526 0.24731791596678934 0.9644062890883279 0.09403839300967266 170.72717605824607 -0.6346917192448767 0.23454419618711558 -0.7364054467288227 -65.11015174304363
-0.7226499769542063 0.12221594287157132 0.6803788333558435 -157.38077661642248 0.2482726085212495 0.9645031597752851 0.0904584348025818 170.7676957158606 -0.6451708083987028 0.2342618659491362 -0.7273326540478632 -65.49583693912503
-0.7124048467598582 0.12224985979764011 0.6910928697878866 -156.99980111659454 0.24935469766873888 0.9645936633665219 0.08642745393106648 170.80307265823615 -0.656056650927192 0.23387131611359355 -0.7176562782417473 -65.8616455674746
-0.7009565480105663 0.12315292434198895 0.7025445206293991 -156.61224663042026 0.2512079397374361 0.9645356890977715 0.08157428699627746 170.83589030914834 -0.6675814089427999 0.23363791058706973 -0.7070265599283736 -66.22238887854371
-0.6887571017448636 0.12321952337658355 0.7144975753938859 -156.24674396425468 0.252024005601836 0.964732290514889 0.07658322011442366 170.86253651279367 -0.6798602277984531 0.23279095656740745 -0.6955128478825993 -66.54285139670465
-0.6743844316224185 0.12274605363673177 0.7281586812065562 -155.85909525995214 0.25325457552807185 0.9647679488245593 0.07193290428959638 170.88957263019833 -0.6936721650503607 0.23289326264902463 -0.6817028037298062 -66.86545622722528
-0.658030365703459 0.12233100317463654 0.7430390867838857 -155.4826681111872 0.2546452267711331 0.9647787777691695 0.06668660572854364 170.9118045950506 -0.7087077271631823 0.2330666210914942 -0.6659972354422868 -67.15987773813806
-0.6401703190584448 0.12207728185945421 0.7585213792371301 -155.0952602929057 0.2551977250236791 0.9650669415896451 0.060072171376694 170.92865061118326 -0.7246874443791034 0.23200314435176644 -0.6489534404824323 -67.44603841827737
-0.6210759839053136 0.12186005243118679 0.7742673619910317 -154.72095645992488 0.2547446759082068 0.9656346523509216 0.052374846517093496 170.93872769991498 -0.7412738608315438 0.22974318287460327 -0.630767876902258 -67.70131638011722
-0.6023107975190637 0.12041409517865018 0.7891752260829307 -154.3539432514391 0.25225350193325025 0.9666579884219503 0.04503962924310223 170.94659978847167 -0.7574358326652795 0.22617404947614891 -0.6125958830876683 -67.92210421882794
-0.5847946466742996 0.1177790140775059 0.8026321234919094 -154.02035789296804 0.24798130086789855 0.9680394975654198 0.038637582800854144 170.95226956444776 -0.7724253885285004 0.2216069544366203 -0.5953037315145323 -68.10897430760264
-0.5682434690991127 0.11664602242856743 0.8145964323077167 -153.70731478458592 0.24467876763746493 0.9691238530913193 0.03191887162500251 170.9524806791362 -0.785718131755857 0.21742652888590205 -0.5792312982600071 -68.28057353663027
-0.5509996656000715 0.11814976793639743 0.8261446079846969 -153.41678969248025 0.2433666114136311 0.9696914088770509 0.023645214461958157 170.94557408393888 -0.7983078914906202 0.2140587532451797 -0.5630458584042242 -68.43940181934406
-0.5336330503066571 0.12010871834545761 0.8371881933299611 -153.1255532151982 0.24208574936942673 0.9701818328399661 0.015128851078203364 170.93471003581607 -0.8104040892501455 0.21071908679389018 -0.5467899440366294 -68.59316405282686
-0.5140748838977857 0.12109056980464582 0.8491988949702715 -152.8165774694821 0.24148357483544788 0.9704183633745428 0.007819406497579359 170.92346284107367 -0.823127341602779 0.20906176989940684 -0.528101716421707 -68.74827799361374
-0.4928359102034441 0.12039615396381846 0.8617960264588509 -152.50208707104272 0.24025664471942976 0.9707528304089182 0.0017875825565872574 170.91383714776495 -0.8363714235612663 0.20790750982790523 -0.5073408213357913 -68.88743354139143
-0.47046323137377855 0.11870111630958224 0.8744424941833295 -152.18525989359298 0.2379305201982127 0.971319778332257 -0.0038321900415707174 170.90412346099964 -0.8498134510980712 0.20622790013505007 -0.48520607870813115 -69.01139366289097
-0.44734777511301105 0.11630790314734905 0.8868075851528969 -151.87449750785552 0.2334427340447419 0.9723666642150536 -0.009760434930223928 170.8921849414962 -0.8634322632504895 0.2026267733538558 -0.4621308586613521 -69.11519097225172
-0.4219548759794268 0.11516967675351342 0.8993142883922085 -151.540213123185 0.23000068049036557 0.973092512424371 -0.016693559293588955 170.87698632047562 -0.8770329597479938 0.19977321397626868 -0.4370845642556936 -69.22384384026489
-0.39679779745846744 0.11459141452456635 0.9107674324931043 -151.21346786435552 0.22766035517854757 0.9735076354287648 -0.02329052006463014 170.85963060439335 -0.8893016435091395 0.19807804460792702 -0.41236824384679405 -69.32264348565624
-0.3720862291539786 0.11434153784701759 0.9211705457232799 -150.90194423807927 0.22534238519155286 0.9738677396352479 -0.02985195643495158 170.84017422911197 -0.9005052335755951 0.19644504356430878 -0.38812390478766995 -69.40815465045337
-0.3469228128213415 0.11475444646978702 0.9308886943555365 -150.5820156695597 0.22256292596657098 0.974256138382121 -0.03714733255242648 170.81581176198225 -0.911180075588626 0.19426756021868646 -0.3635274461656579 -69.48777512390393
-0.321866471517574 0.11499802972194828 0.9398165612365664 -150.26160553886916 0.21867171564399243 0.9748341477627671 -0.04438420941900937 170.78873169501117 -0.9212625601788239 0.19119907891055152 -0.3389090245254538 -69.5549854966865
-0.29528025628883897 0.11600545475825072 0.9483831119479252 -149.92939870082498 0.21612247489156414 0.9750281057709039 -0.0519664413909662 170.75762869427433 -0.9307216929113897 0.18959536030254076 -0.31297403827581544 -69.62227624259289
-0.26726166517197003 0.11669566107675482 0.9565727402201342 -149.5772434551365 0.21376896082770463 0.9751329171277114 -0.05922573288023423 170.72338120659515 -0.9396897099150616 0.1886300470105089 -0.28555788555526124 -69.68412441842875
-0.23889389322471136 0.11773688935691315 0.963922107921543 -149.21158036356564 0.21222807876840585 0.9750018865920915 -0.06648434631250168 170.6863755407413 -0.9476461087550195 0.18866171557662903 -0.25790539525218703 -69.73651131556657
-0.2106191393269924 0.11875039544103716 0.9703692219283874 -148.8541456617285 0.21061506518895248 0.974842513096353 -0.07357546900965803 170.64769501249992 -0.9546864668149225 0.1888509898187885 -0.23032756536874235 -69.78087139498186
-0.18153517988459925 0.11998632456378486 0.9760774757845493 -148.46729089469056 0.20901299184038588 0.9746053806466696 -0.08092406518181053 170.60408484214634 -0.9609922297499353 0.1892947556665827 -0.20200054900179945 -69.82232517919437
-0.1526790155058642 0.122093786621775 0.9807452212003117 -148.08378325163312 0.20678911333860564 0.9743662466483481 -0.08909958622589552 170.55512516768187 -0.9664755528322071 0.18917666933676697 -0.17401001198052937 -69.8519766959432
-0.12394440644740831 0.12395665675977019 0.9845566289952493 -147.687429350818 0.2051740277400144 0.973974457814412 -0.09678754074536397 170.50365883487626 -0.9709220573712812 0.18998191844336607 -0.1461485955376709 -69.87605228718506
-0.09419237202976903 0.1250845594318649 0.9877047887367296 -147.26563116019148 0.20226572806126164 0.9738354595183512 -0.10403145447185758 170.44682662392887 -0.9748664602751035 0.18995299029141807 -0.11702564237680577 -69.8884914562863
-0.06456807406398993 0.12604952267914576 0.9899603923556344 -146.84277200844605 0.2005353835862361 0.9734400286508473 -0.11085880922635205 170.3875502229746 -0.9776324929718897 0.1913372225188609 -0.08812810735565416 -69.89110097543886
-0.03550576400413348 0.12763257411183454 0.991225690295823 -146.41338750797343 0.19659669932521132 0.9733697527276688 -0.11828348253603269 170.32296630004728 -0.9799173147515117 0.19064511734201592 -0.05965014733817611 -69.87900098443343
-0.0068143222371801 0.12905562245774652 0.9916536894060639 -145.97977687369976 0.19135791602908245 0.9735264224636984 -0.12537348717862679 170.25479498220716 -0.9815726321490973 0.18887955732681502 -0.031327648733619914 -69.85172776954899
0.021812682048441917 0.1293603308001611 0.9913974549541948 -145.5008254975879 0.18627483513993057 0.9737513083556854 -0.13114829342184647 170.18175240075504 -0.9823310847331159 0.18750636348385943 -0.002854506939681721 -69.813331013963
0.04903168495941957 0.1280903563998269 0.9905895352704778 -145.00432729378136 0.1817132231240758 0.9740947052463564 -0.13494384342176746 170.1080773762335 -0.9822040563477261 0.18659318371635686 0.024487581990109655 -69.7629085016918
0.07529641922536189 0.12644550325875029 0.9891515823772657 -144.47648884012838 0.17832922195596201 0.9742761277511819 -0.13811069219085217 170.02989141930396 -0.9811614262981818 0.18676716545699862 0.050812126860045624 -69.70275807700085
0.09890356289005074 0.12579828280963445 0.9871532763440485 -143.96359031722875 0.17608973464224723 0.9741568341982441 -0.14177661062712274 169.9510293813492 -0.9794684077270344 0.1878230767288422 0.07419719120924878 -69.63507745009642
0.12000634086525597 0.12500740809157906 0.9849116750861225 -143.4331925926598 0.17417232462415017 0.9740508233811267 -0.14484319707578483 169.86811755122235 -0.9774513197559163 0.18889996740299814 0.09512021556530634 -69.55743264396585
0.13953703644278792 0.12411287364977126 0.9824487212060771 -142.8838946097922 0.1704974529829163 0.9743332869130477 -0.14729578042749866 169.7803293557211 -0.9755043444226934 0.18803167918483202 0.11479521768420627 -69.4634936813818
0.1603963069796962 0.12405671850919385 0.9792659152888544 -142.312202277252 0.16685732047362048 0.9744321626359834 -0.15076688938455662 169.6840008352955 -0.9729231919533936 0.1875535749591112 0.1355961399304968 -69.35612633319994
0.18279084262666717 0.124833400588118 0.9752347336755697 -141.73934723041842 0.1628276105763588 0.9744115508827251 -0.15523959670662302 169.58317917585575 -0.9696505069676571 0.18714507624295978 0.157787592494245 -69.23125656461427
0.20555280735054043 0.12404976188281032 0.9707924294194592 -141.13757088851145 0.1591431482435643 0.9745412749378393 -0.15821751019912017 169.47775383519308 -0.9656956439299952 0.186990751848393 0.18057825114831427 -69.08873225815972
0.22975736492077353 0.12056138265522132 0.9657922298684716 -140.50387029634976 0.15749492638994947 0.9746606240477161 -0.15912798288532842 169.37182794687084 -0.9604960546533121 0.18864189457641928 0.20494776508882495 -68.92574839385108
0.2546090434798603 0.11681632928967925 0.9600032258431414 -139.85137713594537 0.1552402221424269 0.9749129032134218 -0.15979528828732295 169.26232249629453 -0.9545783955286924 0.18969000135241432 0.230086936996396 -68.73841339810448
0.2808847489856036 0.11011465253190941 0.9534444574562922 -139.16711748899988 0.15552019523536562 0.9750920184065285 -0.15842366461096613 169.1527275803335 -0.9471334016218507 0.19275184694834 0.256762742308536 -68.52537561182992
0.30833335374637616 0.1069734276753827 0.9452856632967014 -138.48452175024858 0.153402366869659 0.975108144513161 -0.16037791620944988 169.03448314825673 -0.9389042057367006 0.19443209447753224 0.284247417785758 -68.28804072151699
0.33597591219717143 0.10626247862316507 0.9358984754407452 -137.8176134243635 0.15354984349000497 0.9741898134772315 -0.1657255515920399 168.90731615738076 -0.929345952396195 0.19935979095057849 0.31098687056249164 -68.03787921592105
0.3630777544257714 0.10652682341546088 0.9256912987951206 -137.1364498302094 0.1543317302154431 0.9728930352276 -0.17248377555532907 168.76712277452708 -0.9189650378718374 0.20546173001780715 0.3367940997714846 -67.76377956077827
0.38951169535669994 0.1086816408630963 0.9146296861653189 -136.45751056326094 0.15512637584226127 0.9711344338179636 -0.1814514321532125 168.6157878864994 -0.9079415228956462 0.212533285401296 0.3614070328172355 -67.47122193053433
0.4139381550579535 0.10994661415853597 0.9036844282059902 -135.78168780807297 0.15222632993597565 0.9703892913227099 -0.18778248728490116 168.4601549753131 -0.89756484794675 0.21526754015497637 0.38494245961877727 -67.15675672535922
0.4346323727354377 0.1091134942752268 0.8940179657768903 -135.0704063702401 0.14688265756597507 0.970803650845053 -0.18988481196408552 168.29938871802466 -0.8886278107699794 0.21381832604038373 0.40591356874842127 -66.8058821057151
0.4532070265159075 0.10725856233476232 0.8849740038389491 -134.34275352224842 0.14149720190540394 0.9715409393368447 -0.190205221577298 168.13701996454196 -0.8801819198721615 0.21139601101871008 0.42512977919809525 -66.4298343923287
0.4693441024808218 0.10553636487913386 0.8767318459354173 -133.6020111444676 0.13669402171177816 0.9722290612216511 -0.19020096410453743 167.97141123404654 -0.8724494595126635 0.2090859911658666 0.4418811123226224 -66.03325890226343
0.48308998479897297 0.10481924359850947 0.8693198763598509 -132.84225640924612 0.13242413916940324 0.9726896485957487 -0.1908645220460111 167.79859835493806 -0.8655774057073082 0.20729581466536023 0.456013333491239 -65.6148745725447
0.49380099200495453 0.10574945536983411 0.8631678120579825 -132.0662693513357 0.12819874319490268 0.9729279076518325 -0.19252861597400014 167.61829238271233 -0.8601520363244534 0.20569983759816107 0.4668728197278537 -65.17844609640755
0.500770278697646 0.10782561097284632 0.8588852257419327 -131.27573328159878 0.12318982781026802 0.9732816668085286 -0.19400451758782897 167.4328215773184 -0.8568482501278303 0.20292965632169455 0.47410450037711915 -64.72547454095105
0.5048914355116594 0.110101722853601 0.8561795739996899 -130.47211286081708 0.11758503581423074 0.9738623028551942 -0.19456749956326802 167.24407439138247 -0.8552157455167483 0.1988814252195197 0.47874534328619256 -64.26089888097607
0.5076026102634811 0.11086810544328529 0.8544759054608402 -129.65115264018903 0.11300158530045062 0.9746023964836927 -0.19357515665883934 167.05595833721367 -0.8542280638614751 0.19478847980861339 0.4821792509134763 -63.7876789179323
0.5080677593731228 0.11070157643886656 0.854221307859492 -128.80394281783794 0.11080164063767489 0.975114882554772 -0.19226252817631403 166.86337799210494 -0.854239963083434 0.19230366110646835 0.48315521509606174 -63.30397812898033
0.5078195827443327 0.11122421381296464 0.8543016355170064 -127.96031982876114 0.11004043975476553 0.975181400103901 -0.19236561220282683 166.66893139396777 -0.8544864345527144 0.19166681011209924 0.48297315054782053 -62.83018466522396
0.5072591113255998 0.11461896385179123 0.8541859505917984 -127.12006447647781 0.10901786903829255 0.9746690271887921 -0.19551908772148424 166.46723493421322 -0.8549505089958197 0.1922723730232822 0.481910272040227 -62.36515213183942
0.5066431645913404 0.1165674405910243 0.854288498353754 -126.2739355931995 0.10856844079878566 0.9743542491045399 -0.19733027338163017 166.26252170443487 -0.8553727957724987 0.19269722649938065 0.4809901829460629 -61.89861590333177
0.506269561613864 0.11653860155260508 0.8545140356953408 -125.39054371990905 0.10853364004303684 0.9743883198511736 -0.19718195352408713 166.05338490782867 -0.8555987921492535 0.19254302531570824 0.4806504277277644 -61.4082384036383
0.5058799550842673 0.11519712246793949 0.8549268870322498 -124.48909975043962 0.10780352695512996 0.9748798487522011 -0.19514272477978523 165.8432705952841 -0.8559219418740651 0.19085522355948084 0.4807490225192502 -60.90417892276639
0.5052818193125898 0.11363872780946425 0.8554890060902143 -123.5686209496687 0.1072706946129477 0.9753818291578995 -0.19291510894328381 165.63142045777406 -0.8563421640717779 0.1892174594581724 0.4806479855903803 -60.39313815197288
0.5045954247026356 0.11318472667515617 0.855954667525377 -122.62543202396095 0.10661417443795164 0.975662780522626 -0.1918574498561577 165.41476713525006 -0.8568293497793997 0.1880394202640156 0.48024276104436553 -59.86951824070787
0.5034985922751067 0.11359669745764532 0.856545701783554 -121.68221699959813 0.10638642222611878 0.9756742903323011 -0.19192536555184592 165.19594853566062 -0.8575025459477346 0.18773112596101604 0.47916039337080757 -59.35132391867208
0.5019344181738201 0.11525329093987481 0.8572420974805625 -120.72352342770074 0.10577911913540465 0.9755117834416113 -0.1930832476542442 164.9698536581435 -0.8584941439223083 0.18756572908925068 0.4774466594410611 -58.82878450178496
0.5002992024641071 0.11790508963304865 0.857837445612309 -119.77529302915362 0.10467935303176208 0.9752326345812463 -0.19508347651068436 164.74346367401296 -0.8595833153100492 0.1873700771273518 0.47556073327674864 -58.31401630851193
0.49782601039849983 0.12022512305275647 0.8589532700436985 -118.82593990553491 0.10377265519719248 0.9750231873589277 -0.19660804253491077 164.5154970952675 -0.861127643751886 0.18698448709021684 0.4729109907114343 -57.80202784734297
0.4952515872082093 0.11969909839976689 0.8605135548371459 -117.83363003994369 0.10355197348188362 0.975317525459122 -0.1952590989609925 164.2840711756297 -0.8626372923234807 0.18578222879394207 0.47062769198674037 -57.265436037595286
0.491612038139935 0.11636744170649059 0.8630538398279882 -116.82213909753443 0.10365554448053532 0.9762157382264026 -0.1906627906022823 164.05559846506327 -0.8647047595527659 0.18316440531820932 0.4678526340008033 -56.726013344103336
0.48806264660939236 0.11484473468058805 0.8652696868860321 -115.78130738426017 0.10331272484546644 0.9767853608728782 -0.18791343397381843 163.82662288175138 -0.8667546074151142 0.18107940215877558 0.4648630328503221 -56.17513818985581
0.48271430637640533 0.11489852382670024 0.8682575505795882 -114.71811711996179 0.10463134486755411 0.9767397946126809 -0.18741812928587606 163.58948337877467 -0.8695869084401848 0.18128876410689243 0.4594601192316461 -55.626556910578245
0.476948179608889 0.11462788655112982 0.871473744867497 -113.66258570193108 0.1067308597260833 0.9766187747027675 -0.1868639377536703 163.354131272889 -0.8725086200445032 0.18210994448445128 0.4535581670956051 -55.09275811149247
0.47138033721452216 0.11402189261733281 0.8745773074270039 -112.58091145493668 0.1094995886271499 0.976418127817798 -0.18631067146202046 163.11435124005277 -0.8751879612642058 0.18356172041814703 0.44777486853695975 -54.55601343188928
0.4663508298502085 0.1120480627766838 0.8775239014056614 -111.46758713052981 0.11299451741720158 0.9763249430209824 -0.18470662959973333 162.8720480942153 -0.8774357386469032 0.18526640576185452 0.44264502955236873 -54.01337198532899
0.4609988404148689 0.10874288774402824 0.8807617729975492 -110.34094247940327 0.11726887255707082 0.9763447874700841 -0.1819170755779658 162.6318446987425 -0.8797008917998508 0.18712259622434088 0.43733769745086243 -53.47547361389831
0.4552504061218239 0.10779243096850942 0.8838630701758479 -109.18029899549579 0.1195457828390789 0.9763066423548338 -0.18063437812708888 162.38618366117984 -0.8823839963910868 0.18786911310442844 0.43157407327265745 -52.926845944285155
0.4489114914940567 0.10889764308408945 0.8869647586314854 -108.0664991293238 0.12077468777640066 0.9760949898185125 -0.18096082070609254 162.14715929203402 -0.8854595444493925 0.18833107428554444 0.42502434946549905 -52.409864446451984
0.44169799510513974 0.11134131954756357 0.8902769035305368 -106.93047294879389 0.12088758555321699 0.9758847296973167 -0.18201754778965143 161.9025980038257 -0.8890648660066496 0.1879927218351804 0.41758268821714595 -51.89140685744293
0.4343541942023127 0.11265068484057139 0.8937188199860958 -105.81122330165088 0.1218225427486618 0.9757364161161756 -0.18218872881399115 161.66268209352344 -0.8925489274260969 0.18798178420158734 0.4100879246938337 -51.39446068720436
0.4278627803117204 0.11226346702573291 0.8968932040674185 -104.66532925015187 0.12335785501746038 0.9757688471876684 -0.18097753528786545 161.4237068964168 -0.8954690954269129 0.18804452753300716 0.4036426500041014 -50.89616457586196
0.4216448184108169 0.11097362510873078 0.8999933080066924 -103.51911807333646 0.12468681782165095 0.9760097285931868 -0.17875528988525127 161.18895844151058 -0.8982307990477425 0.1875608257759068 0.3976885369039753 -50.40760091946078
0.41532914175943164 0.11049011484586085 0.9029846194013786 -102.36823144422968 0.1268904254684461 0.9759061332396686 -0.17776904360541504 160.9531506320455 -0.9008612186586444 0.188385274612027 0.39129813302809185 -49.92744255994978
0.4091200530998292 0.11049773511908843 0.905813650051878 -101.18548909882001 0.12737819746522222 0.9760564223521663 -0.17659084781338813 160.7145858354779 -0.9036293741200305 0.18760040716794682 0.3852453719577968 -49.436963753506696
0.4037458093044823 0.10815029298573238 0.9085043843394126 -99.98142559101272 0.12822573617020214 0.9765478494247527 -0.1732276704893713 160.47644304665877 -0.9059240078196583 0.18640624029407143 0.38040535116946106 -48.94849711978939
0.3996799988108236 0.106183842906236 0.9105321283407635 -98.80541268789692 0.12887531066962352 0.976943974390844 -0.17049151274703034 160.24759956286746 -0.9076335522974948 0.18546009998962876 0.3767764534980048 -48.47678233178067
0.3966393592667244 0.10588120493059977 0.9118962081555403 -97.63596229510385 0.12897969679833124 0.9770948764881475 -0.16954547551973412 160.0257336125737 -0.9089519937844684 0.18483721780914616 0.3738937454034206 -48.00691683433506
0.39586546011313956 0.10883734897382594 0.9118844486319962 -96.46925281814707 0.13353466147818138 0.9756260017536288 -0.17440759771245884 159.7948812610743 -0.9086313916830713 0.19078256397754287 0.3716796124143583 -47.5554758094953
0.39440200586210483 0.11498509179976106 0.911764556070085 -95.35579658724525 0.13406403053326543 0.9743767457665846 -0.18086601260303065 159.5585611256076 -0.9091901809411468 0.19354107551828692 0.3688771619821544 -47.120143960218314
0.39430014680078973 0.11510912986990392 0.9117930333460308 -94.26621228426335 0.13494955321994392 0.9741677178403215 -0.18133484037686765 159.33266337404518 -0.9091036807097341 0.19451874447946887 0.3685765613281195 -46.69345479084735
0.39369706189752485 0.11203284957876553 0.9124363843880005 -93.16089884150367 0.13489320850268716 0.9748107207643859 -0.1778885181152787 159.11092704080383 -0.9093732387933121 0.19308770838444456 0.3686633849546171 -46.25573363617821
0.3933059134819505 0.1113409608477759 0.9126898472242642 -92.01959259936473 0.13412655114052272 0.975123563661421 -0.17675018455748434 158.88294365795417 -0.9096559058315541 0.19190487712695575 0.368583699860976 -45.804582959162985
0.39286014047204354 0.11103740602614778 0.9129188653140436 -90.84076677813846 0.13339663465320564 0.9753537727104559 -0.17603009520057084 158.6483340530998 -0.9099560043796904 0.19090757042727674 0.36836124012717764 -45.33900432531093
0.39263973487318404 0.11144241429464535 0.9129641622494449 -89.63938083780457 0.13320623168128595 0.9753246084333332 -0.17633646163619315 158.4061302550384 -0.9100788795268322 0.19082102288914535 0.36810223764413036 -44.86709562341074
0.3926622869546179 0.11406581520659745 0.9126299967660083 -88.4654250375893 0.1339398820021447 0.9746574927712487 -0.1794396975405111 158.16323755375026 -0.9099612560498607 0.1926686237986112 0.36742955465772803 -44.40913338132051
0.39267679960154456 0.11778446397409476 0.9121518697008266 -87.32824426633154 0.13531694289685842 0.9736226504885297 -0.18396917309926736 157.92124054009363 -0.9097518013416955 0.19564161407788097 0.36637653862038544 -43.968318930143234
0.3925418335039968 0.12022143852683578 0.9118924588993595 -86.2008803122181 0.1370066114076788 0.9727668584076231 -0.1872183456854845 157.67876861477995 -0.9095577210663526 0.19839788334031305 0.3653758838723682 -43.5327545436384
0.3922601573047772 0.12061882880102796 0.911961141255138 -85.06351296235748 0.13711019420639867 0.9726752108965036 -0.18761809826987536 157.4351410046547 -0.909663560754468 0.19860583196623768 0.36499912640312177 -43.09059651037596
0.39213688445527795 0.1201405408903755 0.912077341501965 -83.92007462259 0.13675218903135597 0.972857069528194 -0.1869357401068862 157.19336369855407 -0.9097706753179556 0.19800448173085383 0.36505904745606327 -42.64191854874572
0.39195615065771366 0.11873544663226132 0.9123387811916165 -82.77157205324043 0.13689429000612277 0.9731204601722792 -0.1854521151024131 156.95279453456337 -0.9098266343341208 0.19755418229473162 0.365162128943754 -42.193602431448895
0.3917362850197264 0.11837611395523945 0.9124799870385626 -81.6322936925998 0.13724982949939663 0.9731260582418765 -0.1851607531024131 156.71389886493256 -0.9098678703181058 0.19774315902432366 0.3649572854064318 -41.75018547181375
0.39142363644586564 0.11867783078136032 0.9125746256194648 -80.4829072521287 0.1378088107627538 0.9729566389304624 -0.18563339008626506 156.4700153047863 -0.9099175873285628 0.19839322902467293 0.36447937862630336 -41.30605486821763
0.39123305093329586 0.12088930916469723 0.9123655222728051 -79.33065618274507 0.13701505733709057 0.9726857696947735 -0.18762916013452643 156.22395780211576 -0.9101188607701478 0.198385857748891 0.3639797500195864 -40.85396312543307
0.39103422421515727 0.12183992870190312 0.9123242653235298 -78.23422035785231 0.1373016917798351 0.9724361108003328 -0.18871090997500672 155.98801429692315 -0.9101610583974898 0.1990273359032605 0.36352338654991895 -40.427472167961625
0.39088599342008873 0.12173777219654502 0.9124013411908802 -77.11127934472039 0.13684386077413582 0.9725637792657309 -0.1883846456607885 155.74987480756337 -0.9102936731174747 0.19846463044632426 0.3634989852774696 -39.98619809952834
0.3906188807126632 0.11976850578790797 0.9127761754795715 -75.97503242801176 0.13621512485831822 0.9731159765178188 -0.18597248037008898 155.51222028212143 -0.9105022307432589 0.19694920106333166 0.36379969881536256 -39.539957002615424
0.3904784412409376 0.1182259733028683 0.9130375345084896 -74.85010374865689 0.13604777892704867 0.9734713101060682 -0.18422891091670565 155.27919168534822 -0.9105881722227035 0.19612552774400765 0.3640313047768221 -39.09972776147922
0.3904539300636155 0.11820618693110392 0.9130504740599467 -73.72550201002608 0.13657498127727608 0.973362808162297 -0.18441308014515442 155.0440800443715 -0.9105199261494569 0.1966759681344596 0.36390531289454237 -38.660576466691836
0.3909432028466307 0.1195341885525233 0.9126686081686244 -72.5996663573039 0.13717992998291706 0.9729409027636766 -0.1861840388945682 154.80392972591187 -0.9102193716752448 0.19795851737214848 0.36396240646715955 -38.21991898629223
0.39197571849547874 0.12204668670946561 0.9118927122616168 -71.49065676684768 0.13802783476444924 0.9721916997081527 -0.18944265346309497 154.56294635676667 -0.9096467264543512 0.20009491874006452 0.3642252933396932 -37.78560798243957
0.39275099648209194 0.12277209715742006 0.9114614200160893 -70.3869038975985 0.13770766386221153 0.9720753364179593 -0.19026959567108828 154.32302818581084 -0.9093606176007983 0.20021515179241886 0.3648727562322993 -37.348775729724096
0.3937382478679302 0.12180096204884756 0.9111659729534523 -69.28912454316814 0.1374495124198558 0.9722894730360084 -0.189361657402542 154.08857587932334 -0.9089731565317115 0.199769806108097 0.3660815454024318 -36.911805664759086
0.39449877425054264 0.12109043511775162 0.9109318049311734 -68.18961980431727 0.13705454853294397 0.9724890883483088 -0.18862256716416595 153.8547294157093 -0.9087033519079667 0.19923060806084805 0.3670447909710226 -36.47284929448113
0.39490501633249825 0.12152319207495509 0.9106977866619849 -67.09205458972104 0.13654462977462897 0.9724924152966241 -0.1889732499491152 153.6187114894871 -0.9086032209293451 0.19894927300743434 0.3674442620153567 -36.03391955278927
0.3946987345951878 0.12557196015531052 0.9102384659647664 -66.04425755935542 0.13412407380184654 0.9721829064709888 -0.1922710227534889 153.3861295744821 -0.9090536472542339 0.19794579711296587 0.3668724018656082 -35.61660547648553
0.3939152599594928 0.12740425507848382 0.9103230183696629 -64.97488471567489 0.13122996693556696 0.9724569021014723 -0.1928805160421281 153.15230589891928 -0.90981561304185 0.19541203953000166 0.36634170743695477 -35.19015809429845
0.3902060970083566 0.12379007150501715 0.912417203838782 -63.87993729981401 0.1288122467864413 0.9738869144884265 -0.18721239550750546 152.92333982482378 -0.9117577384792304 0.19055375047859252 0.3640665610060784 -34.759272604243854
0.38445857674730677 0.11996963374085227 0.9153626227340338 -62.784013154390195 0.12590760355436645 0.975490344519383 -0.18072663218369167 152.70205939957452 -0.914600644250207 0.1847050272837035 0.3599260418393389 -34.33755290415158
0.37681088496208986 0.12312990393517907 0.9181190180647607 -61.64926398378488 0.12409635872313823 0.9755312759811099 -0.18175514454227945 152.47033016354473 -0.9180246919539974 0.18239447325200167 0.3523066044817393 -33.9085561858079
0.36739329357140754 0.13137035426648397 0.9207898814180923 -60.56050496586405 0.1226891224445832 0.9745277811985735 -0.18798486018007624 152.2357417473487 -0.9220224064102954 0.18200707882840864 0.3419136182057764 -33.51444057666405
0.35717295440744257 0.1380336766951784 0.9238313781340988 -59.491180511119666 0.12159323012763688 0.9737831020705405 -0.19250225289546327 152.00085909730578 -0.9261745633633605 0.18105993923880626 0.33102145253245885 -33.14431182140357
0.34774021276288003 0.1384432134676118 0.9273619298832021 -58.370803780392876 0.12260368159790849 0.973882154622728 -0.19135638122288565 151.7614385279877 -0.9296248458940273 0.18021177636736127 0.32168081349330196 -32.77228784188297
0.3382871298076995 0.1342800067313052 0.9314614900401582 -57.23727329058492 0.12320736297684343 0.9749774908151543 -0.18529443899089468 151.5301057933175 -0.9330270098504939 0.17741711724781942 0.3132743846039243 -32.406559979085465
0.32983024170803715 0.13120111698259074 0.9349267798523473 -56.036379080871804 0.12480680536213254 0.9755929635534569 -0.18093314749632305 151.2898436373669 -0.9358382617277066 0.17633391606120788 0.30540155277698156 -32.032927900279226
0.32090906160901606 0.1325646890131318 0.9378344474927481 -54.84025859240548 0.1278764031129401 0.9750748766488603 -0.18158074842125832 151.04543259715558 -0.9385218072815336 0.17816939350910674 0.29595494188177335 -31.674815160770137
0.31277986293840326 0.1368799612718378 0.9399584920457443 -53.65260610352238 0.1315674601970094 0.9738288063044178 -0.18558757428466985 150.797999999388 -0.9407535116816919 0.18168755857367302 0.28658173123154185 -31.332137107286023
0.3069448955247748 0.13704604920429808 0.9418560903660714 -52.51892209894313 0.1346248666204311 0.9734268650536843 -0.18550779702688067 150.5634787532354 -0.942242451788576 0.18371041327175766 0.2803351766176161 -31.011722604384104
0.3045131965794692 0.13036639497519564 0.9435920901282266 -51.349133181252824 0.14084126293521548 0.9735892487720199 -0.17995692515587158 150.33710898155647 -0.9421229114317788 0.18766866775516913 0.2781063008815433 -30.69079569072403
0.3006932497360508 0.1274256782010433 0.9452172945437718 -50.20783310700208 0.14008092375543843 0.9744359162185867 -0.17592172252071342 150.11833367218898 -0.9434624615063963 0.18527792525478004 0.2751527920237065 -30.368086429128272
0.29421334719468745 0.13167490009091568 0.9466734874329813 -49.08881725530877 0.13876024957296026 0.9741356567159835 -0.1786134716832863 149.89442721143467 -0.9456984706121139 0.18388337452928344 0.26832865367178144 -30.06326052200738
0.2880785809708914 0.1384497946458239 0.9475929841421313 -48.012616874786076 0.1388643024472486 0.9730459524609151 -0.18437898873165554 149.66894149827488 -0.9475698168901499 0.1846749157006681 0.26108440821722656 -29.782488654407977
0.2820698442459942 0.14180087360348778 0.9489031471739806 -46.91955254448844 0.13635341959554861 0.973102953816308 -0.18594387023350847 149.4435331091546 -0.94973918951271 0.1818083387430389 0.2551451614413441 -29.495190348346874
0.2794119832686684 0.1415815456172501 0.9497217082540361 -45.844647086775986 0.13671478087086938 0.9731761237083499 -0.18529449239401333 149.22565374652228 -0.9504729719602741 0.1815874547638443 0.2525578042214652 -29.22102409188934
0.2780669554651616 0.13845583366030653 0.9505768930132205 -44.740489758474546 0.13743601594657853 0.9736923311910665 -0.18202049045303242 149.00778576523643 -0.9507633480257235 0.1812304272739916 0.2517198195293963 -28.93964984783987
0.27719604765428113 0.1357892654201121 0.9512154634482709 -43.61299547612677 0.13743436201905596 0.9742301384680376 -0.17911909251692595 148.79236978503388 -0.9510178120086176 0.18035382736339525 0.2513876205309293 -28.64877627204332
0.27672694086529126 0.13402118152402367 0.9516030613227252 -42.46439426666111 0.13686163634933413 0.9746862898235421 -0.17706634628327905 148.5745072574867 -0.9512378100899787 0.17921112982254095 0.2513764908849428 -28.35029596968632
0.27582209311301586 0.1329347236293012 0.9520179801584213 -41.30834636311503 0.13224356614948402 0.9757752227551733 -0.1745608716899787 148.35748406857522 -0.9521534522740893 0.1740203379912231 0.25155731356194294 -28.046467806309654
0.2730147404964 0.13439452414270273 0.9526223944481136 -40.11860554577163 0.12635845861310882 0.9766560617559327 -0.17399323678107828 148.13248020692865 -0.9537606096557463 0.16784872275889293 0.2496563095114077 -27.737986086474965
0.2662325265455647 0.13993467875318483 0.9537436115382214 -38.93879094582619 0.1233617858338306 0.9763743952787053 -0.1776854999052706 147.8998037965225 -0.9560675991900673 0.16493520026758074 0.242676817201688 -27.445697171654288
0.2578492671102054 0.1486649373825796 0.9547256067717161 -37.781971824899536 0.12202993424264134 0.9752191063615678 -0.18480786787658518 147.65804193022458 -0.9585333612339427 0.16413151353709088 0.23331480027059423 -27.171694408582624
0.24980110495913233 0.1552477815571274 0.9558167972264466 -36.65096241087164 0.12370771065843465 0.9739091324494797 -0.1905115451517629 147.41717778247954 -0.9604475864445716 0.1658057356691098 0.22407541195108893 -26.922328298220528
0.2435928830428002 0.153600740355462 0.9576834005740353 -35.51827708822692 0.1286021914166493 0.9735971295758348 -0.1888581474278504 147.18574511892245 -0.9613990026761816 0.16913853837112133 0.217405119157995 -26.686794164653435
0.23731224769158973 0.14887091214225284 0.9600043487680098 -34.37083085097637 0.13304895802950767 0.9739453642364967 -0.18391637013977824 146.95933324842926 -0.9623644311826872 0.17134731872510436 0.21131921202718468 -26.455730449923
0.23030294277953636 0.1463198238145139 0.9621015013219083 -33.24068537213144 0.1356933199178969 0.9741948300055784 -0.18063445471510217 146.73980673462543 -0.9636974411275074 0.1721255029771134 0.20450256871584227 -26.236674926657226
0.22310266044935817 0.14567885825041513 0.9638935376301169 -32.10968198075265 0.1371906753277507 0.9742872982496331 -0.17899774455890108 146.52138789760804 -0.9651781131752633 0.17214631199005936 0.19737758564186902 -26.02391750067109
0.21550500098514772 0.1450352046043803 0.96571745439075 -30.985865177080818 0.1400584750692162 0.9741444053680639 -0.1775491308206898 146.30595674876216 -0.9664919980820361 0.17349407665496144 0.18961691934538358 -25.823864453750232
0.20749572341409672 0.1449229147580697 0.9674868650620692 -29.848586270043935 0.14318317777459286 0.973866492069347 -0.17657997475404835 146.0876732945955 -0.9677864080792675 0.1751420909651439 0.1813201082515635 -25.631318918700163
0.19969336965696466 0.1454118615224741 0.9690540730953188 -28.741191177354388 0.1465178131997572 0.9734290801705934 -0.1762546188749102 145.8742712863984 -0.9689280246259439 0.17715495508479873 0.1730794232166734 -25.45374726614553
0.19262192283707352 0.14505739438558563 0.9705375363688489 -27.619050606214294 0.14975880463690694 0.9731332519055838 -0.1751611227648946 145.6614390415986 -0.9698639581126675 0.17906052100332803 0.16572067731505158 -25.28153801327695
0.18636024949443003 0.14318064213597007 0.9720374857849511 -26.478229542586114 0.15305932595945576 0.9730648006804236 -0.17266983223567364 145.4507185538774 -0.9705719770438345 0.1809320820110015 0.15942299373525165 -25.11341312169547
0.18024931712314904 0.1415753268357845 0.9734239564628644 -25.319881769245125 0.15634228007049472 0.9729344386759031 -0.17044735479657133 145.24419950745855 -0.9712027237354894 0.18288393790149635 0.15323399875829477 -24.947918748603495
0.1742256908867788 0.14061215100209468 0.9746594014545412 -24.16091595226138 0.15873683369515834 0.9728477850468706 -0.16871890421120095 145.03741096281155 -0.9719133121354501 0.184083278865277 0.14717222357221219 -24.790175987570425
0.16866594202413185 0.13944110177076802 0.9758051456917329 -22.992630081133274 0.16264799332514926 0.9724861320137482 -0.1670730030566011 144.8295236383861 -0.97224765296388 0.18686618577373673 0.1413429265708654 -24.640121483605487
0.16570024649350862 0.13915516235968015 0.9763541899146629 -21.790797970513005 0.16667677174507 0.9718522225236642 -0.16679340453958053 144.61578913680816 -0.9720761017175366 0.19034769918175953 0.13783966609741383 -24.490207230028588
0.16459032288070474 0.14078635590456792 0.9763079229474871 -20.61147445651653 0.17091058948806934 0.9707705849451279 -0.168793359681832 144.40198067489317 -0.9715289845454236 0.1946173727979203 0.135715155815347 -24.346816535147216
0.1637550221675921 0.14284739179207306 0.9761490314714055 -19.459146660123608 0.17425767991895172 0.9697645380276848 -0.17113857848785094 144.1902252094512 -0.9710755896846577 0.19810075403401234 0.13390914058436548 -24.20791433121788
0.16221004667520103 0.14219044738139933 0.9765028089075047 -18.313466991291232 0.17544599412149267 0.96969131082717 -0.17033533151068705 143.98368703876767 -0.971120820094329 0.19892776412462446 0.13234467978162023 -24.06678510531621
0.16025424661047444 0.1385989059831726 0.9773417811693149 -17.125841910335957 0.17615331038821694 0.9702345308915767 -0.16646776160403348 143.7751364823104 -0.9713175312358959 0.19881331799519728 0.13106723240463877 -23.920570198148262
0.15830659288600465 0.13540863109013707 0.9781059981629835 -15.962379639530266 0.17624552911243963 0.9708199217275744 -0.16291840237579505 143.57469327708506 -0.9716199486676423 0.1981517426374979 0.12981930086255614 -23.778103964606064
0.15624189253330228 0.13512186162985243 0.978477724492191 -14.786888378916245 0.1776078251429866 0.9706592827707532 -0.16239552652232211 143.3708878691712 -0.9717060177604965 0.199132276004577 0.12765626586263082 -23.641038346522205
0.15317999119346903 0.1357267743397372 0.9788781513433645 -13.651650307922548 0.1785882261804064 0.9704622808709937 -0.16249955000959426 143.17117056051063 -0.9720140253094026 0.19968207286902687 0.12441337830327881 -23.512163117669296
0.15076829224919497 0.13588398818589506 0.9792308479111234 -12.518502564237526 0.17927275974229617 0.9703781342021212 -0.16225097940486707 142.97321883499046 -0.9722654559968137 0.19998654565293253 0.12193893107233134 -23.38531698686039
0.14947110029779292 0.13491052290917405 0.9795643631159991 -11.368223831440563 0.18028416347996226 0.9703745772564155 -0.16114781688338364 142.77646265417997 -0.9722788517726485 0.20066161286109277 0.12071767847918685 -23.257178040524312
0.14840114011911734 0.13409883669699202 0.9798383824775848 -10.251413164944232 0.18049832747463868 0.9704999502653692 -0.16015172711880832 142.58647903778018 -0.9724032689523318 0.2006010294073166 0.11981540450134927 -23.131761117139895
0.14692693401051643 0.13436450937264696 0.9800243003036171 -9.128858645247968 0.18080967720502153 0.9704424647497645 -0.16015209800472757 142.3931543054526 -0.97257004081642 0.20070392218093833 0.11828593956517842 -23.009679223408416
0.14560733766999714 0.13512546345706933 0.9801166885865064 -8.03339095635815 0.18074199114788317 0.9703765709592841 -0.1606277332150278 142.20251697069665 -0.9727811247603504 0.2005122287922322 0.1168673432006275 -22.891436709628035
0.14435279643302917 0.13591986812603443 0.9801922827624941 -6.93141971914748 0.18061995881780737 0.9703135450028969 -0.1611433468827881 142.01359488073442 -0.9729904819433507 0.20027894310332076 0.11551439880960718 -22.771345566958058
0.14343464243692977 0.13614020783614247 0.9802964550180907 -5.8366044265066614 0.18081895719483487 0.9702673124764629 -0.16119772108367633 141.8261445434378 -0.9730895201511491 0.20035280298077715 0.11454989271610316 -22.65380401757654
0.1424665066516446 0.13442991711846294 0.9806735504819434 -4.724463139070238 0.1817831662738084 0.9703805092207077 -0.15942073018804365 141.63989432116637 -0.9730519676162938 0.2009571782651558 0.11380622261577457 -22.535520990221556
0.14135897471672973 0.13259208931536132 0.9810838967638278 -3.6061339091028293 0.1834613866760125 0.9703669175710475 -0.1575708583729277 141.45466728553498 -0.9728985418380952 0.20224026227898523 0.11284111268759954 -22.41887955784219
0.14050662364586838 0.13253306004718293 0.9812144020697577 -2.486398021490035 0.1843476862908993 0.9702206382408953 -0.1574394768540445 141.26682505398085 -0.9728547157659405 0.2029813820520107 0.11188668651815448 -22.303899451684767
0.1398136219990216 0.1339655277076479 0.9811188630762252 -1.3977220965281536 0.18651376763818087 0.9695585702204187 -0.15895940498993996 141.08064786588747 -0.9725416775445855 0.20519239944831047 0.11056757720958137 -22.19668141514848
0.13930902027126063 0.1364088613259673 0.9808538461456208 -0.32148963168686717 0.1897565147071673 0.9684862285049861 -0.16163285884725873 140.8940635004174 -0.9719859837409529 0.20861526038623757 0.10903131447471757 -22.094035720178027
0.13826771700430884 0.1370197903495199 0.9809160543098345 0.7678714781375329 0.192165151896344 0.967902443156087 -0.1622823236418492 140.70546601486285 -0.971661470848119 0.21091104880933956 0.10749620856670081 -21.99025652221524
0.1372957635185114 0.13592285672246385 0.9812048982048553 1.850050380829151 0.1925867994752683 0.9680263927440085 -0.16103818282373372 140.5218805804431 -0.9717155405984405 0.21105171802174633 0.10672592314544456 -21.88353475329049
0.136265719536302 0.13384726489576926 0.9816336252616452 2.956020045174058 0.1925600749761322 0.968406708365221 -0.1587670458056269 140.33699952618758 -0.9718657651718313 0.21063274130193965 0.10618389651923546 -21.774417744119393
0.13547838162290085 0.13270075463148387 0.9818980342752869 4.081044655721312 0.19179313251500804 0.9687844502720832 -0.1573843416775561 140.15029580701426 -0.9721273145001806 0.20961837348578258 0.1057951765523247 -21.66081560384699
0.13448046295036928 0.13352899423836476 0.9819228725728008 5.200326032381822 0.1932679844496645 0.9683667936149664 -0.15814764759950897 139.96052491904447 -0.9719737120206156 0.2110166014209648 0.10441663470036786 -21.557104117266498
0.13275777760974636 0.13705518244443882 0.9816711947251954 6.296719791157285 0.19210110877445233 0.9681065819940018 -0.16113338062707125 139.76880707106776 -0.9724415018851699 0.2099464653899726 0.10219252971740111 -21.455362078656766
0.13111731367849688 0.13981679765792568 0.981502392856505 7.362934957215268 0.19234615863438112 0.9676555970991719 -0.16353208903399383 139.5799813742776 -0.9726155879212605 0.21020483619641342 0.09998033423363603 -21.360941532207377
0.12955721784580462 0.1403167746328649 0.9816382366362144 8.429795104589362 0.19313245849268093 0.9674582762821315 -0.16377208908664187 139.39272084659487 -0.9726688842332054 0.21077891200699556 0.09823859486899955 -21.267804120332162
0.12716898539377278 0.14163211092108463 0.9817613166118068 9.491320112846466 0.19417427794713796 0.9670982764604049 -0.16466070221976636 139.20430329257977 -0.9727763470138584 0.21154717348048296 0.09548103178069642 -21.180029177311305
0.12406405229408876 0.1436718459918529 0.9818616897667191 10.555694656494442 0.19373296128043738 0.9669635668641423 -0.16596365495283982 139.01639719808284 -0.973264830071107 0.21078394715554302 0.09212930529661653 -21.090179402684782
0.12110207608077692 0.1438570554633451 0.9822046233586488 11.614988677147789 0.19238815467090353 0.9673299648322414 -0.16539180662559955 138.83301739283914 -0.973904452013636 0.20896874381518574 0.08946697655089013 -20.998612227846984
0.11881283956067668 0.14199495184620478 0.9827548505504536 12.688990208868939 0.1926802377359309 0.9676606605170137 -0.16310108012187824 138.65008708134255 -0.9741284848026097 0.2087106656468099 0.08760841463781434 -20.91348209796179
0.11725991629627174 0.1406272967077601 0.9831378467244647 13.77629506138522 0.1925901011027623 0.9679606718815197 -0.16141910371342957 138.46586008552453 -0.9743346230913061 0.2082453044585501 0.08641693035871383 -20.82661701798486
0.11474507455158048 0.1414837733425746 0.9833117433090385 14.839312819704139 0.19283524668997085 0.9678559294430584 -0.16175442994687642 138.28039033397903 -0.974585407452582 0.2081523849989067 0.08377134281037252 -20.747232665965626
0.11311172848700898 0.14475713920420477 0.9830244505942395 15.865249704504974 0.19449228785254688 0.9670152171130392 -0.16477099599596579 138.0977908493749 -0.974446990519512 0.20980276590085348 0.08122467504548081 -20.676368162929567
0.11154610078592173 0.14647022069216228 0.982949442870286 16.90625289371061 0.19596298206785978 0.966465676315077 -0.1662438593735832 137.911614482664 -0.974332574125145 0.2111397877253104 0.07910112762954581 -20.60593245029375
0.1095369365785337 0.1465597324973907 0.9831621389427521 17.925864033208466 0.19758337389965272 0.9661724030420783 -0.16603208254735166 137.73186483564714 -0.9742337759199999 0.2124172393325615 0.0768721118290647 -20.537882606707896
0.10818122819922814 0.14606976037488564 0.9833849362034532 18.953574774059444 0.1983223665222747 0.9661427928098072 -0.16531752621332846 137.5535840192813 -0.974234810308088 0.21288489759161694 0.07554808066894658 -20.468193582183375
0.1071387480024395 0.14546526844992141 0.9835885453587792 19.987696312923223 0.19976306198039134 0.9659665591073378 -0.16461008952768474 137.37562692902463 -0.9740554733903773 0.2140940820894817 0.07443236522349153 -20.400243205745255
0.10595710705308813 0.14438133712807294 0.9838762716719203 21.005429079054487 0.20052095452453386 0.9660235620146237 -0.16334787651730323 137.20244877128326 -0.9740290449894139 0.21456885562742137 0.07340402573397344 -20.332966030581026
0.10477825950632974 0.14384269423628385 0.9840814869267065 22.037979672923118 0.20085148036086323 0.9660834699772887 -0.16258898767848987 137.02668964672569 -0.9740891217137481 0.2146637900150237 0.07233160676499173 -20.26512909256762
0.10362757078551431 0.14384121371575154 0.9842035789314704 23.07812269299888 0.2015540354953742 0.9659706025121685 -0.1623897959992898 136.84830387536286 -0.974067063157758 0.2151721600940965 0.07110750211589728 -20.200114853770845
0.10221484246391525 0.14474083002167315 0.984219366250396 24.102493091002636 0.2029005342656952 0.9655755531346705 -0.16306267311927983 136.66981577049668 -0.9739368591528128 0.2163400883353325 0.06932618400491808 -20.140571099788012
0.10121805470593763 0.14606275698434174 0.9841271085980557 25.102333124984643 0.203262820479153 0.9653120936902516 -0.1641676782410528 136.49343104249854 -0.9739651451012813 0.2166271598820772 0.06801608038682024 -20.082674360520013
0.10018135786094437 0.14710921444901037 0.9840775239668891 26.11346079256798 0.20341066412489087 0.9651429414434723 -0.164978178732339 136.31480028873173 -0.9740417862760985 0.21667371246352413 0.06676397240622825 -20.024586447181132
0.09961346774791564 0.14711556930918765 0.9841343646246599 27.127786274320705 0.20383385670800475 0.9650688667756868 -0.16488917441120604 136.1421204439323 -0.9740115173609718 0.21699879063084707 0.0661451724535297 -19.9643068570795
0.0988122540501255 0.1462099663787235 0.9843500539389896 28.138407305200655 0.20386038222823183 0.9652438125207036 -0.1638279302137027 135.97131382387573 -0.9740877866306428 0.21683193881372412 0.06556989418798734 -19.902082385472333
0.09813326524159961 0.14546518362946056 0.9845283344799071 29.134857666289605 0.20382465812150896 0.9654008066757778 -0.16294724998317656 135.80295033076015 -0.974164263347212 0.21663581138308466 0.06508666853108572 -19.841492077874165
0.09719420534561801 0.14571720596674972 0.9845838726347149 30.09403450011451 0.20398249135166976 0.9653581771829395 -0.16299993049653175 135.63737157397182 -0.9742249828713048 0.2166543610851416 0.06410180344204207 -19.78718924603127
0.09619923570058345 0.1463704983876964 0.9845844903113131 31.033267915768253 0.2039195335832607 0.9653004926390831 -0.16341927063942385 135.4732382197033 -0.9743366339948938 0.21647064815612152 0.06301195910604021 -19.735592195812803
0.09560225194159133 0.1462727942039071 0.9846568003449208 31.94001642281296 0.20463863797436208 0.9651782613682238 -0.163239456757084 135.31830628291735 -0.974244409142835 0.2170784427895226 0.062338940253831396 -19.685053460029135
0.09505951979936424 0.1433645587783251 0.9851366982577566 32.863506726029236 0.2047016294275283 0.9656614421745794 -0.1602743371455823 135.16610567184247 -0.9742840091093395 0.21686825949108976 0.062447000739801306 -19.6300519308812
0.0944492919562179 0.13952186160353622 0.9857469609565815 33.79344787938662 0.20633052101858873 0.9659371763166887 -0.1564793193989228 135.01863342873096 -0.9739997981146442 0.21814239272793112 0.062442817831661265 -19.575376380402645
0.0936479899247313 0.13541107371064232 0.9863970078328477 34.7326505157666 0.20655987365154024 0.9665580738676893 -0.15228939413551448 134.8737658439841 -0.9740289183739995 0.21798527336225187 0.06254453302993321 -19.51921604874718
0.09265000423384914 0.13335220038506826 0.9867718144600501 35.65788301544622 0.2076616762397453 0.9666610554000071 -0.15012324790427456 134.7313037316132 -0.9738900015635825 0.21879739083378605 0.061867872730866545 -19.466966281331832
0.09213924801011202 0.1336592755398256 0.9867782772573427 36.562679747356015 0.20784529207395536 0.9665908464367211 -0.15032341610552802 134.5872703956019 -0.9738996870256404 0.21892206272495374 0.06127902373662737 -19.41644567924745
0.09158624026418936 0.1352482036947665 0.986612861619429 37.4325374551471 0.20735332326434172 0.9664770023987319 -0.1517271499696006 134.4449109793231 -0.9740565065724568 0.21844760306571903 0.06047083464373298 -19.36948341372092
0.09076613000735556 0.13808496067403783 0.9862956541497225 38.265827446075654 0.20620029263464212 0.9663233806355446 -0.1542558521383071 134.30609433814766 -0.9743780204288996 0.2173495173312428 0.059235105590304385 -19.324872496154846
0.09002778534070728 0.14084177006646018 0.9859735773629396 39.05599554839428 0.20519062427757742 0.9661394470078541 -0.15673511718236333 134.17218252263368 -0.9746596024701437 0.21639704010990185 0.058078823070219304 -19.283227701819555
0.08941740438294275 0.14345663797664918 0.9856520423230448 39.827894826991994 0.20542354295349505 0.9656905275357738 -0.15917792365340044 134.03988577429536 -0.9746668277712385 0.2166832499148501 0.05687903668713429 -19.244979033964768
0.08927940505913266 0.14461456547050877 0.9854952461135514 40.57166226752648 0.20723126213742743 0.965103705116346 -0.16038669033424005 133.91448191546473 -0.9742966098704275 0.2185181317142524 0.05619433620685445 -19.206412405522308
0.08967518067246101 0.14288237444036908 0.9857121747300827 41.318403162730895 0.20718495881915275 0.9653809221723373 -0.15877432594730528 133.79578274235237 -0.9742706803031683 0.21843680970383314 0.05696668792500767 -19.16229891761437
0.09054926857257378 0.14215019149020788 0.9857381797100707 42.06620011401157 0.20650759717055348 0.9656190405133667 -0.15820902257572783 133.675907653971 -0.9743337745026298 0.21786228243178266 0.058079881204071516 -19.113122313428427
0.09153986173789512 0.1409252600490405 0.9858225585451759 42.802786112503085 0.20631528465402016 0.9658223523819929 -0.15721424520183547 133.55921960415813 -0.9742816146564249 0.2177554327193381 0.05933516771015772 -19.064889483049058
0.0918348840255509 0.1407464716853607 0.9858205278779129 43.51988445230132 0.20641877914086634 0.9658171500570908 -0.1571100521883004 133.44355895104385 -0.9742317351891001 0.21789365465174448 0.05964199407194236 -19.018265595769478
0.09175108165172 0.14120046281130913 0.9857637782581644 44.20554360964432 0.2067888846832798 0.9656650695775308 -0.1575591550459568 133.32960780630864 -0.9741613435519725 0.21827504939890685 0.059400906483001545 -18.97680949748911
0.09153083202975738 0.1424433773314209 0.9856051944364541 44.86450875669107 0.2059919584189788 0.9656515193400341 -0.1586799408095707 133.21742144210378 -0.9743507571718486 0.217524754301725 0.05904357562273142 -18.93633631873957
0.09105783228183416 0.14529187359159354 0.9852334520554371 45.5105864432289 0.2053792711953933 0.9653429603916392 -0.16133055399844523 133.1044503362198 -0.9745247165455068 0.21701071228081698 0.05806051699313247 -18.90106683016485
0.09017389769819692 0.1466372977625977 0.9851153430624212 46.158344260504215 0.205270597202707 0.9651784875345619 -0.16244982742700229 132.99143875362728 -0.9746298450970126 0.21683777386930456 0.05693185806571069 -18.867515302838303
0.08916428101709306 0.1473622524536912 0.9850989727110766 46.76844145781853 0.20716416022943002 0.9646727920516508 -0.16304823036336286 132.88667354252536 -0.9743220174716488 0.21858905697663183 0.05548445105486651 -18.83821286475568
0.08841453830907778 0.14782651983933082 0.985096995120214 47.371301393038564 0.20803416258220864 0.9644283511327346 -0.16338690014880577 132.7823310512197 -0.9742052877084354 0.2193537262658702 0.054514576092307664 -18.80812013007865
0.0870605523825294 0.147632218001199 0.9852466159764051 47.98111917085752 0.21086969707184933 0.9638688960327255 -0.16305270864992052 132.68058121329065 -0.9737176093376828 0.2219280091321039 0.05278181776456593 -18.779736257315488
0.08621621914080489 0.147348225842323 0.9853632999191039 48.556336545487866 0.2124046086430132 0.9635967551160134 -0.1626684734418194 132.58456324904185 -0.9734591820635935 0.22329398612462306 0.05177829142114722 -18.750661021656242
0.0855733993784895 0.14841364275209812 0.9852592261091695 49.10348011665914 0.21249139203936515 0.9634246530754699 -0.1635704904442555 132.48691777742758 -0.9734968120704165 0.22332991333724736 0.05090533034101596 -18.724732210678493
0.08470320250391722 0.14903569889578622 0.9852404112947952 49.63846294032651 0.2123117510992681 0.9633953505354828 -0.16397419530362706 132.39188537134098 -0.9736120249136679 0.22304056394661123 0.04995930422221723 -18.699709699952507
0.08373844125798698 0.14979956829619964 0.985207213526749 50.15798755745511 0.2113057771683229 0.963534672198044 -0.16445464108932242 132.30026746823086 -0.9739145825631269 0.2219244239112809 0.049029816158086985 -18.6723011956619
0.08319003800471347 0.15334158700324466 0.9847089618922995 50.65540462806031 0.21175702150278555 0.9628556391362567 -0.167818403901575 132.20959031510367 -0.9738637735731214 0.22245308179897488 0.047627229747874866 -18.651325743516058
0.08250730712568326 0.15898867557484417 0.9838702532424746 51.098514925804864 0.21044121563241328 0.962204154166327 -0.1731252992758398 132.12353804752377 -0.9742070886180272 0.2213041408022061 0.04592979957044928 -18.629604671319655
0.0821740936980457 0.16311341352382724 0.9832228877568263 51.50682179669848 0.2107243184264461 0.9614187896559152 -0.17709782706590074 132.04492548445094 -0.9741739742687882 0.2217152468787686 0.04463058223726769 -18.61273019288784
0.0819356308329071 0.16369617417665727 0.9831459421096855 51.89264853326167 0.21009680782175738 0.9614659161005594 -0.1775858443266852 131.97226012499883 -0.9743296982059254 0.22107978699627245 0.04438512727360126 -18.591627429276016
0.08189293727151783 0.1639992303692199 0.9830989580104849 52.23777968326312 0.2106648922453671 0.9612837530547956 -0.17789850544007835 131.9074812577517 -0.9742106741840089 0.2216465213323722 0.04417213030621118 -18.573179020144096
0.08222674201315806 0.16636946852420467 0.9826728564757603 52.57207464667298 0.21041370794035807 0.960895294094873 -0.18027925921340832 131.8410115433971 -0.9742368062729544 0.22156521502079546 0.04400345171540114 -18.552824067665384
0.08284269997341073 0.16786968530815077 0.9823664255187473 52.888398195424635 0.21007718063774775 0.9606700673937115 -0.18186833733180557 131.7778173541336 -0.9742577432644787 0.22141286819146683 0.04431704736776419 -18.53162686211271
0.08567907330895357 0.16790290433825572 0.9821173159179748 53.20984240713104 0.208542740899992 0.9608926227851982 -0.18245797739558745 131.71482334648766 -0.9743419117501818 0.22041993851061814 0.047311693111941854 -18.504655055834323
0.0911121875328304 0.1677942584476691 0.9816466374830519 53.522613416048 0.20700274132207186 0.9610320745378382 -0.18347408873039733 131.65204445542238 -0.9741772308328953 0.21989398129341695 0.05282609975790981 -18.47510045725303
0.09638186895029877 0.16745575811361627 0.9812014710853482 53.8334894202014 0.20470312991052492 0.9613909958311593 -0.184173062286367 131.59088419281468 -0.9741562269400317 0.2185796110731552 0.05837989832004005 -18.44046094796684
0.10461442465914653 0.16709633304370805 0.9804188997845804 54.13863926580971 0.20289156937284558 0.9615171401496341 -0.1855146275085712 131.52948017062505 -0.9736856408319614 0.2182998689013092 0.06668402831760757 -18.40020909831945
0.11460312207238735 0.16696083974055093 0.9793246206574392 54.41707403935471 0.20141794707462907 0.9614470454875584 -0.1874737916587035 131.46919539029898 -0.972866764648022 0.21871229812226198 0.07655388280969383 -18.35874933944367
0.1259017093039943 0.16733913596928535 0.9778716279378673 54.67699132909242 0.20002414387957201 0.9611968979716341 -0.1902291612325167 131.40981611767938 -0.9717572300135523 0.2195217661753162 0.08754245412083476 -18.315792697289734
0.13953906494356375 0.16726416001629016 0.9760323746948887 54.93344148617609 0.19750686748209204 0.9611762992158916 -0.1929457271867262 131.34998934983247 -0.9704086336047981 0.21967019133465404 0.10108332767762833 -18.264830242678446
0.1548039322568951 0.16699281748198283 0.9737749889505177 55.204933020737506 0.19348770522364894 0.9614511992897317 -0.19562999721550678 131.28811345766763 -0.9689021758857781 0.2186712798395937 0.11652238470705689 -18.201899492853702
0.17040942828977557 0.16662639090583392 0.9712284389949477 55.47788039464878 0.1882930239918541 0.9619828651215048 -0.19806894811251224 131.2267469888553 -0.9673049982381673 0.21660183474187156 0.13255336997329706 -18.130523122811404
0.1842799253527377 0.1667028242158683 0.9686793011297026 55.748016597961445 0.18203815873246273 0.9627248401741807 -0.2002999004642435 131.1656943230392 -0.9659581698750789 0.21322145639686962 0.14706150019218717 -18.055570763835217
0.19498737931299504 0.1655493122627879 0.9667791153808188 55.99836015872793 0.17894315482831216 0.9631566931104802 -0.20101071178676366 131.1109436615453 -0.9644331919781307 0.21216673066677033 0.1581763327661375 -17.988692882681153
0.20150380925266118 0.16242260430993163 0.9659733217178075 56.199670951903855 0.17726324070232236 0.963876756752293 -0.1990383981523864 131.06956842696758 -0.9634033477150503 0.21131227806895644 0.16543045035455184 -17.933819599472493
0.20838771948684454 0.15989471623696072 0.9649337786963319 56.38353902926962 0.17670029803204343 0.9642088577693011 -0.19792569158073792 131.02877960271303 -0.9620410390208101 0.21172288216773413 0.17267260515963823 -17.887184964599122
0.21343601495275 0.15967168704006818 0.9638665891893713 56.52419441031387 0.1757673155656738 0.9642313331745909 -0.1986440323233783 130.99284873983743 -0.9611046400277623 0.21178754262451122 0.17773350790269365 -17.851665418189437
0.2140922067785433 0.16104473114431675 0.9634922795174141 56.58988524636318 0.17500744953599465 0.9640845317884075 -0.20002108223319168 130.9740188156201 -0.9610971213085145 0.21141488294569902 0.17821633103155796 -17.832575471448575
0.2142556604893407 0.1616620704981574 0.9633525883834292 56.62548572835045 0.17428709995313033 0.9641071881225675 -0.200541494458979 130.96439168978313 -0.9611914970205051 0.21084079224872518 0.1783867945268426 -17.820469154415715
0.2141254450971038 0.1616823638497442 0.9633781232301213 56.63133340637309 0.17426611510833465 0.9641130623001559 -0.20052895208222365 130.96382004115958 -0.9612241429158777 0.21079611237221718 0.17826265434245483 -17.817689578606338
0.21395489699738393 0.16213185764991772 0.9633406341072369 56.60739404534112 0.17456132740414257 0.9639627689185898 -0.20099621525806616 130.96955862457955 -0.9612086194813758 0.21113987289014458 0.1779395958733353 -17.820283884543223
0.21407750698520234 0.16633495505152043 0.9625959878362536 56.59175774509011 0.17543323618948198 0.9628776566861197 -0.20538942199615823 130.9688697791231 -0.9610220012357419 0.21281430752252967 0.17694743752686606 -17.819050232952826
0.2140419501920906 0.1702219519060769 0.9619235131839956 56.579479717005995 0.1755039292619593 0.9620258633450197 -0.20928252407994558 130.96868666116558 -0.9610165219713038 0.2135902254365626 0.17603752789546645 -17.81632281893032
0.21378858692516203 0.1702964283934383 0.9619666446582451 56.58469979861251 0.17546365574132597 0.9620308646822936 -0.20929337563487854 130.96991125140104 -0.9610803093563957 0.21350835052369524 0.17578858495134428 -17.813486426126563
0.21375357671588163 0.16941239647564119 0.9621306566514143 56.57913303620426 0.17512182726344971 0.9623002849095948 -0.2083389251089923 130.97431392291242 -0.9611507486480155 0.2129967043418312 0.17602542558412035 -17.81156819051183
0.21353825056781758 0.16940067664555236 0.9621806807502445 56.575245764425304 0.175132902575353 0.962311025554243 -0.20828169091100854 130.97717089459513 -0.9611967443981879 0.21295918114841342 0.17582040365240878 -17.8119749338698
0.2133172700390747 0.16938714985241912 0.9622320873340047 56.57562078763408 0.1751709659036268 0.9623162299703032 -0.2082263281747431 130.9790439931896 -0.9612391528702393 0.21294698360566602 0.1756046484206727 -17.81188662050664
0.21316606812167713 0.1693832580611341 0.9622661177894178 56.574173692660516 0.17523042423595286 0.9623109633352379 -0.20819980980635025 130.98094064128546 -0.9612617504497797 0.2129727585126302 0.17544893141952453 -17.81178488056059
0.21293419061105656 0.16951160012343416 0.9622948840522675 56.56571451029466 0.17525939363977727 0.9622880371193653 -0.2082821055481982 130.9842360804231 -0.9613080168734477 0.21297483949155183 0.175193481621489 -17.813043763113917
0.21273825835261553 0.16954440071992039 0.962332697076947 56.582761002212344 0.17525237378051836 0.9622921263039457 -0.20827039629829938 130.98093057883892 -0.9613529467119458 0.21293137898651224 0.17500105083478798 -17.808866232143398
0.21256040399505796 0.16953608137647266 0.9623737714287514 56.555788466819564 0.1752467398365611 0.9623039058863864 -0.20822162274031958 130.9885705516427 -0.9613934571246936 0.21288588974977957 0.17483457851458925 -17.812924543550565
0.21233460525456563 0.1696468622403605 0.9624041557454036 56.54411271630082 0.17527933187135303 0.9622836627212403 -0.2082883008570333 130.99266974938317 -0.9614376902074329 0.21288973500875266 0.17458789809128986 -17.81502457195193
0.21214405635885583 0.16970336363164207 0.9624364598787355 56.54338981903944 0.17529388844954785 0.962277507232714 -0.2083052221828531 130.9946388675598 -0.9614773695612207 0.2128730961904977 0.17439098686519697 -17.815133225166377
0.21193833710945523 0.16973176874661142 0.9624766928227593 56.54411577537245 0.1753079856186226 0.9622781962650121 -0.20829097829818471 130.99641091783838 -0.9615201924611722 0.21284789877865518 0.17418560421258966 -17.815028132615126
0.21173135809214386 0.16982139491071835 0.9625063656771158 56.54026137873291 0.17533908615744712 0.962261792453246 -0.20834023708376026 130.9988880001633 -0.9615600230029385 0.21285031138205218 0.17396203925301124 -17.815660310793874
0.21153276766566154 0.16988524633295932 0.9625382891849656 56.53824310645077 0.17535441344357636 0.962253690947994 -0.20836253893533063 131.00107159767464 -0.961600401156108 0.21283375557257714 0.17375594506808695 -17.815851003498867
0.2113199786359679 0.1699403286503792 0.9625754645214241 56.53707532800568 0.1753780569392213 0.9622468490200721 -0.20837470670980135 131.0031144002935 -0.9616429015291665 0.21282128431872316 0.17353608630830675 -17.815954923593626
0.21112206805495753 0.1700018208336163 0.9626083036773854 56.53434575383228 0.17539114926206267 0.9622404517598782 -0.20839492785653574 131.00543024011893 -0.9616842547516902 0.2128027898635752 0.17333101016464453 -17.816224407747846
0.21091062342706143 0.17007858743920587 0.9626410705057336 56.53149245037493 0.1754044713978609 0.9622308825254615 -0.20842717716840523 131.00777018218895 -0.9617282467057757 0.21278417584926115 0.17310990250107697 -17.81655111011104
0.21070175688780193 0.17014787444550017 0.9626745845629994 56.528989576268096 0.17543000676931547 0.9622205002600941 -0.20845488113704946 131.01006173691252 -0.9617696451769518 0.21277686731393025 0.17289016202664637 -17.816783683621733
0.21049745776568307 0.17020347507845016 0.962709399215013 56.531445334452776 0.17541693279242865 0.9622211622129845 -0.20846285836049827 131.01133072728325 -0.9618166652222524 0.21272941634261688 0.1726863307988325 -17.816134024162995
0.21028127428132648 0.17031088343188944 0.9627373460936155 56.53297826239487 0.17538586063534312 0.9622149085635995 -0.2085167476481535 131.01270932998906 -0.9618693987987312 0.21267037104813122 0.17246373196329975 -17.81573527073933
0.21006707807298772 0.1704373732082604 0.9627617264952953 56.47562264275587 0.17541126449521668 0.9621922997978506 -0.20860049081059062 131.02700038396924 -0.9619114724138123 0.21267193190095016 0.1722263651094157 -17.825973458627946
0.20987474377485696 0.17031301937155388 0.9628258364578864 56.334212081488516 0.17592747248416005 0.9621146301606063 -0.20852623579174828 131.060709292497 -0.9618595983845027 0.21312464773174697 0.17195859367854385 -17.84960907576084
0.20961186491961353 0.16980835497577584 0.9629720439635372 56.14276102142299 0.17781256026780717 0.9618166878555728 -0.20830016382027744 131.10571046831996 -0.9615699658018252 0.2148633415479233 0.17141197885378687 -17.880371477567795
0.20923723897900987 0.1692333917906549 0.963154877265777 56.02904764218892 0.17984878869739113 0.9615019700192272 -0.20800447284553278 131.13130681966734 -0.9612730165975857 0.21671728928096926 0.1707434221281691 -17.89841271592248
0.20992932085769586 0.1676904852072742 0.9632742810033428 55.79191635716855 0.18346591127431966 0.960978401543038 -0.20726508398721616 131.18624198087886 -0.9604386002507816 0.22021183074021905 0.17096994205667687 -17.934275026033326
0.20879764222405187 0.16717248488805955 0.9636101862354449 55.90727910587106 0.18752258874929548 0.960207848938482 -0.20720597509770716 131.16261018861476 -0.9599016690844413 0.2239356940549986 0.16913844730108787 -17.90737002219669
0.20815434338008934 0.16696450067247795 0.9637854817940014 56.1837599871495 0.1890144589492026 0.9599362061053326 -0.20711105918223405 131.103181065455 -0.9597490610314223 0.22525354198369765 0.16825385376943414 -17.854015563687003
0.2079642790972475 0.16689819028180106 0.9638382522733027 56.17921700590468 0.18938801650472542 0.9598727981918908 -0.20706626570923176 131.10651482196803 -0.9597168447143312 0.2255750144408374 0.16800811246621672 -17.855393419126813
0.207776088062994 0.16694012675707046 0.9638715758862775 56.17418780921723 0.18951729354497904 0.9598428057126814 -0.20708660032599926 131.11030741649114 -0.9597321167881335 0.22567108031575184 0.16779186101454113 -17.85682544288287
0.2076100324795707 0.16702000414010768 0.9638933735982956 56.169769303498235 0.18952846103492943 0.9598314292871261 -0.20712897918810258 131.1136026326695 -0.9597657392447237 0.22566038058158686 0.1676132618292397 -17.857677533347623
0.2074018859122756 0.16708712367784742 0.9639263168013752 56.17012126863554 0.18956821088514544 0.9598179968352096 -0.20715384221210706 131.11558951555418 -0.9598024203639698 0.2256667817165861 0.1673916506423215 -17.85773100135803
0.20719755371829326 0.16714620829468607 0.9639598401115637 56.16904252056836 0.18957301510494043 0.9598144855743136 -0.20716562947301673 131.11779236282325 -0.9598453790943321 0.22563770741916966 0.16718293404903245 -17.857933515295038
0.20699032321905775 0.16721631798819755 0.9639919409704153 56.167830864449314 0.18960133812869645 0.959802780653724 -0.20719167569900543 131.11984506747615 -0.9598842112045187 0.22563345090723835 0.16696376777295321 -17.858162124389004
0.20678479445206854 0.1672815492334683 0.9640247750445088 56.165882506430016 0.1896142050202507 0.959796057679479 -0.20721059261411082 131.12206365038224 -0.9599259925023172 0.22561318078397255 0.16675070280315032 -17.85837214868157
0.2065816674747539 0.16734797456496675 0.9640568189512357 56.16440709223684 0.18963697407719307 0.9597865476274052 -0.20723300005879186 131.12411850761748 -0.959965254545625 0.22560359656752652 0.16653758751124095 -17.858465873756234
0.2063746349179178 0.16741380164080796 0.964089985939684 56.16284784744522 0.18965476575112894 0.959778716873405 -0.20725314758878008 131.12618404904674 -0.9600065435978635 0.22558808448257728 0.16632193247100985 -17.858552025681178
0.20616905806339797 0.16747490466381548 0.9641232835936723 56.161176200010594 0.18966871913741723 0.959772674137042 -0.2072683098157386 131.12830573731023 -0.9600479827944164 0.2255679220338394 0.16610965171106498 -17.85859502823429
0.20596098498149013 0.16754164283938294 0.9641564518565969 56.159652232142385 0.18970724141361214 0.9597601683143232 -0.20729304394771142 131.13031078414537 -0.9600855553304275 0.2255736988405731 0.1658876921157423 -17.85865232031505
0.20575535665956268 0.16760022819341808 0.9641902050669227 56.157855191510556 0.18971833050568696 0.9597554665549772 -0.20730518561751915 131.13245670836793 -0.9601276028955309 0.22555072139146623 0.1656763252823257 -17.85868547772483
0.20554978914210773 0.16766760954388793 0.9642222185702213 56.1744674952476 0.18974080139950847 0.9597461388787891 -0.20732813887419008 131.12923629339437 -0.9601674667342157 0.22554034540588108 0.16546055747266847 -17.85486616500536
0.20534175652836514 0.1677361476281443 0.9642546672728561 56.147706768027156 0.1897549636026598 0.9597384710700443 -0.20735012437853084 131.13665858312854 -0.9602093297513663 0.22552149700898083 0.16524389585058089 -17.858688072940406
0.2051386051810669 0.16778673304102426 0.9642886473227386 56.1418313781675 0.18977779076970874 0.9597319526620466 -0.2073564047303968 131.13968013382913 -0.9602478928059468 0.2255087075192106 0.16503482689382085 -17.859541451467987
0.20493037070440925 0.1678621035033005 0.9643196342909294 56.13907788349141 0.1897965450118143 0.9597216068502151 -0.20738570783534252 131.14197588381825 -0.9602884259053677 0.22549507631182236 0.16481585165793064 -17.860022774777363
0.20472545914731646 0.16792239473391557 0.9643526910286487 56.137086684285876 0.18981410722929093 0.959715060334325 -0.207401016308496 131.14421154922684 -0.9603289348843864 0.22547911707197577 0.16460315896934974 -17.860324716806
0.20452131436818144 0.1679828092645513 0.964385598024924 56.13521626220847 0.18983912298576214 0.9597067926458571 -0.20741777022483182 131.1463811613299 -0.9603674510883891 0.2254703740422349 0.16438996395512281 -17.860546668551653
0.20431571191187725 0.16805789641054056 0.9644161621164404 56.13296834549779 0.18984852910788003 0.9596988102679503 -0.20744590918247696 131.14859903846775 -0.9604095037727682 0.2254484117340103 0.16417513811237477 -17.860727271927043
0.20410866396009922 0.16811169812334392 0.964450770981449 56.13219415923814 0.18987130529444118 0.9596925892321301 -0.20745502405739577 131.15054570236757 -0.96044942358344 0.2254358477714729 0.16396102505158716 -17.860694935971406
0.20390328326597643 0.1681857603055281 0.9644813049064183 56.12886494200438 0.1898871343949941 0.9596835562595704 -0.20748371790115216 131.15295458442566 -0.9604903154945632 0.22542013280870088 0.16374509401537585 -17.861030388547636
0.20369776121461158 0.16824581897996665 0.9645139991640952 56.127994580292516 0.1899071012679511 0.9596762228778469 -0.20749905453137923 131.1548993972754 -0.9605298769671244 0.22540601712038605 0.16353161244142714 -17.86094345424651
0.2034930419496793 0.16830943346893 0.9645464700387659 56.12669399904091 0.18991875946232226 0.9596704790560153 -0.20751674252203106 131.15691089416345 -0.9605712371571817 0.2253845786397834 0.16331982346077695 -17.860889479248012
0.20328444706531248 0.16837870632387236 0.964578412034947 56.123580185036275 0.1899527190343414 0.9596581453940621 -0.20754254292846533 131.15930429149293 -0.9606084673816835 0.22538536575016568 0.16309837651926717 -17.861181556061403
0.20308023388537627 0.1684329546736358 0.964612200830643 56.122462421178504 0.1899657265928639 0.9596541002712731 -0.20755123763199287 131.16130498628732 -0.9606494857534991 0.22536365142585071 0.16288892643629435 -17.861072622212664
0.20287202650101344 0.16850616342500846 0.9646432762547565 56.12044062330963 0.18998657570962735 0.95964408666762 -0.20757884630220394 131.16341962263925 -0.9606892562008644 0.22535210843232947 0.16266970325838848 -17.86114477226275
0.20266383555067666 0.168568812363232 0.9646759370110776 56.11958329572086 0.19000876119449145 0.9596360087668708 -0.20759637502631437 131.16532209016532 -0.9607287116876465 0.22533966439092706 0.1624529030179239 -17.861033422021215
0.20245959777209677 0.16862757251676289 0.9647085845024251 56.11778847372546 0.19002015144654444 0.9596312389667905 -0.20760912531731177 131.16746747710093 -0.9607696691023007 0.22531708162096278 0.16224272420958674 -17.861069925405918
0.20225118873046033 0.16869946191054822 0.9647395415537153 56.133290476058804 0.1900520684347643 0.9596187685036712 -0.2076374998121968 131.16444763229342 -0.960806780295157 0.22531639358183764 0.16202122079292658 -17.857463896633337
0.20204662464869722 0.16875867479792106 0.9647720736600168 56.10564869096223 0.19006748177294458 0.9596129094124919 -0.20765114547606006 131.1720706309499 -0.9608469191050696 0.22529754499693827 0.16181000557611938 -17.861302855717963
0.20183969952404485 0.16882483704532836 0.9648037936096574 56.099090461667934 0.19008224689405911 0.9596056852439404 -0.20767140401321332 131.17518856262825 -0.9608876371831467 0.2252787590796918 0.16159486243896284 -17.86221722002072
0.20163406816633456 0.168891033451072 0.9648352446309129 56.09728397411361 0.19010668310966197 0.9595961344225342 -0.207693060608411 131.17730834878142 -0.9609258758171416 0.22526983648319643 0.16137923308209842 -17.86251799893604
0.20144960500354292 0.16897181045107168 0.9648596995323082 56.09521790462665 0.19015947893014878 0.9595756562743961 -0.20773912863535282 131.17932605356054 -0.9609542643273644 0.22529650877564553 0.16117371723842946 -17.862778316922352
0.20130507589482696 0.16916208713427294 0.9648565024204686 56.084499539655276 0.19012869812941552 0.9595492278013226 -0.20788924541448134 131.1828053830383 -0.9609904688359383 0.22526637210958814 0.1609989822422961 -17.863803976970058
0.2011750418975096 0.1693746795695627 0.9648460824286857 56.06266159056316 0.1901077050522898 0.9595147612488598 -0.208066977890927 131.18924265933185 -0.9610221106449149 0.22525275516031806 0.1608304342564364 -17.866572797072855
0.20102941935666138 0.1694561304246193 0.9648621411560678 56.06449669020313 0.1903224700509716 0.9594541365106484 -0.20814984538248232 131.18965823130802 -0.9610099909314889 0.22544921766705653 0.16062687027081518 -17.86617524858008
0.20103525961787985 0.16945223710388044 0.9648616116622964 56.05798098027283 0.1904499035925286 0.9594245547120535 -0.20816863486805853 131.19196105322462 -0.9609834716319169 0.2255769723484707 0.1606057002035019 -17.86667268286578
0.20113077317716485 0.16950552501842384 0.9648322770355064 55.968193304480955 0.19055559797205068 0.9593831904436798 -0.20826151111486757 131.2135857290119 -0.960942420148577 0.22571181107937244 0.1606611839250138 -17.88069253526426
0.20110127497708388 0.16962731108240645 0.9648169830200162 55.86621809695024 0.19064269061835454 0.9593377268784643 -0.20839010670132802 131.2372565487453 -0.9609310152803408 0.22581253606214155 0.16058595544853335 -17.896729137219676
0.20059130482731982 0.1705345322868935 0.9647630059263501 55.96083574324293 0.19000361623100062 0.959317102222094 -0.20906642621865418 131.21415549604697 -0.9611641525715 0.22521502972507249 0.1600288332333899 -17.8765824192037
0.20037422798373966 0.1718209716707803 0.964579835255395 55.97703717337056 0.18896137147198547 0.9592924403452434 -0.21012193633458007 131.20766483094673 -0.9614147289414191 0.22434103631542038 0.15975039688070403 -17.868417593140215
0.20065978605428242 0.1746941332771762 0.9640043983098113 55.979854346310276 0.1871252350674628 0.9590753093570707 -0.212740689261311 131.20294871733088 -0.9617142663846769 0.22304787352643446 0.1597587556359259 -17.861482708034984
0.20331974021057267 0.1788648811417457 0.9626810115780173 55.976999815684955 0.185140133680267 0.9584666259963958 -0.2171729895200309 131.19779832636092 -0.9615393834429322 0.22235622763452237 0.16176119139394765 -17.85471922156573
0.20873890865265105 0.18178734664040827 0.9609721102801108 56.02307742873359 0.18365796374529422 0.9578580015866232 -0.22108075664300655 131.17986250127618 -0.9606621640850463 0.22260802775480468 0.16655672692319548 -17.83761481864542
0.21674091027070178 0.182800571810577 0.9590071722310117 56.13631291473222 0.18115146022264206 0.9577748932811888 -0.22349603118495548 131.14474655801868 -0.9593654939276407 0.22213585940872163 0.17447523354953287 -17.80254567659179
0.2270522990254702 0.1827554298180843 0.9566268757057278 56.250550791393586 0.17867642207503065 0.9577988779777179 -0.2253765575172882 131.10929789672133 -0.957442699399547 0.2220685224974088 0.18481724876649477 -17.762177587612967
0.24039800399171357 0.1827609786136629 0.9533594421471594 56.39367873847991 0.17464392345771948 0.9579984309329266 -0.22767738006590818 131.06566514583636 -0.9549251965326769 0.2212011678599499 0.1983837363899781 -17.70848291977577
0.25605601350111434 0.18280337370881755 0.9492664851500721 56.55868791873006 0.17034071458742153 0.9581120459967817 -0.23044380610184448 131.01495924562877 -0.9516267049587082 0.220674654766301 0.2141921104327541 -17.643049260741197
0.27554793412534556 0.18257628335497297 0.9438375240837503 56.75876260800199 0.16554310054029253 0.9581723763758352 -0.2336675765569973 130.95514389659786 -0.9470174326874905 0.22060191033754262 0.2337982475258963 -17.56119471498184
0.2995924676095187 0.18147124156859773 0.936697895854503 56.99491963935247 0.1597959887561515 0.9583868475955274 -0.236770444552651 130.88694678593816 -0.9406818292068919 0.2205843495502915 0.2581267176098132 -17.45904038544596
0.3266300542378847 0.18003797745178834 0.9278952802926407 57.24353547763246 0.15250193004590992 0.9588433065680452 -0.23971364199530348 130.8138824787711 -0.9328598183880222 0.21977269035887548 0.2857303780632538 -17.337836730483883
0.3557780167251414 0.17823349056521967 0.9174668038999956 57.528963155922185 0.14525196994193096 0.9592277803545866 -0.24266062465472388 130.7291187041217 -0.9233059163615945 0.2195664024130093 0.31538262020713403 -17.19254247578396
0.3862342972209028 0.17690151420327124 0.9053281809514667 57.830916956818854 0.13735155520298947 0.9595209542827484 -0.24607631944771913 130.634502170701 -0.9122089614085189 0.2193608245299673 0.3463013862604479 -17.02459968261254
0.41829998934169926 0.17711448639515623 0.8909240731804152 58.128727868645996 0.12586011706031347 0.9600965551948071 -0.24994679163604047 130.53632434181588 -0.8996385052359129 0.21665406499605652 0.3793156612107153 -16.832565810464903
0.4514886291094478 0.17759376867282803 0.8744760822675751 58.428902703377965 0.11365540975023529 0.9606192091396007 -0.2537558995935349 130.43326874700907 -0.8851004822646472 0.2139264881601423 0.41352301331340235 -16.620564375837937
0.4859115335473959 0.1794674079980289 0.8554361337707312 58.756524232718576 0.09900890777954588 0.9611438817649883 -0.25787184287328585 130.3170603217902 -0.8684736606653678 0.2099685524533611 0.4492609394939261 -16.371712241623094
0.5210332039254115 0.1813310682116199 0.834105719552129 59.088507827263776 0.08456602657762939 0.961453053968811 -0.26182781537297545 130.19329937091103 -0.8494283036877014 0.20692825354526143 0.4856135207150795 -16.099164690129538
0.5565864001062665 0.18404017821170277 0.8102034337742859 59.40955561714035 0.06839066191552987 0.9617509807182154 -0.26543369005783285 130.06735002275988 -0.8280617211965395 0.20311733909092142 0.5227096672111075 -15.803623901208624
0.592238413050547 0.1849927986377354 0.7842960889835097 59.7450512096411 0.05434193429629143 0.9619579816864289 -0.2679191872527549 129.9328171138502 -0.8040205292465147 0.20126246860692062 0.559654285946117 -15.475785515054364
0.6263786479665899 0.1874152614168058 0.7567129658310571 60.0495095362009 0.04022037706915234 0.9616613083930968 -0.27145342252330823 129.79841474248624 -0.7785737407983584 0.20043797978885236 0.5948245396355997 -15.142774052949632
0.6594271224413919 0.1907464209571636 0.7272288251876851 60.35055160805155 0.025841187533390632 0.9610099001991813 -0.27548164353218024 129.65615746563066 -0.7514187124101559 0.2004219540588918 0.6287847346054022 -14.783369841277626
0.6916235072105315 0.1942353497055941 0.6957155402129951 60.64289180617067 0.009172970150184891 0.9607791054075298 -0.2773406172986079 129.51209586984518 -0.7222954896438278 0.19816617805567707 0.6627132467344702 -14.395785663678431
0.7224421079626083 0.19608951168066482 0.6631118773178858 60.94546926754596 -0.006931419259204342 0.9610083248088317 -0.2766122080264955 129.36388490292077 -0.691493600317978 0.19520887623911215 0.6956293269226652 -13.970880588899009
0.7512926185609778 0.19689392553102883 0.629986955207412 61.25106691801044 -0.021932477584289872 0.961442668562366 -0.2743121332623583 129.21081469909475 -0.6597034672044314 0.1922402318267185 0.7266401010074256 -13.506711309109852
0.7784739033311884 0.19920015071184508 0.5953061736767726 61.56080705866506 -0.03717687301783372 0.9613348188783736 -0.273045064419744 129.04488615521666 -0.6266760800337455 0.19039548692555 0.7557763521871012 -12.99755705470521
0.8032122836180038 0.20354334681792102 0.5599220665652196 61.842320406108016 -0.052575451643079085 0.9604307851038961 -0.27369589199765565 128.87603738640286 -0.5934721667155335 0.19036615285177264 0.782127345213296 -12.48321227521158
0.8257216131408134 0.2084347885668353 0.524243865977952 62.11132557892912 -0.06948905643592367 0.9597992178816507 -0.2721355938032431 128.70750251624932 -0.5598879845735569 0.18824711762239738 0.8070071538178591 -11.937212931252388
0.8460013741442852 0.2086217125149803 0.4907662576573205 62.39721506771609 -0.08070561438808065 0.9598403670546918 -0.2688754839420802 128.5291051386449 -0.5271472520403266 0.18782943827050944 0.8288592120498248 -11.345473211047702
0.8634222199979893 0.20888262543184896 0.45930749828888273 62.67082511430553 -0.09125672723453199 0.959973755530073 -0.26500050299074807 128.35046695273854 -0.4962736999914822 0.18686000427255944 0.8479198283102383 -10.734476358000684
0.8786433483763336 0.20883690715990008 0.42949536476302325 62.93750313749709 -0.09978333934074037 0.9598030793698221 -0.2625328554627454 128.16467146456836 -0.46705417630347973 0.18778402924116896 0.8641581760618445 -10.100147459293117
0.8923720573382908 0.20851292819253156 0.4003601936268517 63.18594697372347 -0.10711745141448543 0.9594550169145472 -0.2609108947698625 127.9768546551364 -0.4385277455304385 0.1899114038638545 0.8785209952862225 -9.45929688196325
0.9060044868800702 0.20428676877027294 0.37083187702494597 63.42660675022223 -0.11058842810928557 0.9597188404861406 -0.2584800765601994 127.78734039067429 -0.40869548786491033 0.19314188462337661 0.8920967184167283 -8.791379846257199
0.9180335193238679 0.20196645024500007 0.34134682820456774 63.65458776767391 -0.11595503134553573 0.959757027858876 -0.2559755017540352 127.59188275363698 -0.3793057900126625 0.1953807383587836 0.9045031136428254 -8.08555663856217
0.928381702460011 0.20251396437818642 0.31175230098175677 63.85897729432531 -0.1243889117729912 0.959530230432645 -0.2528485236080547 127.3966576796074 -0.350338415843767 0.19592883347790255 0.915995414703621 -7.364074633895406
0.9371744702597871 0.20389002555033833 0.2832441558982651 64.05243474981047 -0.13345720418559687 0.9593313661710204 -0.2489496266058807 127.19708479401275 -0.32248073717673004 0.19547535713125205 0.9262658526267216 -6.602939867170687
0.9448405668831944 0.20434551944311583 0.2561530217263044 64.232021510145 -0.14051860654363937 0.9589249749813236 -0.24661929016746958 126.9922292269487 -0.296024495446599 0.19698849238406657 0.934739685345044 -5.823883265023371
0.9509905570586841 0.20593376679228076 0.2308802079606065 64.39372249259536 -0.14783205639952468 0.9580871668261804 -0.2455977448856124 126.78094074038464 -0.2717773362488576 0.19939589162070603 0.941568845029378 -5.009259790112499
0.9555550176808092 0.20900608313745303 0.2081564852554278 64.53715110564127 -0.15600726252743374 0.957018374688267 -0.24470636041491228 126.56897960572631 -0.25035211567795623 0.20132274961454205 0.9470833672395806 -4.190323917386716
0.9588806476708532 0.21211384756047505 0.1888210484996849 64.6740957028096 -0.16370913996987835 0.9562258333112297 -0.2427652406978786 126.35150830205787 -0.23204720896825404 0.20183760473832277 0.95162441521534 -3.335252166447944
0.961281257308052 0.214807735395825 0.17289657913118875 64.80247121697157 -0.17030464565661466 0.9556731463535808 -0.24039229707963353 126.13549787015673 -0.2168687157197855 0.20160651449154424 0.955246299941393 -2.4712154834425317
0.963049409058572 0.21774791818743622 0.15880580212329243 64.92761969375739 -0.17662284616592053 0.9550407447329452 -0.2383384307636126 125.91414622547208 -0.2035612476139396 0.20144955601468043 0.9582037874990347 -1.5802112875592977
0.9641097414838149 0.22066642982420867 0.1479780201177087 65.05041665625997 -0.1820335158414554 0.954343042261682 -0.23705941865878266 125.68997445316583 -0.19352973886209637 0.20158055779457565 0.9602534629403088 -0.6729668786894569
0.9647331323210832 0.22282215532179495 0.14049692613143613 65.17718728121221 -0.1859286393026942 0.9538551116099084 -0.2359977527602855 125.45889501301873 -0.18659604008384692 0.2015187204226044 0.9616380203370949 0.2722325299466323
0.9648992469109121 0.2253846654062035 0.13516689692810827 65.30086225853721 -0.18984095197797426 0.9534430764652122 -0.2345432845804123 125.22884628863677 -0.18173340269512017 0.2006165823523359 0.9627567362412666 1.2262558815106632
0.9650840603535505 0.22712570818745284 0.13086442890491412 65.42816808672357 -0.1929168042318438 0.9534485177050109 -0.23199746144015002 124.99367310126645 -0.1774620675011126 0.1986171464246063 0.9639674248028872 2.2132217386652075
0.9648669639638208 0.22876395357834378 0.12960867313474592 65.55971018084126 -0.19479652846802706 0.953074120896032 -0.23196718099146155 124.74913731718448 -0.17658896245475042 0.1985357057207827 0.9641449658795119 3.2271724059643074
0.9645919682292031 0.22991967552241205 0.12961060724214946 65.69501722238621 -0.1957631785107497 0.9526439476947507 -0.2329185054200778 124.5009628573001 -0.17702176902176797 0.19926366102751622 0.9639153395713163 4.226062875786662
0.9642753288907254 0.2312495446539713 0.1296042596631292 65.83154721879829 -0.19692565585365776 0.9522017025230253 -0.23374643507202536 124.24805817182842 -0.17745949818127307 0.19983871879442977 0.9637159581842814 5.242067703547784
0.9644226231107661 0.23078613511099164 0.12933546997334613 65.97009937224153 -0.1966839891195319 0.9524662867706079 -0.23287072287496866 123.99809380105471 -0.1769272932896511 0.19911281117364618 0.9639640693349689 6.263292174147978
0.9644689538654679 0.23074571606157773 0.1290623630096809 66.10907155411016 -0.197192370604542 0.9530154522168176 -0.2301783222006646 123.7458172274747 -0.1761074732363495 0.19651495459547444 0.9646471474406129 7.310321894512169
0.9644861126342779 0.23075763099956076 0.12891417067106775 66.25343448063171 -0.19786718727183683 0.9537096673906212 -0.22669884231412338 123.48686173203238 -0.1752557416756836 0.19310548760688584 0.9654908226170468 8.40324686957851
0.9645164850669878 0.2308974559914989 0.1284366862650026 66.39747256662751 -0.19851503883234778 0.9541179837449736 -0.22440265399153048 123.22932028758738 -0.17435431411177654 0.19090904225175126 0.9660906202852303 9.495920490096202
0.9645138247874353 0.23117922015578699 0.12794531432069917 66.54432943644865 -0.199034993533136 0.9541991058842455 -0.22359340941847256 122.9700555030337 -0.1737721516104193 0.19015916390807286 0.9663432369630942 10.60517588182932
0.9644828474749904 0.23172217273235418 0.12719237529609317 66.69240798526583 -0.1998541624664404 0.9542050667014651 -0.22283496068405634 122.70550249329497 -0.17300021402065785 0.18946675962178314 0.9666177446073364 11.740372435076726
0.9644946010774801 0.23230063885457364 0.1260439983542317 66.83958000215615 -0.20081439457713288 0.954219982426401 -0.22190599128144123 122.44001568338209 -0.171819372719526 0.18868174564748488 0.9669819108288514 12.879047373590037
0.9644659004419174 0.23281626033532338 0.12531205693535497 66.98739327723715 -0.2015599312955017 0.9541860224241699 -0.2213769409599497 122.17189024300247 -0.1711076263839675 0.18821842292132718 0.9671983637576955 14.028243615059063
0.9644216284889862 0.23344927913629338 0.1244704380645146 67.13510268160252 -0.20250350213044657 0.9541904910425225 -0.22049424650200578 121.90229635322562 -0.170239254642043 0.1874096970777903 0.9675085211620242 15.189866970608382
0.9642262336664791 0.2345494311136508 0.12391470342134553 67.28416709384187 -0.20365185279153086 0.9538848452233801 -0.2207593221059314 121.62673590404614 -0.16997587293025246 0.18759264110716323 0.9675193733978318 16.367254031292376
0.9637129048929709 0.23726114446243735 0.12274354631683122 67.42805168094563 -0.20580380106089655 0.9524173973584498 -0.2250591830167168 121.3468444171341 -0.17029675582642098 0.19159729857435429 0.9666781745563342 17.51849551160485
0.9631700458710836 0.2400735312194694 0.12152739996963277 67.5660836365604 -0.20809617196381563 0.9509363682625775 -0.22917541121977772 121.07056890888352 -0.1705800885679342 0.19541150663574158 0.9658640995883445 18.635789239131803
0.9631958937745008 0.2402082601384363 0.12105990427911059 67.70579522854332 -0.2083674506496387 0.9509382865267167 -0.22892378569566693 120.8006802813803 -0.17010593634969862 0.19523911164342683 0.96598287826704 19.74736632437807
0.9628692807227054 0.2418951968836931 0.12029647146804269 67.84358579649715 -0.21063403815759132 0.9510520380821215 -0.2263628610114565 120.53188976642531 -0.1691600870941683 0.1925848547342319 0.9666813661169422 20.882156216741194
0.9630417131724437 0.24119911272216282 0.12031299191397091 67.98863697239562 -0.21024595707589758 0.9515486537086302 -0.22462911186835316 120.26241296458872 -0.16865970619790077 0.19099721720232382 0.9670837918203994 22.01382604483643
0.9628617000941574 0.24221657110667674 0.11970802704178869 68.13040130079095 -0.21136909488999267 0.9512992757072912 -0.22462969754212875 119.98744683433972 -0.1682831408924719 0.1909501038201455 0.9671585593512625 23.169256158193228
0.9626120709190179 0.2433446314040861 0.11942948762981263 68.27655691750209 -0.21228051488254143 0.9507458559361105 -0.22610918298632005 119.70372003632993 -0.16856518603048024 0.1922680959928 0.9668483276499091 24.329739941552923
0.9625925420959461 0.24361495067280398 0.11903455968110868 68.42469111668773 -0.2122756913171255 0.9502677567067885 -0.22811421353829664 119.41757273943803 -0.16868243679802433 0.1942781661257933 0.9664259611162698 25.485704264447
0.9624547089189347 0.24416699379935744 0.1190189856697193 68.57111326747427 -0.21261485880470943 0.9499041465213347 -0.22931111798018072 119.13289294012647 -0.16904216121526744 0.19536131139458637 0.9661450081130767 26.630201441396373
0.9625833309382252 0.24400512616224437 0.11831055932363693 68.71325390614015 -0.21194552330301775 0.949146565481188 -0.2330374541386474 118.85259494664798 -0.16915177123019612 0.19920718234640203 0.9653401306849885 27.733793083577442
0.9627112138862722 0.24388763247654077 0.11750927979519245 68.85094791095165 -0.2114302618473612 0.948465882831074 -0.23625739043930075 118.5749245679349 -0.1690686336630437 0.20256676449107397 0.9646556470300476 28.82684187659033
0.9628728653202507 0.2432482611357752 0.11751003804786937 68.9896151748736 -0.2107514315879363 0.9485477434348768 -0.2365358953308268 118.29832661338777 -0.16899571656623283 0.20295261889007457 0.9645872867603729 29.92399284428783
0.96304758042091 0.24223973472089222 0.11816118865326194 69.12471472060865 -0.21034160120743917 0.9496526360341632 -0.2324318011241879 118.03521400567567 -0.16851135244120352 0.19895306359887652 0.9655051543972902 31.00204599392609
0.9633325799885186 0.24065470737688452 0.1190728395390721 69.26846867875692 -0.20954028615628048 0.9511425186679836 -0.22700029263649768 117.7656994874451 -0.1678789343399469 0.1936911651544519 0.9666847564873786 32.13454672195876
0.9633275916755717 0.24012588900568896 0.12017563422200439 69.41203906101865 -0.20931028619152725 0.9518872599343513 -0.2240718213260486 117.50009631263889 -0.1681939651336627 0.19066515744100063 0.9672312314217004 33.25245099902625
0.963698929229624 0.2386798140216045 0.12007747397423463 69.5570056346392 -0.2074875112466411 0.9517236624078533 -0.2264487245696513 117.22774791448514 -0.1683243225011647 0.19327841326833436 0.9666897389008903 34.36197678161362
0.9645039027381705 0.23573490263279712 0.11942674047167214 69.70426456531554 -0.2039910677480634 0.9514866652348821 -0.23058207864681202 116.94891269504109 -0.1679844257954456 0.19800009811333882 0.9657927704762485 35.47516180174462
0.9639147848685652 0.23845528238545197 0.11877856356430917 69.84006495185717 -0.2058975296617831 0.94979934846174 -0.2357846434972894 116.66621765345363 -0.16903539991002428 0.20278505208365896 0.9646155219128624 36.57522069857024
0.9633217646831181 0.24114632340777822 0.1181542425356109 69.97375042045012 -0.20781402097989168 0.9481473468515296 -0.24069948576997177 116.38207419814309 -0.17006702579392852 0.2072818647977598 0.963477394489027 37.655980831508046
0.962609976343382 0.24390512945067475 0.11829361976020047 70.10654380181082 -0.21012354487533255 0.94709699810976 -0.24282030111735287 116.0989952561453 -0.17125592643884108 0.20884980206191175 0.9629282667039879 38.736563314973786
0.9614310395340963 0.2480085970238836 0.11934330096610295 70.23921027140275 -0.21427465767080286 0.9466454737537059 -0.24094592953591934 115.82422254682781 -0.1727274967331426 0.20604560716422923 0.9632690853757794 39.81607679395368
0.9608770957422936 0.24986254089085053 0.1199367211648199 70.37618593037715 -0.216282412714866 0.9466212415990589 -0.2392416333480422 115.54655684783158 -0.17330725260238303 0.20390628899271993 0.9636204739102694 40.91169816137133
0.9607300104288488 0.25037737144302613 0.12004426071928122 70.51406153995454 -0.21683652325755107 0.9465917008769316 -0.23885831685323 115.26962805338557 -0.17343257038439422 0.2034126298297636 0.9637023736552213 42.002292815572595
0.9606646749123046 0.2505815386629054 0.12014399508233128 70.65318913571505 -0.2170944694194082 0.9466409932708849 -0.23842917678617692 114.99115900011768 -0.17347403979634632 0.20293198814812302 0.9637963074878196 43.10051623624358
0.9607417820166939 0.2502362324951763 0.12024395221806972 70.79516104479603 -0.2167349345115695 0.9467254148800437 -0.23841803304659892 114.70902228040067 -0.173493914060377 0.2029616086611251 0.9637863545790027 44.20781926050353
0.9608531576936236 0.24973412152678234 0.12039555558071745 70.93563407839198 -0.21623995394281137 0.9468822275566433 -0.23824231172258536 114.4303412209428 -0.1734927988810668 0.2028462631818801 0.9638109046899711 45.30471267813541
0.9608542124517757 0.24966552071151718 0.12052943341121145 71.07624889363802 -0.21621893562193317 0.946990800950539 -0.23782901151679428 114.15544286494577 -0.17351315748150634 0.20242305301271296 0.9638961511135197 46.40220874947955
0.960895610597261 0.24964733069209108 0.12024391001257116 71.21443499925593 -0.2160642050578326 0.946751548490255 -0.23892231737587885 113.87934496036742 -0.17348223077990177 0.20356291512310853 0.9636618654764034 47.476391046283545
0.960750080299817 0.2506463201163566 0.11932139302406573 71.3470326827521 -0.21650120606049092 0.9456052673401896 -0.24302988174389153 113.60371684590939 -0.17374092694416238 0.2076218514650064 0.9627483784075267 48.51790845016361
0.9603843347299212 0.25239892912607503 0.1185766147896764 71.47578499803024 -0.21786306440058556 0.9445456145485479 -0.24591811724652246 113.32770021864027 -0.17406526722952478 0.21030650532085818 0.9621075589173269 49.550756752349244
0.9601333870057638 0.25344034079530975 0.1183881427483079 71.60542466074972 -0.21890389001139143 0.9442707400930779 -0.24605180031099372 113.0501582720269 -0.17414430541162654 0.21029067355451272 0.9620969942717686 50.611469902154205
0.9598783133292157 0.25420336534045684 0.11882200408670633 71.73402794583038 -0.22004301079808303 0.9446950251782242 -0.24339374432322514 112.78181364124323 -0.17411658583617218 0.20744632636576896 0.9627195107881354 51.65879962960471
0.9596641893533829 0.2548371141432694 0.11919107907278263 71.86664871028228 -0.22115960316296288 0.9452417626961658 -0.24023834857027548 112.5098873401453 -0.1738803234196137 0.20415177860277145 0.9634659605858432 52.73466580537015
0.9594539212651634 0.2556679102688511 0.11910670968490925 71.99955378753465 -0.2221025735385752 0.9451711577662751 -0.23964681788707656 112.23699189538117 -0.17384033998371734 0.20343996717447227 0.9636240127697967 53.81086761497829
0.9591063194136692 0.2572347010223496 0.11853209886584425 72.13085687020563 -0.22341368903623274 0.944365638740583 -0.24159642115410013 111.96105801356514 -0.17407881272996922 0.20519889364175298 0.9632081762646264 54.8662540185574
0.9590832959224476 0.2575036131674593 0.11813563837840423 72.2654128953284 -0.22345644903724002 0.9439214270841747 -0.24328722489184695 111.67912493953214 -0.17415215564472525 0.2068984537629248 0.9628312877503371 55.93454271309682
0.9589913825251961 0.25788398659828665 0.1180559189266713 72.39508955984397 -0.22377707533341187 0.9437445940751708 -0.24367937575754545 111.40474751371514 -0.17424965813335616 0.20723178737027295 0.9627421107354762 56.98309620897778
0.9590975132419045 0.257593913737503 0.1178274666463919 72.52601043501231 -0.22326892185171723 0.943476755934361 -0.2451781231201145 111.12871409003235 -0.1743178493725233 0.208806041244087 0.9623894993670085 58.02030528270565
0.9590876078664672 0.2576612051993221 0.11776021160471177 72.65659481557987 -0.22330967750053388 0.9434102817191016 -0.2453971754477801 110.85119265811842 -0.17431946148951463 0.20902394213188683 0.9623419316912508 59.074540974117
0.9590533037099636 0.25780373965472864 0.11772894554146245 72.78803366722201 -0.22351865698895507 0.9434498955694063 -0.24505420014526721 110.57290566305787 -0.17424115276513039 0.208668911774918 0.9624330887416805 60.14178085834809
0.9589514804777239 0.25815796516212186 0.11778612077802056 72.91641875436322 -0.2240402014622727 0.9435912271164858 -0.2440352002164565 110.30162683242922 -0.17413525365186153 0.20759237921776927 0.9626851666962681 61.1915645844221
0.9588567142175873 0.2584302246521486 0.11795572333751399 73.04878880183324 -0.2242017979732764 0.9434524397130297 -0.24441896577314984 110.0236246265946 -0.17444511572876337 0.20788061175570915 0.9625666399168717 62.24782020412486
0.9586763965523923 0.25893998312637606 0.11830349702683819 73.1829533572232 -0.22447458559509315 0.9431666023316295 -0.24527207297451822 109.74507618199218 -0.17508465009704002 0.20854382864834034 0.9623070310079508 63.30498025828888
0.9586016032657869 0.2590975448312628 0.11856064704219568 73.31343747393832 -0.22429978657317393 0.9428153341621766 -0.24677607538418636 109.47308004603306 -0.1757142535579786 0.20993073513330374 0.961890420601317 64.31910444097467
0.9585405670750614 0.2591982033065538 0.11883419277120401 73.44415471073783 -0.2243152813978446 0.9427761377223164 -0.24691183999101274 109.20041938308277 -0.17602747269879618 0.2099825357567427 0.9618218079043852 65.34775219243156
0.9584459451737978 0.2594173898901267 0.11911741503451342 73.5758889762287 -0.22451487847045587 0.9427925351729086 -0.24666723415653063 108.9253342340365 -0.17628702285978803 0.20963753900625762 0.9618494770363172 66.39098311739158
0.9583182509483836 0.25965428700731225 0.11962996048508664 73.70867269280421 -0.2247063637569632 0.9428438704859508 -0.24629747184847606 108.6501768733013 -0.1767387716410865 0.20911357157470878 0.9618808149182762 67.43604610678705
0.9580123487088786 0.26059052734152205 0.12004285080168668 73.84221285777502 -0.2255576882507938 0.9426668022134856 -0.24619519044312718 108.37189284686657 -0.17731099156858093 0.2087454815034035 0.9618553970391602 68.494725482042
0.9577935724258518 0.2610246193404314 0.12083976492515498 73.98138454800662 -0.22579520419892082 0.9425822739314759 -0.24629947518908119 108.0869580521996 -0.17818622580146554 0.20858332472278135 0.9617286141500058 69.57022627199545
0.9572491306503369 0.2629551455076036 0.12097216366834912 74.11599407452519 -0.2271022688056219 0.9414707734482488 -0.2493308437283499 107.80294506096182 -0.17944905489273302 0.21116270678703508 0.9609307776042739 70.60953496848595
0.9566624295022027 0.26530621374960944 0.12047966010608385 74.2453673549841 -0.22835256055243988 0.9394972561379868 -0.25555487038698227 107.5163970030342 -0.18098513575203606 0.21693166306343256 0.9593561459944083 71.61801539313292
0.9564270856705711 0.2663289223295405 0.12008725691506374 74.3723913562867 -0.2284131250414969 0.9379842030908287 -0.26099932958436023 107.23271445473102 -0.18214652441381374 0.22216107561521173 0.9579382851215344 72.59722602059153
0.9561095010104753 0.26701879505732573 0.12107812411422716 74.50015461379884 -0.22866835467280128 0.9376365385861007 -0.2620230652646668 106.95146705343709 -0.18348725264775764 0.22279975372139255 0.957533890883342 73.58269527613552
0.955525093234382 0.26786747912541053 0.12378602952245783 74.62838781509731 -0.22926266738849788 0.9380341027688635 -0.26007425815279106 106.6791535180026 -0.1857763197469949 0.2200920727252715 0.9577190866617737 74.56685410064061
0.9549433882852892 0.26788935723601986 0.12815113717903454 74.76965811476117 -0.229046658872085 0.9391237782008525 -0.25630463749270815 106.39985271124091 -0.1890065186299508 0.21536794602545856 0.9581608795004714 75.59421114455081
0.9543743041796058 0.26779784346141783 0.13250752320642933 74.91885456849599 -0.22861937196656296 0.9400692689231966 -0.25320067418463754 106.11695980281188 -0.19236830649930087 0.21131879835223671 0.9583934745453115 76.64107737141286
0.9540321587778684 0.2672913374874191 0.13594956750379872 75.07729211226712 -0.22709920151064988 0.9400752202295031 -0.2545434195922644 105.81995464625645 -0.19583555553753795 0.2119330098626988 0.9575551892160804 77.70422874046376
0.9538603825395038 0.26783331961982015 0.13608592719028167 75.2304488964803 -0.22603403090623067 0.9382358878601481 -0.2621639654730676 105.5131653899089 -0.19789259526712036 0.21927239422585595 0.9554776000138515 78.74881951811525
0.9541150166877949 0.2681382386739424 0.13367965013834157 75.37664223321455 -0.22475446982147762 0.9356080428659308 -0.2724535622724485 105.20040485950086 -0.19812264612340633 0.22987127864989512 0.9529353079219617 79.78392163228551
0.9535903325193124 0.27024576859344673 0.13318452764882532 75.51108265272363 -0.22563587426731782 0.9335576312262605 -0.2786885210202359 104.90419575166992 -0.1996447567450219 0.23566756915259945 0.9512005445939464 80.75029589639196
0.9529751239451488 0.27220797369656263 0.13358677797624188 75.64210663142045 -0.22695925110356338 0.932526055024032 -0.2810562496694507 104.61775246657385 -0.20107446339213184 0.2374853678379545 0.9504465729722676 81.6874503643077
0.9523740783641365 0.2742813798576169 0.13363316496969066 75.76854998706457 -0.2290694515403311 0.9321413343024121 -0.28062123673519695 104.3419600126662 -0.20152953802559126 0.236609554311008 0.9505689375576306 82.61872206088302
0.9520919755093329 0.2747408071355732 0.13469725833716767 75.90197420941034 -0.22973047499728103 0.9326411436110653 -0.2784118701860051 104.06436025102452 -0.2021107280746728 0.23409449527988618 0.951068406758214 83.55987962856305
0.951214956997669 0.2775739459174696 0.13508676395135444 76.03394560544952 -0.23331609072381362 0.933008769257542 -0.27416706596201307 103.78940370717771 -0.2021341355143372 0.2292386969861181 0.9522462203247015 84.52371369632061
0.9511115495058514 0.27731058042826146 0.13635032919688814 76.1726631177675 -0.23373246741002954 0.9342360828047858 -0.2695941217857952 103.51497639824899 -0.2021401203143452 0.2245090937472638 0.9533707625382051 85.49051439814642
0.9514919885025701 0.2760695438627337 0.136217327904842 76.31448693038875 -0.23341969755882175 0.9355021929656469 -0.2654438802328636 103.23638327405199 -0.20070869980753897 0.22073697913370316 0.9545539787131995 86.48481901148668
0.9515462336413738 0.2759257064476873 0.13613092689173045 76.45826466541027 -0.23414047901454904 0.936454510002102 -0.2614220136062611 102.95384871276802 -0.1996098922638523 0.2168468187592872 0.9556761300984211 87.51174693054591
0.9518643588056369 0.2749766434782715 0.1358280547077461 76.60727599067573 -0.23421886560724162 0.937693303814525 -0.25687210412909484 102.66793207094578 -0.19799533254313756 0.2126595921010996 0.9569525040955493 88.56722636180442
0.9520252335516028 0.27466358041938455 0.13533240266251642 76.75878199357238 -0.23456868039754641 0.9383328906788828 -0.2542032980762895 102.3771555605405 -0.19680378187497316 0.21022895770536865 0.9577349901652306 89.64488688850437
0.9524482200996995 0.27379771766505484 0.13410423215537798 76.91333705412389 -0.23339511943678645 0.9378449502189761 -0.257068848808648 102.0733606151826 -0.19615034055852024 0.2135111658049631 0.9571429030428096 90.73332619794172
0.9532574232522542 0.27151991966238165 0.13298280166507362 77.07041455021577 -0.230641623654983 0.9374996356701064 -0.2607879933351847 101.76397061397252 -0.1954768867228326 0.2178921457845765 0.9562929711520975 91.82438134057898
0.9529184879255537 0.2739223855798539 0.13046371229526252 77.21818893858683 -0.2321300678379425 0.9351367068045384 -0.26785593762927407 101.44017985337105 -0.19536914861653557 0.22492573187165216 0.954685359325621 92.91123148701317
0.953471107592164 0.2735742900094607 0.12711453639416972 77.36888144497281 -0.2308753133615233 0.9330185736587059 -0.27619760958981315 101.10238837818964 -0.19415664097768526 0.23396398221393608 0.9527587895280984 94.00012450490497
0.9533109089122035 0.2750171380659726 0.12519108897546502 77.51079204686344 -0.23158547581964647 0.931126808515131 -0.2819278506152263 100.77218685047383 -0.19409944571632298 0.23973714100623603 0.951334184554193 95.05839044451363
0.9531538258005317 0.2753808547408904 0.12558339914498143 77.6529194756322 -0.23229308784956365 0.9316134991332902 -0.279726606875322 100.4536483467106 -0.19402171463986811 0.2374143290522783 0.9519318674420102 96.13635098891572
0.9531037889917257 0.27546136962588497 0.12578891305965081 77.79704421256649 -0.23312740514719743 0.9325854658599223 -0.27576636493891704 100.13470295317238 -0.1932672977944403 0.23347351683505235 0.9530599286287688 97.2354411262005
0.9531864446830006 0.27508655776036983 0.12598302848431994 77.94397041563123 -0.23350530044342369 0.9336386847288198 -0.2718549750151296 99.81544034717037 -0.19240159842898885 0.22967500427236387 0.954157149307281 98.34469807159472
0.9529543365553909 0.27607968494174895 0.12556576645966433 78.09120943496858 -0.2346615461733442 0.9334718599049918 -0.27143279968423095 99.48910110525291 -0.19214442073970445 0.22916164964627328 0.9543324076976505 99.47340655998322
0.9526324215207037 0.2776318934798114 0.12458261482907049 78.23962205298604 -0.23603775258720433 0.9325796495018729 -0.2733001295375318 99.15145524205745 -0.19205518821007328 0.2309124085861202 0.9539282544577848 100.61160598591984
0.9524259405602492 0.2788340451191064 0.12347338867599739 78.39184646919324 -0.237186890090109 0.9318626516799332 -0.27474746187145127 98.79822546321532 -0.1916641745067279 0.23235418218195386 0.9536569295346289 101.79525115197318
0.9524415015175266 0.2791293942515873 0.12268360180324227 78.53774870059824 -0.23813970344888288 0.9323182317726166 -0.2723673693631908 98.46510103319928 -0.1904007353239135 0.23016199776100688 0.9544412592619639 102.94362474394862
0.9524445206941993 0.2793150885793966 0.12223775713580769 78.68170673270703 -0.23917016948666622 0.9331407631891521 -0.26862214587214195 98.14161849910448 -0.18909006381696933 0.2265756611668646 0.9555593198185471 104.07893411435072
0.9523051846965781 0.28005962895944014 0.12161712599657191 78.82652722082068 -0.2402592104791459 0.9331746476963066 -0.2675289428695865 97.81255185774828 -0.18840894515470963 0.22551335660505883 0.9559450328336178 105.23483149440678
0.9523125152460565 0.280300867072754 0.12100519829506813 78.96983413269632 -0.2407043199289822 0.9331580025364942 -0.267188687818588 97.48879848716817 -0.18780484981256645 0.2252842549054169 0.9561180531442318 106.36509297838226
0.9521506457136668 0.28118832986400083 0.12021776062031905 79.11152723881428 -0.24171192818385345 0.9328334591475287 -0.2674115133543751 97.1610292318834 -0.18733095131183777 0.22552173403706569 0.9561550843323754 107.50456058960192
0.9520666551832295 0.281709952588809 0.11966282806825053 79.25397905481645 -0.2422684460012688 0.9325674382262695 -0.26783585987780045 96.83222271817911 -0.1870403581199735 0.22597090340973647 0.9561060672137528 108.64178256465978
0.9519088261075053 0.28248880593625014 0.11908370963747833 79.39523203403917 -0.24320532570828693 0.9323820599419007 -0.26763291736133865 96.50337952441747 -0.18662948943553206 0.2257639605911118 0.9562352828249214 109.79276748529801
0.9516348627175653 0.28341234823171135 0.11908123704287409 79.53436170716263 -0.24431112873302943 0.9323871344465698 -0.2666077774181839 96.18396832414177 -0.18658414991803948 0.22458382004703284 0.9565222505699428 110.91784565443456
0.9513649529102067 0.28427350080335917 0.11918820683766825 79.67516078818673 -0.2450848810786262 0.9321174236211329 -0.2668428852753452 95.86256060520576 -0.18694760070004512 0.22461685271704668 0.9564439015251505 112.03851986992079
0.9509514692393061 0.2856072969656854 0.11929635179071357 79.81566425775173 -0.24600000055828689 0.931338699780709 -0.2687118664508199 95.54001946618133 -0.18784570981458074 0.22614809257589047 0.9559063868502511 113.13677411302254
0.9505220549284558 0.2869755871982003 0.11943510716132785 79.95343519916662 -0.24690118350122703 0.9305027177957453 -0.27077343547712834 95.2228866970489 -0.18883433255781437 0.22785038363480237 0.9553071958813917 114.21598195689957
0.9505034773716455 0.2869754229524451 0.11958534276415045 80.09119027987096 -0.24691463765793753 0.9305710785955283 -0.2705272637355555 94.9105994096879 -0.1889115205739313 0.22757248090705837 0.9553583079594473 115.29636006691261
0.9505184160423611 0.2865938050775678 0.12037918406845438 80.2292848166376 -0.2470708422002279 0.9315725457198994 -0.26691400239234253 94.60033723979227 -0.18863216391368545 0.22392738883193908 0.9562746267485805 116.38999226353516
0.9506710130389969 0.2859546498112333 0.1206928456577946 80.36998535663228 -0.24707742691091092 0.9325897159972723 -0.26333158580425703 94.28984427425505 -0.18785202316695515 0.22048396141451476 0.9572275394215696 117.49693387831003
0.950641107632602 0.28618995007300696 0.12037036675717923 80.51252937651498 -0.24742449968364 0.9325605675181373 -0.2631100064735204 93.97202797486258 -0.18754619356259344 0.2203031820244833 0.957329159298149 118.6249284698286
0.9503860151316298 0.28714386873893816 0.12011274817639933 80.65194415783155 -0.24820338086526286 0.932043368927444 -0.26420620397996564 93.65539809887383 -0.18780971929150989 0.2212481297452809 0.9570595440121921 119.72893742577799
0.9498655530376737 0.2893073450956132 0.11903233103502257 80.78771338035938 -0.24983564809031603 0.9305385333780642 -0.2679457250160494 93.33627870448656 -0.18827701529909333 0.2247368933718831 0.9561542052583959 120.821066062804
0.9495377729205113 0.29041172366640156 0.11895598521721723 80.925371266144 -0.25052907445961964 0.9297575729702389 -0.2700011190750098 93.01692779460002 -0.1890061016988173 0.22653759745087182 0.9555851234089117 121.90254729986982
0.9492497557711795 0.29105919216202664 0.11966942885956534 81.06634209346056 -0.2509528271374738 0.9295779053243943 -0.2702258175996311 92.69457133844477 -0.189888244432188 0.2264439344860422 0.9554323734639539 123.01149321762594
0.9491427482912256 0.2908172377485841 0.12109999713804036 81.21141612627697 -0.2504190704621212 0.9297726870784002 -0.2700512630975448 92.37467761604319 -0.1911255537496625 0.22595482737035394 0.9553015345863451 124.10881749501311
0.9489734403530051 0.2908902398747874 0.12224870390486052 81.35463335990227 -0.25022850880186936 0.9298298620480419 -0.27003316987172615 92.06037299119318 -0.19221486551686381 0.2256272084553947 0.955160760083903 125.18586143609052
0.9487693462330763 0.29122289459177236 0.1230390469824601 81.49625343316862 -0.25026250996796345 0.9296638500287282 -0.270573343768883 91.74743262416779 -0.19317642454790818 0.22588247448352558 0.9549063840397207 126.24834548206317
0.94859838520935 0.29147454666462475 0.12375881240131101 81.63750307844548 -0.2502084225886438 0.9294863938178317 -0.2712316330845957 91.43703283960023 -0.1940837501391254 0.22628730696668944 0.9546264839783913 127.2945656058916
0.9483997904830825 0.2917132453640482 0.12471355427209369 81.78109024170338 -0.25016643717278325 0.92942046803944 -0.2714961879003309 91.12458396240825 -0.1951049079825342 0.22625064744772938 0.9544267782496942 128.35518618385393
0.9481832767804913 0.29200378358585566 0.1256758312079694 81.92454325560873 -0.25018974732273075 0.9293603339214513 -0.27168118759519133 90.81320215724078 -0.19612449836161042 0.22612361506864273 0.9542480217003555 129.41251303066042
0.9478957899155277 0.2926404602898912 0.12636400751267807 82.06720700015167 -0.25053526061891757 0.9290991107670479 -0.2722574393175911 90.50157054897755 -0.19707244819634093 0.22637558945220526 0.9539932541141484 130.463046590927
0.9472185638434809 0.29476685219084453 0.12649895034472952 82.20772527734545 -0.25202746346087723 0.9278998520157768 -0.2749565477185789 90.18831149975513 -0.1984207119768151 0.22852553073443813 0.9532007378939352 131.5125794431243
0.9471513255967516 0.2945879185156778 0.12742059849589668 82.35157793584615 -0.2513958192750588 0.9277308591887888 -0.2761061856229941 89.87746859486478 -0.19954349981766345 0.22944348376657725 0.9527460476233384 132.5406113630838
0.9464327456613014 0.2966151538568702 0.12805556740796947 82.4892553386401 -0.2527828115289057 0.9267171367948449 -0.2782353992657844 89.57012236545327 -0.20119407865050803 0.2309228636734453 0.952041334594173 133.55120504738838
0.9455418737300798 0.2989816947505988 0.1291244954833099 82.62669352673409 -0.2543849812470292 0.9256255793202375 -0.28039905590409514 89.2628322943196 -0.20334965131225638 0.2322437126180482 0.951261154152548 134.55540754644971
0.9463988532399126 0.2964100486798158 0.12877404347666196 82.76824859317516 -0.2510414089389056 0.9252366803508302 -0.2846631588893815 88.9570385488197 -0.20351815956323635 0.2370392797418361 0.9500413324842731 135.52436494584464
0.9464292234669236 0.29576918999974533 0.1300184172720491 82.90879972440412 -0.2502057600080656 0.9255979068838331 -0.28422360809366926 88.65365719088189 -0.20440401480180348 0.23642818685176822 0.9500034579441761 136.5147362034566
0.946396855290963 0.2953433920529251 0.13121627742449746 83.05354456145929 -0.24975166735461074 0.9260808650330167 -0.2830468407302886 88.34386096485599 -0.20510747139404817 0.23506514784378352 0.9501900429650623 137.5298062684431
0.9460082157888746 0.2964206025386489 0.1315883419128853 83.19756368095167 -0.2507911057481623 0.9259064125906128 -0.2826971088253947 88.02895799606551 -0.20563035052385498 0.2343950030079849 0.9502423922750829 138.56905369612747
0.9445468294079172 0.3011169462844167 0.13142226320354247 83.33419720492493 -0.25433960974234154 0.9233996292018597 -0.2876820096761918 87.71137948834831 -0.20797603877967707 0.23826574990586125 0.9487678735202904 139.58016961992186
0.9429224439922989 0.3065063538886428 0.13062659403176233 83.4652276938351 -0.25847376768909897 0.920351718194653 -0.2937015855137805 87.39146293028882 -0.21023845312764816 0.2431366117474815 0.9470319948884761 140.58023289814108
0.9409563467476266 0.31271300817914627 0.13009444043005255 83.59273632182378 -0.26411740490283864 0.9179611805920602 -0.2961530190256232 87.07716403879259 -0.21202672445988155 0.24426890403453824 0.9463422707757632 141.57653706667375
0.9402230779250677 0.3151793890977461 0.12944412485292806 83.72461037780496 -0.2669782254099098 0.9175527820060474 -0.2948522033306957 86.76551204071451 -0.2116970849720051 0.24263000405317325 0.9468381285163219 142.57588729072464
0.9399973439841732 0.31664160876952674 0.12750479562422554 83.85448312078617 -0.2690287861540158 0.9171544280823479 -0.29422852697199303 86.45308798893137 -0.2100998717015875 0.24223314170942956 0.9472958756808202 143.57320877305582
0.9405230437359575 0.3158552056114266 0.1255685744561584 83.98253072513586 -0.2691051650237028 0.9176567461779432 -0.29258962252612786 86.15248780251757 -0.20763854924855524 0.241358014663572 0.948061906915176 144.53707719793206
0.9423709834636097 0.3108545520772681 0.1241845520064287 84.11741176925587 -0.26474098981258565 0.9191734336034486 -0.2918089024172159 85.8452542912308 -0.20485132470241355 0.2420771964721982 0.9484847388711063 145.51737099325933
0.9437422999412888 0.30675868939940143 0.12395321232485323 84.2500730591001 -0.2617668474579041 0.9214407767920574 -0.2873053734063888 85.5414071111026 -0.2023429074038085 0.23865654256517438 0.9498884126077942 146.5174046657405
0.9439632843065815 0.3062628340824978 0.12349682696316934 84.37985411399306 -0.2624333294824361 0.9227681625203367 -0.2823961933524652 85.24198467667192 -0.20044041195596118 0.2341234985320737 0.9514193423772351 147.5366927843183
0.9456439553542834 0.3011857512779696 0.123126935932237 84.51592377705083 -0.2593899342925812 0.9262798783965774 -0.273575072245793 84.94922559459793 -0.19644096558006008 0.2267288076903769 0.954041165160075 148.57523661237445
0.9469002305512216 0.2971420242495948 0.12329749992981943 84.65087056074886 -0.2562794942083296 0.9284196976522554 -0.26921885125404094 84.65664825067945 -0.19446239358517325 0.22328707661391198 0.9552576473569532 149.6096412424893
0.947653348068989 0.29498179329561974 0.12269779120927074 84.78656733894984 -0.25394900762392736 0.9285579787657011 -0.2709465953598201 84.35442826188698 -0.19385069856001047 0.2255666275679084 0.9548463450964041 150.64405898890553
0.9469999358111123 0.29805953368180316 0.1202799923303413 84.91297626658289 -0.2563735689832841 0.9262124068511673 -0.27663085722448216 84.03643234016778 -0.19385196709188796 0.23109510420086743 0.9535228224793765 151.69527084369645
0.9470124707995656 0.2990627540469231 0.1176619709704517 85.04428621012109 -0.2568089273285727 0.9243462468767232 -0.28240911496353927 83.70525310386301 -0.19321304382753252 0.23719072614834086 0.9521546211182363 152.75553611486797
0.9462507379688064 0.30177470212343444 0.116864250419157 85.17112418447202 -0.25887424336057285 0.9225961130037731 -0.28621999262183984 83.37805361440525 -0.194186924912992 0.24054508779526312 0.9511144257592887 153.8026157479614
0.9458441221837302 0.3029727082487967 0.11705715920383408 85.30407330310082 -0.25946370317572504 0.9216232493629788 -0.2888089572623356 83.04504146401759 -0.19537824696721712 0.24275802430199403 0.9503080042784399 154.85158889620794
0.9446434420507499 0.306562599046988 0.11740693003876311 85.4350257665995 -0.26269120190148626 0.9204291211982762 -0.28969758002364987 82.7080251103706 -0.19686953083024183 0.24278102158549564 0.9499941681280224 155.9343472217922
0.9453611712344848 0.3040777635222582 0.11809142183382122 85.57376319840793 -0.25983687913423464 0.9208400666034023 -0.2909634816286218 82.37461033325927 -0.197213274462505 0.24434286027748522 0.9495224708043928 156.98175900474232
0.9451658903268901 0.30478335469697504 0.11783658652000017 85.7052269427652 -0.26037577041668525 0.9203644231758397 -0.29198614583245913 82.0409385332465 -0.19743934409939204 0.24525482239300597 0.9492404246741656 158.02734457483876
0.9449960285285277 0.3052077725582305 0.11809709913826757 85.84346607093751 -0.26064223701016925 0.9201654923509426 -0.2923738192805706 81.69596048604991 -0.19789808316114757 0.24547245116786734 0.9490885208951213 159.11283318680822
0.9447760970327398 0.3057438298856721 0.11847012262413259 85.98373892057407 -0.2610501403159236 0.9200190349943647 -0.2924707764834521 81.3470243987266 -0.198410470700212 0.24535399430896954 0.9490121038419751 160.2183005290549
0.943703009170094 0.3087570849206496 0.11920678709164897 86.12283670946361 -0.2637199881049666 0.9191369647050859 -0.2928494973625313 80.99783984732021 -0.19998099152628152 0.24488679540331393 0.9488035396898161 161.33032538721622
0.9433725930899672 0.30952012039582005 0.11984379986538846 86.26625868539404 -0.2643532453209183 0.9190301598543674 -0.2926132589527806 80.64707517479167 -0.20070394086033452 0.2443232351781004 0.9487960290351345 162.4420060788312
0.9431622424818114 0.30976313986010856 0.12087220967209654 86.41200384210813 -0.26463621664355336 0.9194036031005158 -0.2911835636542532 80.29678221268144 -0.20132234737502078 0.24260734000865794 0.9491052612886355 163.55723239182743
0.9434896874903793 0.3084195541667847 0.12174771817316375 86.55991048811266 -0.2628931583824865 0.9195833996043733 -0.2921923766845455 79.9511641407157 -0.2020690432029537 0.2436349952976304 0.9486834341922975 164.64716477054213
0.9434442176696207 0.3088753135182563 0.12094186659744437 86.70126613522858 -0.26247940957232624 0.918107627469232 -0.2971625886448512 79.60154947483399 -0.2028179431799416 0.24857241435284483 0.9472413912593949 165.71871908772587
0.943061658951008 0.31036238796301197 0.12011873350858467 86.83919215656893 -0.2631367159839187 0.9163977195319389 -0.30182332086631897 79.2508267596253 -0.20374479034166118 0.25299124937363704 0.9458719454622787 166.77581745623175
0.9427368126117717 0.31097068063895017 0.12109000920386893 86.98015210771563 -0.26389917881015446 0.9168216896225 -0.2998631138366402 78.90015401510922 -0.20425985245555534 0.25069717209378783 0.9463712856822579 167.86457349824335
0.9418783003076714 0.31303020584533153 0.12245796563612836 87.12400546334946 -0.26623636924264843 0.9171730470041987 -0.29670527406249564 78.54852960188468 -0.20518590287722754 0.2468183344626803 0.9471902278759494 168.973753810726
0.9406735001598665 0.3163967203206835 0.12306719424811703 87.26551338975858 -0.26955938402772783 0.9164968713117811 -0.29579432058470767 78.20418051930405 -0.20637198042387542 0.2450325656699112 0.947396923764042 170.06098725806618
0.9403045568118567 0.3172305863201919 0.12373761544520707 87.41090493017343 -0.26988291749756127 0.9159287867725464 -0.2972546194278496 77.8554698780469 -0.2076262345723326 0.24607622689296216 0.9468520780782231 171.12692606088422
0.9396619216298977 0.31918110553691664 0.12360478915519472 87.55008987271283 -0.2717428842832347 0.915269917725428 -0.2975903232009326 77.51082987647771 -0.2081096782282733 0.24600615476959234 0.9467644285569913 172.20502982767974
0.9396719640904725 0.3189622324274339 0.12409245674739154 87.69460454736634 -0.27146441913020825 0.9154382348911104 -0.2973257626238562 77.16644231927833 -0.20842740859633568 0.24566270958643138 0.9467837806719659 173.27746230940446
0.9394814633945768 0.31962956419070837 0.12381498349922554 87.83573553923354 -0.27201385823253615 0.9150229517180012 -0.2980997081780436 76.81836280832681 -0.20856805003066026 0.24634059541996914 0.9465764824871973 174.3489029881652
0.9393290882282985 0.3200224761824962 0.12395677679504793 87.97569136618567 -0.27228132524932536 0.9148264349758651 -0.2984602299383357 76.47691632428716 -0.20890558986926258 0.24656170610222886 0.9464445243206409 175.4016457805885
0.939228087319631 0.32003996022014786 0.12467553385030522 88.11675328066741 -0.2724944079789427 0.9153198106257152 -0.29674863626690656 76.13675428249687 -0.20908200599363003 0.2447017668103 0.9468882815314146 176.4687360881351
0.9388709918081363 0.3205148968648117 0.12613498353930866 88.26220466954763 -0.2732338556339897 0.9160349896882002 -0.2938466396890293 75.79314174885118 -0.20971842293648496 0.24137983450129374 0.9475992970494377 177.56053059387003
0.9387986346124091 0.3204412037923616 0.12685834693132197 88.40880554652844 -0.27308471086933517 0.9162274323772464 -0.2933849588644456 75.45596049188204 -0.2102358551467551 0.24074642062421917 0.947645653082484 178.62412189003388
0.9386880199793877 0.3204491220574923 0.12765529446715376 88.55629346452896 -0.27285542406536994 0.9162394667507846 -0.293562042201832 75.11754875189114 -0.21102655779808868 0.24069157048759873 0.9474837523173544 179.68668560433673
0.9386573521981618 0.32007558908216144 0.12881011094376502 88.70592407407703 -0.27211107027236 0.916326902232977 -0.29397753965712253 74.77781323719405 -0.21211931258100844 0.2408535441394523 0.9471982757132134 180.7466567922436
0.9381220794597555 0.3213471832333695 0.12954177630011549 88.84655202390302 -0.2728441137264565 0.9156418814796137 -0.29542928794062856 74.45282920259079 -0.21354118191219695 0.241763885009474 0.9466467546832287 181.7573359059786
0.938226308768245 0.32130413937895136 0.12889714353077517 88.98563782834461 -0.2718190060814168 0.9142976333573145 -0.3004949166995136 74.1258538896183 -0.2143920741444975 0.24685516964399717 0.9451396018181705 182.738084529278
0.9372792809896835 0.32407398935938836 0.12885918887573533 89.11819439177494 -0.27378487007932617 0.9126333681667296 -0.30375290138017297 73.80270753112617 -0.2160303860252952 0.24938109921032425 0.9441032975098358 183.70728526584742
0.9368821476948882 0.3250431439070278 0.12930523452432904 89.25114888945674 -0.2745195524464899 0.9122757798763995 -0.30416262731564914 73.48414525948733 -0.21681899936543814 0.2494274492148232 0.9439101463532364 184.6752183235456
0.9366007058222985 0.3256379566370231 0.12984718997110747 89.38117960658161 -0.2754557844047531 0.9127102541289888 -0.3020052147002887 73.17530537088761 -0.21684830448488718 0.2470507244831334 0.94452823124438 185.63240628114093
0.936741076549957 0.32535151405633406 0.12955453826412083 89.51235182348496 -0.27500774663871097 0.9124934401871703 -0.303067755205399 72.86355972461209 -0.21681227519288548 0.2482267948978569 0.9442282976334422 186.57100042243837
0.9378635876920187 0.3223518739461647 0.1289338042159319 89.64401974607294 -0.2716823917102164 0.9126685437326411 -0.3055321283289721 72.55355042233248 -0.21615386482779642 0.25147748752390736 0.9435188522292807 187.49532962719113
0.9375670565551064 0.3233911273480508 0.12848731162239416 89.76795169957815 -0.2725700758166676 0.912053226758711 -0.3065772697027224 72.2464798695853 -0.21632277857513926 0.2523739269391947 0.9432408130105195 188.4110865682689
0.9373878478870394 0.3238269973523099 0.12869685464513497 89.89643406392534 -0.2729056092531383 0.9119030501208518 -0.3067253493815792 71.93634073898039 -0.21667616103644605 0.252357664978612 0.9431641367827992 189.34322700004688
0.9379796664456975 0.3218509940268636 0.12934081868521793 90.02659835295215 -0.2709076040242653 0.9126333689336478 -0.3063244052743683 71.63038301430139 -0.21662281328662203 0.2522457154010418 0.943206261525276 190.2665839595336
0.9380802951142344 0.3215074621720093 0.12946650509670107 90.15526948089057 -0.2704757283809812 0.9126668125670957 -0.30660817242533717 71.32309232997113 -0.21672777266573354 0.2525644336918044 0.9430967410423042 191.18394464207492
0.9383785227327894 0.32046128157222825 0.12989826302001517 90.28968123837845 -0.2692504933467633 0.9128904514789655 -0.3070204525669074 71.00768817014135 -0.21696225064868663 0.2530851666604571 0.9429032402186202 192.12122203265136
0.9384695595327214 0.32011623287741214 0.13009205160940607 90.42904356953551 -0.26877442796469225 0.912899711210553 -0.3074108595606774 70.67649878713225 -0.21715934482327856 0.2534891136259789 0.9427494216723217 193.10203735462147
0.9388764928122837 0.31865995606840664 0.1307278463766455 90.56490865042744 -0.26710055240188485 0.9132580107731829 -0.30780409871075615 70.35909520542947 -0.21746435448318385 0.2540313918045919 0.9425327553082875 194.03982058484823
0.9389020776118414 0.31835217368850505 0.13129487045368424 90.69197020965836 -0.26645543284304646 0.9131593342034218 -0.30865707278601273 70.05815334654775 -0.21814578922383332 0.25477311357383037 0.942175296673966 194.91818137947186
0.9386465209435778 0.31868235893574015 0.13231801418475064 90.81743797231996 -0.2663909057636279 0.9130084342425414 -0.30915889192410567 69.76235442759068 -0.21932186218298783 0.25490115049993894 0.9418675475621243 195.7856504270684
0.9380900907881703 0.3199026059491575 0.13331831618386764 90.95024217590813 -0.26707417009937096 0.912460015575148 -0.31018743256794973 69.44839261337702 -0.22086796696474562 0.25533592623551493 0.941388515654451 196.7182306838779
0.9394700362296587 0.3154931535015905 0.13410670515050294 91.0980774797436 -0.2621835325267773 0.913305441430441 -0.3118655989539396 69.12208839255058 -0.2208626692857938 0.2577855207789182 0.9407220104924082 197.666875887883
0.9388192863248488 0.31813292122984677 0.13242009210241015 91.22814996085076 -0.2637437857269125 0.9107177359077147 -0.3180565544391877 68.78768506108297 -0.22177205577480877 0.26363018879770633 0.9388868132381593 198.61012020563328
0.9386456011691291 0.3195959863789968 0.1301099611163663 91.34977610000904 -0.2637936602168534 0.9077008084635849 -0.32652687590982926 68.45850972389647 -0.2224480308487546 0.2721281880833586 0.9362989079364272 199.49136904260052
0.9400004739164209 0.3177882821461248 0.1246421338924147 91.47402067546656 -0.2619165029740321 0.9056326354779677 -0.333702413162514 68.11357446091577 -0.2189172905048162 0.2809915211953528 0.934511400277304 200.40213543400176
0.9400255428172674 0.31919832628217415 0.12079135249639618 91.58733760611577 -0.26438456000919264 0.9049053953365518 -0.3337290585721629 67.78005785185519 -0.2158213973032575 0.28173539641318274 0.935007334578156 201.3151377187034
0.9396038112171476 0.32193386090651177 0.116745968103383 91.68642825083533 -0.2691926861910787 0.9051069774497722 -0.3293098939143142 67.47600306621784 -0.21167441002863008 0.2779507900003222 0.9370858214874412 202.19494280710413
0.9399932054505499 0.32296443087439003 0.11060355583838792 91.7795852078663 -0.2730276005823011 0.9057465141283793 -0.3243576338763129 67.17640136263798 -0.20492588265102948 0.2746535304073998 0.9395552618483278 203.08064099253843
0.9398900764649707 0.32518005945552625 0.10483699411766817 91.87549905740923 -0.27886828974836025 0.9074407466807916 -0.31450305271729423 66.85679889242648 -0.19739486020533065 0.2663201370092282 0.9435580542910397 204.07357781428897
0.938843085807978 0.33000396264661347 0.09898316456631778 91.96075652117206 -0.2872260854147638 0.9083744254416153 -0.30411513931007567 66.5578215983097 -0.19026409069664096 0.257043402556351 0.9475874632259654 205.04602456178824
0.9386268236571927 0.3319323917677581 0.09448426904023934 92.04587610992225 -0.29166984379623906 0.9093214638010181 -0.2969720988423359 66.25919443798682 -0.1844822510054957 0.2511453836182524 0.9503087254235157 206.02668960222198
0.939307154692649 0.33127334352599824 0.08992877603196495 92.13319086105975 -0.29299182382718864 0.910255795113574 -0.2927792179284416 65.95949467456754 -0.1788392425703065 0.24861893568198967 0.9520503808758715 207.0041895601607
0.9392577167616712 0.33254087806394367 0.08566155372179217 92.21222277003497 -0.2953353180568191 0.9095579055469052 -0.2925932623872673 65.65915155808894 -0.17520458556168866 0.2494796023779968 0.9525007509322642 207.96786556262938
0.9366594292325374 0.3402644505694841 0.08375882627529264 92.28431554034525 -0.3030874220808623 0.9066384068752229 -0.2937239508529505 65.36059039126351 -0.17587373555670274 0.24969149720838946 0.9523217041569312 208.94625979439743
0.9359101168240987 0.3424463166211518 0.08324132211206026 92.36928600503211 -0.3043972339425236 0.9045556707532596 -0.29874799990947315 65.04660885979244 -0.1775922479677245 0.2542214531604858 0.9508029453450884 209.90423470702365
0.9364225106090366 0.34053327456998034 0.08530303388339629 92.46524464179235 -0.30182846011051845 0.9050884114074157 -0.29973978634773096 64.72459679569378 -0.17926891348680704 0.2548947829608352 0.9503079772403557 210.89195922890863
0.9372145296270427 0.33802267644571665 0.0865781481249862 92.5669605098898 -0.2986140948224482 0.9053537796958921 -0.30214745972976564 64.3903915143488 -0.18050731908068815 0.2572820960288162 0.949429719626889 211.90695008813222
0.9378907435512973 0.3358928402580042 0.08754106481769856 92.6680068407325 -0.2960215076872156 0.9057087280888622 -0.3036306755528656 64.05641829617501 -0.18126497599409735 0.2588167942260216 0.9488681330000519 212.9160817873077
0.9390772928132192 0.33255254564650705 0.08757067417379433 92.77471481267143 -0.29196336073726353 0.9055674853151119 -0.3079503059372073 63.70794114925082 -0.1817018581284422 0.2635801276429989 0.9474722617304331 213.9419938998054
0.938790009271883 0.33348235410321597 0.08711117552504226 92.87015393725106 -0.29214104682035424 0.9040102654803047 -0.31232522198347784 63.36619474317374 -0.18289556645742264 0.26771773140063715 0.9460812533705582 214.93180381287087
0.9383269542104061 0.3345765734703359 0.08790157860948829 92.967629799798 -0.29249143878299816 0.9030279528873192 -0.31482937392124016 63.018647148540815 -0.1847030030332652 0.2696611772743364 0.9451778947158934 215.93170304935072
0.937966187921269 0.3354327620284545 0.08849111157295855 93.06623727527587 -0.2932417606391316 0.9029408488340296 -0.3143814580284508 62.663938795932424 -0.18534691646846244 0.2688884116045034 0.9452720621069937 216.9772419669582
0.9374694579766482 0.33639884236975576 0.09007433666351775 93.16741356944793 -0.29429482887134967 0.903574549250896 -0.3115644033648922 62.31167094320093 -0.18618974009700123 0.2655323774657212 0.9460551546600661 218.0328893440474
0.9371740486664716 0.3369083965698375 0.09123597535735711 93.27354741737327 -0.29487027525065157 0.9040791582173511 -0.3095492310686271 61.95027407186981 -0.18676500694048842 0.2631572669688153 0.9466052134459796 219.11614001163656
0.937793990559315 0.3348395651948816 0.09246898088105936 93.38829096978091 -0.2925835104789152 0.9048911772504745 -0.30934560757540175 61.58092097916257 -0.18724623492066392 0.2630062026194568 0.946551805026181 220.2155680351265
0.9378937486721199 0.3343507182299855 0.09322646087496606 93.50341728585263 -0.29177885512812496 0.9049271116531006 -0.3100014439463054 61.20294514158178 -0.18800306238808956 0.26350534793968144 0.946262771285558 221.33100036001014
0.9383178764725464 0.3332146900677612 0.09302927791618903 93.61837828012335 -0.29002590265906364 0.9042605460022463 -0.3135712962729721 60.82201930294652 -0.18859997362119407 0.2672067404713841 0.9451051684721741 222.43340831426778
0.9377690064739371 0.3351226006777242 0.0917024984432881 93.72567637017788 -0.29132517588130785 0.9022652213563018 -0.3180828947713195 60.43685030894243 -0.18932697007688648 0.2715311144874975 0.9437265876330558 223.53166471659387
0.9379370385760076 0.33484308305603205 0.0910037360200092 93.83528354692115 -0.2905843321427577 0.9013277873370698 -0.3214012904068553 60.053446739391354 -0.18963343977218053 0.2749676263632827 0.9426693026987776 224.61278491239622
0.9371761870488734 0.3367107308491884 0.09194684538051741 93.94292308867661 -0.2925626137863921 0.9014736676038161 -0.3191900999017162 59.667565930708555 -0.19035258761076762 0.2721948926992648 0.9433289613039015 225.7397166610839
0.936731411418422 0.3374045244270322 0.09391320767659572 94.05767468467623 -0.29344818099097825 0.9025073186545599 -0.31543327233783025 59.28045831282435 -0.1911759761163641 0.26787546363633663 0.9443977979035101 226.88409151351442
0.9366009647288369 0.33739965784395215 0.0952226266280903 94.17294876687843 -0.29369282875934016 0.9034668946510509 -0.3124452596717605 58.901410637273706 -0.19143961720168534 0.2646285795654118 0.9452598659099893 228.00831513267374
0.9361268173413112 0.3385361258954422 0.09585373597955257 94.28723661313472 -0.2948809268407856 0.9035251661782245 -0.31115689180284994 58.52593129109875 -0.19193411578909772 0.2629748964613937 0.9456211144280002 229.1399918981991
0.935792013408853 0.3393614715885095 0.09620349011324562 94.40730472136988 -0.29549538524902635 0.9031747652116311 -0.3115897492906977 58.13362334400245 -0.1926202388160279 0.2631138157130305 0.9454427236807695 230.30635552031683
0.9355463994509626 0.3399821304330774 0.09640086217330236 94.52661581239134 -0.29604706652962937 0.9030035589334178 -0.3115615618824668 57.74206931109315 -0.19296591071428867 0.26289942150026696 0.9454319263816301 231.47042415383993
0.9343729451198352 0.34327392633945164 0.09611620959116496 94.64272339091082 -0.2986032402665484 0.9009817750957435 -0.31495681724273955 57.34458412038195 -0.19470558426587892 0.2655448232187895 0.9443352902241876 232.62538326728998
0.9346338369657479 0.3427307363202122 0.09551344297718418 94.7596534377425 -0.29767046092895727 0.9003148892792827 -0.31773412327675665 56.959393130201946 -0.194879884134926 0.26849182847543657 0.9434653947025947 233.7238492526556
0.9342331512867796 0.3439916546328384 0.09489840574276447 94.87162619174035 -0.29858725365485933 0.8992122676230154 -0.3199884616917939 56.57243898912545 -0.19539749619007682 0.2705670870798283 0.9427654541015987 234.82235175061865
0.934078724216341 0.34442455065931327 0.09484412915057272 94.98629300363405 -0.2988045156541833 0.8987721536481355 -0.3210190366546311 56.180960412813214 -0.1958008003167084 0.27147606359608406 0.9424202489313368 235.93142706322152
0.9350470762537322 0.3415037753263912 0.09586052500319847 95.10449189827494 -0.29596629044131395 0.9001466991111917 -0.3197954049730838 55.79799711763453 -0.19549075886925346 0.27061121780851577 0.9427334773088997 237.03398494456044
0.9351431190028899 0.3407224421700418 0.09768830977703746 95.22361588604387 -0.29547164129355086 0.9016024512491243 -0.31613232029233823 55.41482670442699 -0.19578030321142845 0.2667242349894726 0.9437812434911523 238.1567839855616
0.9345983484197594 0.3418918371235622 0.0988105985740949 95.34305603619602 -0.2967580895410444 0.9019584967309073 -0.31390452445355843 55.0304399549699 -0.19643537107889533 0.2640113850560818 0.9444078621126166 239.29328974014922
0.9334245161101653 0.3452188937299493 0.0983376392402788 95.4596832108334 -0.29954067628218844 0.9001076972700014 -0.31656329974418923 54.64147235589273 -0.19778852162528818 0.26599152424973865 0.9435695410718784 240.41816655358832
0.9321626556854352 0.3488229219744071 0.09759188487097997 95.57136293653552 -0.3023943239826113 0.8977669492317928 -0.32047433842197703 54.25513780295587 -0.19939352046926995 0.26918250399177435 0.9423264482157706 241.5208609803655
0.9312249990548277 0.3512321820057513 0.0979020412410258 95.68293221556608 -0.3044101954207472 0.8967166092977212 -0.3215053252295603 53.87571430559973 -0.20070306021906362 0.2695506727040817 0.9419434489906766 242.60963740118726
0.9307983401478228 0.3523106048003131 0.09808187232985963 95.79627492174077 -0.3053447030078901 0.8963073977882987 -0.3217595038418496 53.494688289167755 -0.20126051834965225 0.2695039306083709 0.9418376204773986 243.7048794332388
0.930766052858925 0.3524010071207097 0.09806607210327135 95.91037439785961 -0.3055027307569535 0.8963650540076173 -0.3214499261165117 53.11492879170846 -0.201171852828087 0.26919445866069297 0.9419451515619972 244.79779980461777
0.9309295015744221 0.35186110754917616 0.09845088578486991 96.02493990784345 -0.30528770988243353 0.8971265267826383 -0.3195236133299603 52.739452585710396 -0.2007403674447987 0.26735734504431813 0.9425601670416468 245.88720976283486
0.9309666416940254 0.3516678518746755 0.0987914622810981 96.13757710190919 -0.3055443530488877 0.8979326627339298 -0.31700499802020565 52.37644091683455 -0.20017837933284635 0.26489541085501705 0.9433747001926968 246.96140765962537
0.9308684600996812 0.35201000913352465 0.09849688988247006 96.24798152778602 -0.3059120393942501 0.8977371447493511 -0.317203673215852 52.0143273077282 -0.20007314975772827 0.2651030270576122 0.9433386667777777 248.01923700369974
0.9302422274659576 0.3539980243007346 0.09728290149829398 96.3512622535944 -0.30764917843495654 0.8962908721721909 -0.3196041810979459 51.65818494031276 -0.20032257787320693 0.2673399196028868 0.942654293134595 249.04279212586206
0.9298649488773856 0.3552257098011443 0.09640892694991358 96.45095691657401 -0.3088071283707122 0.8954486876944393 -0.32084555609231014 51.31123019806085 -0.20029138949257347 0.2685310858406711 0.9423221718073037 250.03818473764545
0.9295096995357445 0.35634260910923315 0.09571066913077658 96.54904411855091 -0.31004539662987235 0.8949714585100813 -0.3209824328818986 50.96579708534094 -0.20002756254612958 0.26864143692211134 0.9423465123126695 251.0407147482798
0.9294798086828486 0.3565520438431019 0.09522278599283707 96.64626223588502 -0.31055768973690284 0.8950927785874787 -0.32014841681888095 50.63135384195396 -0.19937234466426862 0.267958823740313 0.9426796438784941 252.01801083280537
0.9295607473160946 0.35617644127967896 0.0958365769005786 96.74545483980393 -0.3107814366445071 0.8962829875485013 -0.31658147627353095 50.298738523052215 -0.19864523953676821 0.2644571715807287 0.9438216596451369 253.00355523351197
0.9295120742465275 0.3560012422012505 0.09695626999216346 96.84650465306166 -0.31119258524450594 0.8976095877599514 -0.31239153541491016 49.969344404796175 -0.19823032109467395 0.26015942843038165 0.9451026533701549 253.99593900590511
0.9294321130138652 0.35608443409988294 0.09741507711853453 96.94592436476991 -0.3114842501647402 0.8980594255229203 -0.3108025667059891 49.64667806605824 -0.1981461705479348 0.25848652634478547 0.9455789499189798 254.9660596943292
0.9290020037611594 0.35755538323030456 0.09611876158826306 97.03919118213683 -0.3127119992064168 0.896741700229498 -0.3133638925645657 49.32769872366565 -0.19822817046354368 0.26101819155053213 0.9448659270700515 255.89793792145767
0.9284281071396698 0.359589389939195 0.09405515318525415 97.12843224834027 -0.3141600426020374 0.8944406446408825 -0.31844994878511046 49.00723803649428 -0.19862764466478683 0.2660690401598539 0.9433719112994211 256.8066574324531
0.9282872435003644 0.3604033470337841 0.09231395351537557 97.21640336657411 -0.31457431021880733 0.8928547003892885 -0.32246541420569985 48.689593684251875 -0.19863052234407635 0.27026014711901875 0.9421790872251364 257.6987477600947
0.9284492925603829 0.3600136845633815 0.0922057154672527 97.30690110478041 -0.31409103630463026 0.8927876112680322 -0.3231228987814304 48.36907586753938 -0.19863859064474554 0.2710013797634368 0.9419645444990568 258.60895924947556
0.9283980656883498 0.36013018740785 0.09226401488907256 97.39724987362908 -0.31414506097662015 0.8926971386269934 -0.3233193032100098 48.04671349745018 -0.1987908072858013 0.2711439995904311 0.9418912754880521 259.5306329093853
0.9282676971915919 0.36040623668542526 0.09249627848080884 97.48966382766821 -0.3143495567344734 0.8926311437625403 -0.3233027245396744 47.720480361460766 -0.1990753005248153 0.27099464307521776 0.9418741475310862 260.4666324811885
0.9276942185722628 0.3617479679151585 0.09301146954391103 97.58255542229617 -0.3153343087837554 0.8920053058763812 -0.3240708889057696 47.39030738331309 -0.20018841323885767 0.27126816685779237 0.9415594940961334 261.4040627284742
0.9265472120742776 0.36443881936330197 0.09393440100015477 97.67620798567661 -0.31690688888492835 0.8901556116534132 -0.3276029916009257 47.05644141761754 -0.20299722385435626 0.27373018021587925 0.9402445285420132 262.3378640692738
0.9250478237478279 0.3681662917751555 0.0941764573374621 97.76437296565577 -0.3190503633348508 0.8870562886858732 -0.3338691677802065 46.72083265375088 -0.20644891431146717 0.27875709868847426 0.9380133865432619 263.2511809772267
0.9237580671911073 0.37135127002514273 0.09432907625813756 97.85266020019284 -0.32089678367984686 0.8844008246495876 -0.339103232780252 46.38755759004825 -0.20934105722254587 0.28293860378486396 0.9361183377147644 264.14084510717856
0.922747355379999 0.3735523727570644 0.09552368827808329 97.94424004939961 -0.3219356088076907 0.8827894375360416 -0.3423021091891181 46.052889521202104 -0.2121847843528383 0.2850649880026053 0.9348320490291407 265.02299779821476
0.9217347756710633 0.37543219716943393 0.097900451776281 98.03670460864036 -0.3227546182930352 0.8820044948542256 -0.3435520001639056 45.721928534723396 -0.21531879044663588 0.28502516943605216 0.9341274021417579 265.90719625356854
0.9210301064106668 0.3765048217340162 0.10038079079768204 98.13545517981623 -0.32281703760599345 0.8815787895001475 -0.3445837912779459 45.38309787813592 -0.21822059360925722 0.28492674910696786 0.9334837938038634 266.8043013916467
0.9206864344194994 0.3766175103432412 0.10307356381850918 98.23796647009168 -0.3222881930562219 0.8820182154432478 -0.34395286296135424 45.05243096738401 -0.2204410095633114 0.2834124337776783 0.9334228642985983 267.6827209109843
0.921291260344277 0.3742559937973406 0.10622178100488523 98.34609222119629 -0.3188552315457713 0.882849928819861 -0.3450176275913165 44.71742900705792 -0.2228923424280528 0.283951592382915 0.9326766229981952 268.5582275458119
0.9212006441274255 0.3737126862875826 0.10888807916990459 98.45623654344942 -0.3176671340658158 0.8834560193316682 -0.344562012277468 44.38023125797859 -0.22495463675125596 0.2827799331219818 0.9325374888324207 269.44802088173105
0.9209643482188813 0.3736303669167527 0.11114838774389037 98.57007857192025 -0.31670994879818254 0.883444837380387 -0.3454716302184584 44.032274411170434 -0.22726167239163264 0.28292449445314044 0.9319342345511508 270.3517683960714
0.9207498414690581 0.37349393287667354 0.11336178557781228 98.68332450646108 -0.31583133797391794 0.8835949290648059 -0.3458919837840217 43.694002952059975 -0.22934372102433206 0.28263601014535067 0.9315116334178747 271.2352120826528
0.9203545554000506 0.37366240155135966 0.11598609198865655 98.79960533916275 -0.31528531091660533 0.883877250626031 -0.3456679296436112 43.3524921540148 -0.231669772006077 0.28152744384936296 0.9312718266283547 272.13204016143106
0.919754952052086 0.37389815190583914 0.11991761604698864 98.92163257459721 -0.31473442656842016 0.8846336063885385 -0.3442322655895402 43.00838832285195 -0.23478010278243552 0.27882646137009265 0.9313056319806896 273.0407607973975
0.9190579847407315 0.3744665751538111 0.12343632611269363 99.04755059202076 -0.31397297875831476 0.8844526233322568 -0.3453917921904239 42.65333631513098 -0.23850049790897826 0.27863887297054113 0.9304163472046244 273.96889037544054
0.9179872013495978 0.37636644116752704 0.12560420751780407 99.17515928474346 -0.3138253185446856 0.8824584822600556 -0.35058715748614333 42.29247555560631 -0.2427791275275632 0.2823763442929901 0.9281801482722488 274.88106669977014
0.9175240894248252 0.37675795729733313 0.12779831595567961 99.30736716339884 -0.3125714446324876 0.8814108208195778 -0.35432308825478065 41.92722872922218 -0.2461257422207539 0.28511369847586815 0.9264606515398944 275.7917429554147
0.9178586765441936 0.3744936434770813 0.13198172968046773 99.45340974077781 -0.3093845971676764 0.882870611919538 -0.35348369358860854 41.555977800823364 -0.24888912451819484 0.28357459705732746 0.926194353093814 276.74312234086494
0.9178152184386328 0.37284089223831096 0.13687299873965203 99.60575836222469 -0.3068545895536801 0.8844840029870595 -0.35165085671530594 41.179817900143455 -0.252160635843638 0.28070965776108064 0.9261820781485695 277.71141311161216
0.9181768275657892 0.3712162454884693 0.13884933999992982 99.75872325728722 -0.3032398751006744 0.8835866749478947 -0.3570015281067072 40.79155023076841 -0.25519909572596156 0.2856449928611767 0.9238377905001764 278.6696484998876
0.9174117161447768 0.3725679300370478 0.14027729552236232 99.90561130015999 -0.3016263862695611 0.8804989647483237 -0.36588599701930197 40.392642082166724 -0.25982037828132293 0.29331601037492805 0.9201384142338339 279.6138970346156
0.916689824396608 0.3734013555343747 0.14276118146634154 100.05753557884448 -0.299797137361716 0.8783867861930683 -0.3724082193991437 39.99197194495016 -0.26444600051936723 0.29854246637383564 0.9171348220093518 280.55474806083987
0.9160797769227862 0.37329055308300235 0.14690637375680995 100.22172607153816 -0.29875035722612486 0.8792511598707181 -0.37120745727937093 39.58194534964839 -0.2677244262925532 0.29612633811450934 0.9169667984186239 281.54354226675815
0.9151896120956257 0.37302807669822247 0.1529958585286627 100.39502607895932 -0.297823900001034 0.8812733948518426 -0.36713474449963096 39.17361034336321 -0.2717712360266679 0.2903914155786598 0.9176106667992657 282.54718902166894
0.9145306019636562 0.3729079647481513 0.1571724459317327 100.57320188963001 -0.29616580018328964 0.8814559839201437 -0.3680361537254465 38.75978335238017 -0.2757727052939168 0.2899903701031886 0.9165429576472902 283.5468132988116
0.9138168464314593 0.3734547775014849 0.16000456644479213 100.75183850579442 -0.2943955616554261 0.8800728446194468 -0.37273731996958953 38.3418289314386 -0.28000419506144264 0.2934678598841097 0.9141502347148246 284.5270577712912
0.9131442531251515 0.37395841093622917 0.16264678220544102 100.93243740726287 -0.2927043381370111 0.8787682913100082 -0.3771211588651367 37.919782209260504 -0.28394448782452414 0.2967171132876979 0.9118830145475502 285.50323821827374
0.9124680459262059 0.37464466934781976 0.16484899542807346 101.1140163993193 -0.29155968835676377 0.8776191949510178 -0.3806669789488833 37.4979984455794 -0.2872772739856717 0.29924168522587424 0.9100122416675688 286.46888371544975
0.9118931420888104 0.37462326469079 0.16804701996883092 101.29886186550773 -0.2896891481932558 0.8770958014502885 -0.38329179011752923 37.0748351556811 -0.2909711125179315 0.3007984701919424 0.9083237220918153 287.4294956405326
0.9112414164649694 0.37440447612816186 0.1720241795250718 101.49474206300121 -0.28782956096609624 0.8771919141780301 -0.3844732877146346 36.637973436761996 -0.2948345576255225 0.30079347218454194 0.9070792812029187 288.42665587555945
0.9104567579600162 0.3737834257068908 0.17744503946336806 101.69669687310353 -0.28641796692095445 0.8788648138105087 -0.38169786074870715 36.209162944856445 -0.2986105233243977 0.2966553021073664 0.9072071257369884 289.42479842738663
0.9101329877585375 0.3719977279869635 0.1827794933290551 101.91043208135524 -0.2839561395890671 0.8808896380717856 -0.3788592626787046 35.77477376438918 -0.3019317481270238 0.29287087986739063 0.9073380733796012 290.439384606784
0.9095677786769595 0.37146219913638584 0.18664231175286478 102.13325776103572 -0.28235187842542375 0.8815591359762999 -0.37850172994956294 35.326537845663715 -0.30512377330585744 0.2915343740679046 0.9067009038261897 291.48325449150786
0.9091107862358359 0.3710526785031984 0.1896602875205984 102.36189905156463 -0.2808508224520574 0.8818318922452623 -0.37898404593942686 34.875033824658395 -0.30785988159986855 0.29123262283413476 0.9058728486786575 292.5421883701315
0.9096580424140771 0.3683820752860788 0.192224311745763 102.59705074632407 -0.2770624178068454 0.8825304142479167 -0.3801440000565352 34.417660858642336 -0.3096703225073915 0.2925030413390074 0.904845804484442 293.6007644598368
0.9101224525940553 0.3674515957039111 0.19180712488105706 102.82532766134383 -0.2751784547856618 0.8817137359253595 -0.3833942272236647 33.96052219443438 -0.3099860236210908 0.29611438551242897 0.9035623586247382 294.6411311295583
0.9095610731119719 0.3695169620007329 0.19049965436868946 103.04600793124922 -0.27600361521980676 0.8794280094959434 -0.3880236085837588 33.50115115642149 -0.3108998320784914 0.30031187570726514 0.9018616280373543 295.67074807104626
0.9091369055996702 0.3707808615142293 0.19007061306521117 103.27341236779057 -0.2766504431926483 0.8783101274330597 -0.390089817818821 33.02645866009043 -0.3115663603721148 0.30202094740635527 0.901060699950469 296.73310321795356
0.9088520779932073 0.37119417615500294 0.1906240374765257 103.50226197190378 -0.2770431317158435 0.8784073691394442 -0.38959079804023605 32.55402417965243 -0.31204689117970846 0.3012285999504448 0.9011596538374426 297.8059463786381
0.9084224717705428 0.371675405814925 0.19173019287747228 103.73508107898968 -0.27788342598352467 0.8790749025519954 -0.38748112313788796 32.07833045169501 -0.31254980642901625 0.29867721037678363 0.9018343297673419 298.8955787810472
0.9085123757500393 0.3712434893737913 0.19214102824064783 103.97424886230543 -0.2773849384935359 0.8792970639854423 -0.38733362151432604 31.594696990915622 -0.31273173144276367 0.2985596169216276 0.9018101531341217 299.99736720451324
0.9088119408359954 0.37067197236339067 0.19182765540691687 104.21394334593367 -0.27651331248905936 0.8790379152682747 -0.38854333409784897 31.10425131318445 -0.31263346726828267 0.3000292560796895 0.9013564197863431 301.1028376473228
0.9088469765458227 0.3708807515725419 0.1912581512964853 104.44581708354245 -0.2764574127658191 0.8784920405066836 -0.3898155760651243 30.62265052784925 -0.31258144203551586 0.30136743606650157 0.9009282874150684 302.18462101666927
0.9088397779604336 0.37101086106211995 0.1910392647628744 104.67948482730698 -0.27649904167556544 0.8782808739987884 -0.39026241696166786 30.136837009549755 -0.312565170144996 0.3018232570523682 0.9007812862890396 303.278563181535
0.9087686082244879 0.37118124498178473 0.19104720172376155 104.91283161564648 -0.2769362183459015 0.878495256171866 -0.38946991009542603 29.654715788003276 -0.31238534804330714 0.3009896083818899 0.9011226935443003 304.37690644069863
0.9089652841036572 0.3700781191075423 0.19224734105830027 105.14820410941074 -0.27660104252325957 0.8800246675660095 -0.386242220251392 29.179160831515148 -0.31210937714517817 0.29786438370255053 0.9022559792245193 305.47200989125866
0.9091883930783594 0.369076605815702 0.19311388132716487 105.38709950353525 -0.27653462165716897 0.88153620753099 -0.382827072141085 28.70133767209804 -0.3115167240172678 0.2946185916438522 0.9035250436517684 306.58393974796496
0.9091363744274982 0.36929977015305115 0.19293358319195086 105.6282101978016 -0.2770644043520421 0.881692783356189 -0.38208415000932033 28.216308198776485 -0.3111989794662714 0.2938705573747679 0.9038781665869231 307.7131498940666
0.9095684583066109 0.36863963479623374 0.19215878019067686 105.8676850183974 -0.27609768628939385 0.8812741099148369 -0.3837476275864328 27.73223636273799 -0.3107964299781438 0.2959486927806743 0.9033386060888691 308.8216601927374
0.9088402617093374 0.37088546172458947 0.19128266557848148 106.10240676209075 -0.2778072943821221 0.8797925166319833 -0.38590867082092534 27.2457247265884 -0.31140340828478735 0.29754819194020765 0.9026044522659472 309.9384946912586
0.9080883498118308 0.37309145430186275 0.1905618293809252 106.33029280795974 -0.2797412060253146 0.8786301348145664 -0.3871578819905497 26.766745697124723 -0.3118649106625159 0.29822400478156963 0.902222073045751 311.0363748263995
0.9078949135950309 0.37392295330483816 0.1898513248495945 106.56056165798637 -0.28069632213754075 0.8782281963730675 -0.38737808794979794 26.284140845119957 -0.3115686946185617 0.29836676171399107 0.9022770700511586 312.1405339871525
0.9079216280750736 0.3741212556573896 0.18933324675660426 106.7888010038495 -0.28112403271646974 0.8781808011562839 -0.38717572112963283 25.808546467677235 -0.31110585958457965 0.2982577535375699 0.9024727785208575 313.23090215930614
0.9077837331608044 0.3747671032016141 0.18871623799773946 107.01726075476765 -0.28214216244611073 0.8781057523849585 -0.38660451855928796 25.330072371046647 -0.31058590919541207 0.29766742645292993 0.9028466337973192 314.3341012041939
0.9074628014043938 0.37579832170408367 0.18820943103405754 107.24532882007124 -0.2832027567950969 0.8776383424894737 -0.3868904794453298 24.848836642345965 -0.3105590810255412 0.2977463544316156 0.9028299980515971 315.43828501386827
0.9069475091045368 0.377435291787927 0.1874165432122003 107.47155531015008 -0.28474528782197334 0.8767624652016202 -0.38774352277172713 24.366718020787197 -0.3106542320814002 0.29825600220227755 0.9026290903519104 316.53831078223675
0.9065916045053032 0.378565129622643 0.18686009571369638 107.69717760966806 -0.2859116219668783 0.8762496879042803 -0.3880447532870275 23.88504661088385 -0.3106226436848535 0.2983316089811875 0.90261510872576 317.64034165590266
0.9065785901464439 0.378928368761578 0.18618777019347688 107.9215490985753 -0.28672980198542913 0.8763073488348123 -0.3873114101889127 23.408992772055875 -0.3099072726653522 0.2977013414133085 0.9030691883066452 318.73618470081317
0.9067626571717332 0.37901785242716185 0.1851060071577212 108.14030292118463 -0.28723305702162993 0.8762354803685664 -0.38710077374431734 22.94208782810551 -0.3089010088898749 0.2977985904459426 0.9033815264165965 319.80602696887723
0.9067724430074944 0.3805276617337063 0.18193224959386325 108.3481035352126 -0.2882137039147768 0.8739664169581328 -0.39147585174364113 22.47929576889494 -0.30795686030684355 0.3025026800812364 0.9021397591907722 320.8405575568159
0.9077015911535493 0.3797123720361421 0.17897766958365866 108.550291431538 -0.2870568245386906 0.8725826421545537 -0.3953928532766711 22.02435723052625 -0.3062953423084781 0.30748048648634785 0.9010217744059779 321.84620104163855
0.9090951727573818 0.37638753435079525 0.17892741999493814 108.75250910840273 -0.2852480548136708 0.875002497805792 -0.391333083542383 21.582718200198336 -0.3038416962635941 0.3046787175815809 0.9028021883796866 322.8547180871113
0.9091714669695687 0.37545095163591624 0.1805005468020195 108.96436052267515 -0.2873200656727518 0.8789029233786458 -0.38093844713578645 21.129202194707958 -0.3016530963873002 0.2944354368179766 0.9069254402300093 323.9382981707457
0.909198280591672 0.3750999615934565 0.18109541602449652 109.1782375750438 -0.28885685504947217 0.8810710388188563 -0.37471679616995895 20.68274699066998 -0.30010085633100153 0.2883400026851834 0.9093958126706174 325.0176045204706
0.9089855340638778 0.3754960029784619 0.18134455523540577 109.39158424433677 -0.28978827474406077 0.8815675372732963 -0.3728261377693263 20.23646836580148 -0.2998488298539962 0.28630070279015996 0.9101233387217372 326.09170715937387
0.9068783127240303 0.38119955974917663 0.17999024765441826 109.5989766561391 -0.29475072696354165 0.8786576580677986 -0.37579340342807893 19.78109135233549 -0.3013882819141244 0.2877055001515551 0.909171542428527 327.18281007260896
0.9053062494123562 0.3861649246841935 0.17730159206117155 109.79589849353559 -0.2981167000007829 0.8745672703139947 -0.38261826416468386 19.323718016013967 -0.30280180599774825 0.29348863642381223 0.9068506580936343 328.2361352008498
0.904105387537483 0.3898358024264373 0.17538408967379002 109.98931558330307 -0.3006236592781934 0.8715481525860674 -0.3875132533661775 18.874388017198246 -0.3039085362234309 0.29758652610295194 0.9051429472414606 329.2594660693246
0.9033926417993587 0.39155477655661935 0.1752266738245752 110.18368408286798 -0.3024025985513328 0.8710274254308636 -0.38729840019141154 18.433578609354992 -0.3042624706874159 0.29685217761740684 0.9052647778033222 330.2785777877773
0.9028281208800966 0.3924953780402535 0.1760315387494275 110.38131359436913 -0.30402657892635643 0.8717403585915642 -0.38441276237064437 17.99512791082496 -0.304320960497564 0.29349922721686666 0.9063385912116522 331.3042213711914
0.9024871490639904 0.3932006319887114 0.1762052014611156 110.58265369918507 -0.30542012047048517 0.872257493318678 -0.3821283757286282 17.550246403733876 -0.3039361365189096 0.2910080117511833 0.9072703373456241 332.348449508758
0.9024845429972134 0.3933626310069706 0.17585643292508382 110.78378724739099 -0.30591126055878676 0.8723816827398212 -0.3814514614115049 17.107650702950217 -0.3034495061958895 0.29041608314817124 0.9076228597568249 333.387149045466
0.9021835153987734 0.3944960075756414 0.17486256552317367 110.97847157137186 -0.307120196111122 0.8717027510208263 -0.38203246433273536 16.667438140426828 -0.30312519300161506 0.2909179266380309 0.907570874167477 334.41121630733966
