1.0 0.0 0.0 0.0 0.0 1.0 0.0 0.0 0.0 0.0 1.0 0.0
0.9999992847442627 0.0005142092704772949 0.0008963942527770996 0.007501960266381502 -0.0005137026309967041 0.9999995827674866 -0.00067940354347229 -0.0085269995033741 -0.0008966326713562012 0.0006790310144424438 0.9999993443489075 1.2767919301986694
0.9999984512151467 0.0008279696902988576 0.0014467861268752102 0.015333855634149851 -0.0008272661964960903 0.9999994653743673 -0.0006155217292773685 -0.016053018686079834 -0.0014471452065203394 0.0006142574512004728 0.9999986560298049 2.539948782277609
0.9999981798705186 0.0007547733059314109 0.0018409731492566271 0.02479742627913686 -0.0007538888979081639 0.9999994761562224 -0.0006971187727495794 -0.02578547952099414 -0.0018412954163251913 0.0006953810513146116 0.9999980355644068 3.7961032949912363
0.9999971165915919 0.0009562733297494869 0.0021415171787497168 0.033713269867599566 -0.0009546358100539627 0.9999988738122736 -0.000830621092894574 -0.036649220483445655 -0.0021423479575804817 0.0008284051655260287 0.9999970316818602 5.0568190214727675
0.9999962446679892 0.000963903423394869 0.002517527897053367 0.04350671591655109 -0.0009616547647105653 0.9999987855335776 -0.0009287614461242443 -0.04779844575641687 -0.0025183984908971092 0.00092614059491059 0.9999961449307874 6.30275797983049
0.9999950050862879 0.0012826298407236135 0.0027216503842047283 0.05358657107420778 -0.0012776060562882821 0.9999971181819762 -0.0017544662712804197 -0.06143768069220546 -0.002724295662565205 0.001750953147131409 0.999994149067859 7.5574540030655495
0.9999936665668662 0.0014107509341092928 0.003065296680134883 0.06433724121328885 -0.0014037204739017761 0.9999958243705663 -0.002127910095175347 -0.07463661415128413 -0.003068999921826446 0.002123699126438385 0.9999922008214576 8.794264372474306
0.9999942424330919 0.0015246947759611103 0.002825154064712904 0.07289077192094738 -0.001520581961352038 0.9999971001327832 -0.0012268735294346598 -0.08403750124895361 -0.002827835180865711 0.0012227356860319454 0.999994496912308 10.028828396299213
0.9999960299820165 0.0013440477889233961 0.0019526546700581308 0.07875799841700883 -0.0013414076662696076 0.9999972851313121 -0.0007138701649292801 -0.09278964920661242 -0.001954602566126305 0.000711568306110231 0.9999968768042238 11.275055362204935
0.99999858898845 0.0008910415520292518 0.0002212205856599145 0.08354294564365186 -0.0008898265140109086 0.999997919007427 -0.0008430790939969719 -0.10351470951394082 -0.0002228425428930222 0.0008432116220715911 0.9999988558401279 12.510312603571304
0.9999976813108996 0.0014056886937583116 -0.0007144507824832064 0.08420575805383412 -0.0014056570894839448 0.99999697313411 -0.0012089036559892246 -0.11399182527609801 0.0007119787234380006 0.001209828862438687 0.9999983378726846 13.76044428363527
0.9999960383477242 0.0018472686167350465 -0.0016444539260083418 0.08476151390834429 -0.001848658145005293 0.999995981041471 -0.001415600901019851 -0.1247209820270772 0.0016410959701645272 0.0014185654157868694 0.9999969474494401 15.035934548144365
0.9999928903145842 0.0027843226930339493 -0.002071648951420643 0.0836314540387362 -0.0027868076481252875 0.9999928965905761 -0.0016949820319743614 -0.13525948537435306 0.00206596653002845 0.0017009886567061943 0.9999954325538298 16.300724347854853
0.9999924865751946 0.0029701769212267626 -0.002188924936730564 0.08536067258883688 -0.0029734191161525612 0.9999923052425456 -0.0018782080307832261 -0.14696073281907665 0.0021826237626802933 0.0018847168668522211 0.9999949983082353 17.563683010147333
0.999991697361029 0.0031348484089260952 -0.002326346451491162 0.08747990038704656 -0.003138006237739882 0.9999918040303801 -0.0017888988748639366 -0.1581378818079638 0.002319880879218192 0.0017963395545729447 0.9999948057375082 18.81758326092133
0.9999914276528824 0.0033029152140666078 -0.0023698726618978923 0.08884264326570472 -0.0033061088341261227 0.999991148531869 -0.0018599754826830813 -0.17000635007897955 0.0023628228232000477 0.001868046424702442 0.9999948157754717 20.072356570523088
0.9999898371577209 0.003706026616087013 -0.0024291725482173798 0.0889318895366157 -0.003710925992882437 0.9999882569798931 -0.0025347880809249873 -0.18153897586587472 0.0024188396439381705 0.002544006340619998 0.9999931815626878 21.32890674104585
0.9999893124645205 0.0038349782724072857 -0.0024480437093870227 0.08976329731451788 -0.0038413529081065545 0.9999865846798701 -0.0030511633817716373 -0.19482933831082908 0.0024355845575548037 0.0030604644942824983 0.9999917671029825 22.581696378527703
0.9999867294147118 0.004348168170060444 -0.0027955536438782885 0.08727029280244865 -0.004355754841678356 0.9999851478995939 -0.0029534189139178786 -0.2056274516317258 0.0027823705424711693 0.0029649472313867118 0.9999915724915912 23.82782497678237
0.9999850245914637 0.004486059643698863 -0.0030209468598454397 0.0868886463051285 -0.004494606598218238 0.9999838573801251 -0.003144900090667905 -0.21842274610585208 0.003006279669822918 0.003157764020386718 0.999989959808257 25.06954738940879
0.9999835374323887 0.004670013918790217 -0.0033184109340148827 0.08620199442135568 -0.00468132107274008 0.999981428190869 -0.003651024171480381 -0.23296409183474753 0.003301001960490044 0.003665641494530251 0.9999874699426266 26.29777709219693
0.9999803524540135 0.005024581822061834 -0.003689506959932416 0.08221488677228563 -0.005036721866834513 0.9999802793823618 -0.00350975155360541 -0.24434026057805816 0.0036714228599294906 0.0035274267009784742 0.9999866350569442 27.540735256564002
0.9999806599106786 0.004492462423523575 -0.004428125899340885 0.0804245134179217 -0.004503408446230684 0.9999869452162943 -0.0024103216076394674 -0.2535074237318148 0.004416768344033828 0.002429649303544023 0.99998705275714 28.794277542898914
0.9999787711613637 0.004548655052733288 -0.004730282838272707 0.07741011149680563 -0.004561323032127236 0.9999863293581659 -0.002607490006068794 -0.2651425570698428 0.004717836247001743 0.002628233552148643 0.9999850609444834 30.042232788548873
0.9999779292784858 0.00454682062951045 -0.004909935037444346 0.07637630877604995 -0.0045633923743417385 0.9999842092732275 -0.00330302115911236 -0.27988502273937227 0.004894259130160055 0.0033244562118823896 0.9999822193250012 31.30021060692157
0.9999788759987631 0.0042023128397744745 -0.005132261983848336 0.07495364997709085 -0.004224109134151109 0.9999828790574641 -0.00410327518991074 -0.29594332538554186 0.005114554209808058 0.0041238607098177706 0.9999783064202462 32.54857923240401
0.9999767858497083 0.004497934053238544 -0.00529749018652297 0.07206463236746646 -0.0045212822658410095 0.999980831510528 -0.004267354869306887 -0.31049870851023276 0.005277806920595455 0.004290120212220537 0.9999769045676853 33.78942578360995
0.9999777869157974 0.004168790007808089 -0.005376964778683089 0.0695160509146967 -0.004192133271585982 0.9999823337511108 -0.0042358369136571775 -0.32423011046235417 0.0053587607383129955 0.0042573283335944 0.9999765584347418 35.033310003814215
0.9999769169071469 0.004109293241086253 -0.005519025285737849 0.06662109709664572 -0.0041329790535155776 0.9999820750959366 -0.004270406828499363 -0.33853719882662403 0.005500630528982135 0.00429233882604485 0.9999753501940045 36.29775858089819
0.9999766104946376 0.0037171698057256192 -0.005801716116474554 0.06515267737424264 -0.00374365705336647 0.9999821881102828 -0.00456492139781994 -0.3543576786529657 0.005783795744553884 0.004585821558024717 0.9999724134792239 37.565556057512076
0.9999740136913607 0.003990315363796421 -0.006043426946317635 0.061664978790240306 -0.004019587207154188 0.999979927635157 -0.004833964605347341 -0.3698293017899228 0.006023211272793959 0.004857292855933773 0.9999697236993841 38.80857128165218
0.9999736991518371 0.0037036058239956725 -0.006323762094491134 0.05906225704460355 -0.003734520295066989 0.9999814225664334 -0.004811798548028317 -0.38446010603398695 0.006305214155324707 0.004834153951462501 0.9999683752515867 40.057674244543705
0.999970913434709 0.004182817060048546 -0.0064550793733485785 0.05335830374333014 -0.004213146760959064 0.9999808296216692 -0.0046133024378584644 -0.3940313718870291 0.006435190630302122 0.004638989628681881 0.9999684998167986 41.31193332269241
0.9999690336344552 0.00453384879979309 -0.006518683349783018 0.048412612789454024 -0.004564237945155042 0.9999796080023583 -0.004557870443778169 -0.4051729242642517 0.006497457424646547 0.00458578597171006 0.9999683449219541 42.557542929134385
0.999965354180013 0.005337143742306625 -0.006433884405677173 0.04369716214741916 -0.005370655245317246 0.9999728222673278 -0.005134037173639495 -0.41991017556019833 0.00640560108516091 0.0051669840825907766 0.9999659744444626 43.78705107311902
0.999960422352535 0.006082967072756712 -0.006508244278125155 0.03849589103256994 -0.006118921103340068 0.9999666904593669 -0.005464353737731533 -0.4347815500033653 0.006473733505703858 0.005502388894650927 0.9999636217936279 45.02926782270039
0.9999468553836551 0.007858580979479748 -0.006748361981700563 0.030618844992577655 -0.007889275654772255 0.9999592726657748 -0.0044897741955825 -0.44588199521039756 0.0067119380021827815 0.00454100116904476 0.9999672045417022 46.247905236588394
0.9999451289838097 0.00846384139548491 -0.0063494816553734896 0.027603200439829 -0.008478857186287828 0.9999625428634106 -0.0021973073457847133 -0.4555443263538881 0.006329496733368757 0.002249247252120893 0.9999776815411816 47.50023304364521
0.999942949812503 0.009087789211972851 -0.005792538616613558 0.025399591421654558 -0.009090292344087184 0.9999595819056448 -0.00024068019307298908 -0.46320589031675985 0.005788969196003748 0.00029152074708544903 0.9999834866332629 48.74565050702578
0.9999393978110135 0.009730812704518725 -0.005280930218360223 0.02290063495342121 -0.009719866566734542 0.9999507479038778 0.0021652131844436874 -0.4678886849785515 0.005300851357334586 -0.0021158213014766986 0.9999837460519841 49.98777140440183
0.9999433713044148 0.009531960500886522 -0.00491690691376688 0.02342308383914086 -0.009520147885399148 0.999952130242111 0.0025348765636294917 -0.4735108133559834 0.0049400490200622845 -0.002490139537329881 0.9999849861703248 51.24828017341736
0.9999530741029662 0.0088530257548184 -0.004187651467805399 0.029085218942875146 -0.008848341294303334 0.9999608102013317 0.001302273015666993 -0.48438086755467336 0.0041983592615658675 -0.0012674126633335872 0.9999907448928278 52.48554774491944
0.9999431438063419 0.01016881042743055 -0.0035254554694395396 0.03101088462815546 -0.010170471550527449 0.9999489943180375 -0.0002641216736966117 -0.4971294602348205 0.003521824226448268 0.0002975638386592907 0.9999939515857285 53.72742161534313
0.9999360117247341 0.01091094657011863 -0.0032059803243251897 0.032612078180535735 -0.010914295676892399 0.9999405649273554 -0.0008201436489393443 -0.5090216679875257 0.003195892721877834 0.0008528650614526134 0.9999946936847859 54.97330098042692
0.9999290824606921 0.011555866659057753 -0.0030985056996430593 0.03357935546950462 -0.011561317328052892 0.9999324564771086 -0.0015138149030623558 -0.5214487783221499 0.0030798566354979556 0.0015475501939289605 0.9999943515495779 56.22415438971827
0.9999238674174775 0.011969599095774278 -0.003238621632664375 0.034247540819354924 -0.011978062033747088 0.9999257022190403 -0.0023990359924743274 -0.5357689361552825 0.0032086725190903415 0.0024358335959696782 0.9999922811796033 57.466162806530605
0.9999129120213073 0.012581649002443086 -0.004065343445067311 0.028769204412668486 -0.012592214766200678 0.9999177674539556 -0.0024647004143977655 -0.5464871955200243 0.004032725930987571 0.002514001355017295 0.9999889106963838 58.71178325709587
0.9999015315755695 0.013032745239332491 -0.00517758451769449 0.02335074964953867 -0.013043650499438569 0.9999126388045153 -0.0020409226105373686 -0.5559333351607341 0.005148988891129781 0.0021068102435144185 0.9999844209467267 59.96993282265158
0.999894402536779 0.013371545060936959 -0.005701357136011151 0.017945053025943545 -0.013384017015818274 0.9999082665020442 -0.0021246965788512136 -0.5645600059567661 0.005671028381662473 0.0021992001462645804 0.9999815389870105 61.25137213363321
0.9998855684153437 0.013937431018566513 -0.00592339315376985 0.011662284556602594 -0.01395219191568898 0.9998999651940529 -0.002424960076612326 -0.5750284860219943 0.005887660511496992 0.0025054884366144813 0.9999797550703957 62.514875295896516
0.9998767030052775 0.014513466606609208 -0.0060347835208499154 0.006454023979272366 -0.014529813198117499 0.9998912128485562 -0.0026609227468382163 -0.5869902446355174 0.005994065160789737 0.002746259009413143 0.9999784640116903 63.75485140884812
0.999874619834353 0.014718282103659339 -0.005965551279870412 0.00462884610967777 -0.01473805938097332 0.9998869440395661 -0.003219662363502259 -0.6018542163781642 0.005916338962949329 0.0033044861316136277 0.9999776344656885 65.00317543798094
0.9998765773953189 0.014580023922155723 -0.00584048111530358 0.004111416852984569 -0.014603746784709729 0.9998852478011871 -0.004061762583294694 -0.6188464569892326 0.005779062952595356 0.004144280155326491 0.9999748368728327 66.25447243489992
0.9998711545521555 0.014902157492871626 -0.005964955026626517 8.847818646747461e-05 -0.014924430823748506 0.9998817439778545 -0.0037414454366254614 -0.6316893790279281 0.005906895985114518 0.0038277605852494708 0.9999753508183017 67.49654174495537
0.9998646633436383 0.015265734569109065 -0.006183994936385995 -0.003931186491000316 -0.015285997822464295 0.9998781753280395 -0.003237682779896562 -0.6433761415958169 0.006132425790965917 0.003329223932894492 0.9999758091046456 68.73993971857934
0.9998488672958517 0.01627785886951644 -0.006125678590108294 -0.0053597053094823835 -0.016306137479087338 0.9998568037393762 -0.004597633941356507 -0.661230787331177 0.006048440282113197 0.0046940293470391845 0.9999707565935446 69.96442311287869
0.999826557825293 0.017675704224232428 -0.005947641561969737 -0.009749356334351292 -0.01771052834437701 0.9998264383754578 -0.005844173721667216 -0.6784971554678775 0.0058418710185512545 0.00594563145203357 0.9999655230339067 71.1725943500912
0.9998115700971262 0.01846955018159007 -0.006028245110840492 -0.015480518281072202 -0.018505165929628708 0.9998117151696119 -0.005913685367292822 -0.6934942808126453 0.00591629773047267 0.0060213469676845205 0.9999646376812541 72.41745214304889
0.9997984836834477 0.019175528179043493 -0.005996490694887629 -0.020822847058030725 -0.019211559632171506 0.9997975872421833 -0.006030966389632151 -0.708043289711896 0.0058780375923196 0.006142287951800871 0.9999640165804377 73.6450722037662
0.999787879204455 0.01974248176046281 -0.005971110487572762 -0.02630487898072398 -0.019778462161668862 0.9997865345566423 -0.006037923724484602 -0.723278221871966 0.005849193720130963 0.00615199817153401 0.9999643652209935 74.90427689803174
0.9997822412231 0.020131151236981844 -0.005608420022095877 -0.027834335637034746 -0.020162923396855645 0.9997814060721375 -0.005629370638665301 -0.737761233393289 0.005492566554383305 0.005738351137329479 0.999968757787116 76.13258423708632
0.9997772593634322 0.02066172342308124 -0.004505661234376712 -0.027939692645139846 -0.02068670250661465 0.999771649345933 -0.005488170486482095 -0.7526108169404074 0.004390089142605725 0.0055769658425758786 0.9999751992505717 77.38188748931712
0.9997807299775041 0.020895958409275668 -0.001991782740421374 -0.020332311559851678 -0.02090986026485 0.9997573489849225 -0.007053340602698221 -0.7738500177157008 0.0018428329501337676 0.007090192055815455 0.9999735867346926 78.5835595952656
0.9998201446795867 0.01903196025243606 0.00019732415695019071 -0.008414002034975025 -0.019028529420542378 0.9997490195997979 -0.011898993886340276 -0.8013880860407534 -0.00042465858201778625 0.011889807058276417 0.9999297141530725 79.8136773805538
0.9998136324458599 0.019247217234614127 0.0022145649211243543 0.0010209229362371872 -0.019219142856596212 0.9997427739483586 -0.012113423001584122 -0.8225599883560306 -0.0024482178659945945 0.012065342578645503 0.9999246768120128 81.04421928264814
0.9998062140231591 0.019228262108183045 0.004404063065015885 0.014301000767065582 -0.01918899062051441 0.9997781442845568 -0.008712493482393575 -0.8380216519994395 -0.004571145476955976 0.008622279342460216 0.9999524304761584 82.27275953990282
0.9997972306319842 0.019089550699179277 0.006579424298400591 0.031641771469371596 -0.019037614557805636 0.9997883978572027 -0.007846297372751759 -0.8547378871242144 -0.00672838336271989 0.0077154481874688275 0.9999476499417592 83.47187087819007
0.9997588400332116 0.019521837249170466 0.010155501466159171 0.055552924254560196 -0.019430519979504585 0.999771136622824 -0.009000667961697947 -0.8782305842626275 -0.010329405594515733 0.008797111715512666 0.9999080307565327 84.673018487412
0.9997295643195422 0.01939034635272281 0.012922012569902885 0.08295834111397528 -0.01924274285427512 0.9997497601857062 -0.01144114864320369 -0.9050680822059765 -0.013141225880352582 0.011185186444688862 0.9998511775503639 85.85649370374837
0.9997263855435525 0.017379703132296007 0.015729480246931944 0.1157670821913175 -0.017150761071799074 0.9997470619889206 -0.014570424994708892 -0.9357246987749871 -0.015979330682479455 0.014292610410287508 0.9997702745903945 87.05280158701483
0.9997026435305029 0.016630923003070158 0.017882531745448137 0.14959567517028427 -0.01635857381012627 0.9997499044554539 -0.015250888764139553 -0.9658052970347027 -0.01813229183449745 0.014949891083641755 0.999723802000195 88.24438826435485
0.9996499811370991 0.016795017544458002 0.020497450607481323 0.18467593189608505 -0.01651067303224992 0.999766562405908 -0.013953317616618686 -0.9918405241184554 -0.020727694668898948 0.013605883817277183 0.999692761292922 89.45411512375279
0.9995812338243717 0.017113064627338796 0.023388797260384404 0.22118362143776174 -0.016790688716528463 0.9997626840065734 -0.01390995060686718 -1.0188452845692448 -0.023621847540048653 0.013507071544342436 0.9996299072182487 90.65531042839724
0.9995053388298937 0.01652716397971235 0.026805617886584046 0.26501428785227676 -0.01611777673654096 0.9997517861976546 -0.015424705719319032 -1.0510830468654542 -0.027054438340344638 0.01498052994080946 0.9995221509408385 91.8143789282157
0.9994585410834504 0.016196981601879757 0.02868560207144396 0.3099211066651133 -0.015709618414937086 0.9997303526930895 -0.017143751339020036 -1.0838405759142475 -0.028956043150854927 0.016679208321104675 0.9994418713476982 92.95609900867537
0.9994058385872957 0.016333329606603032 0.030399342186858618 0.35549034640328575 -0.015809984524967687 0.9997245690480279 -0.017385414558856782 -1.1155052234442375 -0.030675435557039745 0.016889832728841085 0.9993869884604466 94.13223072347652
0.999370278452927 0.01584241971333836 0.03179605595942698 0.40312914683825085 -0.015315128495634964 0.9997429201723073 -0.01677007919302374 -1.1436438464975847 -0.03205407650234919 0.01626793816040197 0.9993541304896075 95.30194259829338
0.9993243607019032 0.01568314644259412 0.03327322116972869 0.4509136821127231 -0.015155754801257951 0.9997571536251145 -0.01603892494386993 -1.16983491973354 -0.03351722460297501 0.015519235024769703 0.9993179658913197 96.45965846919529
0.9992857049641232 0.015583325312015313 0.034475176187816065 0.5011290254843596 -0.015068337964401836 0.9997727486210933 -0.015150719848954438 -1.1956525555204367 -0.034703967858355764 0.014615737126095063 0.9992911825147215 97.65451050472271
0.9992495138202705 0.015090680852717201 0.035732573936970886 0.5529512953122665 -0.01457120101778171 0.99978668233201 -0.01476546524877229 -1.2214443468308063 -0.03594821066352902 0.014228784198846042 0.9992529254785905 98.83612796259692
0.9992247368309987 0.01379852395849705 0.03691463039577038 0.6083746140331152 -0.013186491969224315 0.9997735921968267 -0.016775614044276015 -1.2505436086064485 -0.037138526097584224 0.016271169987311263 0.9991779798384178 100.036197922558
0.9991983454975247 0.011796674084848977 0.03828290268900609 0.6653771762507154 -0.01102895703195135 0.9997361723102933 -0.02020092629054474 -1.2850817930028795 -0.03851196891245072 0.019757887953556263 0.9990627763549664 101.21220009137897
0.9991496415071323 0.012488607484782888 0.03931501971159475 0.7209760201401437 -0.011600455869775655 0.999675096246079 -0.022736743636045366 -1.3233509349110109 -0.03958719322592674 0.02225659931135052 0.9989681454044226 102.3809253257598
0.9991227841656144 0.012636337787735739 0.03996013582691688 0.7772468057311553 -0.011710274167281688 0.9996605936524249 -0.02334038143986757 -1.3615216923982365 -0.04024192047942052 0.022846401196432928 0.9989290196900619 103.57136540225623
0.9991164094450847 0.012922653340334227 0.0400184486052303 0.8296579717798326 -0.011998327584080428 0.9996586920129882 -0.023266779194918798 -1.3970201153272457 -0.04030600436828971 0.022760824608977725 0.998928286975568 104.77193371683006
0.9991330703391635 0.013272051137728906 0.03948436067926 0.8782690560858709 -0.01240571263626997 0.9996796923573352 -0.02211268020382688 -1.429460295251302 -0.03976581981169272 0.02159847138609805 0.9989757828190415 105.96827114177142
0.9991803615125718 0.013527529346032888 0.038184392117863716 0.9255187901605579 -0.012724477755710928 0.9996955725482016 -0.021204247572547075 -1.4604308452029775 -0.0384601569080451 0.020695647415748517 0.999045896218197 107.16561492556086
0.999231592564677 0.014105333130104447 0.036605306887237093 0.9701788493594178 -0.013352719643545766 0.9996974802297868 -0.020733277474076686 -1.491670881572253 -0.03688722457301605 0.02022305400454114 0.9991149918876592 108.38374485116027
0.9992998701325442 0.014569377929362066 0.034494731480636955 1.012422257120602 -0.013872707416496464 0.9996980921372219 -0.02035590021435362 -1.5228237735764272 -0.03478154015271255 0.019857441509453826 0.9991977030703773 109.59523124979854
0.9993735598814594 0.015246259304698103 0.03197767037821757 1.05077022425209 -0.01460626478567177 0.9996917451291961 -0.020159710991645985 -1.5542610207451457 -0.032275782419201884 0.019674388583036828 0.9992854937731418 110.80591087841684
0.9994527995287484 0.016499021444835463 0.028736751317171447 1.0837996442203912 -0.015924195005982925 0.9996726880530153 -0.020128228652857898 -1.5860858449046005 -0.029059549654777236 0.019653724639981263 0.9993850107322697 112.01871918816317
0.9995396631272933 0.01704080370267843 0.025190312460755107 1.1140901379037205 -0.01654854511501467 0.9996722229343948 -0.01963958049610405 -1.6162704504275953 -0.025516561862677447 0.01920752562568197 0.9994903848890713 113.24952927501157
0.9996180785217028 0.01780658369714688 0.021213186895313717 1.138863668729251 -0.017409303510481554 0.9996737654742103 -0.018780753357339496 -1.644657757726297 -0.021540937973252093 0.018398437381752685 0.9995989632596957 114.47367444703396
0.9996883415138887 0.0184589963129542 0.016905922649333962 1.1595277744241865 -0.01815640488765933 0.9996770812767247 -0.017892658239143145 -1.6726568830308517 -0.01723100286522197 0.017574141201417537 0.9996973333992621 115.71544374158256
0.999750626267699 0.018775756589256235 0.012239778163674803 1.1751064892833316 -0.01856595291164357 0.9996844867968552 -0.017047903043708908 -1.7004822413031195 -0.012556257123215536 0.01681026234919751 0.999780090254424 116.97050305517301
0.9997788061078374 0.01947338073495555 0.008160006980647571 1.1839842498020883 -0.019336295492834814 0.9996779113885682 -0.016572127643385347 -1.7278399953740906 -0.008480340169154008 0.016404513899789717 0.9998295631290075 118.22688864468468
0.9997825704083252 0.020570725477054318 0.003841988879047995 1.186748831957906 -0.02050610864430623 0.9996605962719687 -0.01620551437997174 -1.7537004460707373 -0.004174250840635684 0.016117182497409534 0.9998613417504448 119.47933942358193
0.9997738438380449 0.02135733791268788 -0.0004216695401372951 1.1846846163013136 -0.021361633872044383 0.9996464498339204 -0.015984115417366315 -1.780246876854202 8.047430061771353e-05 0.01598328132216643 0.9998726099201504 120.73110633801451
0.9997370387201524 0.022602218985464103 -0.00441382791413352 1.1770205826896516 -0.0226703081642151 0.9996180158923206 -0.015971271109505497 -1.8072214873479693 0.004051632080874568 0.016060840720262055 0.9998632619502175 121.97540497709173
0.9996762910797821 0.02457845693336688 -0.006864880457279961 1.1653140473425847 -0.02468593555894528 0.9995696032191296 -0.0159971807849109 -1.833682245878777 0.006468761734203794 0.01615549924941723 0.9998483314078596 123.24365475633341
0.9996312130442172 0.026057423306713134 -0.007941649248224544 1.1541347325284528 -0.026183863870068387 0.9995282993487584 -0.016202324410789535 -1.8603695112989687 0.007516080340192677 0.016398156884122158 0.9998372998528627 124.5008245788038
0.9996086818091332 0.026797592438569065 -0.008325923619224625 1.1450419231562114 -0.026933178229594228 0.9995026655998359 -0.016554640174938722 -1.8884573367668722 0.00787858859355104 0.016766135794779525 0.9998284211728339 125.73856564381491
0.9995641719414414 0.028251495243676775 -0.008874833002738308 1.133754574794614 -0.02839836332370015 0.9994583750583578 -0.016798330515385176 -1.916186545913992 0.008396164703992473 0.01703632829978751 0.9998201743819269 126.98747922288271
0.9995460388929602 0.02867039862644332 -0.009543185480164973 1.1236205518035374 -0.028826271181522457 0.9994507780183087 -0.01652311820377725 -1.9434744808269369 0.009065094707371109 0.016783930614417703 0.9998185058327566 128.24625594720376
0.9995404763123505 0.028689113766372655 -0.010008219958176167 1.1151582051350635 -0.02885200732821441 0.9994506505728546 -0.01646726551473573 -1.9723805684164983 0.009530899299828383 0.016741809941183305 0.9998146317466389 129.51463105586933
0.9994537806119113 0.031251874961844874 -0.010963595891665253 1.1001043365719945 -0.03141739712865195 0.999392989233177 -0.01521779323265804 -1.9973016191594684 0.010482040736908452 0.015547194702097315 0.9998246253686932 130.7877847577098
0.9994244670444551 0.03194391488302944 -0.011623046245257476 1.0881479986605298 -0.032088750809675604 0.9994102785658118 -0.012441562462331673 -2.0192902924319545 0.011219437260255821 0.012800528306495512 0.9998556364178706 132.0476066716437
0.9994476994744638 0.031166104811589455 -0.011731995542511472 1.0811637519656618 -0.03131635664535893 0.9994303913137447 -0.012798832750776656 -2.0451616685173795 0.011327108873697065 0.013152471322296234 0.9998501651189765 133.30635381393483
0.9994405508531433 0.03131474729630336 -0.011935645278260036 1.0724838849634142 -0.031481088299903336 0.9994094635320536 -0.013965014750545126 -2.0744069293660896 0.011491925128842666 0.01432645943810688 0.999832139888912 134.57530842186262
0.9995205367902993 0.02853843508055764 -0.012205386635644997 1.06619678966788 -0.028699485639848848 0.9995038294220999 -0.013192096570305583 -2.0992261524835483 0.011823497998768945 0.013529537211326211 0.9998395314498276 135.8523877505285
0.999553318018155 0.0269600083043989 -0.013086203234574193 1.05667577018362 -0.027110917753218163 0.999569478641459 -0.011464084651905118 -2.121432893626744 0.012772118834167984 0.011807326421371759 0.9998496594133105 137.14314316089764
0.9996163403870448 0.02440161604566474 -0.013284760248903797 1.0501395571103758 -0.02452923476341777 0.9996568951580685 -0.009489519241605307 -2.1407544240493843 0.013049239617383497 0.00980551784245709 0.9998675417933207 138.43262369125844
0.9996356187954676 0.023486774336843316 -0.013466465175192278 1.0398916773834561 -0.0236044252538501 0.9996867770397724 -0.008612372505068808 -2.1568341203792993 0.013260574756570952 0.008920860900882007 0.9998729699218439 139.70965424200284
0.999727787591609 0.019417855872377505 -0.013095029865939588 1.0363998807259414 -0.019558255421733683 0.9997540358752651 -0.01065885943846003 -2.1792846602530513 0.012885421861716905 0.010905839707302523 0.999857973595528 140.98700183015038
0.999762543167171 0.01778380409111532 -0.012772460156694117 1.030233841285183 -0.017930142359395895 0.9997764423554076 -0.011398796398668701 -2.2040109004320834 0.012567548894811887 0.01161876814887799 0.9998539573390935 142.2358852529167
0.9997800426631654 0.01700468456150091 -0.012468626251086853 1.0224842961632967 -0.01714980747093334 0.9997880258139472 -0.011578680206280178 -2.2288128454657428 0.01226972915693306 0.01178371857878712 0.9998557891616184 143.50130946197274
0.9997831250603391 0.016911706413445214 -0.012357107307847047 1.013190268580112 -0.017053685735316692 0.9997922452821129 -0.011398651781436816 -2.2533254730300336 0.012162622358422404 0.011600459433998612 0.9998593828054514 144.79917937424682
0.9997725590914817 0.017565838001528677 -0.012297035971648818 1.0025136884185122 -0.017688579068148264 0.9997969423431057 -0.009905357170731873 -2.275267581680689 0.012121397671458901 0.010114335602316475 0.9998758876952358 146.10869005951417
0.9997503244942937 0.018811889278563393 -0.012245988325562214 0.9908783177619683 -0.018923780249098295 0.9997826605811062 -0.009027321355819093 -2.295574478866906 0.01207417128871722 0.009250539267804777 0.9998848506901136 147.422841515462
0.9997493100272482 0.019069647184414684 -0.011943155233927477 0.9841136697172328 -0.01918964890063701 0.9997688565737101 -0.009952220646167824 -2.3218741726672563 0.011751347951626336 0.01017252888631682 0.9998797383582695 148.74168466442106
0.9997392920596168 0.01969486470053197 -0.011745159938763159 0.9757805186950248 -0.019826397611935016 0.9997436835345286 -0.011132752056548742 -2.3495264360576114 0.011523287355689917 0.011356544986664751 0.9998695261003271 150.0485473404903
0.9997430098787062 0.019629440857239645 -0.01155847720269699 0.9691331804578339 -0.019779890040329297 0.999722941996857 -0.012971495492311217 -2.379951248760596 0.01130143442001896 0.013189970551521804 0.9998499459696024 151.35136706581284
0.9997635795193724 0.018588078163295545 -0.011534066201097641 0.9631522592316252 -0.01878025592409253 0.9996866760811053 -0.0167068311174633 -2.4159417563251484 0.011220742545175863 0.016912720972454248 0.9997948186678923 152.6508367795682
0.9997662423147246 0.01844650289432884 -0.01153057262171792 0.9567519886167171 -0.0186755262209885 0.9996285840215164 -0.019982945701625503 -2.4553363967892374 0.011158762258800968 0.020187098701287657 0.9997348900969713 153.93675809681415
0.9997686867524557 0.01838763240979456 -0.011408005410521381 0.9494527698362641 -0.01861936271111372 0.9996198639584738 -0.020462557803661418 -2.4940552084406336 0.011028389721537748 0.02066368693660618 0.9997263030326585 155.2450141351674
0.9997660479867958 0.018485571017255155 -0.011460633769733157 0.9410150070877445 -0.018718039066961935 0.9996184702297037 -0.0204377963135421 -2.530155861954726 0.011079403261384764 0.020641076728906117 0.999726209097529 156.53534115079864
0.9997603448066905 0.018743513407990443 -0.011552696224045431 0.9308955418707394 -0.01897712817703062 0.9996147181288626 -0.02038102851177594 -2.5660928877050666 0.01116711135094548 0.02058889721760367 0.9997262541753449 157.82639949874414
0.9997504669981342 0.019156957290155815 -0.011736189848397026 0.9196234010230715 -0.019388928711385457 0.9996169179177526 -0.019887018650423086 -2.6002224059545123 0.011351687396115532 0.020102949447296185 0.9997344400790469 159.1170847206849
0.9997390862348622 0.019414470747943047 -0.012264743439250282 0.9065303200501152 -0.01965372683631413 0.9996178672630136 -0.019593234384029892 -2.6314160483748497 0.011880786781032368 0.019822286952474028 0.9997341961010617 160.4270664996784
0.9997309855771064 0.019777225984595852 -0.012346194370543821 0.8941237410003516 -0.02002157306579604 0.9996045987118979 -0.01989215608401168 -2.6658589765731384 0.011948960449953744 0.02012696573707086 0.9997271615673329 161.745903364735
0.999720325919682 0.02005664691694052 -0.012751847038149224 0.8810122765247256 -0.020308417653469298 0.9996003007645652 -0.01982544068856979 -2.6991173664571217 0.012350275476190609 0.020071783367677558 0.9997234785518867 163.0189144972564
0.9997138426610055 0.020081789678679126 -0.013184419900244156 0.8685605350470632 -0.02033370661979853 0.9996118991813697 -0.019189689873278598 -2.731480078437029 0.012794928293240283 0.01944550565350346 0.9997302057692949 164.31035380684125
0.999698102375701 0.0205559994404105 -0.013637591360854188 0.8540644587681809 -0.020816723601426366 0.9996018917938373 -0.019192808673187577 -2.7656836845587516 0.013238600984748149 0.01946405849392942 0.9997240498653571 165.6288127916636
0.9996915710623293 0.02084496789426868 -0.013659566314257337 0.8408021566200232 -0.02111396287214882 0.9995835446005998 -0.0198008042256028 -2.8032248972245504 0.01324192953407205 0.020076396330432372 0.9997116049019579 166.95646116317656
0.9996795837415098 0.021289821498616326 -0.013891857291694513 0.8264446475612468 -0.021575434926068355 0.9995564969397565 -0.020663196154584677 -2.842614590426376 0.013447148446699376 0.020949006446766127 0.9996913556340531 168.29341637576033
0.9996684599475582 0.021692564455505856 -0.014091915465674312 0.8108867790311037 -0.021984723771618853 0.9995445352707976 -0.020826643380677065 -2.8799835843335906 0.013635204144248066 0.021121748515063335 0.9996854366433681 169.6217138820274
0.9996632423375994 0.0218046440062026 -0.014272456611479281 0.7978564047698434 -0.022106862806200257 0.9995324635306281 -0.021277227755625287 -2.9193722670158517 0.013803348949042307 0.0215777368566669 0.9996735078170094 170.92253299989497
0.9996535982400182 0.022243202349513415 -0.014269702410406305 0.7840254149897081 -0.022554276518644115 0.9995084005271856 -0.02192045428774126 -2.9593401858900497 0.013776639362651557 0.02222686300667189 0.9996595038864484 172.21289388879822
0.9996410173775974 0.022673804864311836 -0.014467659914898843 0.7687304692177047 -0.02298984677932387 0.9994971376335994 -0.021974604418516924 -2.997783602474618 0.013963525889167171 0.02229164321205643 0.9996552523732057 173.52068463569307
0.9996255190548746 0.023199360918407644 -0.014714359283905595 0.7522229543841367 -0.02351379915438498 0.99949610110841 -0.02146809346190961 -3.0341080589342666 0.014210472591307614 0.02179834445383947 0.9996628120005875 174.82045449372774
0.9996165330598852 0.023415392363267035 -0.014952543003211336 0.736408554244957 -0.02373499147929969 0.9994899640266779 -0.021488502773772695 -3.0719716040732026 0.014443077917597226 0.02182792594735261 0.9996585694879517 176.13699215340318
0.9996050995267921 0.023825161257450597 -0.015082906905117342 0.7201903556923182 -0.024148790804871395 0.9994784865313233 -0.021565519723576926 -3.1087302933264143 0.014562685980343576 0.021913855744016983 0.9996549644065126 177.43594912474458
0.9995953708688773 0.02421660572774577 -0.015132721652402877 0.7043253607643111 -0.024542429738005623 0.999467451400594 -0.021633225591112033 -3.14553243956212 0.014602316855957854 0.021988809112244472 0.9996528718639283 178.7343371389976
0.9995880388207826 0.024580620836067855 -0.015050355415832956 0.6897946452374173 -0.024912145563039105 0.9994471759596983 -0.022150803048644786 -3.1853653252601717 0.014499194287510698 0.02250931412387258 0.9996430409708985 180.04763421193243
0.999565421105936 0.025456207283687755 -0.01510697080610822 0.6710420372831792 -0.02579663309202313 0.9994127824027265 -0.02268097268665802 -3.2219706997371955 0.014522430363892952 0.023053571366056243 0.9996302059721393 181.3660998644035
0.9995580941588104 0.025725027369435712 -0.015138714763943788 0.654306134451183 -0.026067221797882047 0.9994043463808076 -0.0227555668291375 -3.2591159207604 0.014546114783974233 0.023132751743563874 0.9996283919963914 182.68161888532237
0.9995586165043039 0.025728305221994954 -0.015091113253965439 0.6409529411152302 -0.02608099999065528 0.9993853562798675 -0.023563087910718292 -3.300026821961396 0.014477327508182388 0.023938973856432184 0.999610378712187 183.97132469121075
0.9995682871080128 0.025412127728316632 -0.014958561164235561 0.6292187115465318 -0.02577881850462157 0.9993638719192032 -0.024772769386969304 -3.342771229500465 0.014321034550736135 0.02514049193259326 0.9995830391284128 185.23266578665928
0.9996359572004533 0.02282037628866657 -0.014561156645883457 0.6195103700919238 -0.02318092498095726 0.9994199675837218 -0.025052764758873757 -3.3840759561531604 0.013982622444193377 0.02537394992996679 0.999581691835867 186.51223008093444
0.9996195924500388 0.023182272522400543 -0.015082084153359168 0.6045541110367832 -0.023513152131668918 0.9994810559918818 -0.02211664109969884 -3.4202194975259332 0.014563500029249431 0.0224552418227544 0.9996428401328996 187.80920793435698
0.9996226645780505 0.023029634433210624 -0.015129831547318506 0.5917623157838716 -0.02331101016871496 0.9995565403738306 -0.01865038666606121 -3.4518396852057203 0.014695378442212297 0.01898875295243064 0.9997128795339709 189.1013955349827
0.9996061790887311 0.0238120133087364 -0.014997267017083793 0.5772166492626121 -0.024100068618793838 0.9995256937902447 -0.0192853671531245 -3.4886355224009535 0.014532671107477678 0.019631967186978266 0.9997025676270768 190.41316167483072
0.9995535169560046 0.026011564147336852 -0.01487176681089327 0.5631607771674719 -0.026343921260948464 0.9994003074726833 -0.02256254323984072 -3.5310709670224276 0.01427811365537167 0.022936745208184207 0.9996360071812439 191.69438159386436
0.9995422055595418 0.026405593289320274 -0.014967270259339792 0.5509384228268143 -0.026763280991741665 0.9993511379733869 -0.024182514204249782 -3.574526675496985 0.01432131229773697 0.024564203507066094 0.9995967225841033 192.9565250345257
0.9995381226358488 0.026506480244976698 -0.015058417031233609 0.5365944974166929 -0.02686751737418515 0.9993458970206227 -0.024273592966165183 -3.6151289342808073 0.014407338689936757 0.024659234654618795 0.9995929164165277 194.2331416018775
0.999532995462141 0.026636868144081963 -0.01517655172944689 0.5224889806386025 -0.02699651541967711 0.9993505672584061 -0.02395871760926851 -3.6532841621757 0.014530781968433394 0.024349244011759915 0.9995990188893965 195.4951250943765
0.9995262430416572 0.02678704982704432 -0.015358196548710033 0.5083013887366974 -0.027128426713438535 0.9993825157182125 -0.02242725283410982 -3.689759398012264 0.014750228253030804 0.02282524749220106 0.9996317624933256 196.7781034366999
0.9995328692821193 0.02671507462187517 -0.015040930921635293 0.49693216574765076 -0.0270459376839413 0.9993895026025058 -0.02220498430563026 -3.727063961049301 0.014440749615753257 0.022593438383244353 0.9996413839927037 198.05855319612735
0.9995395433969236 0.026817520660382392 -0.01441192726343705 0.4875476437496798 -0.027140416988646297 0.9993767695204114 -0.022657355398239428 -3.768298689740662 0.013797621968879032 0.023030102336358264 0.9996405660552229 199.36188384402095
0.9995600447712392 0.026366099557919926 -0.013830851469233496 0.4816525304000189 -0.026692230167972925 0.9993598459357964 -0.02390810563552613 -3.811570915248565 0.013193922471341086 0.024258679651264874 0.999619890268068 200.62257247591108
0.9995678138039275 0.02630095778032905 -0.013402810120318881 0.47190743679381425 -0.02663077257273212 0.9993346712845079 -0.025001203507472435 -3.85238704332398 0.01273863372011413 0.02533919123945566 0.9995989630450366 201.88994059694633
0.9995859596841519 0.025913759355999752 -0.012796462553533321 0.46519064352833145 -0.026233575220637302 0.9993340041318828 -0.025438296356558476 -3.894058198374386 0.012130965320610981 0.02575551240163217 0.9995959867643366 203.13710877938271
0.9995816662455856 0.026276026487068165 -0.012360675156574939 0.45575599538252776 -0.026583958521287976 0.9993263318445229 -0.025383508587067206 -3.935074440852688 0.011687659430970701 0.025693350075620743 0.9996028410201409 204.4007901803508
0.999584027139506 0.026437678333609046 -0.011861627305944984 0.44813687485712006 -0.026724465949755253 0.9993437635997697 -0.02457063352700262 -3.9752313241292647 0.0112068702404141 0.02486884901616409 0.9996294097921069 205.6771787027816
0.9995764562554715 0.02687452212180322 -0.011536055444886712 0.43927757947108664 -0.027154804599114835 0.9993284118324935 -0.024724837213592584 -4.016233158876815 0.010866558955068627 0.025018877860671983 0.9996293656051745 206.93524963673076
0.9995808115358373 0.026860871629087704 -0.011119894393967536 0.43298259326264527 -0.027132321141966967 0.9993232450678702 -0.024928200151005907 -4.057539638866976 0.010445215180022605 0.02521126205689605 0.9996285448193425 208.18840475513744
0.9995803580174278 0.027049904366563154 -0.010683439743241955 0.42647053255901735 -0.027312505372639313 0.9993122937952792 -0.02516625259769992 -4.099360279960328 0.00999766044627092 0.02543913793080086 0.9996272279490146 209.44745925220872
0.9995875209263083 0.026918164665354825 -0.010314041632939242 0.4216411190735228 -0.0271730717689017 0.9993111053968691 -0.025354756173375414 -4.140906061110104 0.00962655021154185 0.02561647639252979 0.999626015126521 210.69585276406613
0.9995786094438087 0.027381121390760262 -0.009958114889696744 0.41493579430034216 -0.027629932166313542 0.9992900911529171 -0.02568887377265033 -4.182797211057199 0.009249867236207493 0.025945002713317664 0.9996212162862108 211.93618795305807
0.9995727412779806 0.027669227187037918 -0.009778887874896081 0.4088403839894945 -0.02791473079962767 0.9992785217384538 -0.0258467271724919 -4.223842037077049 0.009059048726263789 0.026100281706540406 0.9996191852739852 213.1636145845514
0.999580787372438 0.027421837598222785 -0.009621055074643708 0.4039129872404594 -0.027664964189661665 0.9992795217638512 -0.026074812804024267 -4.264476250738387 0.008901339602238968 0.026321907312586115 0.9996148340308493 214.37247406822436
0.9995730263737483 0.027676650837625875 -0.009713063178527784 0.39557905000229165 -0.027921324269357676 0.999275356905156 -0.025971816884440793 -4.3035614902651105 0.008989537029985827 0.026223644842596223 0.9996167533387564 215.59198573598184
0.9995659556772445 0.027804961233101964 -0.010099868312097474 0.3869853188952609 -0.02805707648604775 0.9992788987732212 -0.025687145349348097 -4.340942610851437 0.009380736932420216 0.025951069419433138 0.9996203879284201 216.77630914637353
0.9995525373640988 0.028175138012663314 -0.010402934046356185 0.3773347512449575 -0.028436662223603193 0.9992639053163407 -0.025860368966785677 -4.379048335560234 0.009668957653648431 0.026136318701371244 0.999612875313155 217.9414914222253
0.9995337930852922 0.028732196979616036 -0.010649472264668516 0.3689316938275159 -0.02900664891276044 0.99922998627001 -0.026530363167352338 -4.4197961914052355 0.009881114315480102 0.026818717097727388 0.9995925642469937 219.0936326770917
0.9995218980746509 0.029087395345084446 -0.01082953069095944 0.36004290768226416 -0.029372313687601806 0.9992041646508397 -0.02709186355491591 -4.459466171193424 0.010035116287407537 0.027388963962270387 0.999575687684838 220.2048508771467
0.9995125748170884 0.02924874997467928 -0.011267311511087928 0.3499494650525822 -0.029548152765595432 0.9991926538606538 -0.027330440879961296 -4.496521844735707 0.010461048512798788 0.02764181595400636 0.9995644794945179 221.330854802394
0.9995008972961344 0.02942426290432708 -0.011867963021804324 0.3382494638005182 -0.02974199534886749 0.9991831226091983 -0.027473981847592147 -4.533053105207975 0.01105219453046573 0.027804895101109336 0.9995537244212849 222.43514195050835
0.9994862321973353 0.0295316378989852 -0.012816771841750287 0.32538530694894163 -0.02987316965854709 0.9991854245707715 -0.027248120781097365 -4.568747205242333 0.01200406947524973 0.0276085999641685 0.9995482457374113 223.53305653548654
0.9994601473841039 0.029603314129807375 -0.014550724259801282 0.31025259706494046 -0.0299795815402368 0.9992070809802337 -0.026313104257972036 -4.601198166272772 0.013762536556830563 0.02672683605763122 0.9995496407507227 224.6102392825495
0.9994057403466067 0.030413450979090782 -0.0165194926954035 0.2911755557525461 -0.03082568350974192 0.9992089585264994 -0.02525143292875042 -4.633220069300534 0.015741015931208736 0.025737300259656107 0.9995466504209812 225.70498613510466
0.9993612271729375 0.03090132131847874 -0.01820968486306594 0.2705871314379695 -0.031356879798207206 0.9991925662694915 -0.025241335931512014 -4.666514933155594 0.017417429652489595 0.02578790033170814 0.9995175365099809 226.7784694166137
0.9993050102422517 0.03134791901656434 -0.020399274828167013 0.24843847756588322 -0.03186285989147324 0.9991724299854088 -0.025392363601085405 -4.699373187760268 0.01958866816046704 0.02601669558342973 0.9994712040804252 227.81449275881724
0.9992369586677063 0.03174334174179087 -0.022985355370453608 0.22440948858061238 -0.032320245146226605 0.9991642100016468 -0.02514066683911472 -4.7297250092039524 0.022170560858867837 0.02585597361770724 0.999421648565369 228.81952371460451
0.9991358575734333 0.032678575853628274 -0.025897885549188943 0.19447524919201734 -0.03332037132573783 0.999141900564856 -0.02471624288696981 -4.758998792210811 0.025070662648926344 0.02554922784187096 0.9993610963913059 229.8412621357267
0.9990388109410678 0.03361548047123879 -0.028321479827043243 0.16356938908635943 -0.034323198529121315 0.999104127162878 -0.024855452913769237 -4.7884417738533385 0.027463070277515655 0.025795304870356955 0.9992915623231117 230.82810539180207
0.9989376268963323 0.034253499527691196 -0.031008568917458897 0.13199289030065536 -0.03503701783850476 0.999074178747304 -0.025060628513396258 -4.817810883066266 0.030123978344006878 0.026112154533986416 0.9992067196585007 231.78228034254423
0.9988417535093093 0.03455673503513349 -0.03364989486159087 0.0988564423673867 -0.03541875995796878 0.9990535212510495 -0.02534360948244938 -4.8466623283394785 0.03274468747302206 0.02649777349020425 0.9991140709171977 232.70235288232692
0.9986990563556825 0.03564575803545374 -0.03661473142072573 0.061721722316535624 -0.03658725088022327 0.9990113863717562 -0.025351998531786255 -4.873566634159275 0.03567729664992809 0.02665034426299637 0.9990094630455502 233.59589562150472
0.9986000095334145 0.03598732870852131 -0.03891756819942919 0.025464690232627006 -0.03700322494359269 0.9989878205385146 -0.025681050981603597 -4.899771008283939 0.03795662481529315 0.02707672902377716 0.9989142628860761 234.44328712156727
0.9985113599679905 0.036849661556018376 -0.0403699022454157 -0.014610308985353947 -0.037908215010349355 0.9989524579680249 -0.02575165167849739 -4.9241308341935515 0.039381644781256483 0.027235232004656357 0.9988552059443696 235.2893958445656
0.9984781957534369 0.03725583795267812 -0.040827818621273146 -0.051558399079630016 -0.03832831437162941 0.998935897981709 -0.0257761721442553 -4.9477729887418915 0.0398272603350408 0.027293038389055977 0.9988361848921842 236.11806580301905
0.9984696367105881 0.037475603591462105 -0.04083675999912546 -0.08391587565055947 -0.038544618175404874 0.9989299799300461 -0.025683527151220402 -4.9695589141015795 0.039833682949705615 0.027209672420335517 0.9988382093969218 236.91740336623002
0.9984611844326091 0.037841937324561946 -0.04070191692051236 -0.1171716186139364 -0.03890809646558309 0.9989152045839148 -0.02570751187815711 -4.992591731043482 0.03968784733994571 0.02724315782978632 0.9988429868575974 237.7209022782289
0.9984643432760206 0.038008341527448065 -0.04047545016434554 -0.14702397802460232 -0.0390877552487365 0.9988958105595094 -0.02619395942536148 -5.018518455009645 0.039438242804900644 0.027727353989663528 0.9988398193092078 238.49164125817992
0.9984425033392037 0.03872874929219242 -0.0403319669959803 -0.1768445329693738 -0.03987946725917946 0.9988124786488399 -0.0281032943488498 -5.047917708055109 0.03919894059790954 0.029659626688171174 0.9987936096096837 239.25690696439017
0.9984332401941464 0.03913978002588711 -0.04015340829628628 -0.20490689988933405 -0.04036606112956786 0.998732389604091 -0.030171416268065937 -5.07815053445827 0.03892462798169645 0.03173700451065632 0.9987401397720899 240.00688856887
0.9984397721668685 0.03946029420873775 -0.0396748867210433 -0.23189835293685535 -0.04070737951369756 0.9986898601026225 -0.031106309590274172 -5.107861015864481 0.038398498648045114 0.03266483058256647 0.998730666845783 240.74314507025827
0.9984406034911433 0.040051324318774215 -0.039054907033512554 -0.2590761296956285 -0.041296773139850265 0.9986501189588979 -0.03159910645360239 -5.137265762279668 0.03773959671780701 0.0331548059009629 0.9987396543304705 241.48294016644923
0.9984653131757872 0.04021767838017013 -0.038237732767448955 -0.2843077030433515 -0.04144683527093101 0.99863445923507 -0.03189389830367874 -5.167525305728041 0.03690581493325802 0.03342187197062587 0.9987616303313771 242.2427493960906
0.9984807437613112 0.04047771892999682 -0.03756131124313856 -0.3102973226453274 -0.0416929943374355 0.9986166800953901 -0.03213103615117246 -5.198245563096402 0.03621185299172423 0.03364013649339959 0.9987797195287654 243.01301550060523
0.9984921881308637 0.0409802814291157 -0.03670355436411127 -0.3359197320492542 -0.042179016223202685 0.998584751449702 -0.0324832409683172 -5.229692141427489 0.03532347745910104 0.033974287873172644 0.9988001745820677 243.78995366213772
0.9985186641103322 0.04115300506599064 -0.03577796205989279 -0.35732858923067484 -0.042333183960928944 0.9985660150342929 -0.0328586582447186 -5.25999102686319 0.034377414719416265 0.03431657183361725 0.9988214468805833 244.51163875720948
0.9985687276331705 0.04130769785028105 -0.03416946783558915 -0.37690458583836983 -0.042436529191390605 0.9985578362782581 -0.03297261441406504 -5.289009149826727 0.032761206951791896 0.034367301954773825 0.9988740665019417 245.21901178925089
0.9986513099311312 0.04105500542030691 -0.03200007009588648 -0.3942199378036437 -0.04211019817026906 0.998571120387216 -0.03299012308035746 -5.319218906085645 0.030602902445816912 0.03428507238015877 0.9989455569994625 245.9541842240651
0.9987261991594429 0.04067815713512614 -0.030083754287736034 -0.4103589763061963 -0.0416716269691272 0.9985843372934889 -0.033137582074868666 -5.349760924048073 0.028696136059722918 0.0343409500190868 0.9989999919513105 246.67914603474844
0.9987787493036148 0.040765621539193816 -0.028160674760117126 -0.42584011303612723 -0.04170171078466477 0.9985720979664088 -0.033467913156997854 -5.381185978763955 0.026758935957267437 0.03459318760137443 0.999045044299552 247.4016844978483
0.9988300039313384 0.04078184645689598 -0.026240657857745674 -0.43856398268690755 -0.04166216701824114 0.9985584670240015 -0.0339097082683254 -5.41286517865029 0.02482263533272651 0.034955395567177236 0.999082165618887 248.10055172437706
0.9988679119276089 0.040865560297346316 -0.02460582772066775 -0.44963478100253984 -0.04169879257035394 0.9985414909468833 -0.034359919865733515 -5.441615629739203 0.023168385336797444 0.03533918295543959 0.9991082796347797 248.79480757894905
0.9988910786269037 0.04172659035599015 -0.022090085550569162 -0.4608429179986485 -0.04249142595114156 0.9984728762378136 -0.03536688383138322 -5.472711958242509 0.020583208549524255 0.036258470155633715 0.9991319809473074 249.49015142214745
0.9989030688323549 0.04227180234451606 -0.02043953615967814 -0.47043693024175964 -0.04298801523668622 0.9984296415357078 -0.03597540297491984 -5.504791586820223 0.01888910089659443 0.0368067105112705 0.9991453905714085 250.1900105655869
0.9989182405414818 0.04284705597013646 -0.018416508051886223 -0.48114314535105024 -0.04348578010376547 0.9984145731914355 -0.03579916756866239 -5.534126953023335 0.016855886365259722 0.03655322941486319 0.9991910360290389 250.9044908320499
0.9989386055619588 0.043294486113047724 -0.016131895379897024 -0.4903077605655991 -0.04385060730122616 0.998395963741311 -0.03587262186526469 -5.564551028637403 0.014555422844169304 0.0365338025840338 0.999227893544525 251.6211426548714
0.998947595275197 0.04368939353733617 -0.014442060112356846 -0.4975926062064909 -0.04418777650102434 0.9983704031964654 -0.03617922252241272 -5.59684664829623 0.01284049286323247 0.03677081136826346 0.9992429211249322 252.3438074768403
0.9989364283915203 0.04465352686385097 -0.012099570895241126 -0.5037182006356002 -0.045081436333278116 0.9982730734347075 -0.03773194583740445 -5.632622008784302 0.010396690009326717 0.038228655126538565 0.9992167588530119 253.06888311446164
0.9988881256466757 0.046181705553254924 -0.010230275155010534 -0.5105312834977593 -0.04655610758589435 0.9981178741454697 -0.03997937759155314 -5.670318784441123 0.008367633926589277 0.040402370134281586 0.9991504355715662 253.79378862170137
0.9988944116133704 0.04617376603259047 -0.009654223932380517 -0.5163683424839371 -0.046534222798444755 0.9980717700290005 -0.0411478899790142 -5.707453974791393 0.0077387898276227735 0.041542804079189706 0.9991088733425624 254.5377218329006
0.9988730916331714 0.046677918673116076 -0.009388599882109584 -0.5261644342793428 -0.04702979589087197 0.9980316950378637 -0.04154872973838842 -5.7403567067129435 0.00743363887641067 0.041935131785142195 0.9990944585444509 255.25236492305177
0.9988658283467223 0.046898010475576984 -0.009017199094836365 -0.5341058385101901 -0.04723659631443054 0.9980069491856622 -0.041902943006592835 -5.774828707917034 0.007036980563933816 0.042273333947987525 0.9990829237307831 255.988869606331
0.9988510367232301 0.0472470939009756 -0.008834132442092772 -0.5423407726263548 -0.04757975132639675 0.9979774817254635 -0.04221658369991465 -5.810942361463339 0.006824566540536831 0.042580274264045516 0.9990712454245405 256.75470506757694
0.9988379780047316 0.04756352182279059 -0.00863194120198731 -0.5492555063155471 -0.047889408938816 0.9979492613989243 -0.04252921959155488 -5.848364458368627 0.00659435450857534 0.042884925032486136 0.9990597062722633 257.5237392501208
0.9988485095424748 0.04733527326892279 -0.00863665877143301 -0.555014145829113 -0.04767221031146124 0.9978890244587013 -0.04415081899766174 -5.887559231823879 0.006531261372769457 0.04450337487071806 0.9989892165294528 258.2805506185861
0.9990044245036177 0.04397102978494712 -0.008389757119457305 -0.5580522370209837 -0.044315850032690965 0.9979333978539097 -0.04658173195230329 -5.927569769822645 0.006326910071792839 0.046898788626607124 0.998881072234831 259.0628981678853
0.9991060745367095 0.04166815806323673 -0.007989069092494899 -0.5617543813116075 -0.042000859245817826 0.9979950622077238 -0.04738327800988425 -5.966492312491404 0.006001414100961183 0.04766812966744741 0.9988464692492292 259.82723644256265
0.9990461256577311 0.04309192323788954 -0.007921231590529113 -0.5708381636254315 -0.043400543206839455 0.9980838392053564 -0.04413472194208786 -5.998214449893604 0.0060071108311856285 0.0444279219732759 0.9989956005475044 260.62233742875395
0.9989383079465696 0.04546877782208164 -0.008204630836150329 -0.5808737357759901 -0.045757043363980426 0.9981819345181414 -0.039268266480099435 -6.026480119010366 0.006407020259274443 0.03959370936807702 0.9991964941647257 261.46291890455956
0.998951659675569 0.045247053750977234 -0.007831476606462667 -0.5852792858388899 -0.04550111867706957 0.9983155321220131 -0.03603944763407637 -6.056956116075909 0.006190177157941864 0.03634994092246648 0.9993212350420204 262.30931517955605
0.9989768629195268 0.044819589437619205 -0.007068168815530706 -0.5847863922898417 -0.045056230986797285 0.9982699871739045 -0.03781526557990005 -6.097635839128216 0.005363895919583773 0.038086590598062874 0.9992615196646808 263.130189905465
0.9989446090268644 0.045898814787410286 -0.004170370582145102 -0.5815926003634377 -0.046037882716649194 0.9979824493509639 -0.04375615552219567 -6.147162859627691 0.002156725460578828 0.04389330627217924 0.9990356580729882 263.9409873430208
0.9988656872171036 0.047747658349023364 -0.0015613072890228279 -0.5787506810856258 -0.04776841463787595 0.9977441312686244 -0.047199956248872035 -6.195669834993426 -0.0006925526045221488 0.04721222335636015 0.9988863856793568 264.7406454247911
0.9988199728428849 0.048710514562519854 0.00045419775586869634 -0.5769171317082448 -0.04863427870486097 0.9976890877889097 -0.04747841051876292 -6.240915401655024 -0.0027625352397528196 0.04739156188553873 0.9988741788120253 265.57599653854595
0.9988220772177246 0.04862864346180892 0.00200645261670828 -0.5694278510787992 -0.04848529403072668 0.9977664216254393 -0.045977998724370944 -6.284327463526783 -0.004234405089846324 0.0458177690504159 0.998942514619422 266.44036034276144
0.9989137940250508 0.046610958691159526 0.003646587671939366 -0.5604989172713972 -0.04641184995098298 0.9980006931762576 -0.04292948590816473 -6.324251700062404 -0.005636749565127102 0.04270459275179972 0.9990734854666041 267.3039719837713
0.9989501179031643 0.04568591417460882 0.005149744396824659 -0.5501827489871278 -0.04542714425511675 0.9980680103954573 -0.042416009460810936 -6.365451582968473 -0.007074023775689329 0.042128604614591884 0.9990889890056184 268.160204105964
0.9989279634520531 0.0459112216410469 0.007043574583786122 -0.539232483442807 -0.04557212694311106 0.9980595492398463 -0.04245707246899498 -6.409654279380935 -0.0089756165154936 0.04208190790423207 0.9990755813897557 269.0373943578262
0.9988311467922423 0.04761264307825945 0.00916214679953246 -0.5274220235267355 -0.047164284361475795 0.9979130350981288 -0.04413167571007197 -6.457435660260565 -0.011240785115493453 0.04363935721237343 0.998985802734163 269.87373326924853
0.9987919626475152 0.0481279801121592 0.010635768054572121 -0.511991718652869 -0.04759623092064782 0.9978267538612869 -0.04559811688792418 -6.506131685656076 -0.012803674044605542 0.04502800581801608 0.9989056129044683 270.70453793046545
0.9987574221145005 0.04839718059640596 0.01247916937084706 -0.4960837309658665 -0.04777852492582219 0.9978071390947355 -0.04582766265125088 -6.553494093434755 -0.014666310379952353 0.045165648634199716 0.9988736054558595 271.57854712839674
0.9986995885852951 0.049008524918269535 0.014563482807643616 -0.4801178279300048 -0.048316437888198754 0.9978378852822897 -0.04458344520401512 -6.596264367663308 -0.016713646248557677 0.04381310137531569 0.9989017212012932 272.4552803360758
0.9986270739910572 0.049555495118463154 0.017411807367049933 -0.46137519237510277 -0.04875039135029024 0.9978446469383799 -0.04395566513256489 -6.639786578087721 -0.019549068992591012 0.04303790450653 0.9988838009303574 273.33698355190586
0.9985676632509397 0.049944635968859646 0.01958928160741953 -0.43867395643415313 -0.04904037701508576 0.9978199840916699 -0.04420287810131484 -6.682366338643158 -0.021750630433587787 0.04316993718537242 0.9988325882336283 274.1912346639604
0.9985132137684951 0.05025354100637548 0.02149363359345069 -0.413571362954361 -0.04925840702999459 0.9977934500256835 -0.044562626804889746 -6.727942477672734 -0.0236817440177761 0.043428570836915974 0.9987776577687548 275.051245383529
0.9984765160957946 0.05011988620947881 0.023431538021622792 -0.38576138886692707 -0.04903319996996036 0.9977912624944835 -0.04485717348820004 -6.774229311644327 -0.025624178887677623 0.04363070284441925 0.9987209121279459 275.90077347432793
0.9985034326290007 0.04905153990275294 0.024508980238791892 -0.35732753379209037 -0.04791788098677754 0.9978443474929328 -0.04487689502892585 -6.819461054096926 -0.026653598764896473 0.04362617376123153 0.9986941550129809 276.7781476408195
0.9984857249839519 0.049142305914265626 0.02504408770750906 -0.332486151295286 -0.04798002927115827 0.997832743182607 -0.04506561789466549 -6.866214575129738 -0.027200681555123136 0.04378677714756952 0.9986723670665641 277.65655831735006
0.9984711630338108 0.0492366901073808 0.025425411263588733 -0.30694693117106986 -0.048053124445641505 0.9978219904621355 -0.04522287192463433 -6.913640771908051 -0.027593083034342124 0.043923138667952465 0.9986555916209849 278.55193664845575
0.9984527749869935 0.04942308771448551 0.025804637245848788 -0.281912684573696 -0.048219630632774776 0.997808515044311 -0.045357801948918385 -6.960564276246174 -0.027985719465279002 0.044033871132455375 0.9986400676617289 279.4546353714024
0.9984350650028339 0.049670258645239246 0.02601422850156007 -0.25861662517999384 -0.04845784630057993 0.997797850245182 -0.04534172792212256 -7.006002230398488 -0.028204950831638827 0.04400082857458162 0.9986355019547826 280.35537102199834
0.9984058857208258 0.05017633461552968 0.026158771367913263 -0.23652008973662095 -0.04895396499795149 0.9977682342211291 -0.0454512415595091 -7.050346696852996 -0.02837703204575151 0.04408893365450631 0.9986264674432695 281.24762432521266
0.9983961973165282 0.0504172544001714 0.026066197228361357 -0.2137546971077586 -0.049187364389587346 0.9977382929492286 -0.0458572934341715 -7.096689300390946 -0.028315267450414055 0.044492265142570916 0.9986104148117829 282.1295024893269
0.9983515864769968 0.05140367358831466 0.025852439111102764 -0.19388963170045814 -0.050165041556962414 0.9976606063113526 -0.0464806389029548 -7.142119236497467 -0.028177270523235615 0.04509773438881755 0.9985871359013411 282.99428927355586
0.9983019010710126 0.05253978573220089 0.02547862409047539 -0.1754503178005518 -0.051302752616911335 0.997578271932778 -0.04699650127315176 -7.1870149619770425 -0.02788258342803983 0.045600294599711794 0.9985723876333623 283.86790159979216
0.9982658751997434 0.05336487375847513 0.025169745762671974 -0.15758865437157912 -0.05213194150614752 0.9975194383528705 -0.04733060464393567 -7.231281894899978 -0.027629692256486076 0.045927514178575116 0.9985645465853001 284.73391618757904
0.9982043160327818 0.05471546536217852 0.02472306692287491 -0.14125465566034454 -0.05349150942301071 0.9974290222656509 -0.04772625905256181 -7.274909977062818 -0.02726703652954791 0.04630896464551443 0.9985572928649201 285.5975422924848
0.9981951428214242 0.055373572146716614 0.02359906840955575 -0.12577354753491843 -0.05420837235623972 0.9974032568593023 -0.04745517010443582 -7.316474860378199 -0.026161712378348623 0.046081239658279836 0.9985973558662189 286.46601169677086
0.9982325175066472 0.05579423362252868 0.020893062459411364 -0.11262632386647849 -0.05478622947742071 0.9974366081664524 -0.04608026189382589 -7.355791611096389 -0.02340660440554355 0.04484505878429175 0.9987221448190845 287.3419098489497
0.9983155673152622 0.05590055562194712 0.016075387897712255 -0.10195408098758303 -0.05515866177359686 0.9975356519586375 -0.043421992440083976 -7.39158451206917 -0.018459088880336264 0.04245317203834909 0.9989303803668078 288.21529888650474
0.9983857320686642 0.05586489633040419 0.011064384208071803 -0.09723610284776715 -0.055361852336008495 0.9976046463981595 -0.0415369110258097 -7.425595397873332 -0.013354418967286319 0.0408483795497921 0.9990786666223342 289.0932604061992
0.9984125563223984 0.05614246933450326 0.006282529913238351 -0.097591882885551 -0.055847787722097475 0.9976369130178387 -0.040094296677485666 -7.458838432810015 -0.008514717515791317 0.03967077826564101 0.9991792813732784 289.9659698199874
0.998407994249957 0.056547206454516274 0.0016618062168453247 -0.10280366014084243 -0.056439794061587716 0.9976417072893596 -0.03913041266097432 -7.490470510798718 -0.003866848527719918 0.03896555444793693 0.999235654010053 290.8149934673826
0.9984056104404535 0.05654935423457386 -0.002870005010491611 -0.11088400271137791 -0.05661870971766501 0.9976623551355954 -0.03834468766038139 -7.521097858271987 0.0006988436839635115 0.0384369605059627 0.9992636187495917 291.64729039474037
0.9983924863722848 0.05636826351597002 -0.007460694081920443 -0.12247287637443155 -0.056611228021760635 0.9976893811518831 -0.03765262152343395 -7.550348672084458 0.005325105838900025 0.03800510389568926 0.9992663509299226 292.45869398547933
0.998359176723036 0.05636017019410549 -0.011104622057332208 -0.13665852218094746 -0.05673978495946245 0.9976915432284731 -0.03739950599426073 -7.5803188430111526 0.008975082719964682 0.03795879269739859 0.999241986282013 293.25487411035664
0.9982957283362521 0.05674738838146163 -0.014338644875270753 -0.15472214851711769 -0.05724497788604121 0.9976775173866883 -0.03699946102330765 -7.608068758574882 0.012209602832826147 0.03774784642879383 0.9992156957035311 294.02683750752357
0.9982335635692717 0.05695525987425736 -0.017510506743749592 -0.17460585559233588 -0.057566795649680085 0.9976738933122301 -0.03660017780292634 -7.634652848928204 0.0153891230238673 0.03753433880411549 0.999180058969601 294.78623746888235
0.9981927768330525 0.056769035080131314 -0.020232590129081445 -0.19558127916764484 -0.0574770891835056 0.9976912956286951 -0.036266235087475875 -7.660769609862505 0.018130913508402034 0.037354405427819065 0.9991408167928096 295.53873616082785
0.9981277341655578 0.056467628559460116 -0.023958920151481905 -0.2188896911422268 -0.057319805416915434 0.997694013908623 -0.036450482184307104 -7.686859395696886 0.021849564680959922 0.037746157985518614 0.9990519788864509 296.2562577195342
0.9979689915086168 0.05743734436291281 -0.027949036235407947 -0.2474896311493821 -0.058456252952685896 0.9976059460197322 -0.03706175533240797 -7.714316426688947 0.02575784243828468 0.03861040179467531 0.9989262818300992 296.9656469297718
0.9977068764449941 0.058876262013103066 -0.03374035827942854 -0.28051850629841496 -0.06015830437740281 0.9974589611366567 -0.03828536752800074 -7.741003890834473 0.031405982006041215 0.040217782776610075 0.998702368815828 297.6444483462132
0.9973907207513486 0.05931671897215521 -0.041443465298471406 -0.3187476859982133 -0.06095094910106282 0.9973710221936506 -0.03931324517190125 -7.767122227552631 0.03900836614789986 0.041726969313034684 0.9983727329716366 298.3096194829471
0.9969886157531347 0.059008153471152895 -0.05055701248084904 -0.3657210581538985 -0.061042914466175664 0.9973515882278396 -0.039664378148442384 -7.791635163870908 0.048088347786022466 0.0426213636359934 0.9979389968422063 298.9600461233574
0.9962567146268976 0.05926304010671832 -0.0631244796851121 -0.4250663568317865 -0.06180578956462365 0.9973272537715734 -0.0390954615798512 -7.814782199083071 0.0606445233325223 0.042840658121691924 0.9972455338933903 299.5909568109963
0.9951432607216807 0.05988848640696995 -0.07827709901553132 -0.5003761530525008 -0.0629971072559394 0.9973010142873505 -0.037845901588436946 -7.837429330616603 0.07580485072753046 0.0425835706770832 0.9962188572153713 300.2150068471927
0.9935095510126017 0.06157168008994717 -0.09576891010319209 -0.5895889463174305 -0.06533648272204558 0.9971943807315584 -0.036667648106212536 -7.8580783875396625 0.09324796084832186 0.042677269273953225 0.9947335540963747 300.82086239613557
0.9912499211320767 0.06261142280071418 -0.11630425523506528 -0.6905063065036756 -0.06719459398606983 0.997099017520618 -0.03589704113028821 -7.881143594612544 0.11372442109321514 0.04338852667528109 0.9925696799704715 301.4133638167411
0.9881204293977569 0.06308009021937022 -0.14022327478846824 -0.8055674472360499 -0.06863516949616066 0.9970283539288974 -0.03512605794565586 -7.903575356341464 0.13759607187083173 0.04432355597579279 0.9895016915885421 301.98829756778747
0.9838846335018681 0.06335254332945785 -0.16727615943119273 -0.9389026886590186 -0.06997457249028714 0.9969750386615296 -0.0339814229084103 -7.925596816636442 0.16462228012853475 0.04512955464341266 0.9853293071659771 302.5610900918398
0.9783305447052226 0.06364404926991592 -0.19708665194259162 -1.0908311373212718 -0.07128961149456417 0.9969497395943974 -0.03193286467693272 -7.945054406067744 0.19445778391971383 0.04528184098205796 0.9798708334932703 303.1210906116688
0.9713203105922514 0.0633973063189836 -0.2292225735266374 -1.2664554564147825 -0.07188370299220705 0.9970012593802148 -0.02885387108499709 -7.962371719421921 0.22670984750478443 0.04449450487231875 0.9729514990380262 303.6875713925866
0.9628495410782201 0.06323028096154076 -0.2625791434611804 -1.4676923885906332 -0.0725293590099515 0.9970366531984763 -0.025862182584048307 -7.979032897188961 0.26016929748279705 0.0439368366918552 0.9645690178284364 304.2517715518623
0.9524194006622944 0.06434107325742164 -0.29796446263604315 -1.6874262877692825 -0.0742447524802393 0.9970024087467041 -0.022026149278104565 -7.990274144482037 0.2956572380572083 0.04309111815661275 0.9543282457977071 304.783126606801
0.9401299770168293 0.0659042169173825 -0.3344211029325175 -1.9292611149892465 -0.07636704136040809 0.9969188512104172 -0.018218506143946635 -7.999437352964267 0.33219261438244957 0.042657303028538075 0.9422530315079665 305.3064241652563
0.9259516255817258 0.06712900244421514 -0.3716609816725144 -2.193055321112123 -0.07791552137808377 0.9968660882449014 -0.014061108178167081 -8.006314246316968 0.36955462916584175 0.041968938165815706 0.9282671816741161 305.81743933243945
0.9099501343018546 0.06814182390883099 -0.40911110421453567 -2.4792730949442126 -0.07922289342405334 0.9968102163510452 -0.010176481528823236 -8.01023900590313 0.40711463262629893 0.041661889897392335 0.9124329421757241 306.314515048986
0.8914989706153574 0.06940921563181675 -0.4477013864483248 -2.7843439007775017 -0.08071569436901761 0.9967232313019989 -0.006197950277822395 -8.011012081626667 0.4458054723632928 0.04165301397448471 0.8941667087389267 306.78326278579806
0.870729432902438 0.06997653959959936 -0.4867838829552187 -3.1147029108762387 -0.0815711598876844 0.9966698407302328 -0.0026324075568102926 -8.008655333483313 0.4849787922786682 0.04199089213643193 0.8735239700316836 307.2425313445623
0.8475783225289723 0.07089146680864078 -0.5259379011919664 -3.460017709540504 -0.08258356953170679 0.9965892924938776 0.0012453666547238922 -8.002872459167156 0.5242320460467212 0.04236944083514203 0.8505279410557841 307.6680471026392
0.820974646355369 0.07277265815548865 -0.566330090728936 -3.8350633124367532 -0.08441239658353991 0.9964204927529647 0.005673452092702114 -7.991986912237121 0.5647149232091359 0.04313867615326032 0.8241650277611279 308.0833246539621
0.7918703853614966 0.07547709780508487 -0.6060269535784146 -4.238733911906336 -0.08748094929383236 0.996123519694094 0.009756719183602157 -7.979032048020561 0.6044130551327711 0.04528077333197547 0.7953906722592137 308.47450162128973
0.7599892375082574 0.07655771554936408 -0.645430503492 -4.643083825294249 -0.08872651315356542 0.9959673961073925 0.013664330603503055 -7.966210089577721 0.6438721174348453 0.04687294676648079 0.763703920940993 308.82418357754824
0.724496502018734 0.07777007586621829 -0.6848956693886472 -5.06155575637822 -0.08852523666339 0.9958895725052685 0.01944159527378995 -7.946859518630178 0.6835897334378321 0.046536295218544986 0.7283896973396645 309.1483978733346
0.6851682069250802 0.07951385222848863 -0.7240495477518507 -5.505840869064208 -0.08704810134654739 0.9958443082301037 0.0269897305064965 -7.918610536657198 0.7231828099605209 0.04452585735585849 0.6892288489839014 309.45198583549063
0.6419676586559147 0.08260870217369795 -0.7622853076575804 -5.967275945100396 -0.0868067157401457 0.9956233884868052 0.034791510438546155 -7.887415103246684 0.7618185349229338 0.04382779579647832 0.6463157208793919 309.7233674925737
0.595437932703252 0.08741927469261122 -0.7986473335067786 -6.446795034375286 -0.08951531691862008 0.9950977371302848 0.04218503545255998 -7.8539172219638225 0.7984144015024778 0.046363977365012854 0.6003312676617625 309.9617221326969
0.5464341889794312 0.09315009128888264 -0.8323211986276662 -6.936195112889974 -0.09373239760952284 0.9943597036729245 0.04974906712100597 -7.815742268819237 0.8322543484671993 0.0508220876236652 0.552070810314611 310.1662061975632
0.4957999518079861 0.09745584143128926 -0.8629667107699748 -7.42735011429945 -0.09642973920461262 0.9937231242709771 0.056821262972652165 -7.776161564512204 0.8630798992499761 0.05503509575335953 0.5020728255152671 310.34050661133966
0.444198458140902 0.10011854605978153 -0.8903317545218904 -7.914835773257172 -0.09720883990367121 0.993262172730042 0.06319517067635694 -7.735532194335221 0.8906516414569104 0.058468211411565746 0.4509257020131269 310.48039893417734
0.3918021973793326 0.10283883934519543 -0.9142982707138476 -8.417448900491877 -0.09665726625954593 0.9928417758916759 0.07025369328947681 -7.689829668234176 0.9149694619045614 0.06083941625828764 0.39892615647845503 310.59879044459177
0.3386423829937667 0.10617032096069787 -0.934919670176321 -8.90422883430725 -0.09585312465142976 0.9923428242841249 0.07797275416136114 -7.640231333013099 0.9360302745235249 0.06320136611199326 0.3462153838714017 310.6810742883618
0.2835005531521862 0.10994428686986536 -0.9526623250629453 -9.40491829328761 -0.09466190400620832 0.9917691787876993 0.08628757226523419 -7.584899494531904 0.954298476302946 0.0657098636137445 0.2915642758053351 310.73866087046065
0.2275313055113822 0.11276114685682219 -0.9672329803502386 -9.917598068709964 -0.09303211517240412 0.991252510412289 0.09367722154067852 -7.525890126089751 0.9693254373958262 0.06866039688419476 0.23602177863159546 310.76593433319215
0.16831582819396365 0.11546900607853529 -0.9789594757821729 -10.431165015246965 -0.09260671368725588 0.9905810969780673 0.1009185184593669 -7.462878039921443 0.9813815728765167 0.07366289562897942 0.1774148660481443 310.759080496426
0.10773559953816393 0.11952441053850016 -0.9869815323298591 -10.952995188258173 -0.09095272364631037 0.989774750677232 0.10993526903575837 -7.390488305098927 0.9900182753467873 0.07791580682502783 0.11749680553769483 310.722404153307
0.0445028085982636 0.12382472693506759 -0.9913184640907996 -11.494332303045052 -0.0887946791799029 0.9888577298599005 0.11953196520781738 -7.308916417592121 0.9950625518578474 0.08269533293369495 0.05499437333530476 310.6519491794157
-0.019018975322942784 0.12785085069969782 -0.9916239442803939 -12.132031079778551 -0.0863552444935617 0.9878804760375092 0.12902520516172514 -7.2114620137954475 0.9960898373759431 0.08807684253145262 -0.0077546793152388285 310.55248090860283
-0.08197828909459062 0.13118846400016565 -0.9879751710796216 -12.690937581574296 -0.08331275297612403 0.9869336214542365 0.13796346322319697 -7.118304360817805 0.9931527027555737 0.09361205668935307 -0.06998361163402761 310.41372881432414
-0.14464632010916537 0.1343243020840237 -0.980336718759536 -13.24283847385687 -0.07913608191797371 0.9860052838441633 0.14677774261365406 -7.020631853475222 0.986320299635835 0.09880192590425617 -0.1319975357352079 310.24170067520004
-0.2055767392927292 0.1362187894563544 -0.9691275196740454 -13.764547970305156 -0.07379757089723014 0.9852946065968285 0.15414599201198012 -6.923980855932132 0.9758604786090711 0.103198850287666 -0.19250562482270123 310.03885678290584
-0.26464739781901814 0.13655587686029427 -0.9546411542558895 -14.276752150986468 -0.06821427775058458 0.9847991672192188 0.15978077453236839 -6.826139903662056 0.9619354108622242 0.10739660530005088 -0.25131329728702156 309.80357108343367
-0.3213039633560809 0.1355368880586349 -0.9372402550973934 -14.794292500545577 -0.06232837608569859 0.9845383811907371 0.1637445687744191 -6.725273805961987 0.9449288098047885 0.11101949700607307 -0.3078913924904702 309.5335384793753
-0.37445126424983644 0.13398009195181274 -0.9175299735831508 -15.290521788792393 -0.057158316558335844 0.9842957292277439 0.16705655344707632 -6.624438224155903 0.9254894951476079 0.1149900668328576 -0.36091504868403623 309.2369731461178
-0.42397919205043677 0.13216913118972975 -0.8959902908521762 -15.779743028569863 -0.05232992843656289 0.9840734174289837 0.16992509503819894 -6.520724930550967 0.9041653657221587 0.11892293899573204 -0.41031169581180826 308.9142020054718
-0.4688694224166194 0.12957656808668655 -0.8737257318444756 -16.281673267602425 -0.04874100913752498 0.9838846556014911 0.1720699162059811 -6.411962460377775 0.8819281351594082 0.12325517816069952 -0.4549985150823108 308.5569806776447
-0.5099569484861686 0.1276889175489254 -0.8506848066742115 -16.809018784377216 -0.044811891824520576 0.9836416619321743 0.17450968395584351 -6.29330368287507 0.8590386878583011 0.1271036236716735 -0.4958931420043799 308.16395649549156
-0.5481386893995074 0.12836484992397842 -0.8264932642863407 -17.341848607230606 -0.03844014749011204 0.9832479037199574 0.17820564338028105 -6.16671220220898 0.8355105084469667 0.12944168623652322 -0.5340217002608297 307.74195535168803
-0.5849315877452964 0.13156082733309754 -0.8003569747783368 -17.88422758287555 -0.02884979046784359 0.9827639577525695 0.1826302201949714 -6.02766751291904 0.8105764415940738 0.12990603433008613 -0.5710536653393731 307.2800589880412
-0.6217212534530464 0.13358948370622817 -0.7717779123017335 -18.399083146273675 -0.020830693240816864 0.982183906496964 0.18679109636119828 -5.8872338585829995 0.7829687494999211 0.1321978585164605 -0.6078611849751977 306.7926169237412
-0.6563847107203779 0.133557353886423 -0.7425266209944884 -18.90073569256528 -0.014178686114145491 0.9818527380828093 0.1891397397816082 -5.747471896553622 0.7543007027535982 0.13466537675599835 -0.6425783083549496 306.2748167873141
-0.6893826265157658 0.1299738727844454 -0.7126585679986414 -19.39472157290921 -0.009647150090809289 0.9820424874294045 0.18843734902219486 -5.610272578952928 0.7243410929336793 0.1367688696414174 -0.6757476047388788 305.72123122727504
-0.7197217314676987 0.12690465628905961 -0.6825835167867729 -19.893382902340008 -0.0036577474031458234 0.9824509531122817 0.1865137801048947 -5.470568945356792 0.694262269056718 0.13672388939808996 -0.7066245838413104 305.1280816052704
-0.7483469112794298 0.12195683016100706 -0.6520182480433439 -20.36523531378246 -0.00011287952778994866 0.9829343512725701 0.18398447520544103 -5.332557045105506 0.6633174741940031 0.1377468034558159 -0.7355589323703224 304.50749588446575
-0.7742010709710654 0.11908161298571684 -0.6216563434623731 -20.82897002346894 0.0050064627094173085 0.9832690453315447 0.18211762075630808 -5.194174030402206 0.6329308013821271 0.13787206165068863 -0.7618404403457696 303.8577817959504
-0.7982625827133045 0.11694892685550627 -0.5908673906029179 -21.2962497611095 0.009012515797292944 0.9831835914960892 0.1824252775567387 -5.043504757955741 0.6022540745548931 0.14028702237349344 -0.7858886658443462 303.1558457998459
-0.8214371166533448 0.1126200718040181 -0.5590901009522756 -21.748432806110355 0.01113288055262658 0.9832930991680909 0.18171498948138665 -4.888054933077944 0.5702032160412689 0.1430320171611901 -0.8089628638743828 302.4134272432452
-0.8422920634619244 0.11089876213113657 -0.5275121206097204 -22.17793087681922 0.01611720268336769 0.9833562504763034 0.18099878437906006 -4.732894176544201 0.5387939470574827 0.1439402042267012 -0.830055720583401 301.6513869850993
-0.8615809848805291 0.11064736653886291 -0.495437843060192 -22.58213800502407 0.022054204378025466 0.9831982693188644 0.18123040814489788 -4.573388389217171 0.5071556052026787 0.14520645957832887 -0.8495400386338912 300.865994455056
-0.879661604015169 0.11066475671087789 -0.46257107715732354 -22.96323040443527 0.028504584304123542 0.9830776576851333 0.18098699619446768 -4.412442564241587 0.4747615414267909 0.14601064112221207 -0.8679245458104096 300.0572610975731
-0.896708368777043 0.10966128849549073 -0.428849497856027 -23.32835792665037 0.032955889106489056 0.9826818986197771 0.1823765830426896 -4.24232029966734 0.44141179747904763 0.1493943539070372 -0.8847869360058789 299.20329391348486
-0.9114687963027582 0.10965258723077725 -0.3965149597361146 -23.675014533663276 0.03872475912826118 0.9824172841341599 0.18266609573248338 -4.0683551089592225 0.4095629320411981 0.1511276432568428 -0.8996827396962731 298.3183180863248
-0.9251866256282947 0.10729943248107908 -0.3640605375777263 -24.00840530468001 0.04244369112329973 0.9824434736386537 0.1816974467981143 -3.8894382595633648 0.3771550410035674 0.15264019390450442 -0.9134910513249791 297.377934356058
-0.936764109384162 0.10443577304098392 -0.33405050534333924 -24.31155582438336 0.046166877081411505 0.9829788962447236 0.17785418725951102 -3.7200488562004024 0.3469290769402654 0.15117355703918822 -0.9256337301029227 296.43585477246774
-0.9469979182688683 0.10212746693684836 -0.304611220879445 -24.58853104654651 0.04996346029947664 0.9834145420539391 0.17438595981002325 -3.5528210608429305 0.3173593229031956 0.14991191605484247 -0.9363868806271443 295.4787765336729
-0.9558940013102127 0.10081140324476948 -0.27591008852739435 -24.848695485263182 0.0537877895894581 0.983458941354002 0.17299156387440853 -3.3779115915372837 0.2887770542394005 0.15050883238577592 -0.9454972371171935 294.4806986181027
-0.9636638970713928 0.09799332061462851 -0.24853907276756926 -25.08765915544166 0.05574873409290055 0.9835836273166697 0.17165661912538438 -3.1978558750051342 0.26127179935078976 0.15155109453825785 -0.9532991443561777 293.44231183961057
-0.9702633343378555 0.09625670290616292 -0.22213827569454964 -25.304544356073166 0.058831379567852546 0.9838051047501923 0.16934280630224413 -3.0198968511711985 0.23483331173655014 0.1512259822684315 -0.9602050961156782 292.38574398298124
-0.975490249034543 0.09459211017629515 -0.19872958234520613 -25.506171304761338 0.06124093331621281 0.9839334936808825 0.16773557888636795 -2.8365336218983823 0.21139541107334273 0.15144158222527013 -0.9656022779256772 291.2867951292398
-0.9799524393774395 0.09176413330624428 -0.17690245400922952 -25.681911391626222 0.06187075532343718 0.9839075619716386 0.16765535860348407 -2.6457861479897344 0.18943323232056955 0.15333655835854346 -0.9698517350251389 290.1606966528913
-0.9835806380902672 0.08975343600427926 -0.15663918779370764 -25.84492870010759 0.06316348084664551 0.9839088814193997 0.16716477200576127 -2.451630955495939 0.16911511684949526 0.15451342436308074 -0.973414586790297 288.9994480303902
-0.9865677422245238 0.0864385592427929 -0.13869146340944677 -25.992140883423737 0.062988768212075 0.9842251816870392 0.16536100841519952 -2.26147479072725 0.15079013231074095 0.15439088549084196 -0.9764407340685638 287.8272447540962
-0.9890177976059205 0.08105144459567275 -0.12368136514660484 -26.12235510397907 0.06037162235361018 0.9848416944658852 0.16264428808478312 -2.0759737779976106 0.134982252556025 0.15337837890254596 -0.9789104172668006 286.65777808021903
-0.9907960804515993 0.07585358650830921 -0.11221595752461415 -26.248031455458175 0.05710530262044081 0.9851826540917524 0.1617576721419618 -1.8861172487551792 0.12281634146462977 0.153847592035578 -0.9804378141479652 285.464316792054
-0.9918091177849018 0.07181178976587337 -0.105740179048283 -26.37291914056443 0.053865430019073235 0.9850364412021175 0.16374928915669 -1.6871162046244788 0.11591044345424874 0.15669897794857682 -0.9808275977372306 284.24844448234273
-0.9922974187497543 0.06946885957199472 -0.1026849442424766 -26.500017399946152 0.05196138752658622 0.9850477713271155 0.16429749797657675 -1.4828878778013983 0.11255603959555216 0.15768314387164561 -0.9810616101495251 283.00741537334864
-0.992415460047087 0.06746275485379431 -0.10288205791207286 -26.632662201402436 0.05007367557558876 0.9853417067285696 0.16311686261756997 -1.2846002467620963 0.11237096946914149 0.15671492747694285 -0.9812380789578943 281.7681145818281
-0.9923928787378593 0.0656436507869606 -0.10426897559836334 -26.772475162514223 0.04815189887430992 0.9855870311220107 0.16221214624900543 -1.0846343048113218 0.11340654177471968 0.15594456761894995 -0.9812420848601726 280.5078749137231
-0.9922366008278953 0.06544362224454758 -0.10586859898548305 -26.919930579585667 0.04768007939026543 0.9855808361515064 0.16238923538819774 -0.8808609970259297 0.11496170718966016 0.15606791262015682 -0.9810414461719248 279.2311357339618
-0.9920937221976406 0.06510396204261826 -0.10740416343206063 -27.068517712603402 0.04707783135551799 0.9855786980375866 0.16257747527069466 -0.6768365429297679 0.11643213818073327 0.15622268798549652 -0.9808433751567929 277.95330336150585
-0.9917402316427056 0.06481243658826473 -0.11079759585739007 -27.229484659574346 0.046227989067204905 0.9855894874178185 0.16276158323948076 -0.46532878444771325 0.1197420108443571 0.1562822107447962 -0.9804354627416829 276.62416445496984
-0.9911783817987738 0.06460606330242226 -0.11583095558594073 -27.401417320042725 0.04508471980375272 0.9854596740726078 0.1638667122319241 -0.24661957519610203 0.12472548524023666 0.15718563582171763 -0.9796694957934475 275.26531750117056
-0.9904978646692781 0.06511177667946713 -0.12124215628766337 -27.58345346185945 0.04451975851870443 0.9852274735412724 0.1654076986398112 -0.027393971350930052 0.13021310802385544 0.15842548874608103 -0.9787555143107808 273.911151081757
-0.9898013331146394 0.06523499898946504 -0.12674066774200315 -27.771273242402827 0.04362301889844509 0.9851053569958607 0.1663745175692705 0.1927983592919095 0.13569825492486343 0.1591357309432324 -0.9778948518861131 272.5582702215221
-0.9890715138109907 0.06534004614889395 -0.1322646630940373 -27.964180880387342 0.04283154277795216 0.9851386290382718 0.16638413969439841 0.407927146634225 0.14116246586972284 0.15888746945460602 -0.977161464685742 271.2219953510606
-0.9884312526823779 0.06480204506821394 -0.13722285746954835 -28.16095344751203 0.0415307793116591 0.9852379633240502 0.1661253405174516 0.6293566427347311 0.14595428973530428 0.15849134374698226 -0.9765215094851266 269.87298984424564
-0.9876770264649609 0.06393088566426741 -0.14294304992846546 -28.365708170069308 0.03979644706038891 0.9853749758949855 0.165736588219925 0.8490221367253776 0.15144012036290455 0.15799246057806215 -0.9757667137929916 268.52104267343066
-0.9868906625593925 0.06340173918948774 -0.14850229088928854 -28.58014464159075 0.038405463693758204 0.9854672027130166 0.16551439001348484 1.0671696968314046 0.1568300740284931 0.1576283770945823 -0.9749737902705977 267.17279526715606
-0.9861291053376152 0.06372635355640333 -0.15334395918577587 -28.806568159168997 0.03756885043355313 0.9851137315974069 0.16779748479998424 1.2936252940280712 0.16174643075308515 0.15969579521588717 -0.973833708533014 265.805585357368
-0.9854616325551292 0.06425936601765199 -0.15736194183728955 -29.038618659281326 0.036993930449991774 0.9846829053667469 0.17043433468359237 1.5216448126895334 0.16589577402370428 0.16212190682937527 -0.9727342447846512 264.4487755573298
-0.9848335747379252 0.06464998959573388 -0.1610860335182266 -29.274448919675688 0.03676926013959279 0.984694667205183 0.17040911589763108 1.7442561437490622 0.1696298247624175 0.16188867106332527 -0.9721287550877448 263.1088302184676
-0.9843189369671059 0.06541845280562057 -0.16389682394388685 -29.50766203327276 0.03712319533398295 0.9847337771140825 0.1701086291266769 1.9603022467132247 0.17251520659453354 0.16134393417716186 -0.9717116369580108 261.80637185564257
-0.9840581499840437 0.06535967029005192 -0.16547934928764496 -29.73825064531967 0.03687418719559922 0.9848131758687089 0.1697027090775527 2.173633197469526 0.17405013473772937 0.16088246280292237 -0.9715145551468809 260.51768666300137
-0.983897799628071 0.06461326912563362 -0.16672092124000093 -29.977468436848696 0.03654956710958343 0.9854197493356398 0.16621591828123208 2.3867442904764067 0.17502204736048355 0.1574328734461069 -0.9719049353478221 259.19301031262523
-0.9837182086936788 0.06393397167929826 -0.16803874992461357 -30.215325256367915 0.03603861176295364 0.9857929678593141 0.16410158384441645 2.595456810482159 0.17613522426131875 0.15536095538664563 -0.9720373882288871 257.8847519160623
-0.9835603059405863 0.06358810627304144 -0.16909238936301862 -30.457598895844207 0.03531967821093515 0.9856327493060875 0.16521624352028852 2.8142381786606476 0.17716079097936613 0.15651483566952315 -0.9716658561866193 256.54904074363196
-0.9833957957914806 0.06370096506577415 -0.1700039400015604 -30.705833805073606 0.03509105129738767 0.9854620687265293 0.1662780815894229 3.0368634264055503 0.17811663202121292 0.1575384235939152 -0.9713255290158075 255.1949371538885
-0.983357780563548 0.06329420148951766 -0.17037269436210578 -30.951404418980392 0.034654276278410605 0.9855048115830595 0.16611301213747182 3.2586423872994694 0.17840988035943653 0.15743099286049764 -0.9712887560862848 253.83848458680103
-0.9833339059399665 0.06328026849337084 -0.1705156947808152 -31.2002798836122 0.034636210555444906 0.985523050627486 0.16600851722121251 3.4818059161022203 0.17854497639694503 0.15732242717838318 -0.9712815432948291 252.47146125034683
-0.9833581841660384 0.06305140901721085 -0.17046021322958638 -31.449146816088486 0.03446573255210047 0.9855747359028644 0.1657372263757494 3.706909219387589 0.17844400626402107 0.15709072354499387 -0.9713376482582177 251.09117633142083
-0.9833607712842254 0.06323587413373531 -0.17037773776678838 -31.695247045404084 0.03495137116658697 0.985819605829865 0.16417155723161175 3.9234772827879163 0.1783359524886482 0.15547177440176613 -0.9716179002226313 249.7371211334437
-0.9833429742767882 0.06374969781393602 -0.17028873717275317 -31.9392533293165 0.03572208278385808 0.986010153528667 0.16285635272693397 4.142241613138169 0.1782810317048132 0.15404736699333513 -0.9718548590930353 248.38090979284445
-0.9833551039514355 0.06454298333430558 -0.16992045540518727 -32.18236694893907 0.036528132083229414 0.9859374844864031 0.16311776164217195 4.363351818674079 0.17805162299883254 0.15418265457634697 -0.9718755851569642 247.0260239852463
-0.9835734948822054 0.06466960207810801 -0.1686032504280113 -32.428537602076894 0.03641688738614213 0.9855310506814636 0.16557899786937882 4.592105694953552 0.1768643303744562 0.1567060379349604 -0.9716885190930944 245.6394714601294
-0.9837015594410691 0.06434942509406398 -0.16797792964990776 -32.672114997798076 0.03614508237230448 0.9854930226859008 0.16586603648856346 4.820096731684718 0.17620712152014717 0.15707806480410688 -0.971748108935541 244.25601746397277
-0.9838360492575597 0.06374754994416362 -0.16741916908094998 -32.91370494169272 0.035612088348667054 0.985493334681879 0.16597998506217337 5.048535623821384 0.17556398000424503 0.15732190035141871 -0.9718251225314863 242.87017442892667
-0.9839286080400027 0.06258748868452028 -0.1673112226829017 -33.161780028084856 0.03457715062156844 0.9856322223774439 0.16537290867256826 5.279219892812199 0.17525048641589724 0.15691704776070492 -0.9719470271644991 241.4499020477134
-0.9839905247403014 0.06160222548297162 -0.16731278083884654 -33.40865892168918 0.033693826204405516 0.9857592635618926 0.16479602547643732 5.5077188979897524 0.17507476957414211 0.1565075233282994 -0.9720446616430535 240.03703418713687
-0.9839674159519728 0.06147035349402285 -0.16749304706402532 -33.66135908978521 0.03378570170117521 0.985989374185224 0.1633932482519688 5.731940297959596 0.17518355951290052 0.15510179622898257 -0.9722500906555029 238.62112427049547
-0.9839934396551826 0.06059606760622794 -0.16765751942991033 -33.91230724757141 0.03312191296959255 0.9862302904769257 0.16206906085062472 5.95381432622283 0.17516336785453826 0.15390879439921512 -0.9724431776696858 237.20960740829878
-0.9839725515942219 0.060654843777967156 -0.1677590327621044 -34.16526435278985 0.03314509592372173 0.9862118756257918 0.16217691728073086 6.179585035442056 0.17527632069829047 0.15400442134374082 -0.9724077021242007 235.79353910683608
-0.9840117171876208 0.06006963991087275 -0.1677389344049111 -34.41430154296917 0.03256207292270084 0.9862313945716442 0.16217607434714298 6.40481376598636 0.17516500693212045 0.15410835634697745 -0.9724111873469866 234.38529287596342
-0.9840494461167764 0.059624241978678605 -0.16767527319804845 -34.667567582164054 0.03211580559759454 0.9862363573731528 0.16223366680499016 6.634033417648124 0.17503466181459698 0.15424749256354275 -0.9724123800773653 232.95442143040788
-0.9841261766555323 0.058937413344389365 -0.16746893545141905 -34.916451030000765 0.03142413797093874 0.9862255867931824 0.16243485058421983 6.861606517805582 0.17472985814534372 0.15458028672156285 -0.9724143959585393 231.54017359754943
-0.9841140935041333 0.05887818731601165 -0.16756303386212898 -35.17156931829941 0.031414078014659876 0.9862848482309375 0.16207676510603566 7.08772535049683 0.174801767603989 0.15422480508545852 -0.9724580021744552 230.1125796813804
-0.9841272695001891 0.05819200521995394 -0.16772543031463036 -35.42466602251093 0.030848083191404124 0.9864371651977332 0.16125663385146527 7.312256274939031 0.17482862189317158 0.15350964795256605 -0.9725660870672538 228.68343079955162
-0.9841482051972991 0.05838960389802494 -0.16753317352609537 -35.68233747674808 0.031072669346239624 0.986426545364788 0.16127855784580114 7.541135164941356 0.17467046820963822 0.15350298369807772 -0.9725956071782715 227.23578576374558
-0.9841402089637886 0.058499639679491545 -0.16754340935868423 -35.94242300165232 0.031070594890466194 0.9863259353167952 0.16189355747767076 7.779464144757894 0.17471725412366723 0.15410722651109546 -0.9724915638478909 225.76375645375373
-0.9840960585312347 0.05820564014675754 -0.16790268003422806 -36.203842174566354 0.03088358748133664 0.9864812483988218 0.16097907638601577 8.01084325933538 0.17499714349991619 0.15322020836667152 -0.9725811600902868 224.29359707876466
-0.9841015943937319 0.05767545993795247 -0.16805726982046917 -36.45881932356957 0.030745603078340213 0.9868621155169375 0.1586556977690248 8.231000111609001 0.17499377033883914 0.15095329644154962 -0.9729367380032737 222.8591841059325
-0.9841137098796803 0.05747582368570174 -0.16805813540466122 -36.71614377466341 0.03056361518689038 0.9868848826028525 0.15855161916728708 8.457318453357809 0.17496033780845974 0.15088389685483541 -0.9729538043569842 221.4037798740316
-0.9841280382363516 0.05699420940636488 -0.16813879956825906 -36.97604737112964 0.03013033731613273 0.9869537296781249 0.15820516525371064 8.684712084007845 0.17495543379272446 0.150615488810762 -0.9729962645824262 219.93612878105333
-0.9841757115260285 0.05588321447344602 -0.16823108599111 -37.234130848012235 0.029234599802037433 0.9871872206250022 0.15691107857831663 8.906046392254922 0.1748381313420141 0.14949725059752864 -0.9731896141852309 218.4833077371404
-0.9842399178238711 0.055386331476246754 -0.1680194240149709 -37.489631026863854 0.028668189462193776 0.9871145153087513 0.15747189271383247 9.130902146334158 0.1745700646768922 0.1501606547033841 -0.9731356635187214 217.03551493198364
-0.9842713810094761 0.055115187958270404 -0.1679212250549915 -37.75250773853147 0.028240799120983543 0.9869736166639729 0.1584266215295288 9.362688374805293 0.17445979067971407 0.15117968037107427 -0.9729972773192522 215.55262773293163
-0.9842873634016623 0.05499005020134824 -0.16786931110076267 -38.01532789043585 0.028131791476676903 0.9869842113040913 0.158380106087936 9.592724505725176 0.17438795192685577 0.15115613730014324 -0.9730137484509573 214.07115873502246
-0.984230101922004 0.05549266090781874 -0.16804561640993929 -38.28095855038713 0.02870605665119099 0.9870561235442507 0.15783153091920268 9.819176967287316 0.17462260572434282 0.1505061407297474 -0.9730728642174408 212.59355598807247
-0.9841725462058111 0.055915250653146086 -0.16824244176246284 -38.546652316464694 0.029120370228888557 0.9870626016340535 0.1577148894816046 10.04585781665726 0.17487820755441055 0.15030706391841916 -0.9730577923265159 211.11665160217706
-0.9840657313536214 0.05639508995617397 -0.16870700040275466 -38.80934653211547 0.029386887903089423 0.986927986481908 0.15850622507693002 10.272887024522554 0.1754342549260316 0.15101054397311503 -0.9728487908078911 209.65487003062202
-0.983916103364378 0.05713511495997396 -0.16933308926000376 -39.07786018336856 0.029637613420930808 0.9865699026891112 0.1606780644165666 10.506128175399486 0.17623289746349685 0.15306245805518343 -0.972384057299773 208.17767353632541
-0.983804778678353 0.056607327370768415 -0.17015594736129697 -39.34642494057466 0.02901501822922857 0.986621268600518 0.16047642187728717 10.738785768802552 0.1769570817710331 0.1529276190084157 -0.9722736560264756 206.6946786190436
-0.9836971420724739 0.0562931239168663 -0.1708790718163149 -39.61417567356614 0.028625046134475526 0.9866675057336476 0.16026227789690511 10.968322938123512 0.17761604847618973 0.15274524412423413 -0.9721820210091519 205.226550916297
-0.9836254363397784 0.0560272579460561 -0.17137886316399628 -39.87981450652603 0.028284951266342003 0.9866821380019128 0.16023280831385442 11.196745400255832 0.17806730505732163 0.1527487085302408 -0.9720989725462954 203.77112140179955
-0.9835503709899005 0.05570343068087885 -0.1719148383932388 -40.14921936215175 0.02794776544726555 0.9867553665701569 0.15984065125178218 11.431045009354634 0.17853516967554695 0.15239370889759804 -0.9720688747957869 202.2906876466779
-0.9834145315683094 0.05614531717847525 -0.17254703715662015 -40.418469876240124 0.028439010371721203 0.9868705011212627 0.15904148621343292 11.659084466613987 0.17920458184875387 0.1514836219656173 -0.9720879199239492 200.8257860425091
-0.9833326737859943 0.05644025592378954 -0.1729178611333054 -40.683779360180324 0.0286785717230568 0.9868653034997594 0.15903162143757316 11.884886030999672 0.1796157573747537 0.1514089601897848 -0.9720238366743494 199.38057626025815
-0.9832891325341512 0.056407048068768686 -0.17317398728582717 -40.94926713112904 0.028621565758641023 0.986880613885548 0.15894448816888987 12.10957172250197 0.17986123309982535 0.15131879820385347 -0.9719922841967411 197.9355078875587
-0.983213628316983 0.05654799461366117 -0.17355696881249472 -41.214644828524825 0.02871038001549179 0.9868843207599206 0.15890524420372318 12.332753797821288 0.18025986265725966 0.1512416934558207 -0.9719304697321062 196.4981954665355
-0.983158036383603 0.05634319584565177 -0.173938531841494 -41.478086232697194 0.028429644480106393 0.9868789309201149 0.15898940068007453 12.55765499046837 0.18060778804968033 0.1513534276542983 -0.9718484556192809 195.05814372589225
-0.9831056550035837 0.05612884108025888 -0.17430448544042504 -41.73559146132533 0.027970429092157332 0.9867298444528358 0.15999247227012497 12.779359575150966 0.18096520826794898 0.15240091480823992 -0.9716181996357285 193.65319535254585
-0.9829538843382083 0.05573144290660892 -0.17528337395031865 -42.008462462818535 0.027425454217720892 0.9867518123316994 0.15995036988106495 13.010719259859858 0.18186930719558247 0.15240347801454074 -0.9714488539589228 192.17742958011675
-0.9827034882770418 0.05531192609459523 -0.17681348904508043 -42.28615168828443 0.026960292146129054 0.9869335592231295 0.15890565082694286 13.236723638053393 0.18328617737430627 0.1513770927204682 -0.9713431834337902 190.70869734580626
-0.9824793665443757 0.05439283163994981 -0.17833872503050352 -42.55828314556101 0.025968036456539303 0.9871035936282704 0.15801274147046704 13.45567416484562 0.1846272366425795 0.15060007205619663 -0.971210022388922 189.28131192572437
-0.9822999718018693 0.05453935077823457 -0.17927982679661256 -42.8366326055941 0.02584762662260358 0.9870054341416582 0.15864628264641 13.68018042527413 0.1855961943909496 0.1511912864379632 -0.9709335970619704 187.84133554796432
-0.9821580301759253 0.054795469027319306 -0.17997978274212348 -43.11709770724364 0.025857683569840112 0.9868900413732777 0.15936216674912612 13.90562301768731 0.18634602041512266 0.15185215631917706 -0.9706866551958969 186.4032508859321
-0.9819525134261013 0.0551549038853819 -0.18099039564241529 -43.39327024043811 0.026223517545468367 0.9870173637000232 0.15851310269291002 14.12123262626865 0.1873765010356023 0.1508934804053034 -0.9706381727190471 185.0006827930021
-0.9818333941398381 0.05497314875903984 -0.18168917510927535 -43.66611105570183 0.025958310152630767 0.9870461797506713 0.15837642538114047 14.336712086329372 0.18803530033366067 0.1507702481490914 -0.970529706543872 183.6056948164885
-0.9816422228084187 0.054794236474770115 -0.1827745892924841 -43.941554906764 0.02557031731451491 0.9870248998074359 0.15857326321628998 14.555046012005635 0.1890851371344605 0.15097636250320579 -0.9702939062947479 182.20243332761908
-0.9815062085393041 0.05443366849666951 -0.1836141052581686 -44.21081019547329 0.024994235781282126 0.9869732099485354 0.15898985251685369 14.769436926076555 0.1898691430172335 0.1514482792514518 -0.9700675702835737 180.8302342847223
-0.9812678019858286 0.0546437441220807 -0.18482174076962052 -44.48978324084074 0.02498884288783136 0.9869511855321617 0.1591272909023376 14.99282073249343 0.19109782832033329 0.1515159085467534 -0.9698156740860663 179.42133776215738
-0.9811236050136246 0.054137060312431526 -0.1857349812731422 -44.75214394322902 0.024408915692553736 0.9870253057152668 0.1587563928305616 15.199404712436854 0.19191220423044036 0.15121388302544067 -0.9697018786797548 178.09618638328863
-0.9809433330705818 0.05422641282077036 -0.18666034176351076 -45.014503713568566 0.024337055349659114 0.9870135257748746 0.15884101581864993 15.404796029725311 0.19284230427686608 0.1512587830395709 -0.9695103591447527 176.78219368392533
-0.980881417580914 0.053860043357529454 -0.18709189970361764 -45.27207939014591 0.023607508185601825 0.9867934880951142 0.1603122113906313 15.610861769166814 0.19324808050689501 0.15281795996349687 -0.9691850853223606 175.4851530222763
-0.9807794458478968 0.05365563577154284 -0.1876846536003941 -45.52719139719766 0.023353133424160795 0.9868363710986499 0.16008483563761433 15.81045976145482 0.19379610561913468 0.15261232550139134 -0.9691079024373738 174.21175970411386
-0.9807827993705912 0.052629575883912406 -0.18796059390198233 -45.77668998156287 0.02259014455325779 0.9871069519998308 0.15851957264568084 16.002634821028664 0.19387231188633797 0.15121490389664172 -0.9693121489771489 172.9592279479085
-0.9807671483613066 0.05209022026360921 -0.18818958105508565 -46.023361535512954 0.022097173258834247 0.9871861472404915 0.15809336864642815 16.19477543187487 0.19400616295037867 0.15088172524568413 -0.9693368288673068 171.71742321822123
-0.9807458795460392 0.05209021690389017 -0.18830321159160793 -46.26250643831886 0.022124948941475906 0.9872225541108018 0.157864121898305 16.379982120925746 0.19411297446450995 0.15064591001273933 -0.9693524015159788 170.52039823289456
-0.9807262793205938 0.05157505359213946 -0.18854570310807675 -46.49665000802727 0.021611705261099255 0.9872680804134667 0.15764896678457643 16.562735585068232 0.19426865940969648 0.15052332796632495 -0.9693399655353642 169.33851444716353
-0.9807785805117113 0.051104267341169615 -0.18840253436191035 -46.72293377757412 0.021068113519854045 0.9872058628495087 0.15810991415660822 16.742534469653386 0.19406511136959836 0.1510891141448834 -0.9692927275508212 168.19119419045353
-0.9808069503717183 0.05110233725403259 -0.18825509363237697 -46.94574581678331 0.020826224069395508 0.986999605475891 0.15942395737071985 16.921903041222862 0.19394738538653633 0.15243104057906656 -0.9691061303770265 167.06099582239452
-0.9808311945776119 0.05063189887162587 -0.18826037430092663 -47.16012399493263 0.02032232921325048 0.9869870675647525 0.1595697415809923 17.096084672456218 0.19388196853535472 0.15267304932056577 -0.9690814926992936 165.96464509252093
-0.9808790651031444 0.049608254147921756 -0.1882838490186785 -47.37139553294659 0.019424894292886002 0.9871151138869351 0.15888762314636437 17.262829279527114 0.19373203278027687 0.15218008131919197 -0.9691889982204569 164.8907549488497
-0.980883413562929 0.04946379302569926 -0.18829855604065482 -47.57844473814128 0.019413787217744612 0.9872252145901704 0.1582040561598832 17.42369325808316 0.19371051548806395 0.15151226165065726 -0.9692978288551184 163.84765481139306
-0.9809171514608174 0.049072766919781435 -0.1882251037491612 -47.77393911210668 0.019203443832858876 0.9873665180224446 0.1573451962595197 17.57560452822472 0.193560766940867 0.15071571643036524 -0.969451837831039 162.85774953136556
-0.9809664494614115 0.04853288821724241 -0.18810827719347614 -47.964400012396375 0.0186981053023786 0.9873920174460821 0.15724594510524242 17.729100453878786 0.19336046881170005 0.1507236534384465 -0.9694906274159657 161.8804974213789
-0.9809866974730289 0.048774680373350386 -0.18794033988680095 -48.15393179571958 0.018947310882691276 0.987371082974021 0.1573477480948407 17.883510170730034 0.19323364988437974 0.1507829364628131 -0.9695066998461542 160.91669559212215
-0.9810277129344195 0.048653670830751054 -0.187758962989292 -48.340730245591935 0.018854995227779347 0.9873738083219212 0.15734279410355675 18.036314179509283 0.1930357215774536 0.15080502209201338 -0.9695429086274674 159.95857828647647
-0.9810529581554193 0.048523475148455925 -0.18766021842909122 -48.52203598360192 0.018753804618829233 0.9873873762661699 0.157270457265135 18.183388449850963 0.19291669466134798 0.15075898498977147 -0.9695737690244774 159.02801914038582
-0.9810702624176496 0.0485727160116147 -0.18755630192572817 -48.703210263392016 0.018855139610763832 0.987413785765919 0.15709232066751527 18.328852662597747 0.19281823007491988 0.1505697856295232 -0.9696227742761288 158.09993066579693
-0.9811814387619586 0.04725411464887409 -0.1873096795386597 -48.869505227880595 0.01768069797981393 0.9875264599113004 0.15651796847650648 18.464411992062033 0.1923618674179488 0.15024835131101782 -0.9697631557424857 157.22995178914343
-0.9811462222698141 0.047752776213322023 -0.1873693025404665 -49.03303481785088 0.018716047079092083 0.9879368918844296 0.15378290203156755 18.589099625426098 0.1924450824539166 0.1473647326816518 -0.9701892367399354 156.4016604101494
-0.9809172246362304 0.05111837551337215 -0.18767787916245215 -49.196639845857874 0.022563107304516036 0.9882475428055975 0.1512483562520221 18.71396252869767 0.19319626105615242 0.1441156947496571 -0.9705278034226678 155.5773126811526
-0.9808916080412625 0.05139674962246689 -0.18773958297034504 -49.35303814814333 0.02293550453221682 0.988317268369575 0.1507383095977777 18.835272200957753 0.1932859121174476 0.14354051578972415 -0.9705954761003488 154.77281427240442
-0.9808978339480114 0.050867195571192896 -0.18785036325276697 -49.50447285080261 0.022414623334374443 0.9883512962200126 0.1505921055737256 18.954911527605027 0.19331458650813038 0.14349334628434443 -0.9705966310414942 153.98503047407942
-0.980882649467995 0.05089745283348639 -0.18791872980636093 -49.65334587645852 0.022561810422992223 0.988444222940932 0.14995672417926068 19.067891372522247 0.19337209775870912 0.14283844737428594 -0.9706816076410087 153.2230553409102
-0.9807749652950171 0.052311554645974846 -0.18809165560514726 -49.79794758056643 0.024287885051610853 0.9886504754491918 0.14831889251811856 19.175842017434736 0.19370797258521708 0.14088739086334964 -0.9708999713893575 152.4886825662744
-0.9807317950512597 0.05242088886785277 -0.18828779633193934 -49.94175034905153 0.024437088660808057 0.9886977407657005 0.1479793686861932 19.284929993852764 0.19390906481165077 0.1405151442273719 -0.9709136543621838 151.75181501047794
-0.9807125434670523 0.052141162368393515 -0.18846431365771793 -50.086214609149856 0.02413054997332153 0.9887056207245885 0.14797542967684896 19.397395732001275 0.19404383233946176 0.1405615041332744 -0.9708799014290561 151.00385224071096
-0.9806532633187587 0.05224586394454087 -0.188745207101892 -50.23235647935485 0.02416489940533075 0.9886822536182099 0.14812574508279053 19.51017555157627 0.19434038470167064 0.14068702074032208 -0.9708024685053757 150.25686982456887
-0.9805723431931225 0.052389480115711685 -0.1891275045199872 -50.371447978700864 0.024339040346939587 0.988742030641027 0.14769976060565582 19.612683670808227 0.19472827012473481 0.14021532868715153 -0.9707930757692307 149.55305338059821
-0.980433107061929 0.053247916822839476 -0.18961144468333804 -50.51136334612029 0.025287726723241005 0.9888320700124343 0.1469355419009063 19.71491089533018 0.19530988101399063 0.13925378140558653 -0.9708147559927911 148.8498945869929
-0.98035408361893 0.05364464026771729 -0.1899106534864876 -50.64712965776526 0.025817796196664574 0.9889464107643151 0.1460734646695827 19.813798100518607 0.19563914107144795 0.1382889382473609 -0.9708865434544139 148.17130672986485
-0.9802556473012262 0.05427348118243606 -0.19023860852137697 -50.787981383052475 0.026791956255162952 0.9892011106785666 0.14415888358970966 19.91356661608511 0.1960001686142147 0.13620387887222557 -0.9711083473341923 147.46844697531927
-0.9802169425867184 0.05376019346590953 -0.1905850686563648 -50.926477677974425 0.02671133011922273 0.9895513358258298 0.14175077834434013 20.00822974668666 0.19620597263847894 0.13384399229455105 -0.9713951724747771 146.77691683275285
-0.9801124688444453 0.0541135681247061 -0.19102123670877214 -51.06386932900077 0.027395399232127624 0.9898050455668965 0.13983464853238003 20.09998326327494 0.19663262739647744 0.13180907018953675 -0.9715869854682324 146.09784803785777
-0.9801295320152426 0.052468909947555584 -0.1913913288408166 -51.196339051482994 0.026040728221825057 0.9900892840742378 0.13807085471858135 20.189721220964945 0.19673086806209286 0.13033226208883 -0.9717663440027795 145.42317905877476
-0.9801334308886189 0.05086037173607882 -0.19180420971707243 -51.32902924444853 0.02457451975219938 0.9902743062165624 0.13701105505390676 20.280839184037752 0.19689886629525336 0.12956469972762086 -0.971834985734829 144.7444169109961
-0.979986031035833 0.05215525538839056 -0.19220846370623962 -51.463479807292664 0.025737350134137655 0.9901828044343063 0.13745912183194486 20.37859153373782 0.19748228702376866 0.12975023608866731 -0.9716918546084937 144.06455640001332
-0.9798463327123735 0.05366208700062453 -0.19250428963748306 -51.59776252620827 0.02675647133700133 0.9898367437944579 0.13973502868964446 20.479944352937363 0.19803784241646158 0.13175735495667018 -0.971308518040634 143.37813483747237
-0.9799515742624135 0.050768125974190614 -0.19275446664836737 -51.72599223925105 0.02400048606657689 0.9900468626658917 0.13874419508887145 20.574600229049143 0.19787116184694972 0.13132579883859907 -0.9714012887960808 142.69669795674463
-0.9802167206366402 0.04496478366990521 -0.19284602683662327 -51.85402554978551 0.01846518526983146 0.9903987728539291 0.13706929221553135 20.67058798360393 0.19714938506450944 0.13078596271503953 -0.9716204914334319 142.00842156473564
-0.9802579756319004 0.042574329665423606 -0.19318045493844646 -51.98620596828923 0.017085772218787147 0.9911469524122372 0.13173740281870758 20.75328285017188 0.1970698530149846 0.12582525159369684 -0.9722917185718198 141.34419179101948
-0.9802197184131528 0.042345637008158514 -0.19342732844605023 -52.12018923559446 0.018021664896964083 0.991898548052056 0.12582336189054422 20.830005699597685 0.19717899599594893 0.11983809069141681 -0.9730260842220905 140.685345412178
-0.9803154800877599 0.03908092091039453 -0.19362644014552707 -52.2469773588383 0.015035793339745748 0.9921612279675183 0.12413095606311873 20.913844311102938 0.19695079114948782 0.11876581279961329 -0.9732032552465119 140.01129201586724
-0.98058769921766 0.035767165864320084 -0.19288854638500447 -52.373225274104875 0.011672798178340566 0.9921440063754939 0.12463201802898932 21.004357117949738 0.19582177907614445 0.11995080562532288 -0.9732863979169869 139.32848396413024
-0.9807885033620427 0.03496193358938194 -0.19201288607885922 -52.51100915818661 0.010340360092007358 0.9917600628904548 0.12776378157306834 21.10524058507764 0.19488841552362138 0.12331370640035026 -0.973053229447576 138.59520930459314
-0.9810451443290822 0.03417258873260291 -0.19083974880441298 -52.64903834007134 0.009287561654122502 0.9915060009299432 0.1298003418536095 21.206434206405113 0.19364513115622073 0.1255574683319372 -0.9730144469679333 137.8581773731856
-0.9813516859570603 0.034027820236831784 -0.1892806034312896 -52.78607975930628 0.009271408610271873 0.9914572107131623 0.1301717688409566 21.304224242716163 0.1920840493257057 0.12597928261333918 -0.9732691553102927 137.1381397875473
-0.9817850911159338 0.03350351594747372 -0.18711465891502244 -52.91765807039409 0.009127530072877688 0.9915272247334236 0.1296465966760371 21.39741901428296 0.18986380759254087 0.12556707188236496 -0.9737580930853216 136.42948431852034
-0.9823383022123052 0.031678442885744985 -0.184511356683561 -53.046741743632175 0.007857508458969424 0.9916963060151343 0.1284312712817014 21.489526250390544 0.18703860523171142 0.12470327374577558 -0.9744157062753128 135.71313665916696
-0.9829777443046925 0.02968205888046792 -0.18141168041577221 -53.177036776853015 0.006185426335954624 0.9916679243750816 0.12874051095747385 21.59105236996485 0.18371238491691863 0.1254169425699502 -0.9749568487910497 134.96160996169544
-0.9836713261896325 0.02936641455241846 -0.17766442772953944 -53.312032079111326 0.005797361181880733 0.9912743841752741 0.13175362502632496 21.70222669177993 0.17997429436979853 0.12856229501169308 -0.975244178294351 134.17725416258688
-0.9842498013785144 0.03011309051869008 -0.17430265899915165 -53.449551956356544 0.006254010806227171 0.9907184212192359 0.13584781003286125 21.820201342716913 0.17676621597620737 0.13260823378365974 -0.975288578141415 133.36741516511552
-0.9848040164932046 0.031128420331054684 -0.17096392716957737 -53.587742770931136 0.00727761287248604 0.9903580846010449 0.1384018909436679 21.93977482212428 0.17361456737887415 0.13504445465402987 -0.9755205806899874 132.54304422972385
-0.9853777189325312 0.031880913164486054 -0.1674814027477498 -53.725474717179885 0.008446804454619764 0.990291062209005 0.138813401286288 22.057062555877767 0.17027165091768925 0.13535897238929034 -0.9760659583520661 131.7141958997606
-0.9858955847840477 0.032319380035950446 -0.16431651095987768 -53.861254243731814 0.009405218569770939 0.9903450927824432 0.13836465021430389 22.17151509097237 0.16719301863596428 0.134857799048005 -0.9766671868939806 130.886876760596
-0.9864172031326592 0.03275194798827239 -0.16106924478876009 -54.00025450447567 0.0107475004790134 0.9907087921422252 0.1356368353504293 22.28610019317237 0.1640061645842901 0.13205379937372394 -0.9775903948645971 130.02990420735566
-0.9868773223133755 0.03431222261819594 -0.15789155308001618 -54.14113230948631 0.012854306654856172 0.9907740054742478 0.13497268435321774 22.404793299556673 0.16105724476410935 0.13116227820126838 -0.9782003408423913 129.15222752448045
-0.9875307750496578 0.034638236142183934 -0.1536806364484898 -54.280554876839744 0.013652145742539878 0.990681828145476 0.1355697336878228 22.52996369569009 0.1569357228200292 0.13177143264341346 -0.9787884120959823 128.2452189322875
-0.9882008014418892 0.03536555392207429 -0.1491401604661545 -54.419547991315895 0.014706376874438824 0.9904119635887633 0.13741842624009754 22.661496005677527 0.15256120501684872 0.1335941142462427 -0.9792326892369081 127.31532891192754
-0.9888734872418028 0.036081099493637594 -0.14443441742451885 -54.55928458722363 0.015743280127444526 0.990096752356966 0.13955565995331778 22.799296998477324 0.14803040341639548 0.13571956946080205 -0.9796355610804601 126.34987990521776
-0.989336206991181 0.0386203268926174 -0.1405574038868281 -54.6952182066355 0.018845821032337774 0.9900651899972476 0.13939404172952619 22.93166262242735 0.1445354886149266 0.13524933072295017 -0.9802223762798785 125.4038560819792
-0.9899262293426029 0.03983799191370251 -0.135989238676439 -54.830598565761676 0.020991043510694238 0.9903123473295681 0.1373166293304426 23.062977674963157 0.1401332435812888 0.13306955795280778 -0.981159653630825 124.42779277381044
-0.9903500740941563 0.04042106966375347 -0.1326936789063655 -54.962871223105395 0.02246761076976015 0.9907188907711696 0.13411440154834492 23.189104356519465 0.1368739139895257 0.1298297712413479 -0.9820535966438737 123.45849821814556
-0.9907807992961714 0.040482933718881085 -0.1294184374795364 -55.09547680206584 0.023089028086960322 0.9908300406097421 0.13318412476189986 23.319699478289195 0.133614245036234 0.12895916648984332 -0.9826170807469016 122.45503559886629
-0.9909913460131698 0.04029290297361154 -0.12785996002835423 -55.22817658547344 0.023081660900728655 0.9908088983833001 0.1333442216102353 23.456013183157804 0.13204812476880842 0.12918309946725118 -0.9827995403888743 121.42801442391281
-0.9910400099278572 0.04018674252792308 -0.12751737242416375 -55.36289788060253 0.023064512514069047 0.9908536982160472 0.13301481665620463 23.58959490972771 0.13168683907468454 0.128873541673611 -0.9828887980382117 120.3990132446613
-0.9910898783933006 0.03842586179278832 -0.12767618855661983 -55.49876020670713 0.021552678627838384 0.9911562791748896 0.13100111418090982 23.718242831054116 0.13157092254658534 0.12707361863256353 -0.9831390006128261 119.36751994680886
-0.9911040856887328 0.03747234215494237 -0.12784279134763685 -55.63534254769232 0.02103158618241481 0.9916096131002691 0.1276086790835332 23.840248601261834 0.13154292640429033 0.12377643116646735 -0.9835625294001574 118.34805156366524
-0.9909980930044495 0.03869406178629298 -0.12829918965888976 -55.780828643791736 0.02249616433860159 0.9918619502228779 0.1253782410062234 23.965509157972388 0.13209734499548403 0.12135480521826049 -0.9837898504178965 117.29420205183843
-0.9909318480660929 0.039389654078217234 -0.12860252994292803 -55.93142028523191 0.022726049926840575 0.9914498984271342 0.1285593393951022 24.107533572605696 0.13255784131364898 0.12446186140835025 -0.9833399331990905 116.17363538065692
-0.9909065364788621 0.04009742984058303 -0.12857892781679864 -56.08266818363892 0.022782034655135716 0.9908070151928082 0.13341286013363438 24.258854992859394 0.13273744655397188 0.12926154308253915 -0.982696149857883 115.03535859003814
-0.9908815103796372 0.040232865386510844 -0.1287334981259417 -56.24191469178088 0.022754572943809254 0.990666308164064 0.13446217051049678 24.413511232431585 0.13293256345116602 0.13029802056390882 -0.9825331129833763 113.8615878191945
-0.9908457847956726 0.038964756836318 -0.12939686586434535 -56.40259367769694 0.02162973825401809 0.9909211506883658 0.13276129429139932 24.559944392417204 0.13338600846594456 0.1287383215984578 -0.9826771416931747 112.6947424151227
-0.9908063620048956 0.03817778284963879 -0.12993120647160653 -56.56559763476756 0.020899891120909547 0.9910615048006871 0.13182637351382448 24.70728347626257 0.1337936152209855 0.1278897290203121 -0.9827323609755463 111.51477565841836
-0.9907582510819339 0.037771711617924204 -0.13041829789444753 -56.730437751174414 0.020444345104462483 0.9910848882177111 0.13172331534286927 24.860876537280724 0.13422192921515175 0.1278306724522534 -0.9826817885563628 110.31024894132187
-0.9907150708693115 0.037516153065286155 -0.13082089770817043 -56.89609810436966 0.020247462775582772 0.9911966991157779 0.13091155679047406 25.00891072831789 0.13457151973514425 0.1270384064548614 -0.9827368030729381 109.12305641629055
-0.9906557545426509 0.03745816799409625 -0.1312868073771096 -57.066283306035075 0.02019175374063667 0.9912580238327899 0.13045590781433278 25.161072437516566 0.13501655967028653 0.12657707581793076 -0.982735480307883 107.90499670347856
-0.9905891854383487 0.03754993549653719 -0.13176512836705773 -57.23819954781615 0.0198814242254679 0.9909370989553776 0.13292178619010764 25.322184683452143 0.13555314068148044 0.12904185326211973 -0.9823410454378575 106.66464783740686
-0.9905123043770213 0.03734472016557503 -0.13239681977613596 -57.417253175953036 0.019515746899542732 0.9908685176806784 0.1334834319630482 25.49363260310522 0.1361641709532057 0.12962356462494923 -0.9821797803248467 105.37659275807748
-0.9903799923621383 0.03626127759150731 -0.1336807773670488 -57.60312211928866 0.0184373051592786 0.9910570569980798 0.13223117265318693 25.66100276555054 0.13727154357744764 0.12848486234499726 -0.9821751951583223 104.05951849174626
-0.9902125341539145 0.0362194041029667 -0.134928140613448 -57.792187410907744 0.018229048527774096 0.9910583510845711 0.13225078410654442 25.82894061367595 0.1385028348547541 0.12848762524382004 -0.9820020622041525 102.74327250986717
-0.9900379655337309 0.034051841892736454 -0.1367638007850951 -57.98374357531656 0.016108583810088846 0.9913641876083938 0.13021971048395856 25.99263943307877 0.1400075363417386 0.12671000876432875 -0.9820199168523531 101.4130637131544
-0.9898247358299711 0.033446639442192914 -0.1384496761027771 -58.181736829211836 0.01642534912481073 0.9923667775296284 0.12230325581084421 26.137113340504644 0.1414736972215088 0.1187753649881693 -0.9828014592442901 100.09099020625581
-0.989538033867986 0.03200088199041733 -0.14081969547271003 -58.38297009975944 0.015018415065629615 0.9926650924057967 0.12004410052490186 26.288467051848112 0.14361839678944022 0.11666406982598225 -0.9827431528843389 98.74380711592306
-0.9890410404757778 0.03213213302874826 -0.14423905818710878 -58.58424360087135 0.0139046961179192 0.991988269044425 0.12563960602606497 26.455306017379776 0.14711038766184462 0.12224820514824163 -0.9815468863051413 97.39693932094735
-0.9885808166221056 0.032194250331865924 -0.14734776944128541 -58.79739822489657 0.012834047296166403 0.991375422148083 0.13049894451418026 26.633309097002563 0.15026824528003463 0.1271085459371943 -0.9804509923762951 96.00957693275642
-0.9883184770996776 0.03109272980834794 -0.14933011388195658 -59.0165027850214 0.011505421182962028 0.9914205613028991 0.1302788825608725 26.809520052651663 0.152089638543271 0.12702984057718364 -0.9801801937385914 94.61485495661546
-0.9881214196185508 0.028818072149034615 -0.15107873781882003 -59.236919641813365 0.009218695011807927 0.9916301876965572 0.12885474731329402 26.981901629078422 0.1535180084944966 0.12592241328109974 -0.9801001665537548 93.22134819178382
-0.9879323916575912 0.027874641119499784 -0.15248694621956319 -59.46518160650177 0.008230925463950376 0.9917542832832877 0.12796319904701936 27.155044686220965 0.15478694989271286 0.12515494929786888 -0.9799989786792221 91.80364318978565
-0.9877914285540775 0.027851613306762973 -0.15340165936236494 -59.70395672362275 0.008085656156494054 0.9917514577206519 0.12799407790982079 27.335500904750734 0.15569162699490782 0.12518199047995923 -0.9798522010341919 90.33868986369869
-0.9875853661249765 0.02860173001566703 -0.15458952461995482 -59.94792499614735 0.008687157553459675 0.9917478987126498 0.12798603211674583 27.51464335910843 0.1569646136487553 0.12504521669873364 -0.9796666872761044 88.87397505031166
-0.987368844246978 0.028273007893488637 -0.1560263236393162 -60.19171545287518 0.008066278325700211 0.9916678978211668 0.1286445866617523 27.70068786437179 0.15835361059676858 0.1257519998459054 -0.9793526678923488 87.38398079434336
-0.9871424757770253 0.0278350335509438 -0.15752607336637184 -60.43751752105591 0.007315189513966167 0.9915787323052606 0.12936977512720338 27.887478524101827 0.15979120380854261 0.12654456592331412 -0.9790167293954694 85.8982875351713
-0.9869173608022582 0.026837452402778086 -0.15910184472699243 -60.68463054975539 0.005754297190582822 0.9913062315361609 0.1315194557856915 28.077458167798838 0.16123873937995983 0.12887368570233995 -0.9784753129416935 84.41888448571575
-0.9866593809925496 0.026559196720847247 -0.1607397236147627 -60.93746998779945 0.004855521489861099 0.9909871856202912 0.13393724673157603 28.2776348035166 0.16283869332579282 0.13136064580836823 -0.977879411469665 82.91889283803158
-0.9864454953090631 0.026347594129416226 -0.16208103820503478 -61.18690314434365 0.0044500668343376085 0.9909795492375021 0.1340075809178186 28.46946079707847 0.1641400811164205 0.13146057667577288 -0.9776483361074049 81.46329169399517
-0.9862788235744778 0.025260557346817685 -0.1632634486593364 -61.44182383332071 0.00339960011823839 0.9911443782094504 0.13281379399614063 28.657854399826356 0.16516290694897043 0.13042734830609204 -0.9776144823663356 79.98762207330797
-0.9861480244622934 0.02550698329409334 -0.1640127173711278 -61.70384416816447 0.0036740801843320498 0.9912432679919749 0.1320650111278517 28.846271195753 0.16593539658520431 0.12962360958375024 -0.9775904716465339 78.49378053810115
-0.9860452733836998 0.025316011265686 -0.16465784993218446 -61.96189605242765 0.0034313005650198933 0.9912714884655738 0.1318589786786393 29.034402519917933 0.1665492293615618 0.12944447138484783 -0.9775098304553664 77.01138736800156
-0.9859586849985181 0.02500910547152979 -0.1652229446931853 -62.21624484342469 0.003016033633054715 0.9912483443158956 0.13204259968683116 29.220412153851555 0.1670696844756205 0.1296807930879628 -0.9773896358455004 75.55253554309611
-0.9858479912829622 0.024347229121359074 -0.1659868380689264 -62.47909544591928 0.002374449784643266 0.9913480974181765 0.1313076122415952 29.407309397030374 0.16773734530018403 0.12904597344369906 -0.9773598003851969 74.05533732594857
-0.9858017737772913 0.023352724884986718 -0.1664003953446124 -62.73914078844243 0.00171451758247962 0.9916507145838559 0.12900945219682078 29.585731716692592 0.16801404784654994 0.12688355022689463 -0.9775947738401755 72.59185608920924
-0.9857666212273468 0.023582823187986136 -0.16657711846435921 -62.995311674141114 0.0018714028615439764 0.9916115653791884 0.1293084843009276 29.765667938861064 0.16821939637611238 0.1271471595986582 -0.9775253564374825 71.14561217827412
-0.9857454540492255 0.024158042956498548 -0.16662004813751166 -63.25823430018163 0.0018661979779236915 0.9911678465166368 0.13266623134381877 29.95623431755999 0.1683434868439972 0.13045537270710306 -0.9770679190351964 69.66187036842051
-0.985801567331861 0.024050290407390314 -0.16630330517762565 -63.515744524932344 0.001524116418990152 0.9909519437964184 0.13427437177083074 30.147031222497255 0.1680180181429896 0.1321055738905406 -0.976902183529956 68.20017747006173
-0.985815624054149 0.023130527144502207 -0.16635120182562715 -63.77209341576462 0.0007432743065470981 0.9910711583634038 0.13339964734616203 30.333636236637766 0.16794121760266575 0.1313751799527372 -0.977014194155968 66.7370802961101
-0.9858406149939153 0.022172994217493178 -0.16632946739566928 -64.03233798644028 0.00028619218002053423 0.9914607435435778 0.13047229457703693 30.517881776560944 0.16779265161804022 0.128569074117327 -0.9774125701760005 65.24541608129631
-0.9858856390611519 0.020457519756926886 -0.1662837084099125 -64.28349026165995 -0.0008289947592199969 0.9919179873766116 0.12694719127801335 30.69052500837226 0.1675272020963509 0.1252852293918959 -0.9778845521026399 63.79947704953939
-0.9858670512019276 0.020079960872372217 -0.16644208172671834 -64.53605062169885 -0.0011464267074821936 0.9919799587007594 0.12646248139276478 30.86443742201721 0.16763643877006248 0.12485815250410974 -0.9779209104397172 62.35111360836705
-0.985880371654415 0.01956514387142565 -0.1664232256028732 -64.79034742809863 -0.0017313243585778016 0.9919271442202627 0.12686804257805337 31.04361355269273 0.1675519778895751 0.1253567029939321 -0.9778714315629151 60.88797008117418
-0.9858575947472037 0.01994688274299267 -0.16651288341301157 -65.0457566427741 -0.0016924260046504555 0.9916765113526553 0.1288131490260466 31.231270841527262 0.16768639159334386 0.12726504671403635 -0.9776018164559417 59.41887910435952
-0.9858879387060873 0.019746563358611757 -0.16635699404039364 -65.30184984607429 -0.0022568524102839016 0.9913824763992526 0.13104902375434463 31.42159002797048 0.16750124624437754 0.12956691890035693 -0.9773312706542225 57.94164593249184
-0.9859105068243554 0.01817403081897239 -0.16640023124137612 -65.55417270987341 -0.003745616682471668 0.9914534290209003 0.13047614870072735 31.605854973078877 0.167339835980501 0.12925263514934485 -0.9774002365383457 56.48487259597199
-0.985896380904939 0.0160801762432328 -0.16669758748173588 -65.80768225764845 -0.005100864313190651 0.9920435627118279 0.1258623732115149 31.777594264388306 0.16738560980326875 0.12492918891077553 -0.9779543359342683 55.03922537476933
-0.9858565416238612 0.01470794006586198 -0.16706165826017944 -66.05801862914778 -0.006019837546364374 0.9924105253840784 0.1228941173116384 31.9417592278177 0.16759154000478574 0.1221532871316474 -0.9782698896989379 53.62245200725509
-0.9857844647309084 0.014831197669245845 -0.16747252950759675 -66.30797675302114 -0.005913601716652961 0.9924352136371879 0.1226992257240844 32.10596843997506 0.16801576633257012 0.1219369068600282 -0.9782239054123162 52.22099294331813
-0.9857412561494678 0.01510860736885438 -0.1677027491432243 -66.56352341782076 -0.006019887878784608 0.9921766609018485 0.12477099844131162 32.28003104529213 0.168266235285473 0.12399274445795204 -0.9779223269808369 50.78345003989064
-0.9856787997332207 0.014806180826242105 -0.16809373773417302 -66.82077563887086 -0.006379085434312828 0.9921704186385574 0.12480028296913558 32.45357502764621 0.16861606267901993 0.12407617327079698 -0.977851117683917 49.34133994432245
-0.9855880984172622 0.013655246395703294 -0.16872045594663884 -67.08130990736659 -0.007438810518027408 0.9922923992784577 0.1237663630846895 32.62621799863771 0.16910121379008186 0.1232285307456959 -0.9778743639480232 47.874589928451385
-0.9854962984600186 0.012105555536460318 -0.1693765930968924 -67.34001783242317 -0.008940805403631912 0.9923818705008574 0.12294906122668611 32.798021347022804 0.16956523456011857 0.12267110767741474 -0.9778643550178722 46.40998778914699
-0.9854183275970938 0.011562055871299862 -0.16986864332067514 -67.5941731335662 -0.009428043636954776 0.9924642252597415 0.12224589902810268 32.961389108730216 0.1699926814245112 0.12205562439643837 -0.9778670490863317 44.99522135146309
-0.9853579927387857 0.01145511307595739 -0.17022761281346344 -67.8511750081642 -0.009442077635141783 0.9925623282622565 0.12144773279849302 33.12367640857376 0.1703430375666807 0.12126760987104912 -0.9779042873166075 43.57790688494445
-0.9852641687397555 0.01273929866007529 -0.170676312749663 -68.11233719437584 -0.008150904906070332 0.9926108857996278 0.12114210646654511 33.289236607229306 0.1709488970141667 0.12073907511487339 -0.9778637732430931 42.14321754229973
-0.9852160058632932 0.01388094715746593 -0.17086379901263626 -68.3680924689376 -0.007115394816141543 0.9925549213165199 0.12166475242353003 33.45345347872634 0.17127095249422283 0.1210727759681917 -0.9777660631167806 40.74144650259565
-0.9851894308450261 0.013752568832329339 -0.1710280051252719 -68.62940334373071 -0.0072554258792089776 0.9925605547128767 0.12160998694149457 33.62113866986624 0.17141869315649919 0.12104032822108395 -0.9777441839784639 39.301445767019615
-0.9851553611503919 0.013103062057733258 -0.1712759553439064 -68.88700085848873 -0.007780709915892342 0.9926676819604178 0.12069831054767936 33.78292785979123 0.17159226036468445 0.12022978946096802 -0.9778135911456497 37.88473055985625
-0.9851265547069322 0.012380627473582689 -0.17149832784464722 -69.1443011211967 -0.008471929547855576 0.9927066178568341 0.12033111382793442 33.952952742577665 0.17172768729817683 0.11998507984508719 -0.9778200869531549 36.440780984527684
-0.9851018252302608 0.011521924931828324 -0.17169845030683914 -69.39503302544685 -0.009300556875299137 0.9927412226004807 0.11998223652703684 34.1171619173915 0.17182519734293286 0.11978241791771727 -0.9778275546904688 35.03672873644597
-0.985096912031902 0.010600668171377945 -0.17178298767538402 -69.64374918992497 -0.010169434194093009 0.9927803754258099 0.11958532622728538 34.27645534733965 0.171801482345406 0.1195405785068914 -0.9778610450296549 33.65318557642858
-0.985080294785677 0.010463621705387215 -0.1718883412209216 -69.89416375443619 -0.010378371780231606 0.9927389227760608 0.11991341900664818 34.43695527706314 0.1718857805928347 0.11989896740138554 -0.9778022953858065 32.267008018771655
-0.9850220137017752 0.01084932889606398 -0.17219984063267343 -70.15114148394753 -0.009987290703445586 0.9927713701586686 0.11968039840381452 34.59742629260811 0.17224407687466922 0.11959865602819614 -0.977776114697746 30.860038439460666
-0.9849364872521816 0.011858344379822064 -0.17262496588932205 -70.4096358993214 -0.009025273853579431 0.9927793592456894 0.11969289148581748 34.7589139102705 0.1727882371758526 0.11943882812359669 -0.9776997192987005 29.448892104592957
-0.984912624447916 0.01207931639296838 -0.1727454517449594 -70.66913793329444 -0.008812488280469157 0.9927841608361726 0.11966630124890609 34.92132577820067 0.17293502113589368 0.11937398948367513 -0.9776815803595851 28.031524257577544
-0.984878381208111 0.010394755464242626 -0.1730480871080729 -70.92368018303573 -0.010026566143808013 0.99312299436044 0.11672078543242403 35.073192901154776 0.17306231809077377 0.1166817100979421 -0.9779836782315552 26.643746634487123
-0.984800960761482 0.007266469568855941 -0.17364592002965362 -71.17117953020416 -0.01242269967864035 0.993635524535769 0.11203333736068301 35.21496125243853 0.17334617388010376 0.11247874219230607 -0.9784256676168934 25.280913431672865
-0.9847866286929079 0.002943080458562885 -0.17385383133068694 -71.41524631409304 -0.0164759865282601 0.9937873425981747 0.11015057339469105 35.35902432222375 0.17308901492063847 0.11133001909975848 -0.9786028792166033 23.913080703832755
-0.9848683679636674 0.0017296661009223479 -0.17340748705922016 -71.6541220683703 -0.017878187476292492 0.993618858362833 0.11144932996416489 35.502461207739174 0.17248432855071227 0.11285418864855841 -0.9785353227279326 22.58591788072152
-0.9849008089312915 0.0015120326314803588 -0.17322494923262557 -71.89585076036191 -0.018335488516849463 0.9934446359509579 0.11291962413816665 35.64735159042013 0.17225067259033494 0.11438185698675567 -0.9783990024787531 21.25708993268605
-0.984861862558647 0.002277513646012787 -0.17343969662029074 -72.14954864790772 -0.017763131007047198 0.993342100124152 0.1139085527034464 35.798257428872255 0.17253495999086066 0.11525599807370317 -0.978246367892233 19.87905265749275
-0.9847661644964292 0.006318662974316047 -0.17388047988731128 -72.41208773749867 -0.014088306439543565 0.9931728419518462 0.11587868450229144 35.95442470436677 0.17341595724011055 0.11655419167873024 -0.9779365150921567 18.480411289616544
-0.9846540224064327 0.010355804448925162 -0.1743207831568902 -72.67654180041154 -0.010194488641290661 0.9931382934212934 0.11658103164306818 36.11176021319764 0.1743222847923008 0.11656020711515178 -0.9777744647038505 17.07927410016473
-0.9845767680058132 0.011728384466608614 -0.17466851103605352 -72.93117580435177 -0.008724138880738037 0.9932354348989142 0.11586849378287281 36.261207222431025 0.17483639538195145 0.11559632792295768 -0.9777971211736155 15.717209342966711
-0.9845398959665915 0.011716354255774353 -0.1748774564994837 -73.18223248291785 -0.008372618271171252 0.9934894637882663 0.11369797337741734 36.40927604364903 0.17506156328720976 0.11339539541494997 -0.9780146120341707 14.353386316607494
-0.9845227267485004 0.01054788048127723 -0.17504803034564959 -73.43475598877802 -0.009224493263422479 0.993701950166771 0.11175894551165985 36.55533537201232 0.17511499894094626 0.11163511804625004 -0.978207569685629 12.974297830127759
-0.9845004983560313 0.009039124155352492 -0.1752572323926509 -73.683673371093 -0.010623154197747673 0.9937809527846947 0.11093014229808149 36.699418300614845 0.1751605123629792 0.11106378790135742 -0.9782644539943823 11.609270916703714
-0.9844692070502855 0.007924758938560001 -0.17548714410276098 -73.93444093922535 -0.011726266261847619 0.9937987142333264 0.11066130976589912 36.8454943656854 0.17526608355830545 0.11099179371476904 -0.9782539933969854 10.235273951792601
-0.9844156174869824 0.007256789280886554 -0.17581536735979575 -74.18828891770487 -0.012330396506269388 0.9938577790323749 0.11006157279288521 36.98776332418795 0.17552462530510485 0.11050528409120089 -0.9782624689085566 8.865249678994328
-0.98436995445903 0.00650402498644451 -0.17610035407737654 -74.44328276960967 -0.012861790367156836 0.994011184565151 0.10860855999488007 37.125726054590366 0.17574270477306084 0.10916701152853799 -0.9783735601085392 7.501142437355668
-0.9843214823289285 0.00582178814192445 -0.1763949704621011 -74.69902998884687 -0.013502585540007104 0.9940521691853289 0.10815473481569071 37.266693684655735 0.1759659445494516 0.10883230948815267 -0.9783707878452752 6.118044200635704
-0.9842574063781866 0.005490465573324736 -0.17676368983825486 -74.95519655974522 -0.013873616499757832 0.9940504810207845 0.10812564959363602 37.40817369947797 0.1762958875827208 0.108867638296453 -0.9783077719861552 4.739150888868172
-0.9841703108225471 0.004032508893319221 -0.1772892504983811 -75.21108622408832 -0.01525149304533012 0.9941225683134917 0.10727330315080232 37.54801935513944 0.17666964017782294 0.10827092403376534 -0.9783066504688175 3.3555440620808015
-0.9840975179477794 0.003096592358768566 -0.17771214959752393 -75.46777054207928 -0.016197120171376436 0.9941356842092902 0.10701296614109372 37.68953640696097 0.17699113907004074 0.10818149449575723 -0.9782584398301858 1.9676544465494041
-0.9840520190444303 0.002332035353401958 -0.177975560873311 -75.72868017346771 -0.017259799578852295 0.9939615457522939 0.10845296617158069 37.83639622592489 0.17714350107501933 0.1097870000266557 -0.9780520398608813 0.5601081708802247
-0.983982802774491 0.0010783749927341033 -0.17837166911196412 -75.98793993546441 -0.018476332230489077 0.99399674263984 0.10792961992926929 37.97918411359548 0.17740677528176949 0.1094884591050654 -0.9780378715440947 -0.8303449035619328
-0.9839103034254122 -0.0004279971640602731 -0.178774236631051 -76.24960740729342 -0.019476171385084274 0.9943117541841663 0.10480605080737929 38.11353688173743 0.17770206411543144 0.10659349646802208 -0.9783040155921547 -2.215090668821866
-0.9838567660923125 -0.0016170519069265564 -0.17906259467576308 -76.51978084828714 -0.02057694878248174 0.9943664415604709 0.10407608523668731 38.25500973867291 0.17787482626792933 0.10607245714271117 -0.978329277950888 -3.6605701248360427
-0.9838381624578246 -0.0019740145045778978 -0.17915789548119201 -76.78298431046116 -0.020932412212151412 0.9943674332680045 0.10399142990190835 38.39382547164325 0.17793325357877066 0.1060526575294881 -0.9783204758871256 -5.063044023558042
-0.9837954640597635 -0.0028315647494722295 -0.17938096387648642 -77.04416421464848 -0.021462195849938793 0.99456177582078 0.1020059172601218 38.523328217020726 0.17810634228780597 0.10419437391600957 -0.9784886574108967 -6.440694514707933
-0.9837210891567676 -0.005017185161121996 -0.17974318735133732 -77.30795945611166 -0.022977074365584427 0.9949327133085567 0.0979786752918396 38.65366340689719 0.17832992728725222 0.10050524996811042 -0.9788341461827399 -7.854831781508443
-0.98367260692214 -0.0054320200498085575 -0.17999971393434896 -77.57645984549974 -0.023319692599496372 0.9949808095145443 0.09740894581297647 38.78428808640591 0.17855588697688227 0.1000078566831373 -0.9788440679699775 -9.283525702413531
-0.9836405001623701 -0.0048091770088829235 -0.18019425899910146 -77.84302798715818 -0.02286737340432745 0.9949071300495009 0.09826983672792312 38.91639402911518 0.17879248794528113 0.10077468740384628 -0.9787223857656163 -10.69254452161584
-0.9835887819711686 -0.0034758157367931774 -0.1805073263887715 -78.11506131537513 -0.021556632194712242 0.994933755295376 0.09829912666149776 39.04804171913946 0.1792396215866645 0.10056898535847847 -0.9786619310801646 -12.112999296021952
-0.9835779979136703 -0.003155046441064983 -0.18057380503687492 -78.38712429452654 -0.021137269860034225 0.9949977953916724 0.09774276175142016 39.17833596268401 0.1793505547991025 0.0999465618623629 -0.9787055498231739 -13.54167192044226
-0.9835626154881081 -0.003540777585357109 -0.1806492247312603 -78.65805462027271 -0.02148059242770498 0.9950194760844159 0.09744545979733313 39.30984823856531 0.1793931227255274 0.09971616828449913 -0.9787211426200558 -14.97423178429564
-0.9835205728300399 -0.0042579060354108675 -0.18086163455676568 -78.93201085863812 -0.02193137794196818 0.995166538269132 0.09582866550703953 39.4357852422535 0.17956831756134503 0.09820777704596448 -0.9788412603902216 -16.405639007369054
-0.983539962739944 -0.0047081600115043785 -0.18074383199853405 -79.20604358114063 -0.022470596001785477 0.9951033654596275 0.09635317343473487 39.569164841712514 0.17939461511108334 0.09881986072602077 -0.9788113139135163 -17.85815433961273
-0.9836183228901162 -0.00446771052437265 -0.18032196095024822 -79.4790935451132 -0.02267894667241551 0.9948328240053539 0.09905978486713893 39.705600796658274 0.1789369386224417 0.10151805821288631 -0.9786188337963571 -19.29774289730275
-0.9836140897757364 -0.004331498188947104 -0.18034848159236147 -79.75686305573838 -0.022512604859353053 0.9948537568747982 0.09888752144400845 39.84066112433954 0.17898128729097482 0.10131893326738295 -0.9786313834872336 -20.751857347982334
-0.9835921484343984 -0.003916153566568743 -0.1804767178196975 -80.03031640907074 -0.021856792271753248 0.995002718488297 0.09752730557043354 39.96948558782578 0.179182011279891 0.09986353474734674 -0.9787442153710358 -22.179622320592397
-0.9835702378378544 -0.0035934120138929556 -0.1806039659515364 -80.30182346534345 -0.021527018985970727 0.9950188443705142 0.09743682695089989 40.09958737879375 0.17934316624516577 0.09971553063541305 -0.9787298897365707 -23.60492380100117
-0.9835292749746859 -0.003245130982084503 -0.18083335482352694 -80.5775567039136 -0.02120798744469774 0.9950204709440622 0.09748904838636908 40.23267977583634 0.1796054300999179 0.09971006125625712 -0.9786821212602987 -25.053466438163397
-0.9834580699805089 -0.002232879941376913 -0.18123444352530946 -80.85136926725104 -0.020194518503534698 0.9950574053734325 0.09732447385338039 40.36235324925995 0.1801103401922604 0.09936609590704275 -0.9786241647712457 -26.477656204615293
-0.9834454309184014 -0.0011394586935812496 -0.18131003072411536 -81.12661191107506 -0.019095941618811195 0.9950785302085604 0.09732684796237923 40.493660702190226 0.18029589391496859 0.09916954447861336 -0.9786097485806853 -27.907424863991796
-0.9834614721853543 -0.0003081994893801631 -0.1812272948518259 -81.40455361178597 -0.018316692511915905 0.9950554387618865 0.09770855480129387 40.62810963859438 0.18029026596136863 0.09940357327934403 -0.9785869946317606 -29.356077301779745
-0.983428916942854 0.0010583016894216849 -0.18139989400293788 -81.67425700116881 -0.0169920197285862 0.9950571717617672 0.09792738949130349 40.76389299869067 0.18059612823667398 0.09937847637271918 -0.9785330621259616 -30.76782130792316
-0.9834088012121263 0.0014912476471960743 -0.18150923487424483 -81.94319384237082 -0.01578956251825599 0.9954818297802395 0.09372669607535779 40.88796632770989 0.18081746914644825 0.09502976460289418 -0.9789246262674324 -32.17455263626731
-0.983404994132796 0.002146845136604491 -0.18152029853803506 -82.21405082761925 -0.01430161363922003 0.9959143880519894 0.08926088310897522 41.00429324358125 0.18095952220077385 0.09036745757082557 -0.9793392883717421 -33.591886804604314
-0.9833802866205428 0.002511209658294033 -0.18164876134344327 -82.48208484552516 -0.013801409330951761 0.9959903397053312 0.08848796067056518 41.118358106734085 0.18113199518491224 0.08951588433318383 -0.9793856781741417 -34.98888612477129
-0.9833876918096829 0.002485095756153486 -0.18161070911604982 -82.7531831392686 -0.014103374272848948 0.9958511905499075 0.08999500484301957 41.239659392438945 0.18107010414268998 0.09105274860101974 -0.9792555485631389 -36.412782563959276
-0.9833773976567084 0.00223973939570052 -0.1816691307958007 -83.02940911667831 -0.01438574927230148 0.9958332496382301 0.09014928636120557 41.36281027904187 0.18110335833570998 0.0912556499959583 -0.9792304759012906 -37.864940429321926
-0.9833198830073933 0.0017467462316419129 -0.18198564751087187 -83.30373898435285 -0.014786927884550556 0.995889531577653 0.08945858510868702 41.48037808895287 0.18138311773416477 0.09064903933679634 -0.9792349146861391 -39.29903029293414
-0.9832945966888379 0.0014355579344781147 -0.18212776637459524 -83.57781749703435 -0.015069676998871304 0.9959074608953518 0.08921235271086898 41.59922017642816 0.18149977299781686 0.09045807280049542 -0.9792309973392378 -40.73165596731245
-0.9832882761198511 0.0011744136256559394 -0.18216411614599665 -83.84547222904455 -0.015353598930488991 0.9958953966135324 0.0892974160745437 41.71699411345223 0.1815104418157952 0.09059371152095666 -0.9792164270666905 -42.13499675726941
-0.9832034303826396 0.0005646514509915445 -0.18262314836610752 -84.12056245582019 -0.015640444823423832 0.996069264088782 0.08728514463068454 41.82952141746408 0.18194381327287526 0.08866739640509971 -0.9793123388215643 -43.552315357894265
-0.983132080959734 -0.0003688687252746369 -0.18300557643297286 -84.39185459685115 -0.016526602412045784 0.9960990482802724 0.08677668468052846 41.942958282039136 0.18224925403718142 0.08832935848472875 -0.9792857952345867 -44.96572017472314
-0.9830807499691131 -0.00047956099565488685 -0.18327955569353727 -84.67022009087094 -0.01669308752845345 0.9960822920594706 0.08693556000035932 42.0596707775575 0.18250973572700263 0.08851581979699566 -0.9792203380043205 -46.40178952533513
-0.9830208034885355 -0.0002842917590916159 -0.18360166477958448 -84.94665777436879 -0.016470558310604344 0.9961112871400685 0.08664525387545345 42.17286957294506 0.18285296835359685 0.08818994230666773 -0.9791856416225733 -47.81960948640024
-0.9829407765527819 -0.0003262824120817828 -0.1840288143479402 -85.22314445386537 -0.01636683265161921 0.9961983507661238 0.08565591728838129 42.2823246101653 0.1832912086546913 0.08719837813771737 -0.9791924213396926 -49.2303215442392
-0.9828344305523139 -0.0004480500427401826 -0.18459577223904727 -85.4980175710048 -0.01649942101716024 0.996215150644506 0.08543304991458353 42.39227671732272 0.18384899208624583 0.08700395593062026 -0.9791051242930774 -50.63363093824138
-0.9827295991264171 -0.000963052817791089 -0.18515304354196827 -85.77117926319943 -0.017103996314274485 0.9961906294143794 0.08560309069148613 42.50541267868834 0.18435512323775402 0.08728342781260995 -0.9789853506366882 -52.043690483991575
-0.9826119813119083 -0.0014584120142924607 -0.18577489421630078 -86.0518386494618 -0.017645232031855772 0.9961893429449254 0.08551028491232986 42.62458596054538 0.18493185441524268 0.08729400939804625 -0.9788757409197277 -53.494917172422255
-0.9825286352322785 -0.0019316583992379142 -0.18621004996580304 -86.33273001865183 -0.018157326261831017 0.9961831913967899 0.08547330489686218 42.74200407856754 0.18532388672544253 0.0873535660679647 -0.9787962685565521 -54.9398792473997
-0.982429114390927 -0.002294720174844745 -0.18673296907933662 -86.60672517647312 -0.018536344299833113 0.9961934125991384 0.08527860694135783 42.852543284429636 0.18581563920660618 0.0872344395539517 -0.9787140365764534 -56.33318308732254
-0.9823773049681618 -0.0026690460844495975 -0.18699885605223426 -86.88230275745467 -0.018918487835100892 0.9961956003857753 0.0851659316051659 42.963925954121024 0.18604950352711014 0.08719550762955365 -0.9786727616856514 -57.73706838125647
-0.9823298704775439 -0.0026758200506870953 -0.18724871476825022 -87.1646363329054 -0.018783283915903805 0.9962718557052203 0.08430115232593191 43.0730152741408 0.18631433958709662 0.0863214147850926 -0.978699785901138 -59.16217914802101
-0.9823170599033973 -0.0035922597364356035 -0.1873008683449649 -87.44176887117645 -0.019390050277666826 0.9964042340687038 0.0825818039662744 43.1779807918014 0.18632007389315763 0.08474592840365171 -0.9788363132937621 -60.571165306137644
-0.9823124883418246 -0.003827880772254466 -0.1873198178788344 -87.71660796806634 -0.01956129912113317 0.9964310508534315 0.08221832135733767 43.2833558399713 0.18632603493692043 0.08442066050521761 -0.9788633515990285 -61.97099948605603
-0.9823299353751767 -0.003869813903297406 -0.18722522791803503 -87.99138700900147 -0.01967069992836388 0.9963955420375269 0.08261638294374558 43.39113639078419 0.1862206557279851 0.08483149239893174 -0.9788475322085777 -63.36956320730498
-0.9823781361304278 -0.0038674506165698908 -0.18697392987386396 -88.2690169615871 -0.01985743198779513 0.9962995163893614 0.08372553557919366 43.50189287139742 0.18594796360809618 0.08595518070218729 -0.9788013790769342 -64.78481315374832
-0.9824685280218376 -0.003827501223597548 -0.1864977538452845 -88.54459155609491 -0.020064913001465037 0.9961649854345723 0.08526009992569754 43.61521641361695 0.18544604450078844 0.08749956570005901 -0.9787598608449272 -66.19988792517435
-0.982509365900872 -0.0038492134616204053 -0.1862796715088421 -88.82129546375258 -0.019976373654224982 0.9962075254023437 0.08478204407769172 43.724658020936005 0.18523703243288422 0.0870122967959367 -0.978842749216882 -67.6159268297146
-0.9825257947977035 -0.0052811255402635815 -0.18615912154738504 -89.08983156109834 -0.020724089928713975 0.9964977043452306 0.08111364290405645 43.82408614683547 0.18506862253156456 0.0835461030416587 -0.9791767048571526 -68.99046016297915
-0.9824741664342288 -0.007850873911261434 -0.18634312880935863 -89.35473910922754 -0.022854458969246715 0.9966598357641476 0.07851113487776355 43.92061522463626 0.18509384893057526 0.08138580155499998 -0.9793541298659438 -70.35972773503396
-0.9824834363926511 -0.008331910089559745 -0.1862729657473157 -89.62018575424231 -0.02350715909059575 0.9965728206082747 0.07941523354724377 44.02275196870679 0.18496277137234654 0.08239466548230097 -0.9792945198106838 -71.72805235397584
-0.9824744500498942 -0.007876795237839303 -0.18634135258374018 -89.88799704772688 -0.023737344359828494 0.9962714867502224 0.08304481948810401 44.12945995536161 0.18498253811899237 0.0860040460784305 -0.9789807455285778 -73.0952902392562
-0.9824882469134668 -0.007761539022118458 -0.18627232236609934 -90.15728578311422 -0.023943635643844344 0.9961190586296638 0.08479153679614879 44.23879469229167 0.18488150546904722 0.08775801506100732 -0.9788441426538517 -74.46619233543468
-0.9824519607707962 -0.007725275618448742 -0.18646528141752763 -90.43200111305667 -0.023903682338257744 0.9961295804088941 0.0846817235694418 44.35276656607688 0.18507949907235272 0.0876445173711634 -0.9788169366373743 -75.87102413799698
-0.9824066361016995 -0.008459939353124907 -0.1866730078042833 -90.69669541091872 -0.02439993665416212 0.9962367642686755 0.08326700352760316 44.45565617705701 0.18525599017905195 0.08634873881446581 -0.978898776736258 -77.22058698700111
-0.9823204963892019 -0.00932193724407487 -0.18708391332779778 -90.96064700739674 -0.025079012329792996 0.9963212037767798 0.08204357905398672 44.55538014634249 0.1856210711024115 0.08527635504750633 -0.9789232640672084 -78.56269264840817
-0.9822337167341788 -0.010200768240285525 -0.18749317329300083 -91.23031977898764 -0.025879392396976262 0.9963557856753257 0.08137325496575518 44.65676250905321 0.18596990874934555 0.08477140522873935 -0.9789009856925088 -79.93725666441719
-0.9821783974885916 -0.01057546302857471 -0.18776052382016173 -91.49925405518381 -0.02631089648262515 0.9963319925873494 0.08152160921550146 44.76079828171202 0.18620010319698155 0.08500032795080047 -0.9788370850931262 -81.30742221352288
-0.9821043215281129 -0.010869869306340763 -0.1881330162387329 -91.76980041825317 -0.0267245889454269 0.9962859562853312 0.08195177656486834 44.866076790261396 0.186533647877392 0.08550467954067018 -0.978729814305271 -82.68111658828644
-0.9820187598298461 -0.011336573873313466 -0.18855098159857045 -92.03681857162431 -0.027089378359814443 0.9963382881218027 0.0811895490221952 44.96423589062193 0.18693056833730892 0.08482867116501702 -0.9787128080974288 -84.02298831761384
-0.981939129374108 -0.01233364555684047 -0.1889025141432487 -92.30056690867417 -0.027972003747235442 0.9963817620519577 0.08035389343169422 45.060913417545855 0.1872184220656415 0.08417784392700745 -0.9787141611087612 -85.34933349278421
-0.9819033621085874 -0.012352148696906517 -0.1890872142533056 -92.57248461078221 -0.028081444803966293 0.9963470482906555 0.080742742069052 45.16338471841156 0.18738965641101457 0.08458245327796542 -0.978646408856534 -86.71146410764894
-0.9818547355697592 -0.012526331638781597 -0.1893317494360151 -92.84473910025696 -0.0282990985315888 0.9963333042930246 0.08084184207602162 45.265648433552784 0.18761500638273657 0.08472454262595884 -0.9785912321569504 -88.07271159339457
-0.9817779547129611 -0.012828596492887435 -0.1897091233505803 -93.11220507546139 -0.028589303799132635 0.9963455102268258 0.08058388795627036 45.36403127699331 0.18797239860167572 0.08453070388310462 -0.9785391668371807 -89.4068558207936
-0.981710016543823 -0.01280452952834611 -0.1900630885674223 -93.37866837682759 -0.02855844466542701 0.9963626264310218 0.08038893248599333 45.46113116636548 0.18833254708672026 0.08433826695835148 -0.9784867228383428 -90.72914147235113
-0.9816315168680073 -0.012921095095424275 -0.190463384037287 -93.65029877086045 -0.028661673307518752 0.9963812680711449 0.08012660701216986 45.56019134856126 0.18872859437107964 0.08410601163388458 -0.9784305230536301 -92.08024184474344
-0.9815463004871235 -0.013254018978488952 -0.19087925823515814 -93.922728497374 -0.02898877893618193 0.9963913703354869 0.07988220457590153 45.65946867154791 0.18912149876500778 0.08393378124729656 -0.9783693424585712 -93.43591567653411
-0.9814688555426689 -0.0131640237733554 -0.19128241920085928 -94.19466790854788 -0.028881941621705938 0.9964151743408898 0.07962242670918876 45.75716362825318 0.18953853210550423 0.08366400936539956 -0.9783117166564401 -94.7830277158363
-0.9814252133289458 -0.013661243007736076 -0.1914720129400577 -94.46144457006818 -0.029322211417298308 0.9964355483302234 0.07920399871028247 45.8526829294022 0.18969742277269452 0.08333958775752626 -0.9783085794559855 -96.10946293863337
-0.9813479319905385 -0.014361211304721327 -0.19181926368590946 -94.72783167611144 -0.02985551560455557 0.9965044755422772 0.07813430098288644 45.9490810296457 0.19001605251826156 0.08239650520037976 -0.9783268516022939 -97.43544235125971
-0.9812996995516707 -0.01437754924131886 -0.19206346191950102 -94.98858718679908 -0.02962395983666674 0.9966185557604528 0.07675282806880965 46.03890938856645 0.19030026202593053 0.08099959279879769 -0.97838795888535 -98.72047729997159
-0.9812561738984705 -0.01442624478442144 -0.19228047191620962 -95.24901553482135 -0.02976038278041444 0.996586891719909 0.07710675830386206 46.132852711200655 0.19050189126913494 0.08137610162864678 -0.9783172322041915 -100.01135675386935
-0.9812489694184479 -0.01436779191337572 -0.19232239833851114 -95.50790405012143 -0.03005007061588441 0.9964395646898951 0.07888041658491576 46.22827612073828 0.19049437142764147 0.08317302158244672 -0.9781675655331482 -101.29439019221999
-0.9812034166646869 -0.014607389574758036 -0.19253937849605657 -95.77086370188634 -0.030173758264959924 0.9964918349360448 0.07817038320733065 46.31927836527131 0.19071199623089025 0.08250331491043253 -0.9781819164143728 -102.58835122904513
-0.9811536360050112 -0.015399877552905708 -0.19273278995560697 -96.03684342489946 -0.030861468989637427 0.9965248069645993 0.0774841539250902 46.412217049602745 0.19085929908747876 0.08196479911965113 -0.9781986842504685 -103.90774913356287
-0.9811133963285388 -0.015449993425149777 -0.19293227004402602 -96.29865025820939 -0.030911132307218092 0.9965302309746957 0.07739155762956772 46.50373178721728 0.1910568686645691 0.0818865344327492 -0.97816665657907 -105.19476244101385
-0.9810951836225807 -0.01561085846987208 -0.19301155328335848 -96.56186744961812 -0.031062648698999426 0.9965325796557478 0.07729674992794126 46.59561955070467 0.19112556442924747 0.08182396554569758 -0.9781582766181588 -106.49209840734748
-0.9810741632821883 -0.01572853424325435 -0.1931102249194144 -96.82363105304903 -0.0312247813835152 0.9965142641467678 0.07747081869281867 46.68921932903427 0.1912083590198845 0.08202748081890068 -0.9781251750475762 -107.79032263830403
-0.9810545819352807 -0.01592000756272451 -0.1931968782752747 -97.08196150439842 -0.03143454299349444 0.9965051318215997 0.0775094813764038 46.78131612133629 0.19127706451576987 0.08210751964045428 -0.9781053717576311 -109.06958769667557
-0.9809976528949107 -0.016271277173009923 -0.19345485715464988 -97.33790539609164 -0.0317374368486737 0.9965251255737863 0.0771237364591415 46.86993609575202 0.19151739034369314 0.08179096494643404 -0.9780846192117625 -110.33014374951905
-0.9809559515484724 -0.016800291639392815 -0.19362184901156473 -97.59286116736108 -0.03223712481706484 0.9965293976676226 0.07685901091749091 46.95920365896359 0.19164818027487127 0.08163004198557439 -0.9780724037234063 -111.59171427624337
-0.980864946025801 -0.017075213464383093 -0.19406181232092767 -97.84549845380744 -0.03247275384113254 0.9965539346501671 0.07644468294738999 47.044510239298525 0.19207682192562162 0.08127685993198841 -0.9780179910967285 -112.82395105565227
-0.9807640682316973 -0.01742794346768074 -0.19453985319103234 -98.09783772976952 -0.032790087742381145 0.9965751630312851 0.07603128515357807 47.12876089121257 0.19253766967388009 0.08094102274824398 -0.9779553308840137 -114.05114218003699
-0.9806277915198843 -0.017694649156503334 -0.195202990242967 -98.35161683375274 -0.03310549042684356 0.9965692680027111 0.07597231902335025 47.21446406407445 0.19317809370906808 0.08095617749502625 -0.9778279473716719 -115.28290625344484
-0.980505194966383 -0.017935672332653543 -0.19579711866220623 -98.60543750094887 -0.03344856589404873 0.9965395701721651 0.07621355612093376 47.30096726724215 0.19374160148131295 0.08127053060296104 -0.9776904244613541 -116.51016224541267
-0.9803456208140863 -0.018185912943306706 -0.19656958219054893 -98.85971075816445 -0.03375170876538541 0.9965355939232778 0.07613211354407867 47.39061927042321 0.194493115404067 0.08126406039659854 -0.9775415971152895 -117.74293399685091
-0.9801653130931052 -0.01820545313546123 -0.19746599250532246 -99.11032427595613 -0.03369797290184125 0.996594225933424 0.07538346937081901 47.472895045606535 0.1954100034153964 0.0805363246924971 -0.9774189842331684 -118.94188530893273
-0.9800445452534433 -0.017895736257069708 -0.19809270969743756 -99.3598461708409 -0.03311433391384998 0.9967334718375006 0.07378310680536915 47.54974069139631 0.1961142360566566 0.07886408773373223 -0.9774143357703289 -120.12172003458075
-0.9799510330249647 -0.017641643023862157 -0.1985771802217929 -99.60754484568143 -0.0328450656182325 0.9967609060130196 0.073531921254828 47.628105768700316 0.19662576571192855 0.07857352161317617 -0.9773348705013126 -121.30148887929505
-0.9799013561379147 -0.01739406623273305 -0.19884200919976694 -99.84796883812095 -0.032860314940566786 0.9966692169192134 0.07475198221183732 47.70994532638501 0.19686866334094286 0.07977701000256673 -0.9771882395708507 -122.46141793785259
-0.9799035446851377 -0.017420184036849626 -0.19882976830676152 -100.08493096498567 -0.033086693971369666 0.9965869148678312 0.07574652719370491 47.79297371715395 0.1968205922093133 0.08079648313508267 -0.9771142889419842 -123.60960162377009
-0.9798640399866831 -0.01569140930272246 -0.19916934800832473 -100.3158557466348 -0.03137789190693908 0.9966345230806568 0.07584929909892232 47.872257889502514 0.1972978383560267 0.08056504511266198 -0.9770372266239781 -124.70903421535907
-0.9798483343603971 -0.015146464872489359 -0.19928860073163066 -100.54822940815512 -0.030756304460823888 0.9966829622316608 0.07546690565902849 47.95000881235913 0.19747347437597929 0.08006903559166872 -0.9770424807192044 -125.81840124577879
-0.9798210607828216 -0.015363248198554641 -0.19940604947788826 -100.77703846310821 -0.03107212253533516 0.996640985859531 0.07589033068378137 48.02983973272861 0.19755930936006325 0.0805482785874868 -0.9769859443505138 -126.9204543749967
-0.9797790928064812 -0.015005175834904273 -0.1996393948740817 -101.0010304117924 -0.031197909279749716 0.9964575779077568 0.07821319092878924 48.1109074777472 0.1977476603122677 0.0828532308470761 -0.9767550280440869 -127.99624692982754
-0.9796291375774765 -0.015474690912110952 -0.20033841550654033 -101.2247062687291 -0.03166410846521443 0.9964702119682566 0.07786063526690627 48.18693201396407 0.19841554680278142 0.08261122590852094 -0.9766400263616954 -129.05749345015502
-0.9794042454029799 -0.016394436116273087 -0.20136412035243925 -101.44265226710853 -0.032481085967037256 0.9965227339447953 0.07684511180241095 48.25680716457809 0.19939306200892987 0.08179607177083192 -0.976509676142053 -130.07830264222093
-0.9792925097046855 -0.016603919035094946 -0.2018903523633768 -101.65853745653538 -0.032707558546716364 0.996527165934448 0.07669161992988777 48.32890891040211 0.1999049775592579 0.08170009340777296 -0.9764130033468563 -131.0937319859808
-0.9791625405536463 -0.016130602585632592 -0.20255923063637582 -101.86760969373898 -0.032291170627598564 0.9965383267250284 0.07672895819740791 48.400127745179205 0.20060915728920334 0.08166453665062051 -0.9762715325537252 -132.0728952789948
-0.9790821223659428 -0.015698991560344905 -0.20297996096393048 -102.07035113458684 -0.03184834119386017 0.9965667760829249 0.07654001219191993 48.468496586060745 0.2010705467186345 0.08139680969801852 -0.9761988486466145 -133.0247571135051
-0.9791020037704473 -0.015593107823294788 -0.2028933920493065 -102.25982061503802 -0.03169016297187419 0.9965876743711483 0.07633220172245801 48.53395894410817 0.20099998098103872 0.08115991739897561 -0.9762332626227257 -133.92837454732967
-0.9794458619005587 -0.01346944626346457 -0.20137982444407265 -102.44022663305203 -0.029217809851591718 0.9967317261264633 0.07543434335803326 48.59868350392022 0.1996946948068899 0.07976098649337203 -0.9766162428058667 -134.7949543273748
-0.980898416573789 -0.010114591061614888 -0.19438435358293324 -102.60951290736324 -0.02502435282681786 0.9969233569797212 0.07439928891767307 48.66405460022904 0.1930230714666004 0.07783582256182776 -0.9781116018426946 -135.65307116830036
-0.9829612693251611 -0.006181150144734471 -0.18384002238894503 -102.75016525920951 -0.02002205746409643 0.997100791302552 0.07352745045504004 48.72584089393131 0.18284214361992615 0.07594895465810798 -0.9802137696951734 -136.4573667525736
-0.985861675484256 -0.003514925729605065 -0.16766908679096257 -102.85469827749245 -0.016045441793673593 0.9971797517532011 0.07343506996613709 48.780774314786 0.1669276726155261 0.0750807276907026 -0.9831158360466838 -137.1969577002826
-0.9890743655240383 -0.0032086827225865323 -0.14754436331889953 -102.93917110379623 -0.014389437216457959 0.9971051288344072 0.07477262372199175 48.83739047716323 0.14686807074304997 0.0760718189354852 -0.9862353187718205 -137.95032972385957
-0.9922623280151124 -0.0036186418736049828 -0.12429598912581463 -103.00013514751737 -0.013417432553671857 0.9968644835137247 0.0780863283589605 48.89693177610355 0.12361501548288512 0.07914273830219382 -0.9891773643760108 -138.68816462605196
-0.9952106266522098 -0.004873953828200623 -0.09787402227070033 -103.03773110188733 -0.01291296352787192 0.9965839951743327 0.0816683328524397 48.95904837892622 0.09713370454550815 0.08253372183022835 -0.9918513868111408 -139.42496186445132
-0.9977133840214382 -0.005080640972463532 -0.0677429887172657 -103.05054581371425 -0.010656217248753005 0.996567470622549 0.08219158531467503 49.01581476366388 0.06708563440545386 0.08271814491470247 -0.9943205065662605 -140.14719429126717
-0.9994258622223978 -0.0046554688695056344 -0.03425364050516376 -103.03213332963742 -0.007427256087457722 0.996676163306561 0.08122506256688138 49.06622318463323 0.033755144785716576 0.08142547934159927 -0.9961158720389639 -140.84940864959628
-1.0000054772321447 -0.004136268033098512 0.004390866133186212 -102.97873885318816 -0.0037721121742644585 0.9967912858544572 0.08005693033699489 49.111917763958765 -0.004713672133977741 0.08003367900478725 -0.996789244754439 -141.52133716958622
-0.9989230000510965 -0.004639828894625345 0.04667739572288526 -102.89034909126613 -0.000942525725152429 0.9968877075933833 0.07893392760579379 49.15764287649483 -0.04690314819573582 0.07879789218863306 -0.9957948780195607 -142.18738898310448
-0.9957141405035927 -0.006860962128003581 0.09248212252162678 -102.76365282703048 0.00048661666501590437 0.9968664937402758 0.0792024213031033 49.20586597313595 -0.09273960688238567 0.07890065928772344 -0.9925672042712195 -142.8282804575605
-0.9899956883249982 -0.008036887092885034 0.14103600202928035 -102.60249763685799 0.003219940828045703 0.9968451383971824 0.07941123874573769 49.255733989686114 -0.1412319177565639 0.07906365740088513 -0.9868222989287342 -143.44827279173307
-0.9812497141262656 -0.009480531013266437 0.1926301855048189 -102.40520257768756 0.005917137685768321 0.9968487327709741 0.07920599541327782 49.30478483175599 -0.1927755868426037 0.07885349742340308 -0.9780774469866632 -144.03811544231783
-0.9690413806263665 -0.012663433790532167 0.24666879865700084 -102.17060366710274 0.007129571913481906 0.9968418170412421 0.07918799365893485 49.352509090638975 -0.2468930012513894 0.07848793826404006 -0.9658671312481534 -144.60662526021756
-0.9526485863639674 -0.01592204448711513 0.3037338810459104 -101.8987262315622 0.008814337967756339 0.9967720182457457 0.07989967860525701 49.40235106116376 -0.3040243619252326 0.07878633670486491 -0.9494092938628129 -145.17005222787972
-0.932155293698202 -0.020585330234387866 0.361537348790542 -101.57973621098768 0.009453772358229057 0.996666870891854 0.08112517293114609 49.45423775927291 -0.3619997262374791 0.07903192383105996 -0.9288304740628933 -145.73337350685955
-0.9076066353903645 -0.024300656497678 0.4191726229939505 -101.25154598733637 0.011433819878966585 0.9965302682996406 0.08253106273733213 49.500393166910584 -0.419719813697656 0.0796910336346446 -0.9041573554411284 -146.22062426860222
-0.8786047119748148 -0.028533071883136373 0.47674515420784236 -100.88943524191556 0.012793468923615409 0.9964570838556128 0.08321671504112374 49.54705245596354 -0.4774248071506796 0.07920637839570532 -0.8751045889844649 -146.69056132369664
-0.8446105803879401 -0.03370602949525925 0.5343625449195873 -100.49124059316462 0.013781659978590205 0.9963249888434985 0.08462983902431806 49.5988118279635 -0.5352439929774211 0.07883614645570379 -0.8410201725539144 -147.13789296662054
-0.8064441576125907 -0.03969332693805265 0.5900153439800533 -100.06742161695756 0.013712994730559622 0.9962284100250982 0.08576615181107837 49.651416631993264 -0.5911857888849116 0.07724897407310095 -0.8028373727691236 -147.54485206572454
-0.7652743293506352 -0.0466122707894542 0.6420502764822001 -99.60911609783723 0.012155142638795092 0.9961582580978118 0.08680956273458477 49.70352202555626 -0.6436200828779269 0.07422985420934362 -0.7617473813072262 -147.9293135210478
-0.7216426763485196 -0.05269285267522849 0.6902906723047024 -99.14015700394317 0.010572708989906223 0.9961513744683854 0.08709482363496084 49.751790594856544 -0.692211954252964 0.07014214133184607 -0.7182886826722847 -148.27032258583904
-0.6746520396830794 -0.057560953422568555 0.7359194077804734 -98.65472692622866 0.00990298677690464 0.996166895663032 0.086996365969076 49.79975610504215 -0.7380934924698698 0.0659726876365888 -0.6714772026657404 -148.57825462593829
-0.6241957370361829 -0.06096385543962117 0.7789153030581636 -98.16451580838863 0.011539886887539331 0.9961302757627906 0.08721375416722711 49.84772202659894 -0.7812039655699378 0.06341953679140608 -0.6210588355795934 -148.8421584314225
-0.5716558853981336 -0.0632520311120001 0.818080114043214 -97.68851706325772 0.013320117671999015 0.9961849410829929 0.08633168791510697 49.8902946694269 -0.820404737496079 0.06024135175301615 -0.5686152415286118 -149.05078186576114
-0.5178622831896708 -0.06462974463474722 0.8530464120953785 -97.2076805767089 0.014700853282463703 0.9963299960569908 0.08441100293118525 49.929374616770815 -0.8553555292390359 0.05624609950498557 -0.5149950901370474 -149.22439293441104
-0.4608131240372233 -0.06671718746503161 0.8850123027054411 -96.715299752335 0.014503466164451806 0.9964788172998653 0.08267279238418837 49.96703749801113 -0.8873948174526659 0.05092477252233572 -0.45820717635727154 -149.366958181738
-0.4018639469336819 -0.07090222113054422 0.9129757450641267 -96.18116798436034 0.012966265549133656 0.9964650466634005 0.08309434308248824 50.0124330864338 -0.9156218807293093 0.04522291607189491 -0.399509577558062 -149.49379172764029
-0.33900768320361097 -0.07668212404232183 0.9376779009643638 -95.62641037811252 0.01388050146108197 0.9961637602732702 0.08648458734341702 50.06977273591055 -0.940693941398752 0.04232704071580537 -0.33662984037269866 -149.58971122061052
-0.2751243875146684 -0.08393375786570006 0.9577615230768907 -95.03938409317075 0.016259915674244542 0.9956396617354142 0.09192593377438904 50.13893083749968 -0.961282288713095 0.04085708698880978 -0.27254884790196554 -149.65535283975544
-0.20915884247558023 -0.09200051523072057 0.9735677021736041 -94.43148385739178 0.017201390629562222 0.9950708838144724 0.09772990661115911 50.21408308788412 -0.9777405424838379 0.037180701096063654 -0.20653552090264937 -149.68092833271984
-0.1409028025886223 -0.09983497123505107 0.9849997742582436 -93.71300964511272 0.018720756837623816 0.9944621097987687 0.10347425235469776 50.29708465920819 -0.9898552522656122 0.03301288111232003 -0.13824520289761488 -149.6847377792716
-0.07217530482006916 -0.10526821945691657 0.9918440639934205 -93.09275023729995 0.019821109672208695 0.9940732245121117 0.10694925994392686 50.36931927220323 -0.9972032968797429 0.02737160489932493 -0.06965404747967918 -149.624151006397
-0.004216188276362512 -0.10765742110423013 0.9942020516324696 -92.54376363077213 0.022899520613247768 0.9939233388831549 0.10772623672000152 50.42863911912136 -0.9997368653796253 0.023213804885557448 -0.0017197308997841249 -149.52274876742456
0.06425369426222362 -0.1088602126732939 0.9920012323819455 -92.00369576562451 0.025903637900338762 0.9938859947831631 0.10739079666646233 50.48599138400161 -0.9976048190060227 0.01878916754195299 0.06668479276629073 -149.38342483185397
0.13251819143389043 -0.11108204099278016 0.9849596250629726 -91.43123260599238 0.028834550327498366 0.99371871525597 0.10819175558319133 50.55081286963852 -0.9907683708738179 0.014056212522227437 0.13489146262488869 -149.20306435853232
0.19998150090788241 -0.11399887074831663 0.973168691799942 -90.84438189469009 0.031698183046807694 0.9934476981200201 0.10986227600722288 50.62272303029004 -0.979293790450267 0.008870641787902828 0.20228571571085335 -148.97711659044964
0.2658601663092716 -0.1154633898315902 0.9570957343654114 -90.26738621917309 0.0343493703300116 0.9933118597521464 0.110292639294771 50.69360985559725 -0.9634068013784818 0.0035466660481820777 0.2680475157693783 -148.70930027020938
0.32935781473267634 -0.11470222303129168 0.9372366847235435 -89.73078692784321 0.03688637687051491 0.9934059460679866 0.10861554417223847 50.75602095981817 -0.9434922331470112 -0.0012088207222921393 0.3314148310859715 -148.4113421173786
0.39088843905357035 -0.11207196786934799 0.9136151782417458 -89.22705734913319 0.03894363120719928 0.9936918902794092 0.10523438247452108 50.81115683842153 -0.919622921495768 -0.005562386864404083 0.39278341016419177 -148.08500828081242
0.44865116554176154 -0.10895090370812972 0.8870670033260284 -88.7403535120286 0.04328749353331016 0.9940324263981475 0.10019647057051484 50.861757830498945 -0.8926674431887222 -0.006560941227109813 0.45068503654333997 -147.73456901136197
0.5026611380521034 -0.1060146989462182 0.8579852500402655 -88.24987983802332 0.04779989818446014 0.9943493293390824 0.09486153577076864 50.91223131637734 -0.8631719277687018 -0.006678524981572629 0.5048815943317992 -147.34496300949678
0.5534596282179511 -0.10388049042874321 0.8264003088648884 -87.74996002767135 0.049572869873053156 0.9945479253227661 0.09181861066248477 50.96629465132411 -0.8314116251579835 -0.009857634642646431 0.5555838285966397 -146.9042297619024
0.6032038876373804 -0.10260763806480519 0.7909886917536009 -87.25365664778666 0.050372663393370286 0.9946190812453076 0.09061047505609113 51.02503382422529 -0.7960087407610783 -0.014819471805737335 0.605117268037989 -146.41265952915873
0.6511929506718389 -0.10002070544107033 0.7523232856008233 -86.76799223174434 0.04974165200877097 0.9947782944025182 0.08920138417727881 51.08588034913096 -0.7572962726808695 -0.0206723046582591 0.6527569543818605 -145.87073470664518
0.6959836674934803 -0.09805438204089223 0.7113639557801769 -86.3240752842723 0.05068082977964286 0.9948776368601263 0.08755058889512035 51.14480314765851 -0.716284791776867 -0.024887948784939346 0.697375803575352 -145.31083563295715
0.7376827350253673 -0.09491919679754073 0.6684767911553501 -85.88580548010032 0.05030237210087823 0.9950508514028424 0.08578241333673814 51.2063978406677 -0.6732916166869369 -0.029660860562645313 0.73879285582418 -144.69298513083643
0.774201182488098 -0.09116775021870943 0.6263766211774779 -85.4443555543611 0.049569136229676444 0.9952738696167618 0.08359457624950994 51.26899016122535 -0.6310188527185745 -0.03367666253410554 0.7750469129300198 -144.0161587069231
0.8043163176257467 -0.08431830776727653 0.5882279681420823 -85.04065020210773 0.0458342861944698 0.9957427808438665 0.08006322526218193 51.32603205363345 -0.5924567743671851 -0.03744110854750198 0.8047415954300434 -143.32803908923458
0.8303459988934705 -0.07790930964176543 0.5518166309708034 -84.64406125551051 0.042763075983995605 0.996174773084628 0.07630134841303965 51.38077654029331 -0.5556331748772544 -0.039764824982748526 0.830485491383387 -142.61605883309912
0.8520770483504497 -0.07338355763249511 0.5182915212538716 -84.24821383291643 0.04089609506303097 0.9964382132835687 0.07385161138754742 51.43659144548383 -0.5218480488565052 -0.04173716937051715 0.8520264622374039 -141.87057665601694
0.869658620374292 -0.07338869105269723 0.4882160742385503 -83.868684665368 0.04298493927577141 0.9963979390259045 0.07321203705797966 51.493577186643485 -0.49181408211537353 -0.04268981573620455 0.8696628933791327 -141.115390741188
0.885064476955553 -0.0738662477997537 0.4596207176201837 -83.50151700916857 0.04541199159566794 0.9963288794695232 0.07267646170624469 51.55173888119867 -0.46328607157896007 -0.0434571286001249 0.8851521759235764 -140.33215866571626
0.8980883523930098 -0.07384178557259927 0.43362526323845474 -83.15896120133273 0.04727281346875789 0.9963087104348458 0.0717557454048857 51.60872343189052 -0.4373082157675524 -0.043950224809684094 0.8982463605386439 -139.54827456264613
0.9088914670782788 -0.07164070127196295 0.41089012139235725 -82.82803764123986 0.04698343248253751 0.9964606787491042 0.0698129052363167 51.664333611217444 -0.4144220808652517 -0.044153119387918605 0.9090226894462825 -138.74219240400237
0.9171712376790111 -0.06718457284169735 0.39284802335474717 -82.49629675050024 0.04399260420183176 0.9967390591484858 0.06775665492880119 51.720186315103746 -0.39610454829004416 -0.044867266564780024 0.9171176480667812 -137.8973671650448
0.9232024376315904 -0.06218452758002832 0.37931113421430385 -82.16787150400222 0.03999710769272243 0.9970183136759807 0.06610677606276093 51.775658116518144 -0.38227645517883435 -0.04586372062861906 0.9229182518495502 -137.0419664486578
0.9262627570950489 -0.057644362464725554 0.3725069203503764 -81.83428141361834 0.03581990792856795 0.99723354163997 0.06525389189792864 51.83361666548288 -0.3752231252387029 -0.04710429349626043 0.9257463742899583 -136.17413436542137
0.9277957531047476 -0.0556936574263232 0.36897091679629707 -81.48899875835446 0.0338715648065965 0.9972941368797084 0.06536656824754122 51.89517877009792 -0.37159859363758646 -0.04815433654515778 0.9271529628274664 -135.28809599939325
0.9281273159036288 -0.055697124736225165 0.3681362476610717 -81.12818522540981 0.033812485762884543 0.9972782385229723 0.06563974674668556 51.95888235664642 -0.37077569690691137 -0.04847962963345767 0.9274653384646605 -134.3782567017968
0.928386640300736 -0.05635018887321005 0.3673821245249001 -80.7577094111004 0.03430783589473344 0.9972200630914848 0.06626301228722113 52.02374462920514 -0.37008029008196924 -0.048918763437426155 0.9277199645381119 -133.44613356423488
0.9287446726075262 -0.056584301142690405 0.36644070734775647 -80.37842489799033 0.03442486333087981 0.9971848219193244 0.06673458810027377 52.08925974775229 -0.36917067437065204 -0.04936998470590136 0.9280585548267328 -132.4867005617464
0.9290621431182552 -0.056991938469075874 0.36557249787990304 -80.00179961687454 0.035026550312801344 0.9971833169315558 0.06644480643089297 52.15091842873663 -0.3683149606265575 -0.04893192140234375 0.9284216742657737 -131.53715237888377
0.9294604667629943 -0.056596024173364304 0.36461971822065936 -79.62276822506949 0.03477054719335955 0.9972114168553167 0.06615464258506061 52.21474454599004 -0.36733264848496433 -0.04881550380173 0.9288165615793361 -130.5698872113523
0.9299050458552685 -0.05702758978854381 0.3634162904626399 -79.23247956270336 0.035069470272758176 0.9971614397723839 0.06674404291061616 52.283409564146055 -0.3661768929288436 -0.04932640336357679 0.9292456953817058 -129.572397498928
0.930736155683945 -0.057750495308707635 0.3611669561528733 -78.83884654414989 0.035123849817327656 0.9970119239360055 0.06891079245856563 52.35560807163371 -0.3640533635898423 -0.05145789643873163 0.9299639270140089 -128.55785728923397
0.9312429202219032 -0.058464480062511856 0.3597440717318409 -78.43703718716587 0.035814771864581305 0.9969595855183622 0.06931507045865215 52.42742576671021 -0.3626887220271055 -0.05167071187452385 0.9304853893468336 -127.52473914227656
0.9315977892807729 -0.05816164697641556 0.3588744657291867 -78.04042018786409 0.035853568024825935 0.9970136886747679 0.06851357011942448 52.49432797145203 -0.36177343787075134 -0.05096590924254835 0.930880651873386 -126.50200830929748
0.9318149329222422 -0.05834336487212744 0.358282043859991 -77.64119162203897 0.036372246164707196 0.9970463433953288 0.06776575889645019 52.56047551788399 -0.36116290111153876 -0.050119620281848264 0.931163756841549 -125.47560878793044
0.9319982161633876 -0.05844118760171432 0.3577885766373853 -77.22684327497791 0.036541449120431245 0.9970461096783575 0.06767328603412115 52.63090821788131 -0.36067234587081753 -0.05000324710943209 0.9313602206316481 -124.40573255524075
0.9321291736034061 -0.058069628311125006 0.3575092456003196 -76.8015390483015 0.036283714487972345 0.997077663659106 0.06735207202791273 52.70257557132342 -0.3603607302989363 -0.04981544575878408 0.9314911204052299 -123.3036501982604
0.9321685068813387 -0.05763350793873582 0.3574785786049336 -76.37861092156152 0.03606154289319141 0.9971280597110714 0.06672458010446544 52.77186369207705 -0.3602826843840787 -0.04931383920741679 0.9315482657567531 -122.2119839408511
0.9321404663022598 -0.05724832376922506 0.3576138870624944 -75.94040301387706 0.035811685008939366 0.9971666109027636 0.06628491347425204 52.843496478196286 -0.3603802376969139 -0.04898684924752049 0.9315278396733915 -121.08517932319941
0.9321265204216078 -0.057034139515761716 0.3576861186792693 -75.48595134501002 0.03554791816106142 0.9971711206135051 0.06636257032650611 52.91991655291035 -0.36044383954101095 -0.04915023938354955 0.9314947127939965 -119.91219262163499
0.932039041643604 -0.056833675096943335 0.35794667646177364 -75.02734238510217 0.035309438265555056 0.9971780255487463 0.06638638585574128 52.99579160323859 -0.36069423244567317 -0.04924277371972341 0.9313929688677708 -118.73405478175951
0.9318408119873005 -0.055756429151331006 0.3586311657304989 -74.56971973428716 0.03464243522464412 0.9972903871156594 0.06503452314837452 53.065035524588005 -0.36127040386132653 -0.048185069018006496 0.9312247549397796 -117.56959843477387
0.9316161353491741 -0.053875797715077445 0.35950071061769234 -74.10983014075671 0.03380185536952084 0.9975188612252638 0.0618943160529153 53.129024493660346 -0.3619281819950854 -0.04551683936330814 0.9311033366120299 -116.4035417547501
0.9313329748817281 -0.052990200357128425 0.36036530220848545 -73.64329493718772 0.03362907963244811 0.9976534709453306 0.05978710672709142 53.19155229604582 -0.3626724883264859 -0.043570125500912 0.9309069361366479 -115.22734317292475
0.931151221386775 -0.05326563802807212 0.3607942667997305 -73.15787691031136 0.03413173753326293 0.9976715485457424 0.05919995991009148 53.257838589336664 -0.3630921051944857 -0.04281697308103181 0.9307783450553816 -114.00051239827232
0.9312589983635902 -0.05358063778176849 0.36046944586866037 -72.6632015416721 0.034309526598287336 0.9976386680624619 0.05965062681736415 53.334723049713276 -0.3627990126731979 -0.0431899495435306 0.930875388401311 -112.73307760439718
0.9313595821915146 -0.05373235620996264 0.36018802844155645 -72.17481364113092 0.03459691832137563 0.9976460796629129 0.059364708995000154 53.40697600383387 -0.36251432018956264 -0.042835992724843806 0.9310026823606172 -111.48318518500388
0.9315192573858929 -0.05138097120879336 0.36011760513588015 -71.68270969416974 0.03310229662868796 0.997849505922682 0.056742053157216366 53.47299821333168 -0.3622431215286521 -0.040942806029224996 0.9311934041024109 -110.21640053917267
0.9319027596266067 -0.050581660484770176 0.35923665719623776 -71.19408924132722 0.03265459053475975 0.997917271392826 0.05579727312425039 53.53792086177705 -0.36129558708940485 -0.04027375215261207 0.931590499356152 -108.95491191640221
0.9328731431255444 -0.050304395172573166 0.3567472303012021 -70.69463342948796 0.032231810188377445 0.9978955951982558 0.05642544949605483 53.60909893721401 -0.3588199170913836 -0.041145912793442034 0.9325087560839933 -107.65284856008425
0.9337323812178779 -0.05061188825260029 0.35444877666850366 -70.18631217127066 0.032120451229576075 0.9978170674179493 0.057861375606893174 53.68399697193913 -0.35658850522972696 -0.04264870686348568 0.9332969734317265 -106.32372144537081
0.9339238947845121 -0.048903596955601196 0.3541816866946559 -69.68042614915029 0.030571184845679257 0.9979049258589904 0.05717335760692789 53.755853983897744 -0.35622157510572316 -0.04257417480376023 0.9334397872336477 -104.995303000273
0.9340271755884216 -0.04845512643419196 0.3539705284439144 -69.15752849339749 0.03023321950703551 0.9979349537597839 0.05682998380281905 53.82727969999162 -0.35597914342486053 -0.042385434292649536 0.9335406835671813 -103.63166786201201
0.9341445124953305 -0.047826641990649045 0.35374686937042105 -68.63477478674527 0.02985249288114081 0.9979879704728588 0.0560948509588286 53.89633185960132 -0.3557036179294397 -0.04184711698533736 0.9336701138112289 -102.2665271489035
0.9342639378863984 -0.0468087881255127 0.35356947475824063 -68.10105839695746 0.029186055467562363 0.9980683343717084 0.05501077983576796 53.965696399093176 -0.3554465950695578 -0.041082269275141275 0.9338023330699563 -100.8704198443943
0.9344482036269093 -0.045560002965474855 0.35324420797927036 -67.57650204596915 0.02799006986602832 0.9981199135756088 0.054688329175630074 54.03623264503785 -0.3550571310003257 -0.041222972007341666 0.9339440357084986 -99.49034813263889
0.9345304922884001 -0.04534622800402157 0.3530520949187817 -67.05034532242783 0.02771128253829246 0.9981186197450518 0.05484653089658825 54.107601575634874 -0.35486086865845934 -0.04147903392375586 0.9340069192903239 -98.11630550676811
0.9345609711276183 -0.04500053844055333 0.35301623295179546 -66.52645757970234 0.026404881778745178 0.9980153385250283 0.057317575811715406 54.18374916706766 -0.35488076500838894 -0.04425220406811675 0.9338722879911773 -96.74398212720828
0.9345857834160982 -0.0449738309718825 0.35295640650928256 -66.00396487713337 0.02612563011074075 0.9979849305288682 0.05798326069734682 54.25972659818578 -0.3548382169632186 -0.04497605437305436 0.933854295003468 -95.38234041565678
0.9345814177373803 -0.04499858655103948 0.3529632623831859 -65.46313373571958 0.025428871546005233 0.9978900774258499 0.05988671179815388 54.3416615999934 -0.3548986588775919 -0.04700072070979533 0.9337313322589169 -93.97252136560712
0.934630326643826 -0.045914220579696075 0.3527148818565247 -64.92083580311021 0.0247961356785622 0.9976402072481244 0.06415972836240354 54.431672637335296 -0.3548135210700661 -0.051227059039037105 0.9335407834972443 -92.55591767754787
0.9346581366447486 -0.04645811222209444 0.35256996163396176 -64.36975830402751 0.023852194549836562 0.9973956617597499 0.06819354198758494 54.53332719599861 -0.3548050526236315 -0.055335228076578126 0.9333096476720073 -91.10502007864847
0.934712010801581 -0.046195366694415915 0.35246212679162947 -63.82452448593827 0.022843405588858636 0.9972854038822825 0.07012750095503223 54.63341283754427 -0.3547299402235274 -0.05750471942687803 0.9332072058773383 -89.6734191572481
0.9347305052430598 -0.045442403018524806 0.35251037353939113 -63.26891966836192 0.02185485640133359 0.9972736384165664 0.0706067102961857 54.734792126191614 -0.35474301300764455 -0.05830129009714105 0.9331527138657082 -88.2156995174531
0.9347696750778457 -0.045203876359194026 0.352438048406409 -62.70984052274951 0.021613426303275316 0.9972805945389726 0.07058470558469515 54.8343344028443 -0.35465535137384446 -0.05837026476714035 0.9331818271959298 -86.75506897593074
0.9347935077183642 -0.04363548477286835 0.3525722821833225 -62.16578104855972 0.020765812139358502 0.9974514003958522 0.06838850607311533 54.925124520899 -0.3546433467265217 -0.05661520702533417 0.9332943957243325 -85.33579072365531
0.9346417010377052 -0.042349532214371176 0.35313095819035867 -61.612486534536714 0.020264376175895396 0.9976221334665428 0.0660043152391328 55.01250750782434 -0.3550721551724818 -0.0545421721247009 0.9332546316245702 -83.90004788696122
0.9344560667660754 -0.04221109722758397 0.3536380241639309 -61.05940397489201 0.020182427279157023 0.9976407137749941 0.06574856693570524 55.10034576370847 -0.3555647743621163 -0.05430976649557936 0.9330806085929026 -82.4673297373295
0.9343625216045116 -0.04216767427483564 0.35389151575843725 -60.508144500142286 0.019685754127595628 0.9975753636299561 0.06688652258749779 55.19262233436026 -0.3558394664647597 -0.05553758266720758 0.932903705433657 -81.03786903185603
0.9342468223978265 -0.04234697874018002 0.3541770116213513 -59.94553529050453 0.02005460778917385 0.9976024865948814 0.06637322647259851 55.28226425142729 -0.35612385674621394 -0.054914161534171745 0.932832216258773 -79.58783236718634
0.9341779443760687 -0.04120800731516026 0.3544936125536911 -59.399964017654725 0.019339213912431225 0.9977064237451364 0.06500974549980189 55.366460328805005 -0.35634465573723195 -0.05388342695877003 0.9328082769624103 -78.1770228174785
0.9340802904876478 -0.04086047705255275 0.35479195492178084 -58.85206707670651 0.019021275992959216 0.9977253022660195 0.0648216215371956 55.45227246040666 -0.3566182360908035 -0.05380846437320259 0.9327082723271503 -76.76018813964855
0.9340278096019624 -0.04107619964194848 0.3549058657631092 -58.29877041929034 0.01898289267949113 0.9976815642156499 0.06550595860519624 55.54141170218971 -0.35675840670872955 -0.054455781434510186 0.9326172488894502 -75.33036113479137
0.933940163908121 -0.04243338290765805 0.35497686838871356 -57.73268616725922 0.019836605233061754 0.9975622019662391 0.06705203110238742 55.63464087346163 -0.3569414371704575 -0.055589625316591174 0.9324802775780194 -73.87381230451237
0.9340043360207565 -0.04260574345355576 0.3547871284377512 -57.17415695764271 0.019851142933804997 0.9975297594578348 0.06752686937917116 55.728127046944984 -0.35677239674190653 -0.056036043216944074 0.9325182910316344 -72.43046152839361
0.9340501119516906 -0.04209803879215025 0.3547285616927181 -56.61757817885191 0.019722354877324273 0.997604403728815 0.06645448041858061 55.816231800472906 -0.3566607320276319 -0.055084568761704804 0.9326177276103504 -70.99340304477163
0.9340217585284109 -0.03947751994303357 0.35510452890389005 -56.07306232789229 0.01873637230977797 0.9979315881541748 0.061653246479044514 55.89335658316815 -0.3567881622666217 -0.05094121850751136 0.9328046302278928 -69.58206353249948
0.9341112616097307 -0.036859664405675605 0.3551505049924281 -55.52534487314503 0.016700937288821053 0.9980894895383792 0.05965426650592891 55.97512768857314 -0.3566548987203466 -0.04980136669863864 0.932917163957592 -68.1432385966405
0.9342375704138964 -0.03668568319760792 0.35483797882593193 -54.9690718486901 0.01639001416399635 0.9980726233362419 0.06002723680361284 56.05960020621774 -0.3563399963543627 -0.05027302894699096 0.9330124073618212 -66.69175939716888
0.9342788287643758 -0.03638343003556746 0.35476023986851635 -54.421302375931226 0.015944882088512517 0.9980595863917291 0.060359994722533374 56.141805489193125 -0.35625213758355917 -0.050745372210530985 0.9330203669527937 -65.26534390873984
0.9342011522786625 -0.03752279556293942 0.3548456804489291 -53.87004709180563 0.018000232168253867 0.9981555898636651 0.0581529833057381 56.21535471369863 -0.3563574947088411 -0.0479481829966537 0.9331281292687348 -63.8487602857993
0.9343200203828705 -0.03802586286104176 0.3544786454189185 -53.322506043323514 0.018403754616777068 0.9981247148598146 0.05855653124990704 56.2926131167697 -0.3560248445716782 -0.048196085601781326 0.933242287287172 -62.4281008509239
0.934446630649398 -0.03941111100686976 0.35399370479515696 -52.76544630986597 0.019278656783773704 0.9980095573884997 0.06021380690369943 56.37435451317822 -0.3556465378610785 -0.049451310907797655 0.9333209377221637 -60.98408193734963
0.9345616696249658 -0.03858184973729042 0.35378119065392555 -52.21754197596151 0.01893680196900621 0.9980992122375404 0.05881766136845164 56.44954921789364 -0.35536248703717965 -0.04827839643709352 0.933490540191521 -59.55975966672283
0.934705466600378 -0.0369149177644475 0.3535785372465579 -51.678455597115416 0.01845788545810813 0.9983021313044576 0.05542612983995464 56.51848888090439 -0.3550090164866691 -0.04528994041045009 0.9337743035367394 -58.154724299369995
0.9349320453141154 -0.03695833232500039 0.35297348935704204 -51.13922224323114 0.01848730008289836 0.998294123179425 0.055554742685427407 56.59129082893269 -0.35440961327796605 -0.04542321009293647 0.9339954418331133 -56.74430793927216
0.9356979269246143 -0.03812287766112302 0.35081405913932706 -50.601191759218004 0.018316291757818518 0.9980639272171862 0.05960135803293262 56.67210992268233 -0.3523921825982167 -0.04935207395331371 0.9345593266544974 -55.330077014224884
0.935929458374335 -0.03805606585838303 0.3502027074120784 -50.06197158051062 0.01838615449160713 0.9980794340598904 0.05931815118763667 56.75009642830184 -0.3517727876232882 -0.04908760992721928 0.9348064856128139 -53.91011154841661
0.9359974000864029 -0.03710650964328027 0.3501235355265887 -49.5228251051203 0.017749680458634638 0.9981492316579175 0.05832968476886365 56.826050427769275 -0.3516251229493024 -0.04839104388882271 0.9348984949842059 -52.4858915936177
0.9359611870096777 -0.036581465008447694 0.3502764105963167 -48.97958505475523 0.017329274155134532 0.9981794463129576 0.05793675381191189 56.90190977974058 -0.35174341127011377 -0.048165411645163136 0.9348657015533561 -51.05460839913081
0.9359858574909315 -0.03580989229909777 0.35028918180271507 -48.44131494908375 0.016579921400211216 0.998203342432262 0.05774021599827706 56.97838905477678 -0.351713156213868 -0.04824502654506185 0.9348729713376428 -49.632824735606796
0.9359707366943734 -0.035363704556059174 0.3503753322154903 -47.90302173281821 0.016282384980991785 0.9982364297980922 0.057253757365735264 57.051385852883115 -0.351767756773228 -0.04789152414919621 0.934870679335907 -48.21757152534776
0.9359311231190892 -0.03517853745513552 0.3504992685605401 -47.37025787800128 0.01627889041581688 0.9982667587938958 0.05672105472767101 57.12264419152925 -0.35187297689029023 -0.04738974869842503 0.9348565428248218 -46.82004204975962
0.935823531872827 -0.035057951196789804 0.35080019490150277 -46.823909437499815 0.016243761544116147 0.9982839163699557 0.056429198386215206 57.20159425507591 -0.3521621204458826 -0.047117775913458906 0.9347618175095176 -45.38185452018287
0.9356918170398493 -0.03504829497401006 0.3511538642625129 -46.29223604951796 0.016325418350375404 0.9982996402658262 0.0561333842388429 57.27544534609666 -0.35250936764197727 -0.04679934352165037 0.9346472134982584 -43.987430269427534
0.9356008998704666 -0.03501737337524964 0.3513994387203586 -45.762652738706116 0.016393789360450727 0.9983155352949987 0.05582974421203518 57.34666953155483 -0.35274751796124454 -0.04648209405880809 0.9345731932509045 -42.60449191785307
0.9355286939397518 -0.03506011834859348 0.35158669469321563 -45.22880641317676 0.016210769627293262 0.9982856651243197 0.05640927632532688 57.42089590233583 -0.3529468508134348 -0.047081296627455055 0.9344678434672952 -41.20919931117445
0.9354083099306264 -0.03472871281895883 0.3519399494946738 -44.69190598550835 0.015977265764804308 0.9983101193880877 0.05604154816889395 57.492504048729415 -0.3532766509450918 -0.046806960343361584 0.9343570147256522 -39.81095251219719
0.9353614785441959 -0.03390930309491935 0.3521451635158331 -44.15480861718015 0.015557958426016675 0.9983853793592528 0.05480832427684981 57.56093299283122 -0.353419943709351 -0.04579549649469794 0.9343531908476642 -38.410686678232835
0.9352678780426641 -0.03326596533245457 0.3524540838569144 -43.63044838465108 0.015482797938922366 0.9984761259280786 0.05315080967051594 57.623481792351775 -0.3536704566739878 -0.04426188215551498 0.9343323558415619 -37.04947548083605
0.9351680733512715 -0.03249698361813504 0.3527922324187266 -43.108420527471644 0.01478054265717166 0.9985063738900218 0.05279048056865065 57.68862927573871 -0.353965449043468 -0.044162795676173976 0.9342256881782061 -35.685139033907156
0.9351759097872675 -0.032486173962507574 0.3527713423489079 -42.58643170771995 0.0142420007824569 0.9984389251510016 0.05418597969676385 57.75692168756953 -0.35396588419925373 -0.045658308008117494 0.9341534928211195 -34.32433703255715
0.9351493123298412 -0.03233277335761254 0.3528543506012579 -42.05631522507873 0.013790688580173793 0.998403949714222 0.05493374089160424 57.8273955257724 -0.354052454360037 -0.04651419071116115 0.9340781270030712 -32.9427576634012
0.9350305545550105 -0.031872952257867994 0.3532114112793965 -41.530919739774454 0.013381284725918673 0.9984242072237006 0.05466797189783614 57.89489078555977 -0.3543820542287941 -0.04639895064584692 0.9339591398292358 -31.581524109638284
0.9347947756185194 -0.031217487750666875 0.3538932412317169 -40.99929699155985 0.013145464415621701 0.9984985264102334 0.05335223164549358 57.95888987031086 -0.3550123515979686 -0.04523041788083797 0.9337769188945149 -30.208263439838102
0.9345783343767893 -0.031185777847513245 0.3544673019165938 -40.47118833185976 0.013886808131167421 0.9985994323524472 0.05123790408325396 58.01846776337188 -0.35555328565628097 -0.042972807279274626 0.9336777672688216 -28.854356227238707
0.9344798233098367 -0.031128953127288167 0.3547318440125233 -39.941513079074724 0.013557819211128839 0.9985693886637006 0.05190771058260205 58.08352142185544 -0.3558247225595673 -0.04370682735505861 0.9335402560095795 -27.48795751420695
0.9343581858868099 -0.031171795831434063 0.3550485788555465 -39.39758356300251 0.01341356236921189 0.9985473769927593 0.05236428367831375 58.15070323188902 -0.35614965065672344 -0.04417387660072796 0.9333943239277507 -26.087022188734256
0.9340882582921589 -0.029212621074481446 0.355926030930265 -38.876261148938454 0.013039507024459579 0.9987840216296322 0.04775044321851032 58.202697825394445 -0.3568721897262094 -0.039971130548710244 0.9333079693605744 -24.754198659981704
0.9338659610075737 -0.02549062736455261 0.35679617165613997 -38.35062719160856 0.010987825915503473 0.9990415388665413 0.04261175831008441 58.252434842152034 -0.3575239474752029 -0.03588246808134168 0.933225063233988 -23.38594182162674
0.9337510177884739 -0.024375416928358363 0.3571758023780025 -37.83022870638457 0.010485488474187165 0.9991239093996706 0.04076947680720056 58.297265903200895 -0.3578399358447827 -0.03433264628409103 0.9331624712056688 -22.045028637131157
0.933614266000063 -0.02415345838835169 0.3575475387535249 -37.30880392824578 0.010520244485185763 0.9991536661787761 0.04002265712326744 58.34118887505485 -0.3581950737381508 -0.03361362337249294 0.9330525105654088 -20.70958155887416
0.933529489105323 -0.024254296350932757 0.35776408811809113 -36.79153885223605 0.010708356635750082 0.9991614437601656 0.03979047284871776 58.38572695883211 -0.3584121686399684 -0.03332408280708552 0.9329797502772764 -19.384362584028707
0.9335599309839675 -0.024655897215818352 0.357657875014715 -36.266153924322 0.010723722981552067 0.9991176656171198 0.04087950616885617 58.43456457237441 -0.35833308942990216 -0.03433759445840091 0.9329733799136852 -18.036904693783175
0.933629805807148 -0.025124987683780436 0.3574434019949131 -35.753835345033224 0.010677132392264867 0.9990580898021181 0.042330406909066455 58.48443760228523 -0.35815311485464457 -0.03571387524008345 0.9329908546558434 -16.723233326922667
0.933657478423058 -0.025606034409901886 0.3573367499601542 -35.23975062325612 0.011274108324456291 0.9990599860344068 0.042128076486020544 58.532203308268755 -0.3580625228083407 -0.03531399225610059 0.933040830723502 -15.409175422982809
0.9336916445894117 -0.02542880295648745 0.3572592917654578 -34.724370900971316 0.011620673261833475 0.9991132649369545 0.04073969025153501 58.576773270721496 -0.35796186258174956 -0.033895942659099426 0.9331319194665724 -14.08777698377838
0.933744426876022 -0.025673985753486464 0.35710353929577776 -34.19978403397529 0.012355157601799937 0.9991531934948908 0.0395244459442128 58.62078856972499 -0.357799356955921 -0.03250302220467139 0.9332437229465531 -12.742371029458322
0.9340541199466694 -0.025314275468671647 0.3563172672746442 -33.68920477136339 0.011740207028134527 0.9991335583461193 0.040203289115270345 58.66819432334315 -0.35700976269540646 -0.03337815894471306 0.9335149203218739 -11.415512049947003
0.9342310912178056 -0.02524249937620873 0.3558578909730696 -33.174966895176006 0.011681535935646399 0.9991342970777733 0.04020225752162913 58.71436883501814 -0.35654820056182523 -0.033410486396553016 0.9336900412745976 -10.082684495364104
0.9345317217348305 -0.024814823705617307 0.35509789748289633 -32.659109451844856 0.011061367655937035 0.9991209838029813 0.040706851245193174 58.76302930645151 -0.3557795032834954 -0.0341230062617017 0.9339576954569404 -8.73602079730807
0.9347377028278463 -0.025199509747953642 0.3545287460018376 -32.13445724568287 0.011417481573691666 0.999108634660456 0.04090997853553119 58.81183798921024 -0.3552274089432689 -0.034201390969120324 0.9341647775292463 -7.373017456772132
0.934767620426831 -0.025091853041589195 0.35445841301948994 -31.619135866167042 0.011875297398477685 0.999163782668682 0.03941078121590567 58.85456088596651 -0.35513464864472216 -0.032639604928036754 0.9342560538407234 -6.03817922063786
0.9347405065185084 -0.024642951526581927 0.3545613685151717 -31.10337761256318 0.011939230056898942 0.9992187077488383 0.03797046786845925 58.8953491737689 -0.35520387546316146 -0.031268192693414555 0.9342765551942248 -4.7040102468702445
0.9347116770783174 -0.023500093750854774 0.35471425662908035 -30.5950557586341 0.010995215261318211 0.9992571401171625 0.0372265900976478 58.9355803216695 -0.3553097825729358 -0.030904335733679903 0.9342482022787175 -3.3821328354446267
0.9347396982453915 -0.02294519838045444 0.3546779768993334 -30.091676693895234 0.010414316606880584 0.9992645077915298 0.03719703813543276 58.98214753706437 -0.355254713549172 -0.031084229253645866 0.9342634092247564 -2.063810017517209
0.9347888392498193 -0.022646846894493283 0.3545699830178958 -29.58950332932241 0.010059819445970166 0.9992648704111571 0.03729867903518137 59.02735614429981 -0.35513748852911114 -0.03130819489304438 0.9343008678489173 -0.750829644779174
0.9347615775112217 -0.021922496699660326 0.3546870302638805 -29.07687831252484 0.009574210415494088 0.9992980188210951 0.036528778375248344 59.06864340893661 -0.35522249170451614 -0.03075869835988865 0.9342871300833745 0.5841392920775235
0.9348040901424098 -0.02158030058583308 0.3545948808701249 -28.562959029361128 0.009166469052338071 0.9992971283383019 0.03664882201479193 59.11128103754178 -0.3551206065766999 -0.031018012749562503 0.934317033747817 1.9247568971682942
0.9348427758230966 -0.02130099074641423 0.3545108088842177 -28.053988949758793 0.008962675664716105 0.9993079998877338 0.03640641254108868 59.15156315078663 -0.3550247075013578 -0.030865871701035913 0.9343587055315794 3.2500471226732084
0.9349234243993564 -0.020707479596495666 0.35433428787998633 -27.54264395961035 0.00835854895159349 0.9993156121259013 0.03634318647535577 59.1925679447541 -0.3548279395159817 -0.03102515823348662 0.9344283962222959 4.586508773106443
0.9349171998272855 -0.02053613856770392 0.35436213911066244 -27.032675294466895 0.008452687048621602 0.9993413755510978 0.035609696275477935 59.22997793398852 -0.3548434665032797 -0.03030560237694432 0.9344463710557143 5.910714126221791
0.9349445242936498 -0.020407022687272035 0.35429765107479627 -26.520950477751455 0.008426931665169371 0.9993520440290514 0.03531957166352755 59.26800712748589 -0.3547720911314128 -0.030045137617204086 0.9344818839423107 7.239247971620706
0.9349748923320175 -0.020488431592833853 0.3542137960259386 -26.01418292730293 0.008323506284098772 0.9993348070088942 0.03582854165919113 59.30832425862532 -0.35469552951989824 -0.03055938426036328 0.9344944325636042 8.558489825948165
0.9350786216162691 -0.02003546089763482 0.3539666254726898 -25.5100615891375 0.007660562714776015 0.9993222498564364 0.03632314441361559 59.34968445708932 -0.3544376679186138 -0.03126219913085745 0.9345691474646901 9.876930830106636
0.935037407405347 -0.01984534451425597 0.3540878550675871 -25.00149840653652 0.007679061828203544 0.9993437984378788 0.03572605898573827 59.38793939559446 -0.35454733900917557 -0.030695030397449013 0.9345464471074618 11.195466767079495
0.9350136236979046 -0.019460263003714492 0.3541742752743054 -24.488303228393374 0.00743496592612071 0.9993618766061741 0.035275955757816266 59.4265637730387 -0.35461736253631926 -0.030359161944293275 0.9345311719971187 12.528094564521059
0.935003310565179 -0.019283061167414007 0.35421085515052925 -23.96292732527749 0.007406525005068299 0.9993768158214158 0.03484870066497252 59.4650801691457 -0.3546448134454166 -0.02996905278600867 0.9345334418327629 13.890493652081561
0.9350374844431788 -0.018792660135463803 0.3541480025254372 -23.45766869055865 0.006973452771165518 0.9993883140921899 0.034614368431502354 59.502692655395684 -0.35456443565306645 -0.029905065306386314 0.9345661314340012 15.20524072147495
0.9349274477155572 -0.01905735910719021 0.3544235701996609 -22.943162815680445 0.0072639758192541565 0.9993876329679918 0.03457056074584636 59.53997060436581 -0.3548480485281816 -0.0297554861214513 0.9344632082949712 16.534463453307318
0.9348749170286897 -0.018890859429637964 0.35457090165514327 -22.43308202717119 0.007048518536560441 0.9993862393535916 0.03465618938340214 59.57763573242745 -0.3549906859793828 -0.02990896651636401 0.9344042903947325 17.856844076415516
0.9348053587968291 -0.01857654086031751 0.35477003801165863 -21.915114855039192 0.006879027550660323 0.9994028141513009 0.034200786769236276 59.617812339555016 -0.35517655128259773 -0.029539556787573897 0.9343452425945336 19.207378938744505
0.9346976338859971 -0.018543499904526323 0.3550549880460542 -21.404348090250018 0.0070439600622097314 0.9994202006050126 0.033649448638425436 59.65444115761126 -0.35545619683212454 -0.028959799413980185 0.9342569852443596 20.53415038953916
0.9347149989115001 -0.018138396434478652 0.3550304733101058 -20.899405238602213 0.0066205120943648 0.9994238672746395 0.03362566899459084 59.69216785489278 -0.35541892548811804 -0.02908854949425586 0.9342670942202269 21.85132157404102
0.934728802160576 -0.017992299609309936 0.3550012308734126 -20.403821848231946 0.00655855117561819 0.9994324745754936 0.0333801905882661 59.727443524319504 -0.35538327711102063 -0.028881789907951764 0.9342869160299322 23.13919034602594
0.9347634988548973 -0.01768020862014043 0.35492469872034527 -19.899346277398653 0.006333678464129448 0.9994426731860403 0.03310150474252526 59.76293572295105 -0.3552955009299177 -0.028702570387257768 0.9343256988553817 24.45371887003192
0.9349147959954494 -0.017822468473230133 0.35451884683671075 -19.399685779912048 0.006195909352839717 0.9994169266126286 0.033899954557827496 59.80144995679008 -0.35489958803064403 -0.029505499604616924 0.9344511200136032 25.757262258641408
0.9349634770902372 -0.018099765020782203 0.35437708351537944 -18.900048909057006 0.0063581368747705706 0.9994036177259898 0.034266161656143615 59.83994273061571 -0.35476919483582886 -0.0297929570030083 0.9344917388675283 27.057252140615553
0.9348994721743699 -0.017994645970562134 0.35455118466502916 -18.38908396757872 0.006431015252779211 0.9994201064499688 0.033763397757319756 59.87586499920763 -0.3549365591616159 -0.029293534122533525 0.9344439692452815 28.381517028899367
0.9347963472369109 -0.01822195074553676 0.3548110621890194 -17.881482371580713 0.007032770168345897 0.999448098692433 0.03279776473166344 59.90890313990633 -0.3551964354613538 -0.028172088237163995 0.9343796963552564 29.690597938214303
0.9347177034521491 -0.01753666055098727 0.3550531544386108 -17.37940721873666 0.006446327432069478 0.99946563338763 0.032392524751348295 59.941692703568236 -0.3554148358053337 -0.027997404496584985 0.9343021277836604 30.992300255215806
0.9346282530580426 -0.017641705362289983 0.35528166040069836 -16.880019673397054 0.006568618357509638 0.9994660542827581 0.03234815733283649 59.975392179190294 -0.3556461772649134 -0.027908043183227756 0.9342165793371342 32.28303772055547
0.9345327064644624 -0.017809832316267652 0.35552345432446075 -16.375686536753893 0.00679023779553529 0.9994684113553624 0.032219590544734895 60.00891580685439 -0.3558921604173839 -0.027704476405019673 0.9341287643306454 33.583223474103455
0.934491696151781 -0.017710541514563135 0.3556361992370243 -15.880790979072216 0.006774204165068167 0.9994764600962982 0.031973254214267874 60.04119236350192 -0.3559999813647066 -0.02747786037005665 0.9340943554538828 34.860773256332536
0.9344395117432364 -0.018171757585611074 0.3557489521123777 -15.384803663482494 0.007375570936911012 0.9994806846946189 0.03168266658401182 60.07301415346537 -0.3561241797696625 -0.026989898836962248 0.9340610597574965 36.135916002941066
0.9344593123095001 -0.018284398249641377 0.35569194169838875 -14.88986403285233 0.007501967223350451 0.9994803557856767 0.03167101857934212 60.106224313051946 -0.3560702806903301 -0.02693505616050585 0.934083294547816 37.41489334206405
0.9345804837600497 -0.01825899615901554 0.355374813592423 -14.39902122462652 0.007315544699950864 0.9994674501715332 0.03211509558852279 60.14089523058335 -0.35575622505258153 -0.02742250121651399 0.9341887319593276 38.6885991324571
0.9347140869950471 -0.01752696717194838 0.3550605554929285 -13.912030163529217 0.006719168996870089 0.9994865612238716 0.03165041792316907 60.17705826108665 -0.35541685171538556 -0.027206773199870565 0.9343242510299852 39.9651926809381
0.9349468804073159 -0.016855309942837 0.3544796304259962 -13.417550355339852 0.006147000779246219 0.9995008284977932 0.0313146470582715 60.21227289875765 -0.3548146319356322 -0.02710651921684184 0.9345560596097539 41.26410627433417
0.9353277062687582 -0.014575504414103282 0.35357491348057096 -12.942659522222076 0.003591763563523582 0.9995010072768574 0.031702697430372795 60.2480332241561 -0.35384468865087215 -0.028390409664715247 0.93488568634264 42.52194435955023
0.9357578306764479 -0.01445042920689902 0.35243936644209406 -12.469819373310232 0.0026264977339001835 0.9994281048165934 0.03400667831296687 60.2856321529567 -0.3527131983953966 -0.030904413091209944 0.9352332166779543 43.76896692191049
0.9361730903716944 -0.014492844131382923 0.3513329625656249 -11.99985134176077 0.0017358644567975116 0.9993385728954453 0.036601137411538705 60.32666867172531 -0.35161480521724736 -0.03366314553925278 0.9355515699432544 45.01468126034914
0.9365965401311889 -0.014982157836945797 0.3501820518088628 -11.528828603670005 0.0012816334869048766 0.9992357750594061 0.0393260224258229 60.37144531504851 -0.35048746717244966 -0.036391600582395794 0.9358724109827328 46.26640046745511
0.9367810747962857 -0.014836498799828499 0.3496937084325614 -11.050511064885777 0.0011577078107455003 0.9992368516060718 0.039296694090499365 60.41495053652409 -0.3499941395886266 -0.03641546222650699 0.9360560419881224 47.53682191098108
0.9368145109931171 -0.01427519175163678 0.3496279221560918 -10.580463063998941 0.0010801680276668185 0.9992904147963956 0.037909730183300676 60.45280193370983 -0.3499052465065021 -0.03514460593973066 0.9361378367868848 48.77601338061691
0.9368373494731257 -0.011856999316417633 0.34965828188150716 -10.11254090328175 -0.0009842975954739248 0.9993420120224257 0.036528201145902606 60.490640231751925 -0.34984534135918555 -0.03457311733096387 0.936181820160901 50.02509997731156
0.9369093790639417 -0.010557581901036044 0.3495064682210389 -9.650495252288062 -0.002092194739745412 0.9993667194409092 0.0357994373381509 60.52714161011483 -0.3496472920138476 -0.034280384091440436 0.9362665143427223 51.25780808932036
0.9370036573645754 -0.009131402736505957 0.34929465077164207 -9.193854566463175 -0.0032630876600943364 0.9993961560182008 0.03488287596509121 60.562032117340856 -0.34938629488191497 -0.03383353021677146 0.9363803807631083 52.475570789599686
0.9371078995475368 -0.007395475801504331 0.3490552438823289 -8.733636450475721 -0.004750846732553126 0.9994227006346227 0.03393262182779326 60.596208868047235 -0.34908908184639975 -0.033465015547289916 0.9365041982228635 53.70468087645527
0.9373804241432673 -0.007164536390205254 0.34832864972207045 -8.272440221488559 -0.005033799686825862 0.9994158633633657 0.03410500201195887 60.63256106994493 -0.34835352117435503 -0.03373100921959608 0.9367687533131017 54.937190157567485
0.9376291202818741 -0.006931841952034619 0.3476641809558201 -7.808445936972837 -0.00526282901733587 0.9994142440100414 0.034122417564003145 60.66822217238427 -0.34768103231205905 -0.03383197823769803 0.9370151182830184 56.17483708219886
0.9377337056931297 -0.00635278354196457 0.3473939011069018 -7.341498210411498 -0.005774523439099644 0.9994202004860565 0.03386560134686058 60.70288683768496 -0.34739159275188003 -0.03377112878508908 0.9371246229962059 57.42342641605869
0.9377715890128722 -0.005495589458274682 0.3473065839138898 -6.890506591479734 -0.006497547341629598 0.9994327249596513 0.033360300272759116 60.73458702184391 -0.34727696841387284 -0.03354931763716673 0.9371751277237054 58.62878871108294
0.9377982750751559 -0.004919481455052221 0.3472438224905501 -6.428268965978971 -0.0069440392432223936 0.9994443514938759 0.032914428298888174 60.77062860462495 -0.3471968951501457 -0.03328660176573274 0.937214133627306 59.867629102398105
0.9377951518361386 -0.004847404488148388 0.34725263172678433 -5.966476726189652 -0.006655732533428173 0.9994781127681844 0.031928462672663534 60.80203479372537 -0.34721041323018487 -0.03226177968222181 0.937245124044472 61.096454496392525
0.9378399225264908 -0.004764936790632161 0.3471321710776265 -5.510191160725407 -0.006697962786888732 0.9994812551253394 0.03181761696899236 60.83389188139841 -0.3470880002082893 -0.032173099458321565 0.9372934025956265 62.31511867686706
0.9379884310087403 -0.004491254721787072 0.3467331332110476 -5.064072538879509 -0.0071795694752299355 0.9994598159394886 0.03237143730571243 60.8676578706933 -0.34667573227255993 -0.03286133361580759 0.9374221209569433 63.51356882875654
0.9379853075739835 -0.0034090996120633202 0.3467547557988615 -4.614458844589647 -0.007979409043709258 0.999484610512846 0.03141343519262718 60.89598272297465 -0.34666726515646584 -0.032240461933689464 0.9374470869420088 64.71250250917973
0.9379178683619628 -0.0011724775566021748 0.34695200429094036 -4.1679724077105575 -0.009814661817785146 0.9995143236350652 0.029912507450338518 60.922967254552006 -0.3468026490469156 -0.031468745526675584 0.9374231676291861 65.9089117325605
0.9379531122602079 -0.0003834192821687266 0.3468584615177272 -3.7202619543500384 -0.010604534170974933 0.9995103170624752 0.029783255437474187 60.95299277754723 -0.3466839443027495 -0.031621676428791504 0.9374619125507228 67.11155215281991
0.9379062493162722 0.0008125224847267171 0.34698543487760225 -3.269410651810375 -0.01177875463709974 0.9995058415941765 0.029499169357962613 60.9829390583623 -0.3467735910086804 -0.031762623743486616 0.9374240905092107 68.32182833159123
0.9377943892755549 0.0017132082036735987 0.34728483603214216 -2.811961167252041 -0.01267284331814199 0.9995008775701764 0.029291955938625717 61.0126960115891 -0.3470450519722728 -0.0318789466783134 0.9373197330438111 69.54422597271859
0.9374764907963855 0.001853464170565497 0.3481405001081653 -2.362485400909587 -0.013155589753491343 0.9994704127192069 0.030106191974765082 61.04230815202933 -0.34788399999877206 -0.032811885916174593 0.9369762497518319 70.73109824434714
0.937136391348729 0.0020654551034445887 0.3490535957944454 -1.910860220967224 -0.0137207964384958 0.9994377178914682 0.03092478773996429 61.07356262602051 -0.3487770115333248 -0.03377792417965432 0.9366098007769667 71.92324699331992
0.9367733469706994 0.0013862938801299444 0.3500299862332148 -1.4685957237179077 -0.012590789925239694 0.9994886217199649 0.029739170938057908 61.09801632459708 -0.3497933045059979 -0.03227405289827808 0.9362838266356563 73.07385929089008
0.9362008124304867 0.0007294706373569199 0.3515608125944989 -1.0242152762063663 -0.010460321887300814 0.9996231142547533 0.025783158036186693 61.117303858061284 -0.3513931634640446 -0.027823801100569225 0.9358275728493254 74.2206999576351
0.9355673934206225 0.000955857838909916 0.35324146532471057 -0.5865359625735369 -0.010959892903307433 0.9996031823691268 0.026325065220725877 61.14173530109216 -0.3530600153032379 -0.02850847823093681 0.9351790756034565 75.36376184193428
0.9349564145283314 -0.0006812332456693963 0.35485566123919776 -0.15596537917451275 -0.010620177302306815 0.9995059541564394 0.02990306180734048 61.170953981218524 -0.3546844326026002 -0.03173515315236588 0.9344599657047951 76.46935395895643
0.934410586437783 -0.0005591516868477738 0.3562902031287968 0.27031131620033444 -0.010934511962771499 0.9994919033739286 0.030249011201147983 61.197721110743906 -0.3561098871732332 -0.032169171001162934 0.9339027602417478 77.5607711447181
0.93335948087244 0.0007801515760446206 0.3590350234510687 0.6932141621465125 -0.011107701504639822 0.9995908126681716 0.02670721708418805 61.218882705161434 -0.35885106946121087 -0.028923888377632684 0.9329590404661698 78.63104708247724
0.9325098954765433 0.0016309861771609286 0.3612324822147075 1.1145494772947124 -0.010188668228698327 0.9997197830786873 0.021791137934704816 61.23102683297753 -0.36107951412083444 -0.024009471476937362 0.9322383584071275 79.68358109010788
0.9315938461944606 0.001786427189997557 0.3635875870445184 1.536043546753976 -0.008417946376180553 0.9998350425364869 0.016659448317439 61.23670219117767 -0.36348158693071414 -0.018589326456809184 0.9314284390410048 80.72709697774022
0.9311861102205546 0.0009361086679478862 0.36463357753510467 1.9546337811192775 -0.007031323377944239 0.999866164077601 0.015392852494623448 61.24350670493787 -0.36455408489074886 -0.016906463053006228 0.9310411558289938 81.76170498332536
0.9310062161485507 -1.5592312625786406e-05 0.3650942473173015 2.3758516985835882 -0.0067983352922372856 0.9998354038167308 0.017381890321627808 61.25686803340625 -0.36501806264309333 -0.018673518180509007 0.9308256051248456 82.81289104125639
0.9308996649537025 -8.799936063268665e-05 0.3653658463259425 2.7887099633847 -0.00714017268568838 0.9998141639529223 0.018435733089194172 61.27149526389581 -0.3652831173077114 -0.019779340873961195 0.9306985615970692 83.85097476516044
0.9307722615573379 0.00012346132880340652 0.36569130606165196 3.2036427629379007 -0.007166011936063809 0.9998239048571047 0.01790372099285075 61.28095582557952 -0.3656079257787506 -0.01929369962977036 0.9305814736684502 84.8826632215599
0.9306338906465353 0.0005103137824658739 0.3660434598514519 3.6080006799651088 -0.006941920040783191 0.9998538077387338 0.016256690311365035 61.28645980824977 -0.36596456843385045 -0.017679045573207673 0.930473453142184 85.88662724043435
0.9305055648750312 0.0007993290645090681 0.36636934172419555 4.024683597003261 -0.007168893909913127 0.9998559614690401 0.01602713848790565 61.29552740755729 -0.36628656970934076 -0.017548833299058327 0.9303492728892739 86.92903656231786
0.9305107417258879 0.0002652533473048413 0.3663553051484927 4.43934274835209 -0.006895427475821664 0.9998447007941867 0.016792458004589016 61.308442481994874 -0.3662769843531891 -0.018160725914580945 0.9303412242591809 87.9684348685159
0.9305829148868754 -0.0005156671278835831 0.36617262703936376 4.842679942935686 -0.006449283176341044 0.9998300009176512 0.017800921759216142 61.32301866681692 -0.36610269701686077 -0.018935862952888002 0.9303944318140045 88.98197225185655
0.9306312462780896 -0.0010389556598482492 0.3660499678116993 5.250562387122598 -0.006021168438338407 0.9998268331555674 0.0181472597320959 61.337401323572905 -0.36598837590366556 -0.01910152470530847 0.930436330367433 90.00813857102675
0.9309905040094184 -0.002283934363423337 0.36512888042805436 5.661809367374043 -0.004874359674733582 0.9998228321766564 0.018684565016475474 61.35287099196151 -0.3650898819508095 -0.01918395955271314 0.9307873641407368 91.0469057387047
0.931827866165665 -0.0033891905768467464 0.36297881732579085 6.064088319664872 -0.0037337732095429027 0.9998236723589814 0.018921546189589973 61.36778688355772 -0.3629619452038113 -0.018996031161433627 0.9316232289392377 92.07235252108141
0.9328283239299208 -0.004426799515117413 0.3603882042080125 6.461289813760553 -0.0017398329688507674 0.9998673411752129 0.016785725464655205 61.37808704132196 -0.3603975744540054 -0.01629456646124613 0.9326692712816954 93.09051667245352
0.933674365557791 -0.002988188777355979 0.35820609278429005 6.846630081374354 -0.0019493327188411127 0.9999177920223871 0.013422580993347725 61.383163290790435 -0.35819957367547073 -0.013240248915637296 0.9335640159762802 94.0923692468266
0.9344429622955888 -0.0008555673935182432 0.3562091680139916 7.236417987287452 -0.002926846280044501 0.9999547747832414 0.010080166241287221 61.38559247204441 -0.356184298486595 -0.010471746097988427 0.9343700403396312 95.11605282214794
0.9355775968553046 8.536755865878629e-05 0.3532182681653649 7.624102522363557 -0.003697926698858845 0.999957315892565 0.009553876312539542 61.38960673683548 -0.35318537231326014 -0.010254533448592972 0.9355100054831439 96.14785932270829
0.9374437483827701 0.000307904511188636 0.3482352390184524 8.010004329418729 -0.004276402910836161 0.9999443817182428 0.010628754191735557 61.39840154976339 -0.348195714077065 -0.011462848977476422 0.9373645364868143 97.1940396277871
0.9395188607652061 0.00034348926967170987 0.3425973870959737 8.387572191913154 -0.004944111104094944 0.999918882549994 0.012556834779232244 61.41043204376158 -0.3425486481684219 -0.013500893790884582 0.939415908050058 98.24334347318006
0.9417344448380122 2.8612487257053786e-05 0.3364603752197137 8.76084860341503 -0.004788653555033325 0.9999100492053907 0.013318943319714772 61.42217244824636 -0.33641324974226644 -0.014163623242461782 0.9416208584412458 99.29849568826776
0.9437881025393371 0.000880332905745749 0.3306544274576107 9.11999089230803 -0.005778575709816081 0.999897700806538 0.013832522514810796 61.43496529203453 -0.3305921375683419 -0.014975332505438371 0.9436676666542633 100.34359269435213
0.9455609768723684 0.0022397034920912874 0.32554406172317546 9.482607717472684 -0.007454399331402283 0.9998731856955552 0.01477397178397818 61.44986919824409 -0.32545317374185306 -0.016405913007798745 0.9454289739261614 101.41701708670537
0.9468638227626165 0.004560206002351444 0.32171007091192877 9.83543050024248 -0.010218464628666834 0.9998312475214906 0.015904214630666866 61.46620395737518 -0.3215670902004646 -0.01835568522136541 0.9467213723016873 102.47575580860519
0.9470501468906033 0.008657521376674918 0.3210763373648601 10.186883401558724 -0.014368126554968472 0.9997877083374389 0.015423808526327049 61.47965582387241 -0.3208584034155316 -0.01922934634258698 0.9469444716351489 103.52805450237277
0.946493317659464 0.012980914701000573 0.3225691242052 10.544431219584366 -0.018615013725028252 0.9997330092477422 0.01439107666223767 61.48941777711627 -0.3222800450790151 -0.019634351091846296 0.9464527888231584 104.5765057096127
0.9448091949950543 0.01603925172397311 0.32733454259926664 10.908325075758752 -0.021637285549537227 0.9996849723768848 0.013470993216116155 61.49678925078587 -0.326999030350806 -0.01981873607240211 0.9448292638481892 105.61857230687974
0.9428852381690477 0.016923834768250233 0.33279221989030533 11.287954937938904 -0.022623944216685034 0.9996659551296787 0.013263965866217668 61.503636124586265 -0.3324400323693802 -0.020044220616898 0.9429239908021635 106.67118337289857
0.9408402289969174 0.017333258126811937 0.3385096357043961 11.687600248656073 -0.023288381688808243 0.999646751217784 0.013541562392645774 61.511307259802216 -0.33813868603399916 -0.020632806154239673 0.9408826609686176 107.75188754519519
0.938451331859401 0.01733957513497569 0.3450762987606409 12.098273139572322 -0.023411696235581522 0.9996452503939877 0.013439527441241413 61.51621043897989 -0.34470387856832796 -0.020700245649335605 0.938495941890264 108.826116382221
0.9355552753473181 0.018284427562249902 0.3528049102551969 12.523135776850609 -0.02424230687979588 0.9996379251995481 0.012478786828630906 61.51770685569797 -0.35243185551780215 -0.020236447589806472 0.9356313020742205 109.91319183365191
0.9325704540688315 0.01853430778324301 0.36060660139915934 12.956778351508992 -0.0243559699239177 0.9996450465173892 0.011607649359072195 61.51687877658589 -0.3602463536437069 -0.019617371159232885 0.9326634237649648 110.98968009834896
0.929731956648186 0.018017715216958118 0.3678888099817235 13.41460134390456 -0.023823420558398097 0.999662210329164 0.011247127766662209 61.522829752505615 -0.36754458147848074 -0.01923060511481338 0.9298195586312391 112.10340361949552
0.9267509855577005 0.01726394948752435 0.3753703632916127 13.866918711340121 -0.022921234806216877 0.9996898794993342 0.010612363312801435 61.52435872025708 -0.375053379845806 -0.018448475412383987 0.9268320973721238 113.17513751986141
0.9236698838443228 0.0157123135845097 0.3829568932597713 14.327475363412665 -0.021145373505414 0.9997360377946809 0.009982572833544949 61.523880878553115 -0.3826813946435965 -0.017327496051721642 0.9237305823296654 114.24050972988496
0.9209033697346559 0.014314208077144614 0.3896166032432986 14.802920167121083 -0.019834373751406564 0.9997609733747287 0.010149909351448494 61.52488621246899 -0.38936054014326527 -0.01708417247047504 0.9209396419101787 115.32319422489445
0.9184415531381677 0.013995489022640487 0.39539585686010054 15.282169368701615 -0.019760817198271368 0.9997586227903266 0.010513351099443107 61.52681087267637 -0.3951354390988703 -0.017478524779688764 0.9184690925723417 116.40450437571414
0.9163348293895908 0.01389569672728955 0.4002576899896373 15.776940981813837 -0.01981563677351291 0.9997560536397342 0.010656419772853322 61.52905134363901 -0.39999393084555646 -0.01770551041848901 0.9163593277471763 117.50970000958863
0.9144601803515969 0.014387904155562056 0.4045050643207638 16.283029281106398 -0.020439417522329553 0.9997432804679593 0.010647128167917854 61.532293827916945 -0.4042299426871095 -0.018013716122600946 0.9144925506360361 118.63558619846769
0.9127309343970716 0.01528006639674126 0.4083590522008822 16.79018390300137 -0.02150407849176494 0.9997199217761513 0.010657119248378161 61.53593060963047 -0.40806393918909883 -0.018518414770226636 0.912777832865835 119.75349439105251
0.9116630033456367 0.016232438794777378 0.4107008974076594 17.308044886302124 -0.022494625446616023 0.9997007258042084 0.01042174012131141 61.53921054471641 -0.41039063249101054 -0.018749754131253734 0.9117294197992504 120.88742814008513
0.9112416911673089 0.015680655862756614 0.41165601479696534 17.829054953298378 -0.02220994709488255 0.9996996315872861 0.011085176672531304 61.54413859129222 -0.4113405138697928 -0.019254266931984853 0.9112906923081465 122.01582601920157
0.9110683301650503 0.01558911966045492 0.41204384907646446 18.344817048473548 -0.022000026200900698 0.9997073196393701 0.010823068922243554 61.54683433667431 -0.4117364550863446 -0.018935648702199652 0.9111186974082532 123.1344174163539
0.9111009173582226 0.015603029825437952 0.4119711696969973 18.862240717671657 -0.02003740635275035 0.9997864203511947 0.006449145592491914 61.54320553141064 -0.4117643204107175 -0.01414095766318315 0.9111931659362761 124.2559617178258
0.9114538870180328 0.012212074235419965 0.41130421830618014 19.38664668096612 -0.016109987022368762 0.9998601707644665 0.006014514250946931 61.54329997441696 -0.4111551225200666 -0.012118451612577838 0.9114971850177032 125.39553733944909
0.9127245630213683 0.007626851080210505 0.40858782893601175 19.925559137744756 -0.012664891466608468 0.9998815430604896 0.009628901376843621 61.550409518238766 -0.4084479442207231 -0.013973536499782339 0.9126868747440914 126.58291029874466
0.9144931783720119 0.003724238191121008 0.4046685757577267 20.462268105089596 -0.009241711622572686 0.9998974090774496 0.011684179753845506 61.55998549999118 -0.40456554640234615 -0.014435198609433483 0.9144073477602724 127.77623231340424
0.9166880647817554 0.00012911357280155893 0.3996898193276298 20.985431665903956 -0.006489946649473565 0.9998817453879402 0.014562675710343052 61.57304794184849 -0.3996231271664855 -0.01595318030338114 0.9165534748942769 128.96065476645833
0.9192389045343544 -0.00312074148053836 0.39377552220739476 21.507488112643305 -0.0030326411289601923 0.9998916835860698 0.01500497897996678 61.58762667638443 -0.39376238776570655 -0.014997225396749667 0.9191026394459012 130.16192823777715
0.9218489328094485 -0.005084288997634011 0.3876030246800114 22.00828128498321 -0.0004843723111516873 0.9999061406866373 0.014270951855921298 61.597986615374815 -0.38762235983784804 -0.013353316896949961 0.9217338326535798 131.33849477716123
0.924135932342123 -0.006709680392310929 0.3820941006599314 22.5081064985439 0.001135372914842194 0.9998980726380522 0.01481499225416433 61.60960406092112 -0.3821379091331739 -0.013267004354924762 0.9240225255240889 132.53786478413454
0.9263771380757687 -0.007196153409003074 0.37661928507850806 23.0084104716809 0.0013982260648035926 0.9998845829840447 0.015668112489035824 61.62277320119978 -0.3766722213957409 -0.013997762354255837 0.9262531961826964 133.76339701871228
0.9284017800453069 -0.007371423047980303 0.37159704357228723 23.51528641851852 0.000868216032380493 0.9998520927936957 0.01766752671617358 61.639647849600394 -0.3716560266919529 -0.016089500800555812 0.928243419737099 135.02670085410685
0.9302704758558199 -0.006567529493054447 0.36690862066529045 24.026845698082564 -0.0005503221193785083 0.999822330765487 0.0192944648499001 61.65924988612775 -0.3669537083603111 -0.01816045694873965 0.9300740603195814 136.3218388974681
0.9319050715040477 -0.00576109266058659 0.36275158041147226 24.53111995023165 -0.0014158231829669078 0.9998171275037312 0.019518747773672417 61.67651841727442 -0.362781131110994 -0.018712636895118297 0.9316986004774234 137.61273794936113
0.9337809018237773 -0.00401429635805 0.35791951168988123 25.03733275526796 -0.0022166273011241843 0.999861935482943 0.01699983678829778 61.68778087219649 -0.3579215617808523 -0.016676912010492012 0.9336149669005638 138.92794675447627
0.9352792703868618 -0.0027108241543804396 0.3539984838940038 25.541378645752772 -0.0030989641604100403 0.9998784609966574 0.01584733637075649 61.69784674708651 -0.3539819133551412 -0.015928005959182073 0.9351291173208394 140.25762014517215
0.9362155676731042 -0.0008793635702792203 0.3515242687867432 26.04051520468325 -0.0035064441509411338 0.999932602280682 0.011843169353096709 61.70105962035445 -0.35149469809809947 -0.012329915633423732 0.9361210289037903 141.58155289289272
0.9366332729317631 0.0010286382265950016 0.35040853500470115 26.54305570332066 -0.004186040577540519 0.9999657444841804 0.008256752304394866 61.699593379351576 -0.3503725233269471 -0.009210232460503202 0.9365771051230287 142.9175796291086
0.9370113613273712 0.0013315792759318764 0.3493963482979618 27.0485160654085 -0.0044641033508999225 0.9999653528124139 0.008163374773146517 61.700211202005775 -0.34935768021782854 -0.009218967695462203 0.9369562226052303 144.26010341673418
0.9374324226378634 0.0016471071161539303 0.3482627975173787 27.550224123911104 -0.004842446626236786 0.9999624217090723 0.008308565178861213 61.701963144977874 -0.34822050803292476 -0.009485190233924056 0.9373766849352302 145.5970947344669
0.9378606398060648 0.0014532315451712455 0.34711017927810056 28.061563185146987 -0.00509258372012121 0.9999502086087936 0.009574749316180282 61.70596281006198 -0.3470632768449085 -0.010757500627721697 0.937792193474214 146.96438976228796
0.9383726375760303 0.0011398134592124213 0.3457248070992002 28.568421168238697 -0.005281629388350867 0.9999340684091184 0.011040698308704253 61.7118123372295 -0.3456737590189933 -0.012196236087732902 0.9382877958129099 148.32384922831787
0.9390008106438202 0.0009582827121057224 0.34401565371056403 29.081501277784206 -0.005518796816940268 0.9999187095574754 0.012279834827809503 61.72016710282239 -0.34396015283512893 -0.013439270187642727 0.9389003218654541 149.70764866299817
0.9395482195099044 0.0012602106308197618 0.34251675888798866 29.589903860638334 -0.0061098395580033785 0.9999051176780228 0.013082626621627009 61.733663205724376 -0.34245218137675665 -0.014394286070323328 0.9394370764990326 151.0973943808059
0.9402294883185491 0.0007294285048945956 0.340642041725359 30.095329486890346 -0.0064246200566785445 0.9998667186321248 0.015594809113334586 61.74912621773395 -0.3405693678890935 -0.016861454287470795 0.9400794533078098 152.47914130347795
0.9408538193596323 0.0007754775484214109 0.3389145483628667 30.604111859313438 -0.006656485294552363 0.9998557677643363 0.01619356467917833 61.76372831245881 -0.3388372668861344 -0.017502182592207892 0.9406934129341604 153.87666013585664
0.9411371338805021 0.0009933559033416474 0.33812528331259323 31.11598797485475 -0.006775838556290694 0.9998590124142525 0.015926049896483684 61.77570764789058 -0.3380463498733971 -0.017290017791377312 0.9409816011562855 155.28810355409425
0.9412945826550203 0.002213831973054136 0.33768143960069924 31.63422626905491 -0.007810747265217467 0.9998622819972064 0.01522114103512665 61.78717986091588 -0.3375858619725019 -0.016975549216976638 0.9411526370721911 156.72445095858512
0.9413638969909923 0.0030167210651853337 0.3374810517218989 32.140588149167826 -0.008415839047733126 0.9998673144152891 0.014541251694715278 61.79565117127115 -0.3373771823927355 -0.01653909445779944 0.9412349640860056 158.120315107563
0.9413942004667809 0.004248591442135428 0.3373837816333713 32.63955065653361 -0.009399685677339802 0.999871480553796 0.013640216420457305 61.80213421315466 -0.3372670172376836 -0.016022662605705614 0.9412835779672769 159.49574947917185
0.941404083273256 0.004790535183214885 0.3373490011151673 33.141735517699345 -0.009873712966481318 0.9998706338603717 0.013358658002711382 61.80922520050349 -0.33722603887787794 -0.015916889338522915 0.9413001266904942 160.8791786934031
0.9414102416749235 0.00479787822532067 0.33733126004402875 33.64459437607181 -0.010387741404600958 0.9998452259464838 0.0147734004568198 61.820257042126194 -0.3371930834917293 -0.0174218943090669 0.9412852525300526 162.26271594743247
0.9413865292550387 0.004573826052624372 0.3374019402972312 34.1429428055365 -0.010312002149306368 0.9998393870219554 0.015221698022156227 61.83169313025485 -0.33726303087599846 -0.017818912780516186 0.9412530102580621 163.62807284623293
0.941363044065951 0.004661814878074951 0.3374642132370928 34.647014715002726 -0.010428117480589895 0.9998365319468431 0.015283677600686137 61.843207133862784 -0.3373234375840387 -0.017916454462563253 0.9412293696018588 165.01011281067034
0.9411588497011641 0.005153565088016147 0.33802779968739427 35.15388044448917 -0.010908763547716041 0.9998339049690225 0.015135027266741706 61.854268303152836 -0.3378790871466099 -0.017941833241206996 0.9410298572393816 166.39713581640595
0.9409766935545151 0.006026047564331093 0.3385212036959234 35.65192892563569 -0.011551546425302246 0.9998386898975753 0.01431602417990424 61.861752499812305 -0.3383656891043323 -0.017391132585908974 0.940865495395674 167.75500945470395
0.9407275298032907 0.006908441108741137 0.33919734904795196 36.15824726109902 -0.012353678838435595 0.9998352201869889 0.013901821754558629 61.870246811080484 -0.33903045926726777 -0.017278033786954004 0.9406285404584546 169.13495137005737
0.9404341368822329 0.00683372312291534 0.34001152229784964 36.663621870724775 -0.012051137345123676 0.9998480422142435 0.013239691813484155 61.87557198341263 -0.3398541276244479 -0.016558586237901192 0.9403443099110758 170.49883160102308
0.9401807191626881 0.006408006297286918 0.3407180747572134 37.167210644181935 -0.011114693222626504 0.9998758053796221 0.011869319430305912 61.87854630236412 -0.3405845205702239 -0.014956016949764128 0.9401068890732167 171.8510686775949
0.9398486691645422 0.004566219688328897 0.3416628869556836 37.670433692772725 -0.008978261171422516 0.9999034941670627 0.011338262316272503 61.88690914888876 -0.3415629636753562 -0.013733551168289995 0.9397705616814285 173.20067650286663
0.9396989047034289 0.003533668054236797 0.342086598048361 38.167374412550224 -0.008875634507962308 0.9998700223811511 0.014056606129244824 61.899447554596605 -0.3419772088205183 -0.01625521044578594 0.9395796437826004 174.53804924712014
0.9394516386622839 0.00248478458541382 0.3427748231093656 38.67273061476813 -0.009029193969570025 0.9998143379643157 0.01750271518450344 61.91557982094527 -0.34265262926483514 -0.01954744798366232 0.9392711516565224 175.89284360702098
0.9391232416679194 0.004014931056737245 0.34365726455530543 39.17719159727755 -0.010138878777849487 0.9998281602667701 0.016029711648818005 61.92417186029755 -0.34351933931244577 -0.01854796407310225 0.9389744399113086 177.24662180494877
0.9388739072622793 0.0061432277787548785 0.34430483623831837 39.67815948566404 -0.011554761252911992 0.9998475084341205 0.013672384432218418 61.92792656838037 -0.3441546185782126 -0.016824973380754032 0.9387737780438301 178.58642240770507
0.9386768744397314 0.006434915285920436 0.3448357903555989 40.17710913905074 -0.011541094849103891 0.9998593835931534 0.01276307180589611 61.93155960158703 -0.3446918728726931 -0.015969749632575615 0.9385913558282739 179.91452010992666
0.9385465971043879 0.0065690341454748636 0.34518755834378057 40.67971740208448 -0.011686107764595489 0.9998577316841212 0.012752145986550152 61.938063342169265 -0.3450414263881376 -0.016011712140719676 0.9384622728000258 181.25330268327
0.9385669368753301 0.006175001830033079 0.3451408040659643 41.18143912229622 -0.01175088854423441 0.9998397932892419 0.014071478017055232 61.947881454139015 -0.3449852900985383 -0.017271927571048232 0.938460513270844 182.5906458931278
0.9385188351253627 0.004691092312690529 0.34529415031890676 41.68381761607549 -0.010549427137912033 0.9998379475105152 0.015095808257814501 61.95904626052518 -0.34515398000036007 -0.017819717659619386 0.9383880524486878 183.92487705257372
0.9385112281945317 0.004296893005493674 0.3453185806300186 42.201504448907635 -0.009993523880407506 0.9998489090303565 0.014726645375772637 61.96800936665314 -0.34518993555568966 -0.017281346897739448 0.9383846879696576 185.30341155707396
0.9385410021874008 0.004646242175336896 0.3452340512970097 42.697634411665156 -0.009811783940861353 0.9998717787922856 0.013224574122540014 61.97267415663782 -0.34511494481620786 -0.015808432965010732 0.9384382355249952 186.62457343916194
0.938583017612328 0.004884192834722673 0.3451178133102995 43.188214175458846 -0.009690660553707157 0.9998860881001996 0.012209905044297186 61.975898982975316 -0.34500517175210116 -0.014814012351882226 0.938495048881694 187.93466991650416
0.9385843091643894 0.005379860185753533 0.34510711916503334 43.68332154688816 -0.009998628048320253 0.9998899895666038 0.011612289565076503 61.979407397952684 -0.34499334874026283 -0.014358854936710392 0.938506507889988 189.26015598961158
0.9386171923919243 0.005601382170212319 0.3450151626445207 44.17467762377845 -0.010354072091499114 0.9998826177007595 0.011941228263414675 61.98586175982227 -0.34489427594565364 -0.014789530443633542 0.9385363743628412 190.57975036256713
0.9387380777969977 0.00560729205020391 0.34468635034264816 44.67224270151577 -0.010500909111053329 0.9998763504483874 0.012338490571812055 61.99283344164897 -0.3445608982188037 -0.015211277905791765 0.938652057442199 191.9160050800002
0.9387905533631521 0.005787688824206466 0.34454144113541013 45.16534508729191 -0.010671754477120092 0.999875308839203 0.01228691765034656 61.999455956338366 -0.34441376784317357 -0.015221115347151835 0.938705945626447 193.24186262376844
0.938807504323725 0.0060168065373070925 0.34449136422379123 45.66428899295227 -0.010905557014912307 0.9998730038047109 0.01226174114413509 62.01034697196474 -0.3443603181994245 -0.01527764921508839 0.938724781554196 194.5882028491332
0.938789703156009 0.006369902322201099 0.3445336232274853 46.15398037567518 -0.011131151188613185 0.999875600517202 0.011849286467797157 62.01769410665945 -0.34440169799601367 -0.014968491830484428 0.9387146656349025 195.90513870603834
0.9388003430023056 0.007145623846636861 0.34448898682092893 46.6410113482248 -0.011782623163321912 0.9998734246567628 0.011375469637053093 62.0231428692559 -0.34435076619220956 -0.014747846733870803 0.9387366518996858 197.21903950010505
0.938841531675515 0.007270621362221242 0.3443746417643484 47.1306772334832 -0.011746769582548843 0.9998790401994501 0.010919202668247526 62.02685815732211 -0.34424005353717124 -0.014306276809444966 0.9387841442054964 198.5332920348516
0.9388412190342046 0.0076510419243224145 0.3443683532332873 47.61842357820058 -0.011965764418761701 0.9998820147838177 0.010411240588203856 62.029961143039074 -0.34423446892780657 -0.013904816114643408 0.9387923004684469 199.8446864949659
0.9389425703991979 0.00799369520621468 0.3440848794903769 48.098346936026175 -0.012374995364062391 0.9998755014835518 0.010543968567853484 62.034963052129484 -0.3439441809833496 -0.01416773103657311 0.9388947420001855 201.1408905750232
0.9390384402219323 0.0083511743116182 0.34381660666531233 48.5822201563856 -0.01276273066868452 0.9998706298190462 0.010573750162343853 62.039294127515184 -0.34366990851702356 -0.014326833170946428 0.938993098969631 202.4462501184533
0.9390802959967623 0.008678478526953318 0.34369354263913016 49.05991880735705 -0.012967824256309457 0.9998718583435119 0.010187517342386546 62.041218403372 -0.34354723616311295 -0.014033485708605624 0.9390421925736652 203.73122357928926
0.9392328460360505 0.0090728000782393 0.3432665470061807 49.5339608306688 -0.01334056877419445 0.9998681539671317 0.010077155859694997 62.04391213704156 -0.3431158453831498 -0.014053618887408971 0.9391996643827362 205.01391117671122
0.9395412845218717 0.008515971013345608 0.34243630498861855 50.011195871910836 -0.012977742642237616 0.9998660932786079 0.010743230799673218 62.04883678273072 -0.34228500188141464 -0.014547285066310749 0.9394951761839407 206.30538635948668
0.940089503120507 0.008457286991287583 0.3409289487577101 50.47191562874154 -0.013370594049262927 0.9998457869173615 0.012067938270206763 62.05625910914511 -0.34076032837609915 -0.01591272399779263 0.9400271152757211 207.56481374609598
0.9405119801414917 0.00839098042835258 0.3397636206003939 50.9228643944989 -0.013711490240631287 0.9998260537176253 0.013264782987069077 62.065782889308565 -0.33957921177942174 -0.017143680299304877 0.940432770461403 208.80264829671907
0.9410120070667026 0.008826257400028728 0.3383665234508764 51.366296631770304 -0.014622528652423247 0.9997950703509142 0.014586266363413715 62.07719277115242 -0.33815426597005166 -0.01868288960188127 0.9409170003024385 210.02907408944625
0.9412465756882322 0.010039611294316667 0.3376799805238454 51.80077797510972 -0.01570680449992572 0.9997864851455193 0.014056235604660275 62.08568968520572 -0.3374523604447477 -0.018543529508328885 0.9411719714112448 211.23593401360745
0.9415103644864815 0.010874378124876216 0.336918896930599 52.2131469603094 -0.01636163610108961 0.9997841573293224 0.013452838962845458 62.09205149763886 -0.33668543241712384 -0.018187987963218775 0.9414536598706447 212.38085760617324
0.9421121573278326 0.011183226851825033 0.33522136234164274 52.6252165788309 -0.016653825686372397 0.9997792949687695 0.013450582900040685 62.09949794859761 -0.33498262828120123 -0.01826410855917331 0.9420593819721176 213.53268142218613
0.9431227357840077 0.011946786269707606 0.33234154923645665 53.025863978617096 -0.017385126033023994 0.9997678793268464 0.013396011893493022 62.10915914943645 -0.3320896683808415 -0.018421577892071706 0.9430802325173046 214.67198232090874
0.9442509379933227 0.012581801154305631 0.32910009900055404 53.40647037743023 -0.017830341163947574 0.9997662943220186 0.01293546068999105 62.11636802677673 -0.3288452639538381 -0.018092368646284076 0.9442230576660038 215.76442388097053
0.9452828707490416 0.013848171255691334 0.3260744366749563 53.771790006076074 -0.019063392145901796 0.9997454613580087 0.012804890345282894 62.12342235318838 -0.3257986142170713 -0.018330132509660795 0.9452740470607884 216.83053720861085
0.9459196761350749 0.014914279195630258 0.3241752215423184 54.12083530115983 -0.0200209655042108 0.9997314636970789 0.012423962490472293 62.129650048146466 -0.32388735957572157 -0.01825235973694763 0.9459320387699334 217.85336556345948
0.9464732482280589 0.0161242579986563 0.322498470828992 54.46240110923692 -0.021255239780699296 0.999706477178208 0.012395184716959887 62.13713283013294 -0.32218817941807004 -0.01859655253652046 0.946505624629807 218.86525027442954
0.9467056060918961 0.016264379023353984 0.3218092220992193 54.78992079282349 -0.021532470803850054 0.9996952696238992 0.012818414582189217 62.146083811695235 -0.32148697783112273 -0.019074626427596896 0.9467347809559804 219.82825605270114
0.9470109999063133 0.016458010239805646 0.32090056947446577 55.116536860741846 -0.021885916030301315 0.9996812855851744 0.01331506337077188 62.15563093460316 -0.3205633030945851 -0.019642748320155726 0.9470365181140795 220.7964854119886
0.9472885029802149 0.016661627553242138 0.3200717163647327 55.43007938865348 -0.022062005291642362 0.9996785056353436 0.013252731553533818 62.16288505700833 -0.3197319025300575 -0.019625755722104263 0.9473181056734 221.72524535634267
0.9475801746576522 0.017141004849748797 0.3191828214417066 55.7275373110756 -0.022452698050352 0.9996739084129848 0.012967845110261963 62.169039981720246 -0.31883991331757644 -0.019465005357920062 0.9476221552866813 222.61144080039517
0.9479268180588751 0.01711746119402999 0.31815393079068327 56.01139543579106 -0.022263474712919437 0.999683680055976 0.012543052801590134 62.17418702458081 -0.3178219763227029 -0.018983613309518286 0.9479737515850536 223.45930067586968
0.9481131884954589 0.018927274627941696 0.3174958050384478 56.27475587923827 -0.023667709922171962 0.9996683785525591 0.01107790908046692 62.176864699871615 -0.317164399495729 -0.018028137615220603 0.9482125077362205 224.25558079986058
0.9481204256343554 0.02144675794938317 0.31731276692026894 56.531737662107126 -0.025315418819691175 0.9996567466190642 0.008070935752634475 62.176362842087556 -0.31701453747205555 -0.015695833958221335 0.9483038030031952 225.02656824434877
0.9478227393863744 0.02514444937090699 0.3179312197015666 56.79389115510724 -0.027624745912544515 0.9996226822335155 0.0032919167800430083 62.17083726471992 -0.31771190410466316 -0.011913785121001084 0.9481257900824696 225.80484715299514
0.9467310230489084 0.028334309468214802 0.32090145576471507 57.06903046068504 -0.029846541120285352 0.9995643789246474 -0.00020905619900317028 62.16223062112608 -0.32075061469063 -0.009390482768700671 0.9471303642751815 226.60583169259732
0.9451515498804484 0.028887288602082492 0.325473618952871 57.33563334226554 -0.030209571230590454 0.9995524593895563 -0.0009965975612690832 62.153021535504564 -0.3253400339567083 -0.008901278905480902 0.9455683514242561 227.35689572390743
0.9439435342736546 0.02805765984671265 0.3290317521206633 57.598199440371445 -0.02934798967023271 0.9995775372213702 -0.001049269025453224 62.14609526150269 -0.32890541403062357 -0.00867696227437983 0.944336007023734 228.08735027120647
0.9427223794529749 0.027395334590610255 0.3325703610328516 57.8608341152522 -0.028833542913259364 0.9995931548101193 -0.0006152148241966283 62.143046133301226 -0.33243508252492776 -0.009020009974483786 0.9430961723967202 228.80692683708455
0.9413781999274287 0.02688898654966027 0.33639728351494264 58.13160391324729 -0.02833074668399679 0.9996071691493015 -0.0006260973183515132 62.13763840849888 -0.33626517312548715 -0.008951910475016743 0.9417377661758856 229.54115061628767
0.9397963359877426 0.027143193947884028 0.34077149789529654 58.407357587094374 -0.028550791159974526 0.9996002646916022 -0.0008877908327954628 62.12940306423204 -0.3406425221356095 -0.00890598367135755 0.9401635431716205 230.28343943316278
0.9384022185519939 0.02726192232545849 0.34458181941152566 58.68025969991518 -0.028536805657954963 0.9995995703397679 -0.0013745584309614444 62.119328626950725 -0.34446446064294567 -0.008554678874449651 0.9387732162761019 231.0025886613485
0.9368432186851766 0.027583948270992018 0.34877323300098256 58.959600146538854 -0.028790320606529925 0.9995918151871561 -0.0017270808057899705 62.10927330312588 -0.34866153165462604 -0.008434464901750508 0.937223593851755 231.7340077307775
0.9359318249129025 0.02789613390861995 0.3511896370616369 59.236074878427715 -0.02905240538347303 0.9995843041247691 -0.0019807979538357056 62.099853293465344 -0.3510814335475717 -0.008360088535421037 0.9363205267099359 232.45281453789184
0.935119861165655 0.028102695070878796 0.35332979702591705 59.51408095847126 -0.029363437383796143 0.9995755253135211 -0.0017959971432783242 62.093169192155365 -0.353212653022564 -0.00870668441452223 0.9355154494071092 233.17771819943255
0.9341816230983901 0.028373169159439746 0.35578204703110233 59.78982503132564 -0.029786129001305613 0.999563895501184 -0.001510990170980217 62.087453511685155 -0.3556518486549547 -0.00919686089840141 0.9345863101434945 233.89426435440078
0.9337525624665357 0.02848419818687376 0.3568974196461997 60.06248223044063 -0.02987962412763665 0.9995608371447758 -0.0016079677876630935 62.080629045653254 -0.3567687647976222 -0.009173725420175716 0.9341607495124932 234.59942890330854
0.9334048728555944 0.02933481818657461 0.3577363173529182 60.33339872848682 -0.03041958618423209 0.9995422391221436 -0.00259920481013864 62.07089316226082 -0.35763129657188847 -0.008467080920673229 0.9338373627285762 235.3022905361
0.9330502101994927 0.031739102470636334 0.35845649633009735 60.606478721600546 -0.03187981805804813 0.9994849411764951 -0.005522307236849425 62.05836720643473 -0.3584295118270654 -0.0062858120177314205 0.9335486059707913 236.01487356436706
0.9326660206625811 0.03460356811637809 0.35919215871603444 60.88380358202168 -0.03349688361078052 0.9994041723668768 -0.009308898209486579 62.04291861111103 -0.35928239119723365 -0.003360563258908352 0.9332361355746335 236.74016724702165
0.9324688651510648 0.035928102982501826 0.35957313231671684 61.14925159572672 -0.034184315762181935 0.9993612925912834 -0.011211734408802566 62.02904402182797 -0.3597287330394254 -0.0018482885655801465 0.9330684472287627 237.43252248915607
0.9324472280540989 0.036069096690714265 0.35961352997247115 61.42510073860424 -0.034284389207447925 0.9993559029004037 -0.011343003789311634 62.01816310869087 -0.3597739798559014 -0.0017632615500421122 0.9330509213177459 238.1552723806723
0.9325763732303948 0.036063430995912873 0.35927901051651423 61.706706533825425 -0.034285987626933336 0.9993559736683423 -0.011320877777833287 62.00737863056482 -0.3594389708279922 -0.0017714901255362415 0.9331799833589367 238.89520308580927
0.9326257867277618 0.03655622317698984 0.35910067735761547 61.99439186590113 -0.03475549139724683 0.9993381537341343 -0.011472023529119427 61.99515698984016 -0.35926532288323065 -0.0017925696847478475 0.9332468062014919 239.65304124490925
0.9326575771884392 0.037317596426758026 0.35893996745841866 62.27514846034821 -0.035144163039959535 0.999311252196282 -0.012580632669419958 61.98060044572781 -0.3591451996463271 -0.0008921224177656512 0.9332945154120416 240.38172414838823
0.9326352782535537 0.03668226455789083 0.35906430730498895 62.56632280864423 -0.033266875791750875 0.9993316219727498 -0.01568904555740663 61.96379982198097 -0.35938283647164154 0.0026762835230059383 0.9331997234952452 241.12768150367947
0.9325607776827048 0.035079160039402826 0.35941758139699065 62.85211647364249 -0.03105376148508177 0.9993820469766087 -0.016970343199524767 61.94658264130692 -0.3597737386040316 0.004653615864518684 0.9330412554377833 241.85764906267008
0.9325103848448401 0.03483089453509386 0.35957151330743536 63.13827140761213 -0.03142904764968898 0.9993966433213219 -0.015303979215229871 61.93470450964279 -0.3598706313722943 0.0029588276729167204 0.9330107190651525 242.6000490707175
0.9326283414234424 0.03598130421572458 0.35915265865963847 63.442483668643696 -0.03471703018075478 0.9993554133495091 -0.009970609053077352 61.92939935434629 -0.35926290873713046 -0.003180892261732819 0.9332446017889282 243.40232101321482
0.9324858716048511 0.03452894223899466 0.35966439291380753 63.75426122301026 -0.034616568605935025 0.9993894446649958 -0.006198609357457508 61.9241957923606 -0.35964177417147114 -0.006680854752242484 0.9330801407022977 244.20421788301124
0.9322284605954874 0.033635672847369145 0.36041597435306766 64.0650058169996 -0.03348813959723713 0.9994250844688817 -0.006655842470895976 61.91104424880326 -0.3604154539758404 -0.005875522690127543 0.9327870397211055 244.98990501258288
0.9314329818189483 0.03629380859101041 0.362211719869365 64.37043429475895 -0.03417094773870935 0.9993491926412315 -0.012266774138309487 61.886774457214926 -0.3624034529140707 -0.0009619442492798513 0.9320346014219435 245.75740524515487
0.9307333768696024 0.039251141840668566 0.3636988224208432 64.67187487991461 -0.03565947960034056 0.9992349103422685 -0.016586984684437797 61.861357941897644 -0.3640538235271607 0.002457975197830497 0.9313885186628267 246.515226666335
0.930260809985148 0.040489419249623536 0.364772233434063 64.97246927531016 -0.036673729644536794 0.9991848692852776 -0.017384812162670585 61.83941451605273 -0.3651605790450219 0.0027839931738205363 0.9309545492723835 247.27656686445056
0.9299490179774129 0.04046191082839067 0.3655697465698313 65.28436126747451 -0.03712194997924283 0.9991889983252398 -0.01616394748247885 61.82300291568399 -0.3659088291437462 0.0014503426367452094 0.9306639082056939 248.06382316678284
0.9296323119973148 0.03854779616048136 0.36658100498874435 65.60180726278196 -0.0356366939975864 0.9992655449311152 -0.014708509168141523 61.80782003498283 -0.3668604569154046 0.0005991787511078212 0.9302901117637232 248.85732234203994
0.9293794117259945 0.03602980408042885 0.3674770011815363 65.92005624856183 -0.033175736697642136 0.9993590414651667 -0.014083064081248695 61.792526320088655 -0.36773059314644707 0.0008864499669666341 0.9299461806567161 249.64880792152582
0.9288649875504299 0.03630049483533124 0.36875128639450305 66.24510879810974 -0.033265865530027645 0.9993494132130647 -0.014587892566897232 61.77076925902122 -0.3690221726265479 0.0012724241055715173 0.9294343880172163 250.45292446061052
0.928324409268539 0.039054526642880866 0.36982844938977866 66.55549196812646 -0.0352404476869253 0.9992424034730085 -0.0170683543674085 61.74633571746413 -0.37019619458236047 0.002801243605644574 0.928963918834236 251.2238462624093
0.9278782183821427 0.04183943622010948 0.37064465910502653 66.8673503000867 -0.03703307000376635 0.9991221195957333 -0.020079893022269917 61.71939063347446 -0.3711398461837745 0.004895104926014283 0.9285788260280876 251.995159679614
0.9274786263733329 0.04259188865164386 0.3715591758849348 67.18680690321625 -0.03754679137118565 0.9990881992880758 -0.02080811253478267 61.69555324827581 -0.3720868817199694 0.0053375896622905004 0.9281974383741114 252.77980375000612
0.9269886575253425 0.04280481942785026 0.3727547041260273 67.52031360736345 -0.037961690412623914 0.9990819132297972 -0.02032756073074866 61.67587297569343 -0.3732630384990521 0.0046824011313668455 0.9277285110325463 253.6017722361883
0.9264842405641213 0.043119292923116746 0.37397237959963875 67.8623176183648 -0.03867436152334901 0.9990741664925179 -0.019387694851179336 61.65567766612997 -0.37444221360937563 0.003488705129888592 0.927258718096347 254.44241550239158
0.9262248139224895 0.04351914792127394 0.3745688409756848 68.21192927242714 -0.03905377411895958 0.9990569882396875 -0.019510250663765258 61.632098211168945 -0.37504472018949225 0.003432097329746424 0.9270154865657178 255.2992549856189
0.9261046452365126 0.043853837203068353 0.3748258284318339 68.55679391463124 -0.039292877767152186 0.9990415712507308 -0.019808069185604432 61.607257386583804 -0.37531546071221494 0.0036060529638572807 0.9269050696437252 256.1442166784626
0.9260444013185792 0.043285410939128 0.3750412409642973 68.91020381450741 -0.03861453001910421 0.9990648678218548 -0.01996632495614607 61.582948468908086 -0.3755351256857624 0.0039972128339826034 0.9268145860397684 257.00668211816424
0.9260364530118425 0.04284404955727761 0.37511238589788426 69.26712098468049 -0.03826810307056815 0.9990849087871805 -0.019645909187245073 61.56049110240533 -0.3755909823896972 0.0038276057362185505 0.9267928265624712 257.882336828012
0.9259440893346848 0.04278834825642003 0.3753475356880506 69.63116827060595 -0.038198685309085885 0.9990876403133073 -0.019667693002291868 61.536105169332565 -0.37582640100166465 0.0038625873108318813 0.9266974538096382 258.7744063185718
0.92586301286303 0.042871182012628205 0.3755377234553676 69.99231633724386 -0.03830882182426745 0.9990842421770708 -0.019613914109249397 61.51255859751555 -0.37601478614598743 0.003762490610712821 0.9266213737323551 259.6624233912215
0.9258120150594407 0.04281092167234011 0.3756697670892877 70.3545536897353 -0.038331764893143785 0.9990875858555859 -0.019395817028009167 61.48992990062435 -0.3761373777719358 0.0035460140660006694 0.9265723485463869 260.5546332709341
0.9257986997739207 0.04277376652256053 0.3757067996688011 70.72278286850347 -0.038770069551959795 0.999092702163093 -0.018216518682619448 61.469385953887475 -0.3761251634214198 0.0022878834061155905 0.9265812997599201 261.46613332423755
0.9258068563130119 0.04297804197171345 0.3756631353336259 71.09388228665321 -0.03903219671882849 0.9990842788672054 -0.018113690268165134 61.447039175864795 -0.37607775070094523 0.002095985056680442 0.9266010237842279 262.3818885819905
0.9258988674962804 0.0434692143791809 0.3753801307126898 71.45503220802996 -0.03944778429184915 0.9990628379009379 -0.018398139869355914 61.42351861628516 -0.3758081238941531 0.002215805249517542 0.92671013016572 263.2748400102889
0.9261786425507947 0.044364420531736386 0.3745838556520413 71.81815003570779 -0.040195945901042626 0.9990227148891686 -0.0189405951562423 61.39896352307782 -0.3750382775430801 0.0024744107741862705 0.9270211180865272 264.1798680205842
0.9265005389248864 0.045942180675273 0.3735966160793885 72.1742679067864 -0.04169256698663365 0.9989513114871517 -0.019454549764780678 61.37630129734857 -0.3740791652769252 0.002437240624429936 0.92740867630144 265.07695161052385
0.9267331852101122 0.04726533478200948 0.37285429959467703 72.52049315872338 -0.042953397087406184 0.9988897445738157 -0.01987088761914809 61.35412514020151 -0.3733599189347367 0.002388366531891019 0.9276987684666792 265.94817610035676
0.9270856900926804 0.04837611857081874 0.37183465457941667 72.87058347179806 -0.04421347547873949 0.9988380476738031 -0.019720130634118413 61.33481082333266 -0.37233684742894474 0.001830756502871693 0.9281112620560976 266.83478268958
0.9275700043258333 0.04895741143797748 0.37054810881734357 73.22618390033288 -0.0451415364665956 0.9988109132098753 -0.01897038490705473 61.31667396312684 -0.37101666339101075 0.0008578735160938639 0.9286411065356797 267.73574345236847
0.9280708996249699 0.04908572316445868 0.36927586719169614 73.58820304332174 -0.04578561878612114 0.9988049613611109 -0.01770252461575099 61.29883300873024 -0.369684018207377 -0.0004897592152320438 0.9291726824485399 268.6564404560859
0.9285861430706558 0.04928473789706388 0.3679509232221576 73.94315393073973 -0.046321988808096716 0.9987942799957344 -0.016886981122190992 61.28147162444111 -0.3683203186281856 -0.0013745019783969056 0.9297131987042426 269.5622057371362
0.9288187037028586 0.049588834061318754 0.3673238772174535 74.29288296649908 -0.04664544009068002 0.9987795259190695 -0.01689498502731935 61.26319290195996 -0.3676936856184365 -0.0014529749881444177 0.9299613293947714 270.45519350519675
0.9290416386674581 0.05004685965419514 0.3666971487011431 74.64045233313196 -0.04708727007016097 0.9987566475751853 -0.01702023172711863 61.243796100553126 -0.3670735527295913 -0.001465833042295475 0.9302062040964016 271.3429873122694
0.9291240291174424 0.04975875493764376 0.3665284311724771 74.98029545286971 -0.04668125869194089 0.9987718830407509 -0.017264387659634242 61.224748864442816 -0.366917775660291 -0.0010810313847947777 0.9302683735885204 272.2057814575049
0.9291528347352106 0.05039527990038917 0.36636843568309196 75.3138190128591 -0.04710454998007678 0.998740373112384 -0.017925382149389678 61.20322126341654 -0.3667908205653066 -0.0006141478309663078 0.930318957203751 273.05376916300725
0.9292441626761867 0.050861733301981626 0.3660721233564692 75.64519931375133 -0.04746659998642057 0.9987168443029687 -0.018277955718324062 61.182249685095115 -0.36651266315173625 -0.0004035723468638676 0.9304287228175846 273.898549743699
0.9293243759928015 0.05131392186625702 0.36580602309152643 75.9789653179729 -0.047969854140730774 0.9986939723812985 -0.01823484973188273 61.16372671160842 -0.3662441290004313 -0.0006137277196495108 0.9305345137813165 274.75474893139676
0.9293933705275695 0.05123671396421057 0.3656415369654519 76.30846136710298 -0.04793996254028274 0.998697756213485 -0.01809945478623556 61.146023422928394 -0.36607298697409046 -0.000719631888480347 0.9306017583724979 275.5952929642042
0.9293712907469182 0.05195733229809793 0.3655984546095654 76.63318965164093 -0.048522344464160115 0.9986613168755377 -0.018589137319388938 61.124907688277474 -0.3660543980977236 -0.0004761048575606075 0.9306096797505401 276.42682469940155
0.9292676765767113 0.05426639937307976 0.3655260027925688 76.94210726225221 -0.050279671805051065 0.9985384560772613 -0.020429266765413217 61.10172767600723 -0.36607977410186493 0.0005931883176769456 0.9305994885895285 277.21825273826767
0.9291324551832303 0.05704267917610317 0.36544912916530525 77.24488640534506 -0.052046760092836215 0.9983800775121956 -0.023520651589040233 61.07581587178864 -0.366177523298385 0.0028207309581715074 0.930557376435855 277.9922005624834
0.9290012515468781 0.05885503870781486 0.36549552082471654 77.54879436442711 -0.05318966164568333 0.9982698934933254 -0.025564308290646105 61.04839421258225 -0.3663461720287504 0.004296232711394172 0.9304856106238256 278.76568208187246
0.928883370763785 0.05978638584073187 0.365645370354867 77.85141967769265 -0.05394300875409197 0.9982135286503084 -0.02619137461672355 61.02268470223626 -0.36653602385649403 0.004592024307427103 0.9304095344842432 279.5371592159134
0.9287310675945581 0.06079693611265511 0.3658662181660489 78.16341145648754 -0.05474489736428064 0.9981506958622345 -0.026909689209383407 60.9963295328552 -0.3668034613355934 0.004949929646649741 0.9303022821966943 280.3275354852866
0.9285131679717761 0.06144330512840839 0.36631177006731075 78.46809802983867 -0.05513835111584356 0.9981083990732984 -0.027666896398259533 60.968609682089024 -0.36729673347870107 0.005478593777948191 0.9301047937400934 281.0918610456795
0.9282079829836841 0.062347966896322785 0.36693124704083074 78.7740516030826 -0.05574679498028786 0.9980486858962364 -0.028577300990738887 60.938861960108014 -0.3679750459558286 0.006057795487192834 0.9298328726121445 281.85764544806324
0.9278935297213126 0.0628784244942959 0.367635496968051 79.07688156315118 -0.05617440991216672 0.9980147728268374 -0.02892567654334332 60.91080016444094 -0.3687024310385848 0.006175495732879683 0.9295439594135885 282.6156097520448
0.927716566736066 0.06303955814837763 0.36805264459033477 79.38430741527243 -0.05644448902821058 0.9980062671479385 -0.028673171764727196 60.88546875641845 -0.3691046612847559 0.005813648501801154 0.9293863945312073 283.38621636757773
0.9275351624965023 0.06254822509354846 0.36859228120317605 79.69283446433585 -0.056288362244533006 0.9980417628342855 -0.02772634205633948 60.86199084850337 -0.3695828328707843 0.004957402743171932 0.9292014546432674 284.1586515602099
0.9275627739435257 0.06139644576440196 0.3687164435649793 80.00068906573203 -0.05567303362943113 0.9981186641700543 -0.026156169587757867 60.8407791201205 -0.3696069372828875 0.0037217167157982053 0.9291976898827209 284.93544687171686
0.9278418264130724 0.060359127390235474 0.3681857226208842 80.30396136807873 -0.055132625093224426 0.9981855213109199 -0.02471329831173385 60.82122432878582 -0.3689876004076567 0.002618948636339748 0.9294478403685654 285.70632351619014
0.9282827306998124 0.05965383872243078 0.3671885250332876 80.60089301630212 -0.05476798202546295 0.9982299363266548 -0.023726898107660852 60.803290436182685 -0.36793219546459627 0.001903089073226402 0.9298680230894425 286.46552811939995
0.9286182177200166 0.059245523798261396 0.366406055594262 80.89865713877427 -0.05452327048830814 0.9982550547778036 -0.023239915855430136 60.78504698510198 -0.36712177550813685 0.0015912218646042665 0.9301888261599831 287.2285165056401
0.9289689685673443 0.058538098053766606 0.3656303230340736 81.19311839748023 -0.05396215881418141 0.9982971980616778 -0.02273877430646632 60.7677208375478 -0.3663169939066222 0.0013812992222581376 0.9305064976181414 287.9841569589224
0.9294924713097619 0.057840775409853794 0.3644088261178018 81.48598070990786 -0.05338142386385199 0.998337815674803 -0.02231523307338782 60.750038108161284 -0.365072126472059 0.0012770171959804108 0.9309958164393497 288.73880001642345
