1.0 0.0 0.0 0.0 0.0 1.0 0.0 0.0 0.0 0.0 1.0 0.0
0.9999806880950928 0.0004235692322254181 -0.006193757057189941 -0.01263095811009407 -0.0004215426743030548 0.9999998807907104 0.0003178007900714874 -0.0015541731845587492 0.006193816661834717 -0.00031531602144241333 0.9999808669090271 0.13865256309509277
0.9999158858298934 0.0009398075825135521 -0.012944357337636492 -0.02738981082325775 -0.0009345206080879631 0.9999997527419956 0.0004180781085508789 -0.004061624246030945 0.012944948192413763 -0.00040615037257962783 0.9999164921524285 0.25906227780292557
0.9997903004690296 0.0012100957224999184 -0.020461429709691024 -0.04275983158076875 -0.0012078647113968226 0.9999996243166522 0.0001211976153640532 -0.008535288174965659 0.020461914495830513 -9.673445894809e-05 0.9997910480016979 0.3918828323542245
0.9995789064246983 0.0021025260777164777 -0.028969318397429354 -0.06172525862763281 -0.00212526342074663 0.9999980361174919 -0.0007522490876615925 -0.014080842344431582 0.028968673909892217 0.0008132090970263126 0.9995811416448446 0.5225652757596772
0.9992433277830556 0.002606432558512311 -0.038824591321700505 -0.08492402258986968 -0.002666598806326085 0.9999957994333464 -0.0014985701089739708 -0.02010352793243899 0.038821421814053146 0.0016008371323664664 0.9992458150660996 0.6535213140980635
0.9986977362737685 0.0032437199691749377 -0.050926647226201015 -0.11390277277837355 -0.0033329387283615635 0.9999933443937871 -0.0016684245600416773 -0.02565637942996707 0.050921482642810455 0.0018361736363485725 0.9987011925144766 0.7948432496977643
0.9978346505625274 0.0039298105180162 -0.06566457022270375 -0.1508152385096051 -0.004019280335368714 0.9999911517613208 -0.0012320240508825462 -0.028739450122050106 0.0656596013722328 0.0014936513631738603 0.9978407478087741 0.9493590571805421
0.996607826814607 0.003924880973005398 -0.08221299986310429 -0.1940098740272586 -0.003997561992018148 0.9999916600377269 -0.0007198663774525832 -0.031217428195482875 0.08221001224859223 0.0010465053520007385 0.9966143922277662 1.1148975969462895
0.9949385334370526 0.004390850269238337 -0.10039755985356424 -0.2434524738954127 -0.004449871555165624 0.9999901987549751 -0.00036359659185183105 -0.033597569357955964 0.10039583420220122 0.0008090681058081944 0.9949477536565102 1.2836611596694218
0.992552987320655 0.005156391251678959 -0.12171175391187755 -0.30351244140229366 -0.005240980150782168 0.9999866744031776 -0.00037464497076636176 -0.03575616208122351 0.12170922428944678 0.001010571549463307 0.9925660895306041 1.4742004060378595
0.9895295470880338 0.007633166046343075 -0.14413473631778145 -0.3768853882724956 -0.007915703698918919 0.999967974325829 -0.001386658707453164 -0.037434061491091145 0.14412041969802392 0.002513727826372524 0.9895576419832981 1.6753995475450378
0.985805273750649 0.010729240662566843 -0.16755572410592331 -0.4594638720460412 -0.01133587575392846 0.9999323675352083 -0.002664612730127685 -0.03860861821647639 0.16751671730939585 0.004526642596749412 0.9858595233295439 1.879474212991144
0.9811796763724256 0.012841568428695818 -0.19267440790310894 -0.5484571616111186 -0.013788879485409375 0.999898704801799 -0.0035761493489454405 -0.040217431926656264 0.19260968576011012 0.006166128059362361 0.981256450550973 2.088678504899196
0.9753097687755515 0.013493139137713508 -0.22043618299330944 -0.6467392409836267 -0.014722993790700672 0.9998843600794864 -0.003938083785557029 -0.04261504946125384 0.2203586281137892 0.007087048342135751 0.9753938181051776 2.3074200410134047
0.9683041207940656 0.014800706347180158 -0.24933885905532352 -0.7556551640942287 -0.016339014153471897 0.9998582527691224 -0.004101456696802954 -0.04411936975185263 0.24924323420294547 0.008045582980751528 0.9684075423651827 2.525229177266306
0.9600533289162068 0.016160379009378466 -0.2793555465316055 -0.8761609871114189 -0.017995378121945283 0.9998303739848445 -0.004008411943344372 -0.04562296110692111 0.27924409790941535 0.008875627475548606 0.9601794779542417 2.7477182977560286
0.950219483293551 0.017713010302306396 -0.31108316552559756 -1.0296709611071564 -0.0198473916377194 0.999796378375005 -0.0037002028591603658 -0.04476107959489165 0.3109550718765313 0.00969038152538823 0.9503756795511473 3.0068866417089457
0.9392794906560569 0.01926363189010902 -0.34261755876884714 -1.17375741249613 -0.021909024126631586 0.9997524765597036 -0.0038548463778939482 -0.04629732075965782 0.34245931133743224 0.011127415324951343 0.9394672477543531 3.2251631859022676
0.9270169902462307 0.021018635557501476 -0.3744348147003443 -1.3292117395780632 -0.024281673867027245 0.9996971735634563 -0.004000880476136434 -0.04761063776005862 0.3742379163802548 0.012801002757894291 0.9272449529839146 3.453987135520084
0.9132006169573709 0.021846110810039836 -0.4069293365837391 -1.5048769827133666 -0.025611133692222253 0.9996648581510369 -0.0038094407021254076 -0.05105380087252319 0.4067102535941323 0.013900899408935682 0.9134520931820033 3.706972142737647
0.8973001708306856 0.02001396711690972 -0.4409705325870496 -1.6905652852340536 -0.02413220421583075 0.9997017257544383 -0.0037330529123500073 -0.05726951219936181 0.44076486349066346 0.013991604262625709 0.8975138796708484 3.962421454319361
0.8791431814301381 0.018185687478257793 -0.4762133295103373 -1.8915982274631604 -0.022326697691556215 0.9997456768123547 -0.003039169350910295 -0.06201982444320075 0.4760378202238709 0.013304562767437907 0.8793244393321402 4.212872965742175
0.8571084936223372 0.020469339880291034 -0.5147313571549438 -2.1156952282636703 -0.02442004911317859 0.999700399010881 -0.0009073046276882983 -0.06044849242382665 0.5145597676450565 0.013347979271170192 0.8573506918937078 4.439310361702408
0.831063009214249 0.02548341897538574 -0.5555962520449427 -2.372111433938137 -0.02986314345065267 0.9995524517814941 0.001177197731742976 -0.055896617255564385 0.5553787018541981 0.01561405288798052 0.8314511856305561 4.6645062374146615
0.8030126245161088 0.029335292379527155 -0.595242162083508 -2.638668779871315 -0.03485509293856071 0.9993894050535428 0.0022311360037407285 -0.053848029724339 0.5949448594537051 0.018955935451590522 0.803543516623544 4.871163895191733
0.7727169768414442 0.030682537821877694 -0.6340114966885563 -2.909671862694337 -0.03713687291633748 0.9993052248184422 0.0030979660598607194 -0.052293429284688844 0.6336665828261715 0.0211519829482978 0.7733176892332713 5.062449877746753
0.7396177887280987 0.029073792345822483 -0.6724014169290007 -3.206208095953711 -0.03541993797649193 0.9993629541833972 0.004249784406630979 -0.047260427988256845 0.6720972005811097 0.02067359628581268 0.7401749603856232 5.264582461465226
0.7035244358622034 0.028764442508979457 -0.7100910383167349 -3.53431237191479 -0.03521016474390113 0.9993633295258586 0.0055973903479800725 -0.04203864343802293 0.7098005743729302 0.021064549232541585 0.7040883944210189 5.467569215360358
0.6646629768430814 0.030837427259739467 -0.7465086655666626 -3.8948125231460082 -0.03704707141802442 0.9992780544247996 0.008293358989899337 -0.03388592563449037 0.7462261066147545 0.022143733801120724 0.6653248295677063 5.667420252424128
0.6227930891673451 0.033985768723611115 -0.7816499623931731 -4.296532071090368 -0.040290350841818715 0.9991227461921477 0.01133864283928786 -0.023121510415948218 0.7813499418697003 0.02443153863206596 0.623615396426211 5.8675512085946195
0.5783600985915154 0.03708757722828329 -0.8149400787372231 -4.711899459386328 -0.04406940776666995 0.998927264964239 0.014183750436745496 -0.011159340045460783 0.8145922111215587 0.02771092481865726 0.5793729655552781 6.043135438389297
0.5323061815797969 0.040838168955632005 -0.8455683970099392 -5.147376788967447 -0.047948502453931015 0.9986864026897834 0.018047219414996096 0.0037410808931808235 0.8451947538966983 0.030937418694882587 0.5335635447592413 6.203975058597732
0.48477124798570786 0.04458406314656967 -0.8735062551228114 -5.649637212710352 -0.05179947231151853 0.9984103350892687 0.02221047809460293 0.02216458283311721 0.8731076147013556 0.034480790865010394 0.4863084874622659 6.374927233933403
0.4365648300105124 0.04779062915373384 -0.8984046949516025 -6.102175681620293 -0.0559145419001586 0.9980986289211166 0.025921859058489455 0.04036237098423892 0.8979350682994803 0.03891799507943136 0.4384055570593283 6.4872491796686695
0.38714488027716276 0.05144683460817699 -0.9205845702845709 -6.572449688447384 -0.059024567743958804 0.9977768499921131 0.030936999961951067 0.063632528707421 0.9201289526753896 0.042360750729124916 0.3893193628028894 6.58623630327255
0.33943615617989653 0.0533767940304735 -0.9391152507699282 -7.059885263547314 -0.05973822107197391 0.9975962544359803 0.03510760042317225 0.08989256453215752 0.9387312954121071 0.04418490181336705 0.34180751721456143 6.672859871921551
0.2945158563856193 0.054342251371874976 -0.9541025768791143 -7.563465321654606 -0.06185757106522072 0.9973725509767083 0.037710469494086706 0.1152853715120809 0.9536439872602921 0.047912930562160214 0.2971016425365305 6.741911908722946
0.25092023012671966 0.05567468447768949 -0.966407673363361 -8.07172709472606 -0.06689024314028919 0.9969559120609648 0.04006520884364265 0.14315639831135746 0.9656951397160812 0.05459086717532469 0.25387870086434733 6.787831986806754
0.21175792069276567 0.05663011930804587 -0.9756828753709954 -8.57740551779785 -0.07123181445421198 0.9965596366223749 0.04237992618643647 0.17068998825790313 0.9747241830821234 0.06052595713785077 0.21506142301608402 6.82511223747852
0.1785361073306588 0.05557100047994589 -0.982365601553096 -9.081830032718727 -0.07320010052150297 0.9963877350440294 0.04305867808308653 0.19415196483882224 0.9812079492107927 0.0642222018539 0.18195710995063916 6.860013832569324
0.14810876370661866 0.052909185761725104 -0.9875577437756171 -9.595253198349978 -0.07264816208464851 0.9964525374038861 0.04248801553681614 0.21382978193790733 0.9863009119803902 0.06545222479267408 0.1514253671129969 6.89277739204729
0.1194763104976626 0.05023835581594112 -0.991568304489864 -10.111200424467153 -0.07238072575168975 0.9965029598846027 0.04176492535458419 0.23193493023699194 0.9901973914240335 0.06678157692637061 0.122693368203069 6.915191361694711
0.0951041877738176 0.04809487305199138 -0.9943077176490396 -10.647626885106217 -0.07334224260702944 0.9964570017176255 0.04118177328797582 0.2508338998179392 0.9927641074771805 0.0690093103917506 0.09829299550609794 6.932639987497347
0.07651411241219844 0.04559831721887412 -0.9960285154581685 -11.17603882097145 -0.0755045264589933 0.9963514304600537 0.039810940505508256 0.26776905130263173 0.9942078573713067 0.07215960547557218 0.0796764637699815 6.945731343967147
0.06170665763259057 0.045150266111242676 -0.9970752689406785 -11.721908117185869 -0.07630003158122915 0.9962673968087791 0.04038985262128679 0.2873645439328018 0.9951756122821673 0.07358570332930925 0.06491959843049804 6.960299826177252
0.049771139093478876 0.04532548578441704 -0.9977340186587489 -12.272331448989284 -0.07640494240567983 0.996215794968552 0.0414436953896743 0.3111260778575461 0.9958357482796136 0.07417035992805969 0.053044060028317505 6.97205986287915
0.041621560946062126 0.045916135631036005 -0.9980802740414847 -12.861372138856527 -0.07785480155860271 0.99605577917907 0.04257506839545367 0.3402403224917275 0.9960973858739227 0.07593459957720636 0.045030546023794214 6.981718423918705
0.03574865949283475 0.046891345162598866 -0.9982620544307668 -13.510728315509967 -0.07891905926500144 0.9959118404881564 0.04395383991122417 0.37324464467388496 0.9962415184287037 0.0772118473797536 0.039300953352221085 6.994112332549948
0.03117893337352829 0.04774779721515815 -0.9983747788600643 -14.135694900161901 -0.07907079422388481 0.9958460726119782 0.04515650432406347 0.4030014426953546 0.9963835345448865 0.07753540849592408 0.03482290888839886 7.00922763643028
0.030724743443753227 0.04788446086262965 -0.9983822708275173 -14.763782764107852 -0.07814239249673106 0.9959100505956398 0.045360177361133736 0.432437228887716 0.9964708251417195 0.07662336706029749 0.03433888686877904 7.028708330551962
0.031140360386955283 0.04912051208122327 -0.998309490852825 -15.414082565217145 -0.07769047652820385 0.9958894262610722 0.046577045436173956 0.4633311315272463 0.996493570096015 0.07610965821158402 0.03482659647171005 7.052729578327285
0.03188477211515202 0.05088269874404827 -0.998198129039503 -16.1248449207828 -0.07853857622757732 0.9957437543266539 0.04824776035040463 0.49714940816341335 0.9964041267311404 0.07685892878839704 0.035743208163095196 7.077850459015691
0.032690502200764124 0.05045966420429544 -0.998193993086586 -16.844784390087135 -0.08018334919545879 0.9956391756222049 0.04770304445571369 0.5278368541722993 0.9962472043897413 0.0784791256356844 0.03659229711111611 7.10313333816383
0.03366311275288165 0.047812406288460785 -0.998291739072951 -17.559027383453518 -0.08238919343702963 0.9955890826715413 0.044903244238778915 0.5525747289980488 0.9960347603421709 0.08073694804027012 0.037452117990771194 7.130331179345639
0.034168674631845856 0.0476155894950013 -0.9982840050923869 -18.277727085684482 -0.08246115465140035 0.9955941892210979 0.044663153774165194 0.5799452498220699 0.9960118418177772 0.08079348164988705 0.03794293059196927 7.160324128448641
0.03485081530925892 0.04997684453803497 -0.998144797251452 -19.040636151036363 -0.08272864391877402 0.9954662752587309 0.04695242836511015 0.6146488789070779 0.9959657571507934 0.08093908140194794 0.03882579497460404 7.192142492283348
0.035857398103053786 0.05296972746664805 -0.9979544023634972 -19.830992876558255 -0.08337843314667015 0.9952718629890488 0.049829157664867126 0.6529647016511175 0.9958753649022911 0.08142185112681664 0.04010330516540225 7.225795742007451
0.03660769973928018 0.054489688872365556 -0.9978453288563768 -20.606608416669328 -0.0835396560886177 0.9951848067944075 0.05127729310150842 0.6901056877148467 0.9958346124993108 0.0814833104690532 0.04098243541772643 7.260926087235303
0.037409249630551186 0.054074109285655064 -0.9978382096448122 -21.398932912828926 -0.0841236236174128 0.9951615610034817 0.05077318357912645 0.7227300765863315 0.9957555597934273 0.08204292724042209 0.04177634762481991 7.2972145020312045
0.03823651003236024 0.05109179196740712 -0.9979641401555743 -22.17282809945611 -0.0859645017714166 0.9951586137928717 0.04765259055721544 0.7502743516567644 0.995566862946082 0.08396796251386707 0.04244283182314806 7.332338943112349
0.0388320938381494 0.05073293737900013 -0.9979595971567058 -22.97332240124851 -0.08635226655568604 0.9951455619543884 0.04722753428168936 0.7815359985188937 0.9955105059612551 0.08434241448543758 0.04302408619777202 7.37046267155644
0.0397252673921466 0.05244324289200095 -0.9978356082676471 -23.80574835359283 -0.0845297081273138 0.9952191086511302 0.048938204123133426 0.8197014480644034 0.9956312443702963 0.08240350980062065 0.04396812017665642 7.411601137687823
0.040362111719108584 0.05364052140658295 -0.9977464599357602 -24.65894359948741 -0.08324737725275923 0.9952675050589019 0.05013734773605537 0.8591296589338613 0.9957138088803823 0.08103679851526825 0.044636204423429984 7.453622235950859
0.040987931606257216 0.05440595335344714 -0.9976795785628734 -25.536731406270892 -0.08276530705474174 0.9952703826816357 0.05087199661848811 0.8996872169299435 0.995728386004588 0.08048892779074726 0.04529661325536578 7.497634533658475
0.041399159073839814 0.049286964613026146 -0.9979285593570684 -26.38275159726667 -0.0823330884027096 0.9955546060947075 0.04575173078421268 0.9284325092868596 0.9957472055405275 0.08026926306432797 0.04527265639147432 7.540766133882611
0.041681578545090456 0.042804017442969015 -0.9982162091122313 -27.23888845291306 -0.08249081090247183 0.9958188952683753 0.039254114339954294 0.9476056202172055 0.9957227814568737 0.08070821817024855 0.04503803173837621 7.585144034564714
0.04175586334762913 0.03783413235544196 -0.9984140052489319 -28.093732671690066 -0.08119470409508278 0.9961070114042372 0.03434846918309402 0.9663282580029627 0.995826570756745 0.07963234589776419 0.04466536738936262 7.629364810264909
0.04144551840539755 0.03804957896573969 -0.9984187088820794 -28.945003090592405 -0.08094277963253746 0.9961187292620612 0.03459948428166618 0.993010965729462 0.9958597657343197 0.0793819150976988 0.04436450614270258 7.6677967555047495
0.04114566383405302 0.04357389684620078 -0.9982050756769829 -29.86228962332769 -0.08166125794951831 0.9958535590209335 0.04010276333327864 1.0321270606475899 0.9958135472381153 0.07986566579429699 0.044533402080240786 7.707847714505129
0.040671269068982746 0.04902398053749873 -0.9979717496768226 -30.762001296119962 -0.08291927564132612 0.9955166511665866 0.045521653968918566 1.0744742319182328 0.9957289061488077 0.08090074200982975 0.04455401945252433 7.747083324535141
0.04032131677185544 0.05312680914113041 -0.9977755055289314 -31.668027336909706 -0.08406429436003703 0.9952259772295425 0.049590949594553735 1.1195961094041391 0.9956469491949443 0.08187880871547198 0.044595154852787734 7.7870350989289605
0.040180055657694745 0.053119201208103047 -0.9977815307826137 -32.546591603756724 -0.0847621116888649 0.9951678376490332 0.049564342916587706 1.158631350346986 0.9955933916980557 0.0825838843854384 0.04448859714011847 7.82563875996285
0.040130856482718254 0.049424402928854846 -0.997974218906179 -33.40123786850049 -0.08624267194299741 0.9952204948322858 0.04581725517751609 1.188734791032692 0.9954689645272267 0.08423054340414682 0.04420249495183872 7.864423674200966
0.04004461985448716 0.04678661767649831 -0.9981049720983955 -34.248061779066454 -0.08750731091149926 0.9952298727399557 0.043138472043272626 1.2168195437831084 0.9953621578906381 0.08561509965875523 0.04394903909419436 7.902271155522267
0.03988190139773709 0.04736382906032168 -0.9980844173388262 -35.164722437679664 -0.08839093892462005 0.9951277641604129 0.04368905407651512 1.254605264012046 0.9952906594243952 0.08648039325849032 0.0438753848222993 7.940194904223384
0.039914934365078196 0.049089326659040956 -0.997999794357093 -36.078614385642375 -0.08913567927156674 0.994986381116691 0.04537353127679138 1.2944195897647208 0.9952231346516994 0.08714716165464399 0.04409173679634185 7.979707672358779
0.040048479404539754 0.04782828093345155 -0.9980559281231542 -36.97242425952991 -0.08986355523932076 0.9949796094980385 0.044072120396121336 1.3245616951035286 0.995152346579023 0.08792452679152545 0.04414697920608026 8.021991271454807
0.04053764454643771 0.042377458830097074 -0.9982821793618304 -37.828840850871444 -0.09172208389010522 0.9950406665446633 0.038512437454414364 1.3451785966972074 0.9949627932466285 0.0900039595340575 0.0442248338350201 8.063069829568333
0.04069255442635266 0.038096607346754276 -0.9984481820983425 -38.66147330582117 -0.09392736961609098 0.994994704582134 0.03413413404736772 1.3635206765232215 0.9947504852907014 0.09239314728796379 0.04406834761361659 8.100365527356766
0.04087159986771965 0.038215928722232645 -0.998436339037131 -39.497944771045816 -0.09416127642309385 0.9949697050614855 0.03422588809137183 1.388456008431734 0.9947209544525284 0.09261575705191989 0.044265603255618284 8.138738627767601
0.0410228947300128 0.03981956674932805 -0.9983673322309652 -40.362557596133634 -0.0941440532649704 0.9949153979181253 0.03581082331481526 1.4188820652302958 0.9947161284504021 0.09252207252159711 0.044564217904576105 8.17994466614675
0.0414683091221021 0.04363201116900361 -0.9981893043898594 -41.226951557592834 -0.09443672582101828 0.9947455792959865 0.03955540521194433 1.4547308623601725 0.9946698786518154 0.09262632332457739 0.04537208109441367 8.220162788831852
0.04203980481433085 0.047873370250928804 -0.9979712533802813 -42.10608039334975 -0.09382753373031558 0.9946275996569818 0.04375797709335296 1.4932260670509616 0.9947038911673772 0.09179838807348949 0.04630680328489706 8.26381859695257
0.042143591954256474 0.05039010896898703 -0.9978431181073809 -43.00074336406218 -0.09440120914028763 0.9944617144522745 0.046229971820206724 1.5321715282072017 0.9946455105026764 0.09224955846786327 0.04666786468275392 8.305602621028548
0.04236531100061895 0.05012324702411029 -0.9978470419282823 -43.89686880405 -0.09458554142696043 0.994457619150056 0.045935211904856735 1.56570010282079 0.9946183811844472 0.09243623999027031 0.04687214844722582 8.35008657523382
0.04266168561912844 0.04536092554767736 -0.998061670960271 -44.7550647114622 -0.0957304834772849 0.9945589443697964 0.04110770564887518 1.588577439923998 0.9944956763267564 0.09379170920090313 0.04677223983563795 8.393490824972494
0.0431089086257965 0.04062108839996398 -0.9982467706033396 -45.614755887682215 -0.09763713520875268 0.994562480293637 0.0362527004246005 1.6081766749674788 0.994291276113591 0.09590348803578906 0.04684118699915878 8.43591187650725
0.04335363968996235 0.038106001152522315 -0.9983345607388499 -46.482338312758586 -0.10182677972604187 0.9942376683909347 0.0335258307251605 1.6307542581862036 0.9938599559340242 0.10020420866370984 0.04698414040474841 8.472244043685626
0.04330718551247645 0.03642706709162322 -0.9983986903541183 -47.33580920247479 -0.10533251732791057 0.9939321586884017 0.0316931381696582 1.6530334231417578 0.99349637837251 0.10379189433050429 0.0468810893884691 8.507184276260425
0.04332109697958179 0.0344328122129314 -0.9984688961633366 -48.180689233269646 -0.10473007076872268 0.9940564399106534 0.02973445147756972 1.6694833207839135 0.9935595252275313 0.10328209109965776 0.046669494223210026 8.550422923463247
0.04332591555006981 0.029967963423837143 -0.9986128768466364 -49.00835218263579 -0.10277789623760356 0.9943810354584972 0.02537921809260127 1.6816670516336274 0.9937635939428185 0.10153614222310042 0.04616236499942976 8.592829032980049
0.0435650276145757 0.027704609813924395 -0.998667645439386 -49.84949480779577 -0.09945104405478218 0.9947709128011685 0.023255541380251946 1.6943876760946144 0.9940915468799197 0.09830602694500691 0.04609231773102362 8.636549513873318
0.04165761560266576 0.03065752566602171 -0.9986629945254671 -50.728266935671186 -0.10003104455684585 0.994635564255644 0.026358753139305073 1.717792790788464 0.9941154335620223 0.09879987497952769 0.04450048050174291 8.672898725125517
0.03992226658561682 0.03539918433138168 -0.998577070254652 -51.61855923242876 -0.09861766203306305 0.9946332410688671 0.03131415372309365 1.7463717871568891 0.9943278543902452 0.09722776014060265 0.043198605609880814 8.711802408705498
0.0382707133138507 0.03868224027556632 -0.9985199425288207 -52.51607540148545 -0.09785289261298394 0.9945938633893799 0.03477699520190736 1.776614356484849 0.9944682166696723 0.0963777343353532 0.04184874003558455 8.748546386036818
0.03789087085751192 0.03812941630576458 -0.9985559158245131 -53.389198953726236 -0.09837557167868693 0.9945611034285188 0.03424121569067525 1.8002690456105368 0.9944315235415625 0.09693644377896338 0.041435687128841714 8.783339689697106
0.03757910481007715 0.03392937433784323 -0.9987191944881746 -54.2266432101009 -0.10150889219829283 0.9943843094353405 0.029959749202610395 1.8196074852440547 0.9941282170643014 0.10025350556945395 0.04081192496550921 8.811907341604382
0.037102140509777636 0.030451791074243412 -0.9988487759908706 -55.04679594107284 -0.10581591679480008 0.9940368482273806 0.026371623071866156 1.837243718003072 0.9936969855556761 0.10471622114426259 0.04010284008631827 8.836797176636596
0.03641237943344304 0.02929637886638629 -0.9989087075066465 -55.839992692509846 -0.10931750449280328 0.9936892186058505 0.025155437673734623 1.8552043188364291 0.9933436234519972 0.10828271091684294 0.039384704240857986 8.861244948317237
0.03568456399231596 0.02978980498505104 -0.9989204370342624 -56.66075905497489 -0.11013550135802717 0.993585106103412 0.02569334802065173 1.8763839701098732 0.99327992099403 0.10910024991523935 0.038736038420835915 8.889741216293782
0.03503273789191968 0.030602511906576233 -0.9989187552840968 -57.490028962027225 -0.11055314735058658 0.9935158206697325 0.026556742675986064 1.897991206950058 0.9932565490383274 0.10950389188415419 0.03818819761764599 8.919355044348501
0.034516652795868415 0.030144841710639213 -0.9989508770275791 -58.288687127749526 -0.11205865091279789 0.9933593355004754 0.02610084093822542 1.9161931517586641 0.9931063414077832 0.11104068256889588 0.037665049144551356 8.945076042702908
0.034427750465463494 0.029938874689078788 -0.9989600452492953 -59.09061391527465 -0.11244856853909105 0.9933206294218125 0.025891276607027006 1.9329023517413528 0.9930656739864727 0.11144070897630816 0.03756396651969871 8.974609448429657
0.034342168323661396 0.030813277997712996 -0.9989363014506796 -59.91677532827356 -0.11101570369386368 0.9934570345074633 0.0268244635614375 1.9538810115257967 0.9932293908464058 0.10997713378277504 0.03753783102122474 9.006587344692294
0.03415497310372174 0.033149732896855855 -0.9988676082021131 -60.744243682549666 -0.10987714867716794 0.9935155301762211 0.02921135827644483 1.9777773545428026 0.9933616237922589 0.10875621676992207 0.03757582504197011 9.037642961491013
0.03400647236809229 0.03664344020890758 -0.9987505837639838 -61.60413314556554 -0.10951961025940928 0.993445669258343 0.032715985688172806 2.0051358888349773 0.9934062782831253 0.10827152283019204 0.03779685050520641 9.070332877207395
0.033498124531713344 0.038295389183834995 -0.998705685743163 -62.43656604902662 -0.10932110001735684 0.9934098637898443 0.03442177785271049 2.032006362096085 0.9934455658813923 0.10802781245033587 0.03746400100427638 9.100789246152845
0.03331713395912976 0.03819892635967374 -0.9987155673463852 -63.26904242363131 -0.10903530715043082 0.9934434686150739 0.03435636688662717 2.0552527913875926 0.9934831187178663 0.10775187094947618 0.03726386641779841 9.131748417389797
0.03319268146643197 0.03641647906861327 -0.9987861630447484 -64.06668646244697 -0.10813078789350883 0.9936001042211954 0.032630911433203603 2.0725614257724416 0.9935859656896624 0.10691797806025463 0.03691802120991425 9.163918816652469
0.03299448608327187 0.03271589545920947 -0.9989203834923699 -64.8488617879074 -0.10784839797635028 0.9937435946529892 0.02898133674498521 2.084912929792609 0.993622719761433 0.106777368145401 0.036315893464491766 9.195324569507095
0.03280010811618685 0.030081763602937853 -0.999009681797723 -65.59094804890722 -0.10861198613928193 0.9937337137456225 0.02635406676047064 2.095860857177183 0.9935459323427986 0.1076417435594796 0.03586128312008195 9.223375503978493
0.033028154471658494 0.02836679833932757 -0.9990525517811262 -66.3194497181658 -0.10913808988070761 0.9937211932586876 0.024604480145127956 2.105046063213743 0.993480830278989 0.10822382745023287 0.03591635200265461 9.252256689955882
0.034371102855483004 0.027840672108933373 -0.9990224381924007 -67.07190115400847 -0.11027100058296449 0.9936137747423938 0.023893057837648956 2.1183842811999045 0.9933103464329746 0.10934366134925055 0.03722148761299748 9.283022762429972
0.03781417141489287 0.02809095010044225 -0.998890902869167 -67.80547488419963 -0.1101288552169622 0.9936320792646297 0.02377096209606664 2.130590129162646 0.9932009863751604 0.10910978861789364 0.040666928804738205 9.320169568511453
0.04365384690226582 0.028792644747286548 -0.9986328706558331 -68.51794848516374 -0.1090028889351471 0.9937533943978616 0.023883825210282855 2.141402268598235 0.993085619981098 0.10781341523945429 0.046519739438836194 9.363288207266226
0.050548431757397025 0.029379436776883462 -0.9982908082229357 -69.19412017818124 -0.10737524165668448 0.9939331213562992 0.023811399084209355 2.1493684483638336 0.992936356198719 0.10599012171364036 0.05339641730678619 9.41196289834449
0.05758907357967131 0.029846361167110758 -0.9978957094979714 -69.85870803756991 -0.10736438307281206 0.9939410922349944 0.023529238014812975 2.1561246278550747 0.9925543104870794 0.10578539262553266 0.060444612005662035 9.465656370453807
0.06734064595988686 0.030268337212424983 -0.9972723372805237 -70.53011951780336 -0.10804673343935937 0.9938826781047967 0.022866808121672865 2.1624724607382055 0.9918663561108361 0.10621407994363317 0.0701991450143653 9.530368460404265
0.08109924993414686 0.030412091621607865 -0.9962433178568222 -71.21041333289472 -0.10961517382881657 0.9937430557556205 0.021409468777932195 2.168112440380506 0.9906636671787316 0.1074684192916892 0.08392553260382393 9.607722257737938
0.09772955517867482 0.030731738904671492 -0.9947400912271845 -71.85086610174932 -0.11098456280925262 0.9936253313323549 0.019790427203004186 2.171276343477946 0.9890096876671236 0.1084687877273989 0.10051736323740137 9.699104588956006
0.11815085481577983 0.03094839256014145 -0.9925149839642441 -72.46493398222437 -0.11188190826650164 0.9935647197780246 0.01765936575940128 2.17102328557351 0.9866770811127858 0.10895990621129009 0.12085329419030759 9.805877361855385
0.14298196527060233 0.030876464742017606 -0.9892450778460761 -73.03464605089516 -0.11091459045950157 0.9937170898432158 0.014982000863386098 2.168649661529476 0.9834952581971995 0.10758159637552284 0.14550871926623868 9.925055689629948
0.17159117112256247 0.030566921301368274 -0.9846955611526939 -73.589161564402 -0.10887287351290316 0.9939849586384557 0.01188068780252656 2.16408839749448 0.979138788784018 0.10517005978246849 0.17388719226977992 10.060862211268699
0.2033573969325415 0.030854114692066177 -0.9786202770765213 -74.12545653335602 -0.1071177604159094 0.9942052569277586 0.009083502311651174 2.16010753476961 0.973232614051492 0.10298235043670205 0.20548393710348611 10.216379344755346
0.23744911218157685 0.031240216875064602 -0.9708994001365523 -74.63905701263334 -0.10560704365062752 0.994389225556063 0.006165053069446307 2.1560276380790993 0.9656468879751687 0.10107147710990995 0.23941618408792525 10.38998356943203
0.27498742857896297 0.031375575230221615 -0.9609376571847295 -75.14899542815076 -0.10440540172896026 0.9945318398065754 0.002591865330748147 2.1500943222608835 0.955766768987216 0.09961589046434026 0.27675993527471 10.587419752459784
0.3161975780494518 0.03181158672200501 -0.9481620342681549 -75.63598819126253 -0.10259314927778394 0.994724208027339 -0.000843220786809248 2.144390768775074 0.9431343749044875 0.0975436314901589 0.3177932039307964 10.80929499918693
0.3584199702540589 0.030862932404324694 -0.9330524865368832 -76.09564561400974 -0.09960559335075941 0.9950140915035731 -0.005353620935778426 2.135452030715214 0.9282362743017467 0.09485825405411304 0.35970711580467885 11.054322819919205
0.4010193869536646 0.02706569342032829 -0.9156719035966422 -76.58465256272147 -0.09351224375009967 0.9955524000692761 -0.011530804828683804 2.1199905052483934 0.9112889020384013 0.09025269982702307 0.40176701081154914 11.35141483534215
0.4444469926472164 0.023313534483494026 -0.8955040783551093 -76.98592018958253 -0.0882244514748706 0.9959417843374316 -0.017862181388551085 2.1045327556323348 0.8914546339884607 0.08694644570257008 0.4447004743478816 11.636677208978552
0.48903386723592007 0.019910922402042903 -0.8720396926010612 -77.35977561630659 -0.08231212059758779 0.9963324742140597 -0.02341499907604383 2.087258333424021 0.8683765910457061 0.08323251866256975 0.4888798533399268 11.936725993366355
0.5318430302466517 0.019005286864784383 -0.8466315481241261 -77.71545272242075 -0.0799061250822393 0.9964142930836022 -0.027832090805933227 2.069314034338291 0.8430684707379174 0.08245537010407772 0.5314555663315013 12.250001620053768
0.5726503860181934 0.01771434154812079 -0.8196099879700668 -78.04192750882204 -0.07624328599204136 0.9965838369646984 -0.031734481724293676 2.0483398644508086 0.8162501714972921 0.08066424487594744 0.5720461996995951 12.57182302795361
0.6111936327682371 0.014112360978535035 -0.7913572295871123 -78.37522921372002 -0.06817900370347481 0.9970628742910855 -0.03488019616803943 2.0251409643407055 0.7885427512055078 0.07527429343433505 0.610362250116281 12.929165754489151
0.6492864026475658 0.009266744558215327 -0.7604893380637532 -78.70242509357185 -0.05852137660043086 0.9975692580863612 -0.037812329581908735 2.002668893217366 0.7582927659383868 0.06905764616353537 0.6482521991651596 13.312673626345289
0.6850935263393199 0.00506991904980683 -0.7284391447721611 -78.9707707916533 -0.053903016794312475 0.9975866071971702 -0.043756415394716294 1.9757961950206087 0.726461376189011 0.06924400492474987 0.6837153079947588 13.666792644236246
0.7200636415304608 0.0026152553871323266 -0.6939050704616886 -79.19093658943989 -0.05412585470897523 0.9971573943803437 -0.052412326372939244 1.941143666456523 0.6917972835081375 0.07530009970869597 0.7181602803935145 13.996988398038104
0.7536188798308876 -0.0015109256451496939 -0.657312159075542 -79.37302884150265 -0.054117442158553554 0.9964591697168266 -0.06434158210758167 1.8955989694975743 0.6550836647770947 0.08406277375932411 0.7508707269730862 14.319012659731206
0.7876428572349036 -0.0029538129807640083 -0.6161273536279103 -79.55728960451962 -0.0540908629623316 0.9957954251214092 -0.07392709042713874 1.850397669839249 0.6137567420302709 0.09155670154769893 0.7841733329091901 14.678247508743006
0.819913056829593 -0.004663071460093711 -0.5724717177200495 -79.74103889249957 -0.049674401923089556 0.9956154521424835 -0.07926041069648852 1.8079933202207157 0.5703326781824916 0.09342578268740659 0.8160884377634735 15.084381744793985
0.8494238358525138 -0.006531302389692797 -0.5276734192203952 -79.9121886534058 -0.044037064644026645 0.9955578799657776 -0.08321689579692057 1.7636554199230134 0.5258742320692675 0.09392560540713109 0.8453650922682433 15.514774320177429
0.8756301600426644 -0.007182796680533928 -0.4829313103388015 -80.07202805473183 -0.03988710780837822 0.9953975591425357 -0.0871326396443703 1.7159121504755763 0.4813356034123357 0.09556059740349772 0.8713162945938823 15.967414653383894
0.8986266772379169 -0.008298039244150193 -0.4386383483453159 -80.23937042318715 -0.034058531448068786 0.9954831714052961 -0.08861375593780771 1.664112022871171 0.43739358602632666 0.09457184123712141 0.8942878048850647 16.483619142122333
0.9181671175116132 -0.00604689156087282 -0.39615008143930924 -80.40140289301469 -0.032322285955946606 0.9954061634616471 -0.09011412353109506 1.6093970762148342 0.3948763499360728 0.0955460241565754 0.9137566086386891 17.01883391440284
0.9346501948535222 -0.004556257685157675 -0.355544062411767 -80.57066101526765 -0.0302931408686537 0.9952608109302934 -0.09239741710301734 1.547675933689016 0.35428102360363817 0.09713164884487223 0.9300851049244236 17.619301166644057
0.9471539951672258 -0.0026809598544743217 -0.32077383786453845 -80.72011801738776 -0.02861509854447629 0.9952711789322375 -0.09282077760175364 1.4889578005155804 0.31950658943484694 0.09709625770295097 0.9426006880279914 18.21504807770554
0.9567666149475688 -0.0034880602425819956 -0.2908424510583626 -80.85338843797425 -0.02440490177547435 0.995438085688511 -0.09223325040105151 1.4324650078119425 0.28983778213887523 0.09534524779927343 0.9523190917066471 18.799942441911966
0.9640867884756346 -0.005244314123155118 -0.2655435784166891 -80.98942245547087 -0.01989167081993918 0.9955697940705466 -0.09189344571632707 1.370504253320192 0.26484929400733376 0.09387706429633058 0.9597135746953674 19.422890499767632
0.9692077905583667 -0.006183252779105622 -0.24617640160435122 -81.12364120160439 -0.01678432245900403 0.9956996093172062 -0.09110313338708691 1.305376809057635 0.24568108465758703 0.09243134010393912 0.9649380466744738 20.073866019505044
0.9733010044404946 -0.005319780535389132 -0.2294826431872691 -81.25857384871367 -0.01573727828040026 0.9958309029661284 -0.08984594463385995 1.2368921799868122 0.22900375469951167 0.09106057642274368 0.9691613155461459 20.76182229296598
0.9766981170158628 -0.0034510308201653695 -0.2146033016701952 -81.39098273891184 -0.01623960087975537 0.9958143563728099 -0.0899372681231666 1.1670205991536455 0.21401509321649945 0.09132852144244306 0.9725559354659724 21.459489323846228
0.979532822730805 -0.002195122856611717 -0.20128680581771108 -81.5239888543338 -0.01630680200174447 0.9957868975476961 -0.09023032208238291 1.0918872671128592 0.20063658803645829 0.09166759844668955 0.9753718105987839 22.197808674096585
0.9820980653839999 -0.00385546462516234 -0.18834845476073805 -81.64110107569391 -0.01348087884515156 0.9957875983967706 -0.09069242464875665 1.0152754884465296 0.18790399766155483 0.09160976313672954 0.9779099140932265 22.916482334617903
0.9846620097597536 -0.004174192315662878 -0.17444130929434007 -81.75146901423491 -0.011947492850797999 0.9957531253843691 -0.09128301410414427 0.9362243773573287 0.17408078299997548 0.0919684640115186 0.9804311674541069 23.64817649023531
0.9871084634170516 -0.004295793481146082 -0.16001728739460752 -81.8553061621328 -0.010480303473854152 0.9957590524954826 -0.09140102325294105 0.8543230436238456 0.15973066302593902 0.09190135867489992 0.9828774670480648 24.421243966691044
0.9892995815088578 -0.0036528761200416717 -0.14587731651701982 -81.95072988096074 -0.009848237876605378 0.995733820307446 -0.09174446612489913 0.7717954052602718 0.1455896221545065 0.0922009398540669 0.9850433272693889 25.19934329251926
0.9911637977216338 -0.0035274909501659467 -0.13262268421095608 -82.03627564043181 -0.009072341008634768 0.9955018586469222 -0.09430584125490159 0.6841837197444178 0.1323584309819324 0.09467744991345114 0.9866736286282979 25.965816573092194
0.9925810977277113 -0.003511158670941471 -0.12155922717694354 -82.11651723420488 -0.008780063128972924 0.9949025004896088 -0.10045522468731605 0.5913320905412006 0.12129177599719738 0.1007788066797685 0.987491322634869 26.737746115724246
0.9937476566233351 -0.0049123605922026005 -0.11157198542053053 -82.18658112242349 -0.007078968105526395 0.9942488217531809 -0.10685716947727887 0.49511654948999145 0.11145478906401411 0.10698042950890622 0.9879981214844265 27.492204378810996
0.9945802485763062 -0.00543384965847192 -0.10386336452017708 -82.2538930494221 -0.0057508280124180765 0.9942292705239576 -0.10711785712644269 0.40394201390160733 0.10384563473654594 0.10713594624002928 0.9888100278220937 28.248621053057704
0.9952159328168871 -0.004905221957877844 -0.09761291078459403 -82.32302645060298 -0.0051372365844283225 0.9947297585289232 -0.10239831048154092 0.32170109512777056 0.097600270586138 0.1024112970825288 0.9899464943066887 29.06367121802604
0.9956281141560708 -0.002615938045939825 -0.09340819956937252 -82.39581576404719 -0.006391601784484989 0.9953566391737938 -0.0960385849319243 0.24422948665381014 0.09322500596081343 0.09621717839233912 0.9909891999319291 29.897228546674715
0.9959374293677048 -0.0022512588007220845 -0.09005826449688929 -82.46386763063704 -0.006147719736087622 0.9956544886558607 -0.092913792209174 0.1614106159323163 0.08987566562277298 0.0930912976382848 0.9915967816202249 30.742317621050358
0.996194758208602 -0.003080596065310754 -0.0871419924813473 -82.52737633843782 -0.005126656244625765 0.9955736368548727 -0.093838561347414 0.07245576114631395 0.08704495403826562 0.09392957477641639 0.9917701169378716 31.57021497556051
0.9963648874087557 -0.0031475627035644185 -0.08517271198154527 -82.59176200294378 -0.004917552117604566 0.9955260803018916 -0.09435264134111176 -0.01751284274570729 0.08508831393876944 0.09442954269686746 0.9918924613857305 32.41052698555725
0.9965021578774862 -0.0036175750349618455 -0.08353077298188774 -82.6565123644253 -0.004168327101859699 0.9956672321231499 -0.09288761599394703 -0.10219993222496977 0.08350462899435757 0.09291184852902612 0.9921704693210298 33.26648993812146
0.9966045462436299 -0.003938138384810281 -0.08228492490924628 -82.72297929094101 -0.0035576220362849046 0.995862204097838 -0.0907952594556005 -0.18521680756939807 0.08230187076149217 0.09078043742860571 0.9924681833341504 34.13390298005701
0.9967577593288524 -0.004666837876370873 -0.0803676747184283 -82.78535970669323 -0.002585258413649622 0.9959426842636644 -0.08994179520708441 -0.26873348513196715 0.08046115265720584 0.08985869110326893 0.9927028777081618 35.000203826645716
0.9968887121600465 -0.004876595687722926 -0.07871563575243692 -82.84192622664285 -0.0025429210276878738 0.9955746264932771 -0.09392880894863864 -0.3593792000825422 0.0788254519772148 0.09383764979534949 0.9924660166601934 35.827385541782846
0.9970475813766447 -0.002631583387150782 -0.07679067880981194 -82.90428348958102 -0.0051247816593060855 0.9949047272330926 -0.10068200231887725 -0.45830507238115464 0.07666479748282752 0.10077919770440928 0.9919550428375575 36.655842569819555
0.9971836103445909 -0.0012066654831822867 -0.07503806434418485 -82.96065940444514 -0.006878941407868012 0.9941855454871041 -0.10745170910405764 -0.5613886963870118 0.07473169815308692 0.10766625346077985 0.9913785962106229 37.464540037594794
0.997249378531517 -0.0001723483739435261 -0.07416963352109679 -83.01514432255796 -0.008183749738302902 0.9936285656470408 -0.11239733451224375 -0.6609812759490588 0.07371639580872894 0.11269598461278033 0.9908954162477802 38.25143629819885
0.997320906166705 0.00035682158985736 -0.07320260575411135 -83.07324912111264 -0.008575805759766662 0.993664199052296 -0.1120504692611717 -0.7571139181383152 0.07269874252556198 0.11237892899793543 0.9910064826364868 39.07125071526073
0.997398999285761 0.002223219077191815 -0.0720982096841365 -83.1325979072121 -0.01015588658791526 0.9938890166621387 -0.10990512062534663 -0.8495880193874189 0.07141306091495564 0.11035229541287733 0.9913278057449413 39.891430764280216
0.9974510655052451 0.004080553462326744 -0.0712893321183413 -83.19036607027986 -0.01172212774840662 0.9941709884289979 -0.10716480537579154 -0.9389723557599731 0.07043633296128578 0.1077283291735843 0.9916861184287113 40.71394037074602
0.9975549374416629 0.0021029412042606974 -0.069905289458372 -83.23913126170108 -0.009562810278803558 0.9942529588336829 -0.10661680116500709 -1.0309985554035914 0.06927919834002705 0.10702565855919324 0.9918433896653469 41.529379826577525
0.9976143646320598 9.887407887133114e-05 -0.06908248552702417 -83.2847770057524 -0.007517972672602838 0.9942059866622391 -0.10721319352791553 -1.118358454899513 0.06867148243935339 0.1074779349395575 0.9918367302719778 42.296797680293984
0.9976503302594525 -0.0004905418201421121 -0.06856713267193591 -83.33202331595271 -0.006892599237025343 0.9941836636540184 -0.1074650962944443 -1.2059896387556681 0.06822098000484741 0.10768605934395098 0.9918451543528984 43.05952357598039
0.9976830446130394 -0.00013462023476268 -0.06809107833127392 -83.38021000674468 -0.007308043147205468 0.9940013524988166 -0.1091090693262886 -1.300570039073112 0.0676970764300735 0.10935536582136111 0.9916981364835061 43.8362388033718
0.9977138396775512 -0.000446688033714856 -0.06763878918212787 -83.42733447255421 -0.007025242576226533 0.9938775231502579 -0.11025064518686231 -1.3960017865303613 0.06727378583573371 0.11047510828195568 0.991602988281315 44.61605357260659
0.9977405815750434 -0.0001229951399955962 -0.06724054678540864 -83.47923713475822 -0.007311771831440928 0.9938611934987677 -0.11037744090218263 -1.4924655406105576 0.06684104620594622 0.11062118181691717 0.9916158143414862 45.42777924270304
0.9977331771589331 0.003398028510987442 -0.06725910196739181 -83.53799315657031 -0.010807184348665748 0.9938521846045387 -0.1101690740844032 -1.5843324611530878 0.06647088251826502 0.11064798056160616 0.9916371489632781 46.23545934805484
0.9977449058082665 0.004121129663344615 -0.06704887039902822 -83.59465106988768 -0.01154338940373138 0.9937789289101984 -0.11075611006852451 -1.6871357566441063 0.06617509059101426 0.11128165289790322 0.9915864284048833 47.090648966003286
0.9977149351436531 0.004796557562475005 -0.06744229983024358 -83.65750667795527 -0.012274428547497853 0.9937454587436269 -0.11097533091495382 -1.788383525088381 0.06648768876629528 0.11155128430096302 0.9915348585197279 47.95149786414118
0.9976670441841914 0.004355936707138362 -0.06817176154814104 -83.71876265137315 -0.011911074429520808 0.9937591707569865 -0.11088957728602329 -1.8885486723697775 0.06726268168473262 0.11144485162528453 0.9914944800728765 48.81685754178464
0.9975383326820966 0.005742511808369569 -0.06993228235298257 -83.78786988956213 -0.013512596133175438 0.9937015371021398 -0.11122182377228719 -1.9902541882902571 0.06885259156592591 0.11189502386216243 0.9913346523077899 49.687432656855066
0.9974467334035797 0.00814161585271786 -0.07098800232527182 -83.85660556949524 -0.016057343544931074 0.9936060609344367 -0.1117344455679237 -2.085186785352294 0.06962379556878837 0.11259115151886707 0.9912014023134946 50.510786145537146
0.9973953036747015 0.008961565040426044 -0.07160852514620018 -83.91964222881792 -0.01733922046816436 0.9929413115514827 -0.11731287436484653 -2.1944991414955903 0.07005115028782856 0.11825122180841868 0.990511996657185 51.35034796385437
0.9973366428076148 0.009975886807566253 -0.0722871268669088 -83.98186231773536 -0.018746621406412884 0.9923804150324149 -0.1217579410912248 -2.302488035592831 0.07052088001085424 0.1227910445968262 0.9899256357945339 52.16013789169879
0.9973003918103913 0.009448541340698042 -0.07285883763615983 -84.04210322194938 -0.018399824649031324 0.9922032115567102 -0.12324891824890251 -2.4084946466891766 0.07112576247401192 0.12425875702235083 0.9896995957274423 52.96674912439666
0.997186929821481 0.009859161929870002 -0.07434070223941328 -84.1103234535106 -0.018936928942971953 0.9922882553112711 -0.1224791524914727 -2.513402506917402 0.07255925464260471 0.12354462258052488 0.9896849236528324 53.80924978511998
0.9971213789901021 0.009295026084028565 -0.0752830864413517 -84.17654711497285 -0.018473307906884073 0.9923286000127409 -0.1222214373591936 -2.6199423479565622 0.07356882152897967 0.12326267772975653 0.9896454294189934 54.655982160494425
0.9970248171786592 0.009605478866887803 -0.07651248001213029 -84.24311432303391 -0.018843177808119067 0.9924697345202429 -0.12100942254344621 -2.7231877142746854 0.07477332239427782 0.12209337187077722 0.9896999716629046 55.501295489613284
0.9969375509068407 0.010321142093518141 -0.07755050616697892 -84.31346065777456 -0.019450935571640775 0.9928229955213249 -0.11797795776909184 -2.8259111246826354 0.07577574580681395 0.11912736315951183 0.9899852673643433 56.37483680083182
0.9968627247725358 0.010839326188165056 -0.07843154400967532 -84.38658861301765 -0.019781570435592657 0.9932554223437188 -0.11422101537155943 -2.9302471953046147 0.07666427482333225 0.11541594828256939 0.9903560355286677 57.284161405483125
0.9968833650850758 0.011521966741624529 -0.07807409853146835 -84.45795857086642 -0.020321835907090403 0.993390315902295 -0.11294529351215978 -3.0370010206501328 0.07625644909523366 0.114181668899698 0.9905306966675306 58.19699543296236
0.9970031793334406 0.01413833843282651 -0.07608912556221804 -84.53117921047301 -0.022745328396734977 0.9932696254785075 -0.11354285625549096 -3.1486204352235756 0.07397144103047668 0.11493492535538341 0.9906165453644826 59.13080746362735
0.9971206248239681 0.015165730312583859 -0.07433840151223917 -84.59353838385348 -0.02364376703736732 0.9931270666909944 -0.11460400359975918 -3.2627867427152064 0.07208960861774483 0.11603283287581201 0.9906277023124402 60.035971064014646
0.9972395768407039 0.013563841089259515 -0.07303979594537478 -84.64964669537687 -0.022056172732920022 0.9929042411240773 -0.11682773264111321 -3.376389184967402 0.07093701007271713 0.11811748406698369 0.9904644583722887 60.91501214188384
0.9973899528053407 0.010856691957160661 -0.07142362214846797 -84.7068980244539 -0.019285883737373454 0.9927662193755948 -0.11848170884316146 -3.4956402375636 0.06962073099320008 0.11955113457709393 0.9903860777470632 61.838097475558136
0.997527765731993 0.01099677132375057 -0.06944979847050896 -84.76678235038217 -0.019206798698226796 0.9927344084426714 -0.11875795252796671 -3.616998390515737 0.06763922559794275 0.11979959419617726 0.9904932679579844 62.77828272875863
0.9975832291483748 0.011084016287046205 -0.0686347306305353 -84.82916034558357 -0.01909367960588888 0.9929162744703061 -0.11724698320154849 -3.7357145754045833 0.06684899166412067 0.11827554960229725 0.9907299567919583 63.743472967980665
0.9976443103681542 0.011117464574054945 -0.06774305468370036 -84.8915947346485 -0.01893122644421929 0.9930785692468326 -0.11589361041292433 -3.855731455558211 0.06598568075062422 0.11690439108000046 0.990950571314511 64.72653911006294
0.9977037099745849 0.01173979682771035 -0.06675751510815814 -84.95221820332242 -0.019451341938715786 0.9930392281516227 -0.11614384378045023 -3.9742479968157984 0.06492932271856948 0.11717688483451731 0.9909880161820029 65.676889800756
0.9977653526538652 0.013577846371592381 -0.06547460814921557 -85.0114277373559 -0.021379326877086536 0.9925349848323672 -0.12004885104381394 -4.100694765112476 0.06335574054404607 0.12118124817628786 0.9906082226098526 66.62797904365863
0.9978026939005008 0.016003917971101646 -0.0643512054547456 -85.07272787393173 -0.024024085079393687 0.9917438914058979 -0.12594151985987836 -4.23211098937968 0.061804420900434816 0.12721149997077869 0.9899501781616612 67.55947693394532
0.9978347287282457 0.01813918934594824 -0.06326717272565681 -85.1292792473698 -0.02635833669144443 0.9909377434025917 -0.1316860810864002 -4.361369680145485 0.0603044636956362 0.1330694206465491 0.9892713880405116 68.43903891652171
0.997820895433067 0.02201732925828478 -0.062249177556435296 -85.19219153004379 -0.030399364962609494 0.9900766082163688 -0.1371774967735001 -4.493057894935173 0.05861057944713559 0.1387718229743672 0.9885894699504577 69.322722294242
0.9978657989118177 0.022725436032083185 -0.061267328423575775 -85.24202039149999 -0.031016011577779848 0.9899361054566048 -0.1380518881646104 -4.615849708053253 0.0575130223584442 0.139658074226704 0.9885292369176059 70.1652067672949
0.9979065673380341 0.02091585587386597 -0.061249339401042574 -85.29307551686296 -0.02896284196153981 0.990597907065437 -0.1336836334631032 -4.731657877442682 0.05787684118185479 0.1351785818200402 0.9891306328378079 71.0356462176257
0.9977946338034206 0.021623097158277687 -0.06280371018896751 -85.35473652677294 -0.029503100924148807 0.9913996173966039 -0.12747777680866876 -4.850868031403829 0.05950649165446235 0.1290503659028306 0.9898518605724259 71.97910916334637
0.9976701930822266 0.02184107538055482 -0.06467866352515682 -85.41939388469576 -0.029643525852651276 0.9920438017347699 -0.12233204151473688 -4.968889574169925 0.061491373856893086 0.12396522486651365 0.9903806678138971 72.93677514607211
0.9975950303383748 0.020867952070582705 -0.0661420745805082 -85.48036278234356 -0.029056688191219683 0.991671499197484 -0.1254518273742818 -5.090190697610531 0.06297245730525394 0.1270727928851858 0.9898938404398724 73.833543315649
0.9975913508144119 0.01635075088112315 -0.06745585720071728 -85.53871720348724 -0.025035682721473773 0.9911865058834187 -0.13006439756976226 -5.216769816674521 0.06473403621057361 0.13144081634209825 0.9892095073553606 74.7424258837984
0.9975048063134216 0.01616568210257025 -0.06876260720155111 -85.60404325174471 -0.02513357736017228 0.9909672305028074 -0.13170458903495277 -5.341668178070871 0.06601143807796289 0.13310560538300373 0.9889020886569017 75.63415417992628
0.9973967275810405 0.01819377399546528 -0.0698188069618182 -85.67477868658828 -0.027459401089756866 0.9905683602607143 -0.13421701875208591 -5.46982109766646 0.06671733486265698 0.13578600603435953 0.9884904755393236 76.52706865261554
0.9972570745935843 0.02007696928089376 -0.0712890565278289 -85.74497033401258 -0.029822035633292273 0.9899157293649 -0.13846109562832964 -5.59788795826987 0.06778958068734382 0.1402083341806935 0.9878001138078852 77.38883488984479
0.9970328345904956 0.02091676807536729 -0.07412247350530339 -85.81523007864092 -0.0313447403505004 0.9892914184495701 -0.14252315321707618 -5.727521515387245 0.07034626010822803 0.14442459059043095 0.9870126650321658 78.237474232067
0.9968550459293057 0.022671561664382205 -0.07597990819021462 -85.88740274818694 -0.03368486803130625 0.9885535204671091 -0.14703886682229073 -5.858473250667365 0.07177571481143251 0.14913677096626576 0.9862092744644333 79.06978524757828
0.996576387382413 0.026288750021241834 -0.07843200142570689 -85.967607492687 -0.03765195647327738 0.9883873016374174 -0.1471941055100147 -5.984514030547606 0.0736508589956455 0.14964404500281214 0.9859943178201692 79.91213600369883
0.996209745046789 0.03012322241659457 -0.08164355057883385 -86.05150338546511 -0.04185785868536025 0.9883745238701741 -0.14613886679666385 -6.110974509785378 0.07629146000521056 0.14900316738576075 0.9858902853242623 80.77941396983779
0.9957299728334154 0.03424857137158753 -0.08576506992011983 -86.14036229713042 -0.046277530714305674 0.9887058888282412 -0.14252050487047305 -6.230120774562256 0.07991461081931367 0.1458816443015075 0.9860699223304187 81.64325470886249
0.9952908311038441 0.03636907317691189 -0.08988756736455063 -86.2318347212245 -0.04869701121090515 0.989080763758046 -0.13907012891422404 -6.349338940580229 0.08384772359428902 0.14279331201021866 0.9861952003775246 82.52059874953287
0.9947937218033952 0.03741154041548226 -0.09482990900083257 -86.32391403569812 -0.05018938351909548 0.9894025722528781 -0.1362207822004889 -6.466749447519782 0.08872807549415185 0.1402720313770182 0.9861301056615648 83.38422518543567
0.9941655436278037 0.037873117977123574 -0.10103278932879155 -86.41793532483078 -0.05146076304702025 0.9894331763613232 -0.1355226012902989 -6.581978622785173 0.09483203692366021 0.1399322228308252 0.9856101853302075 84.22075411838843
0.9935657129177574 0.03785197918372818 -0.10677914005273502 -86.5178171811807 -0.05192950182824857 0.9898379513319712 -0.13235349971206564 -6.6937433042752685 0.1006835936168643 0.13704812755847495 0.9854351391427149 85.07673754165646
0.9928344372969962 0.03934218383984312 -0.11286988871658551 -86.62591444456251 -0.054256272614460456 0.9897184482865813 -0.13231437358799544 -6.808268896665337 0.10650315168509492 0.1374914560656903 0.984761556480337 85.9189335902402
0.9919835906868804 0.04416803859607576 -0.11842975183592033 -86.74150531128113 -0.059837131441611555 0.9894060214067879 -0.13224546914429033 -6.91814058393013 0.11133342168308315 0.13827302906892835 0.9841181998961002 86.73998959558082
0.9912278699290523 0.04597032826565886 -0.12394305614799633 -86.85248068968771 -0.06289871920955876 0.988655331467025 -0.13637468376876102 -7.032409271528674 0.11626704413896605 0.14297546010877282 0.9828748295327594 87.52708816877933
0.9904074824507478 0.04571681342373303 -0.13042667617304027 -86.96536483642262 -0.06396304715567401 0.9881683085409564 -0.1393754666138439 -7.152029106129135 0.122510998471501 0.1463821928413094 0.9816140702691619 88.3340387794184
0.989595699120636 0.04661830308530748 -0.13614367731822288 -87.08836603991358 -0.06578655531384087 0.98797143637454 -0.13992040075531684 -7.2735819537384145 0.12798229566124775 0.1474223735969593 0.9807598476996158 89.16040771864839
0.988846402008207 0.04795549355551945 -0.14103258434248528 -87.22390517578565 -0.06733796260369147 0.9884026677959075 -0.13608417224050254 -7.390176634554565 0.13287042538432103 0.14406427294687063 0.9806085784596286 90.0293701928131
0.9879617633641465 0.048747750178789816 -0.14684301564588167 -87.36729607446631 -0.06849752758678944 0.9887920803692797 -0.13263341908027582 -7.507845814145189 0.13873082669554435 0.14109614919786911 0.9802287119743897 90.91792544596981
0.9869709415991433 0.04864928945199112 -0.15339257738528114 -87.50720522473856 -0.06905758513058528 0.989010972476829 -0.13069675384673513 -7.61852805544963 0.14534786547539202 0.1395877103158985 0.9794854806958566 91.75853260393258
0.9859569698702655 0.04649683605755346 -0.16041961134551477 -87.64609216602186 -0.0685184744232969 0.9885203073058867 -0.13463409776001814 -7.736631887556868 0.15231699694655793 0.14373619888467912 0.9778250805137436 92.56869271732948
0.9848527353490253 0.04580672424845847 -0.16725667197810418 -87.79335534260728 -0.06993478039726767 0.9874784879744591 -0.14138164633638803 -7.865788428867273 0.158685089663964 0.15093826424822693 0.9757248677462208 93.37056517486928
0.9834557764586599 0.04310661123631703 -0.17596882643692863 -87.93448744494025 -0.06880537845315547 0.9873691423697422 -0.14269351692488233 -7.977991020481627 0.16759433424803039 0.15244140204718098 0.974000147293766 94.10737202003871
0.9815858563303825 0.04308350183381419 -0.18612119086716158 -88.09511175936201 -0.06994074431629062 0.9876367262671202 -0.14026663207440998 -8.086385515260295 0.17777618313721805 0.15070224587771566 0.9724641319868615 94.87736455692428
0.9795278614300608 0.04370348708883796 -0.19652725273074853 -88.27700124047826 -0.07136740871138676 0.9881323221701315 -0.1359923442885629 -8.194549285175167 0.18825067095841902 0.14723512600952127 0.971023101308644 95.69358412205092
0.9771180294835794 0.04636981290942891 -0.207600621323872 -88.47792730275751 -0.07473649402964161 0.9885602645706975 -0.130981452262155 -8.298864152739686 0.19915105009069867 0.1435004380321497 0.9694067825619749 96.52529626246049
0.9747168195578411 0.04810150978096866 -0.21822104159905126 -88.67766252063834 -0.07747793277295603 0.9887200780983438 -0.12814958925611009 -8.40164390406651 0.20959422654140536 0.1418179549748284 0.9674500050167325 97.32603397826954
0.9722489916178146 0.052304415330427394 -0.2280420158705864 -88.88349289773386 -0.08423294719486224 0.9875758285953943 -0.13263223095963445 -8.51032785160696 0.21827036851144013 0.14816122046753566 0.964576622129121 98.08539891058588
0.97001444180323 0.05237989325897742 -0.23734984626599798 -89.07938699456108 -0.08784741681072081 0.9860379943887931 -0.14143508296917495 -8.631957166879976 0.22662639008476543 0.1580456954238889 0.9610738718274346 98.80180608630603
0.9675061998470514 0.05155312718726027 -0.24754819231131098 -89.27145994469053 -0.08972239396594109 0.985277556631973 -0.14549795755911268 -8.746926872409322 0.23640121641706793 0.16298185805747817 0.9578888493210282 99.48555605719942
0.9645191216746848 0.05125230413228553 -0.2590020314674485 -89.48284839751321 -0.09029025058624922 0.9858544086647139 -0.14117385435874935 -8.851279589509192 0.24810145844676537 0.1595513020958611 0.9555041657563209 100.21648680000136
0.9618664051925304 0.05280181620314749 -0.2683865204531399 -89.72793969522154 -0.0919514253738603 0.9864996999971003 -0.1354803112561874 -8.960643228603251 0.2576081312886117 0.1549934989135819 0.9537372522930185 101.02566768051832
0.9585834109188348 0.05340224317191855 -0.27977062225364113 -89.97515777622466 -0.09322805366677693 0.9869773614808067 -0.13105417568675876 -9.065113581682853 0.269127690241045 0.15170987706298858 0.951079755929471 101.81476066116299
0.9552513156645832 0.05157436989015421 -0.2912747468681504 -90.22044155326148 -0.09356475729023182 0.9868008560536508 -0.13214034566836974 -9.176181168787979 0.28061434680717584 0.15348110843120527 0.9474692325534197 102.56353599670807
0.9522286332535752 0.051005701477867094 -0.30110596627810277 -90.46945858144345 -0.09581929032200924 0.9860590195280505 -0.13600599783006947 -9.29246951279103 0.2899705125936014 0.15836145639026336 0.9438419205338326 103.29677033521412
0.9501178009923515 0.04883671762191467 -0.30805337411638284 -90.70832438900017 -0.09663945641227323 0.9851482804800188 -0.14189868519269122 -9.41202549123282 0.2965476803134679 0.16459162927330018 0.9407275664628465 103.99818111156283
0.9480745208511114 0.04628273089777665 -0.31467200224373 -90.9448000288049 -0.09687075538357219 0.9843631814559415 -0.1470948125791788 -9.530884615539685 0.30294279015689507 0.1699402801935403 0.937733938562334 104.68449968987073
0.9454991335167771 0.04554890718593463 -0.32243207973178417 -91.1969292226869 -0.09800390527909682 0.9840569866570258 -0.14838733626445255 -9.648927649632846 0.3105319413566366 0.17190076213030556 0.9348897617424579 105.39765392260603
0.9430335262653238 0.04962026979135819 -0.3289857868542966 -91.47080476194193 -0.10326674961375025 0.9836268890886216 -0.14766931435149208 -9.763085571810219 0.31627112847700445 0.17323152472641642 0.9327177030075946 106.1238576366351
0.9402502960598901 0.04948427279130861 -0.3368769864957366 -91.74393486168545 -0.1037522000705735 0.9839636474817761 -0.14506037661660368 -9.872484736741884 0.3242960283838332 0.17134591558613368 0.9303070362506003 106.85130430259368
0.9380423132740764 0.049907336834160265 -0.34291646297776635 -92.03389764073435 -0.10338207583326285 0.9848084058891595 -0.13948768657194105 -9.976217179420805 0.3307446312970572 0.1662978246732161 0.9289520508892409 107.5966523078527
0.9361166595132301 0.05136109342174608 -0.3479279899228884 -92.3374862992275 -0.10345402838796942 0.9857184537395625 -0.13285024891451405 -10.078312586003427 0.33613469994886025 0.16035899225029313 0.9280613455258366 108.36507114738856
0.9335489320920816 0.059542628899649036 -0.3534787655038222 -92.64488466769073 -0.1110480220745692 0.985628601808073 -0.12726788584043316 -10.172042415402503 0.3408200451381548 0.158065481315521 0.9267449498135475 109.11281894977216
0.931203939328649 0.06684354242862198 -0.3583258204396047 -92.95711744248514 -0.12033683912001396 0.9842956071901153 -0.12912551785601287 -10.274799097520168 0.3440664833445555 0.16336360518363058 0.9246241220610698 109.8561980458083
0.9297276464659973 0.06456538567105685 -0.3625524343728367 -93.24767826196054 -0.12138509767513522 0.9832131004951055 -0.13619640448514916 -10.396244531441239 0.3476717790417817 0.17063567314272798 0.9219578330753523 110.58097800106471
0.9287892614953848 0.05774953724209096 -0.36608902399475285 -93.52632004466352 -0.117478952438239 0.9827147658346262 -0.1430436668753618 -10.519577643296667 0.3514992073105548 0.17586729570495002 0.9195196501729648 111.28732906126399
0.9273515250233009 0.058305774548341585 -0.3696286103676355 -93.82480442106902 -0.1186768999027094 0.9826121715995441 -0.1427599640558937 -10.63532903201378 0.3548767637476458 0.17625692919610747 0.9181468057954768 112.01240836050965
0.9251510807647307 0.0633862007365513 -0.3742773475089877 -94.14168384520123 -0.12335527291615202 0.9826442434520644 -0.13851005009899198 -10.74148324967254 0.35900075265438874 0.17431345074436722 0.9169137490089615 112.7514417464082
0.9230298837164856 0.06560888834790111 -0.3791014120892012 -94.46612332368291 -0.12519412510077438 0.9829384110939194 -0.13472222918122156 -10.849927181353594 0.36379301328150343 0.17181549406306845 0.9154955647904398 113.50851391629953
0.9212100931372968 0.06207765978575797 -0.3840895673481341 -94.77539696795262 -0.12314238598230498 0.9829533061031627 -0.13649272435634435 -10.963464769605197 0.3690674893383092 0.1730380191941842 0.9131512524691918 114.23774983955268
0.9198837259791466 0.060662884707779946 -0.3874794154441148 -95.0862950938215 -0.12486357665084233 0.9818504018825471 -0.14272444135884216 -11.087400967439097 0.37178734013992804 0.1796740043537337 0.9107632670898621 114.94970077605723
0.9185817696207884 0.058565021793769316 -0.39087604444176344 -95.39047760436605 -0.12595563663189818 0.9807680809901939 -0.14906623048961234 -11.21481074154866 0.37462710148070444 0.18616479545665748 0.908292580704114 115.6437275650047
0.9167573197374268 0.05936586586475952 -0.3950160420596005 -95.70310229426974 -0.12792481792007884 0.9804387598140053 -0.14955382998880196 -11.334764464827549 0.3784087323259959 0.18763889934556105 0.9064190235356003 116.3417143989061
0.914924912532872 0.061982319904242376 -0.3988431222608795 -96.03547099260733 -0.12995535921758733 0.9807506214012236 -0.1457090802065622 -11.448861726574016 0.38213284402038666 0.18514635039300364 0.905368216919163 117.07258937746515
0.9131089890789794 0.06375003254414557 -0.40270830681193304 -96.37081676325619 -0.1315962379661351 0.9809139536663072 -0.14311344359256276 -11.563300805392496 0.38589726582435235 0.18367458959516475 0.9040704730484667 117.80419105050626
0.9112200673514257 0.06473014527818942 -0.40680864551221335 -96.70833042618746 -0.13304638924560439 0.9808872811032883 -0.14194956880104248 -11.67753248133145 0.38984335047001756 0.183473310786852 0.9024162885843622 118.530569226247
0.9092928045629444 0.06382102602861939 -0.4112403658945937 -97.04520683600687 -0.13311088903558013 0.9808549485121316 -0.1421120121953064 -11.794880887952253 0.39429594631865267 0.18396331535430538 0.9003800024683877 119.2567408243244
0.9075388671165713 0.06285944747238384 -0.4152431952150256 -97.3746734258719 -0.1329422589684159 0.9808823031286718 -0.14207820088345843 -11.908352067982797 0.39837252164506287 0.18414649875978348 0.89854598643692 119.95941390479742
0.9057378221309978 0.06322238628965127 -0.4191034855997955 -97.70812975756989 -0.13371184579977244 0.9809331985636768 -0.14100375994123823 -12.01931009918983 0.4021970870699591 0.18375280516394232 0.896921870845959 120.66260189128958
0.9037081535666684 0.06455621604071908 -0.4232602840872304 -98.04642832028775 -0.13553872894294333 0.9808548732117014 -0.13979933351993018 -12.126521695200783 0.4061307872922988 0.18370750551785628 0.8951565386449245 121.35715457210372
0.9018520982666928 0.0652799504916671 -0.4270910130918483 -98.38748251101961 -0.1368357327780067 0.9807823840742322 -0.13904421327344046 -12.234782083844896 0.4098053033812742 0.1838402363898216 0.8934532053989347 122.05274350293107
0.9002289219843288 0.0632517202287414 -0.4308043265613088 -98.71726424547929 -0.13745390772329608 0.9800765930596639 -0.14334322310634934 -12.348061324079296 0.4131530548916955 0.1882590317755483 0.8909872592066452 122.7229172693707
0.8987494528098692 0.06092923365545745 -0.43421463550409006 -99.05310873670531 -0.1380041192446311 0.9792704194542147 -0.14824260942087308 -12.467628896482903 0.41617975806275853 0.19315808418532054 0.8885268496207905 123.39927327633309
0.8970356013447017 0.059418276368302325 -0.4379522109108275 -99.37689154602629 -0.1385300544444869 0.9787809064801807 -0.15095940460194993 -12.581280976065912 0.41968807937216485 0.19608710918530906 0.8862321224301527 124.0435851784708
0.8950229878973912 0.061315972725508726 -0.4417913558647306 -99.73138005647365 -0.13960055917662173 0.9792439670425541 -0.14691685484361314 -12.692157865575794 0.42361168810363736 0.19316967778353986 0.8850052550269327 124.73707757312931
0.8931271398284537 0.06487869039513053 -0.4451074038422219 -100.10143289706492 -0.14058593006652428 0.9802268437212931 -0.13922399044400371 -12.795992923201931 0.42727198187156157 0.18692235791994216 0.8845877898702151 125.44976099988371
0.8916266618014264 0.06613645403913465 -0.44792197793764965 -100.46633156846188 -0.13856742310258774 0.9816602501514987 -0.13089603007400613 -12.892820443933873 0.4310488598854201 0.17877916194689644 0.8844387707227073 126.15741358317688
0.8903628561445659 0.06581083769365605 -0.45047670133631157 -100.81863730543202 -0.13652842392747175 0.9825456278624081 -0.12631530017206039 -12.98569114547611 0.43429970574851606 0.17397067181676357 0.8838071272921689 126.83539551989834
0.8892546343676831 0.06188023335917894 -0.45321479524505226 -101.1637153593263 -0.1330529662215538 0.9829517134248539 -0.12686410353843547 -13.083541987069045 0.437636537385546 0.17311737062429317 0.8823273687834766 127.49950455723032
0.8880682373839248 0.05981463013571308 -0.45581098409030185 -101.48570485880849 -0.13307833340503047 0.982490837366069 -0.1303592004120678 -13.18041659034773 0.4400313233925145 0.17642777316227246 0.8804785931104158 128.10851976074102
0.8869124135667615 0.05793249008798582 -0.45829775605127737 -101.80565408457201 -0.13300934751477034 0.9821101760297439 -0.1332658685356356 -13.278602699671541 0.4423771162195893 0.17915427400628428 0.8787510122562366 128.7140019545352
0.8856571949704705 0.05656231705846813 -0.46088891466475246 -102.11693899342484 -0.13259588042669065 0.9820267002206347 -0.13429018678613278 -13.371822101979115 0.4450080003880929 0.1800482730143602 0.8772386142607566 129.29813480183446
0.8847603959390965 0.05556476854516501 -0.46272874752678667 -102.42205004533845 -0.13206157989035758 0.9820571457184237 -0.13459174802588902 -13.46162451122652 0.4469461088836179 0.1801916003464106 0.8762231219859703 129.8671006316472
0.8832464256348789 0.056110744260014084 -0.4655474404681421 -102.73099062205634 -0.13276218358298914 0.9821096005765202 -0.13351794405093048 -13.547214021944292 0.44972566286428683 0.17973736664228177 0.8748935590830785 130.4321448692472
0.8820156695549132 0.056464696663320865 -0.4678325142494603 -103.02204289181124 -0.13295257663274618 0.9822739122387185 -0.13211215688542047 -13.627789587195783 0.45207890789399363 0.17872572924634927 0.8738874113244768 130.9687560692584
0.8807380840954352 0.05554458196183805 -0.4703424370150795 -103.30997490839722 -0.1321359615402381 0.9824774495352513 -0.1314147347181413 -13.707419944650422 0.45480057161670956 0.17789241272076087 0.8726440681930496 131.49490674048832
0.8794400932677887 0.054551454780506894 -0.47288033606178226 -103.58021978936945 -0.131366855297548 0.9826405673958788 -0.13096185724688703 -13.781988294721232 0.4575264744429301 0.17729555919914916 0.8713395446330231 131.98324407386372
0.8782828383337978 0.05400453633739448 -0.4750891843666741 -103.84404803855863 -0.1315354759052348 0.9825482188905929 -0.1314862329484198 -13.857005522681916 0.4596967341802507 0.17797431935379018 0.8700584352536485 132.45504786672615
0.8772795163252145 0.05352800600419939 -0.47699254031953964 -104.10257795553028 -0.13366002753156436 0.9816920097387458 -0.13566971236140354 -13.933835905759768 0.460997272317999 0.18277620456580268 0.8683726625548475 132.9084962412968
0.8760678546805447 0.05125735609243263 -0.4794628258560243 -104.33686102191804 -0.13399270445229064 0.9810443732476463 -0.139958829426998 -14.00756202883398 0.46319986437070537 0.18685898004042498 0.8663293201318152 133.32003075368186
0.8738728868086489 0.046756194517821356 -0.483907829520301 -104.57117704465367 -0.13098024154488097 0.98119603824655 -0.14173593821573627 -14.078418916141041 0.4681810236525523 0.1872424510033388 0.8635644489661708 133.7290112841025
0.871550684455604 0.041852292630739515 -0.48852354873709114 -104.79950445568758 -0.12614059500812064 0.9819470733264217 -0.14092421688777412 -14.141746918380077 0.4738056617103867 0.1844459303787655 0.861095154514462 134.12015394691366
0.8683967074399593 0.0422796070778468 -0.4940718835341965 -105.03506031046528 -0.12701229995730298 0.9820794014242172 -0.1392078750614673 -14.20109650835329 0.47933163647862187 0.1836415786081961 0.8582038522549137 134.49966963049042
0.8652718081637326 0.04493049501617445 -0.4992932831394495 -105.27556976173501 -0.13038389166636147 0.9818636254404067 -0.13760551085405343 -14.257816800713002 0.4840545859661033 0.18416643609069971 0.8554369153628115 134.87413004470514
0.8621660914566316 0.04902524085160321 -0.504256046475627 -105.50855946873222 -0.1341928582958498 0.9818506916653099 -0.13398879718830345 -14.306713875509526 0.48853458880388334 0.18318859390672712 0.8530969579848656 135.22984608185087
0.8591343536169405 0.05197577136513842 -0.509111511229386 -105.73996580928933 -0.13594729582484505 0.9822588575729101 -0.12914067842356797 -14.350551469069213 0.4933662939274506 0.1801618710533367 0.8509581073381323 135.58177923740777
0.8553509120044145 0.05276801716537144 -0.5153623696986592 -105.96141045149881 -0.13637809021348712 0.9826400028182157 -0.1257422223312573 -14.395900460923421 0.4997797228718933 0.1778383993409898 0.8476981253477571 135.9150109100313
0.8517702629411446 0.04873109101739668 -0.5216519059473554 -106.16339114493475 -0.13230726724922584 0.9833953542522821 -0.12417660869535008 -14.440110756713253 0.5069380309275743 0.1747886982161152 0.8440740899471442 136.21322351231203
0.846562756523009 0.046707881646984514 -0.5302432392948487 -106.36686350027112 -0.1308879223130164 0.9838185877605987 -0.12231444439126701 -14.482782833212655 0.5159493044800506 0.17294968459244434 0.8389772902205967 136.49738010747294
0.8397073435692046 0.045448461332837815 -0.5411415688182677 -106.56523098068084 -0.13048589599984792 0.9841779245325362 -0.11982874156391075 -14.521630859809921 0.5271328688520214 0.17123259293861046 0.8323514304622825 136.76005637435978
0.8315170751973399 0.04573087390834026 -0.5536208685121193 -106.77327013637743 -0.13232516306483716 0.984218416598322 -0.11745425624652424 -14.559801520182647 0.5395119492762318 0.1709235148263237 0.8244453453877318 137.01979353755686
0.8216602705389134 0.046866825967236236 -0.5680545347886152 -106.9679347815412 -0.13609965678133215 0.9839127433216193 -0.1156901570799735 -14.593566422705518 0.5534932234370744 0.172370703733796 0.8148201788664212 137.24180497828863
0.8102761036792087 0.04563184059577732 -0.5842759125903656 -107.14673462629618 -0.13877113583228598 0.9835453210267481 -0.11563993444601668 -14.628451600836533 0.5693838992723277 0.17478164773581872 0.8032753475414235 137.43446770800713
0.7985630516595037 0.04344327062023985 -0.6003481310853133 -107.30739230550972 -0.14202931915717235 0.9828224759343568 -0.11780838135274051 -14.662533617690892 0.5849169062789358 0.1793449807915956 0.7910158755478345 137.59072809113
0.7867068778292828 0.04056854514430163 -0.6159990419105255 -107.44821147876935 -0.14447179433510082 0.9822226410443554 -0.11982728423516856 -14.693115245151754 0.6001863521941861 0.18326363483443978 0.7785824704343207 137.71793585131317
0.7747677749531303 0.04070069589040381 -0.630941282874246 -107.59848369892087 -0.15006664841550452 0.9812417422930962 -0.12098328175768795 -14.71977435187724 0.614181206692267 0.18841751663364073 0.7663427419025163 137.8430101276938
0.7619455575693108 0.044095448953055394 -0.6461447675106168 -107.77950518482136 -0.15865188219848092 0.979985481928922 -0.12021272451802381 -14.742718989743423 0.6279105907803215 0.19410806934137706 0.753691977461822 137.9892575807039
0.7477107019411905 0.045199100332486315 -0.6624908887737714 -107.95206984960619 -0.1631195062647292 0.9796080385954629 -0.11727305886349303 -14.763567408073166 0.6436797403151359 0.19575192131868432 0.7398366924440205 138.12678230951778
0.7317772010313066 0.04460926721640782 -0.6800886652561353 -108.14287166693502 -0.16457587909744845 0.9798879639434938 -0.11281523449056027 -14.78722805384781 0.6613769281880183 0.19448207280091212 0.7244016847927398 138.2836772267921
0.7147574185720231 0.044413382870964066 -0.697966842084724 -108.33675537798842 -0.1663702830536242 0.9801263928926379 -0.108009935049465 -14.808198296739874 0.679297315609681 0.1933219993344653 0.7079420611886623 138.4312518472407
0.6960648325611635 0.04542121746036101 -0.7165465966515214 -108.54000385346012 -0.169737109845633 0.9801133272159509 -0.10276227654062306 -14.824517360274513 0.6976277912812898 0.19315394836105293 0.6899325165901605 138.5674585548759
0.6759820422959242 0.04823489948513825 -0.7353432339246398 -108.75308639360398 -0.1755652992631745 0.9796600883290774 -0.09713690244380736 -14.834737419481403 0.7156997902586189 0.19476383268183678 0.6707014567306586 138.68944446852993
0.6551327649432027 0.05099658547206015 -0.7537960900174396 -108.97099568798667 -0.18055326638358557 0.9793734867195173 -0.0906685110249984 -14.843025113828773 0.7336227933824266 0.19550043078858292 0.6508278473543511 138.80853885855174
0.6336922599818213 0.05269008737684881 -0.7717932061656712 -109.20153442089673 -0.18487299671351068 0.9790793280205691 -0.08495619598955602 -14.852769910020726 0.7511693735868913 0.19652013824206196 0.6301760883017006 138.93120393737678
0.6119626892777258 0.05437413336606811 -0.7890198561389857 -109.43766052938095 -0.19005178466019818 0.9785072009373439 -0.07997665683116095 -14.86100691201842 0.7677118396067842 0.1988978276937347 0.6091440308290648 139.0468888443376
0.5890911110080819 0.056953991148006845 -0.8060616675172496 -109.6703641003807 -0.19600926024061316 0.9777894198497284 -0.07416628579825359 -14.864411048252034 0.7839334477689921 0.20168670736196576 0.5871711792751858 139.14727832982035
0.5652442461371013 0.05821859622146481 -0.8228714355745328 -109.93316201154997 -0.20007133935171884 0.9773952389925135 -0.06828615960791148 -14.8675080901062 0.8002938818451993 0.20323178858271682 0.5641157636969596 139.2556266773404
0.5398887242528753 0.05767435839493861 -0.8397629201567658 -110.17351176600043 -0.2024074536556027 0.9772681894140155 -0.06301581487401062 -14.875902542726918 0.81703850895806 0.20399635652623382 0.5392903639955766 139.34705419428127
0.5130417004280522 0.055363625138749914 -0.85658118816433 -110.42757749902584 -0.20546180045148843 0.9768251524728402 -0.05992874506156564 -14.89006358954325 0.8334120316363427 0.2067416596546552 0.5125275479356577 139.4346440031063
0.4835947083366345 0.052634859977405565 -0.8737125816017085 -110.69841148985837 -0.20868259445304155 0.9763356206514183 -0.056691974763132924 -14.905879376266636 0.8500522932389389 0.20974556069826011 0.48313509821074196 139.51871874680057
0.4496210383322893 0.05155774380457777 -0.8917348070093758 -111.00066781500769 -0.21248430095469867 0.9758440450430647 -0.05072037486425381 -14.915940680671259 0.8675788638082946 0.21228561004618285 0.4497153676693219 139.5986685699849
0.41332751195212686 0.051620744819811076 -0.909122912349932 -111.33001690858019 -0.21671872853597712 0.9752768990495787 -0.04315757404993263 -14.921841426686335 0.8844177528092674 0.21486338661154938 0.41429579558255275 139.67359656634548
0.37474216549263917 0.051195623498039945 -0.9257190540502911 -111.67655476527149 -0.220455703749546 0.974753770773974 -0.035340156276415506 -14.926170192790014 0.9005376804299564 0.21732451839045075 0.3765679736118116 139.73911710429817
0.33315292872471647 0.049957180232857515 -0.9415528460735448 -112.0402090253243 -0.22389487108591363 0.974221264468512 -0.027535219154227217 -14.927876688874926 0.9159042171265924 0.21998329563758626 0.33575022687470496 139.78899618600977
0.2895601189546031 0.0491588350407764 -0.9559009368415954 -112.4256761672551 -0.22722241308939672 0.9736590624519496 -0.018761758301171327 -14.92480343299834 0.929798523856102 0.2226354212720779 0.2931033695047382 139.82647231950494
0.24475273602540915 0.049098330567900084 -0.9683461200219007 -112.83877377685108 -0.230573939632289 0.9730108113955127 -0.008947549620137678 -14.914016358875168 0.9417712450876005 0.22546589016462162 0.24946817806156152 139.8511050246808
0.19774226175720364 0.04994214846208947 -0.9789853375734204 -113.29595815709047 -0.23288922593127545 0.972496695577421 0.0025666365680354266 -14.895452006173791 0.9521876192065051 0.22748818140212543 0.203935215874162 139.86662419988085
0.1496910095726523 0.05126520102124451 -0.9874070685755253 -113.76090739032723 -0.23315161356281744 0.9723194786444384 0.015132292191910951 -14.867591783721808 0.9608503070219386 0.2279508881285063 0.1575006161088514 139.862211387599
0.10105804215502934 0.05224399564485071 -0.9935118458928873 -114.21689754145686 -0.23263213044565212 0.9721735185057195 0.02745529492621605 -14.834122186956597 0.967299908528706 0.22834814338527032 0.11040045176579796 139.83269325563137
0.05244656522537486 0.05254469354308214 -0.9972443851202247 -114.68237314297787 -0.23059588381446544 0.9722604606866139 0.03909723102158286 -14.795461324053653 0.9716354383871482 0.22791024365353893 0.06310896754944845 139.78390730912537
0.0031339774157326666 0.052902452136886484 -0.9985984296874216 -115.13826785560646 -0.22932601364996544 0.9720208818294351 0.050771023115660674 -14.751821454856085 0.9733445177347059 0.22884589298759217 0.015178893076771338 139.7101176004422
-0.04539109382174473 0.05326215376384758 -0.9975522617805842 -115.62557130495891 -0.22914545190061203 0.9713932314925308 0.06228847482238033 -14.702117137330234 0.9723330261636282 0.23141204026279186 -0.031887088682030995 139.6155059400274
-0.09171829676603718 0.0531394038076673 -0.9943703824050119 -116.14558481894882 -0.22766002984854278 0.971005589586197 0.0728856680234797 -14.6470417281316 0.9694116988816908 0.23306389347061915 -0.07696077742767823 139.4982177700866
-0.13737775654707915 0.05282576470538893 -0.9891132943145903 -116.65074838917947 -0.22509253407105145 0.9707831007984219 0.08310607961149699 -14.588942316468115 0.9646040586035766 0.23405928623770203 -0.12147274588942851 139.3616979110123
-0.18247599598096895 0.052516222893779024 -0.9818111925641477 -117.13463477672535 -0.22264096395093697 0.9704241557642773 0.09328228252751918 -14.523914989472233 0.9576715652086444 0.23561409491251123 -0.16538625428550005 139.20496988161963
-0.22570324324892269 0.052821068032619246 -0.9727671135359818 -117.64691230404762 -0.21926300889913167 0.9701515289799033 0.10354900843175689 -14.450877165300545 0.9492012614143153 0.2366637218635778 -0.20738390265947115 139.02503117052012
-0.26721062039537424 0.052734481405150274 -0.9621985870648425 -118.15360593030297 -0.21639799605103285 0.9697125340782097 0.11323807265803573 -14.37330736296622 0.9390270841210281 0.23847683528644956 -0.24770520971869064 138.82547999347625
-0.306937532561051 0.05233607958574057 -0.9502940530546867 -118.64597082618005 -0.21422903002674024 0.969060224856853 0.12256024323011877 -14.291523906580117 0.9273063189212727 0.24119917819446549 -0.28622848949960833 138.60995979842176
-0.3415575589169768 0.05248149237572967 -0.9383994117447151 -119.18572448437203 -0.21096758750433972 0.9686773428952933 0.13095864055864923 -14.202023903841162 0.9158786987423495 0.24270223124414161 -0.3197867086358084 138.37161646016258
-0.37032294719473935 0.05211162850077844 -0.9274453172584364 -119.74702397443697 -0.20800578976014186 0.9684165635034813 0.13746509999025608 -14.108863387081284 0.9053163575675295 0.24382107750306667 -0.3477865718831341 138.11714165417922
-0.392965185837235 0.05077908643182555 -0.9181546362525916 -120.29944066347387 -0.2064481327384665 0.9681106082999373 0.14189644813654845 -14.015660597922267 0.8960803677961712 0.24531252008467722 -0.36995014618511496 137.85682799146852
-0.4096639128374466 0.04902499217412866 -0.9109226266513373 -120.86090874537891 -0.20626722390536725 0.9677130885728987 0.14484064346416534 -13.920763242396946 0.8886123112357326 0.2472302975333378 -0.3863245247031633 137.58612155497056
-0.4231694933048573 0.04878821538188775 -0.9047406866184505 -121.43755206255317 -0.20553646053563865 0.9673454952236666 0.1482943871481783 -13.820544308167303 0.8824311552169805 0.2487117621628303 -0.39932307005711354 137.3060598054538
-0.43503747441704727 0.049311705599474585 -0.8990662924038744 -122.0419897044695 -0.20357796915170392 0.9672547564456738 0.15155390346940065 -13.713820904834128 0.8770982904019256 0.2489624854086768 -0.4107527339114534 137.01153721176323
-0.44556319050216897 0.0499846615277641 -0.8938599204989078 -122.65812488501241 -0.2016168350885398 0.9671868850471739 0.15458057649507587 -13.601500158917808 0.8722543926049146 0.2490933766503534 -0.4208642550739577 136.70417725859394
-0.4538058241013936 0.050773629976783904 -0.8896596503249281 -123.30029515105349 -0.19973873090920363 0.9671744339012198 0.15707733267237203 -13.48237667099006 0.8684292765881351 0.24898245971885594 -0.4287665230599289 136.3804161954858
-0.45989660710869146 0.051089732674868146 -0.8865089326104627 -123.93835635447469 -0.19946888866403012 0.9668838230381016 0.15919609399256607 -13.361158454682021 0.8652819526430429 0.2500447417359974 -0.43447380772335276 136.05178484046752
-0.4654282687598509 0.05127108747418254 -0.883605902320823 -124.58585487828881 -0.19909246072596973 0.9666700275469946 0.16095579777204588 -13.237339000000754 0.862405548923522 0.2508329815275681 -0.439706252799175 135.71531007873594
-0.47033194061522 0.05170134146851967 -0.8809796187530815 -125.22550447066489 -0.19838291993211826 0.9665354845614869 0.16262932755615755 -13.117353654485749 0.8599043481156746 0.25126165431620834 -0.4443345958499033 135.38493463138178
-0.47396420994177607 0.05216076664223841 -0.8790038695576274 -125.89155166321967 -0.19789836552469964 0.9663948858844783 0.16404988521137567 -12.990029598878213 0.8580198931613687 0.2517079774588023 -0.4477126013495018 135.03853855712276
-0.4762367084068667 0.05258290428262504 -0.8777497209429773 -126.5825700804447 -0.19747763436112054 0.9663145484713308 0.16502772077468378 -12.858292881441399 0.8568580228579672 0.25192895274367477 -0.4498088466440981 134.67858898638252
-0.47655856667957414 0.05254191028830947 -0.8775774129685305 -127.29679822020915 -0.1975258708776924 0.9662902819548682 0.1651121120702617 -12.724548535209241 0.8566680210932878 0.2520305875193058 -0.4501138545852433 134.30779986323276
-0.47679239376916593 0.05209267754287308 -0.8774774824222833 -128.01093476576193 -0.19775114211756764 0.966295576968081 0.16481144093679934 -12.593995820257067 0.856486421801698 0.25210345837780884 -0.45041898205915787 133.93726492044132
-0.4771047131805252 0.05143292287498376 -0.87734664692399 -128.7406562322985 -0.197943842900304 0.9663453930826263 0.1642872970672189 -12.462547943266514 0.8562680686807518 0.2520481195334659 -0.45086512988515504 133.5589937092456
-0.47724619797808976 0.05069829881004803 -0.8773129938319657 -129.48202789658112 -0.1982219519382241 0.9663935155642561 0.16367018061290667 -12.329745087139504 0.8561252234603497 0.2520139835469116 -0.4511557539633169 133.17494227826447
-0.47764416482875505 0.05066187852382778 -0.8770981637348877 -130.26231589872148 -0.19863601909549156 0.9662558042640197 0.16397809813477188 -12.184904787108554 0.8558070918964887 0.25254679236232624 -0.4514610032610446 132.76882496477447
-0.47833138040498585 0.051676904102683295 -0.8766644509046629 -131.06116318394854 -0.19957626450574678 0.9657483942026045 0.16581660366304504 -12.03294931932526 0.8552045464296391 0.25427703486960734 -0.4516318533042212 132.35119907721196
-0.4792139521392094 0.052408055156023044 -0.8761387387482125 -131.87627250061874 -0.20035221869773678 0.9653276188371541 0.1673228345365382 -11.876992040911592 0.8545282992363632 0.25572048977297046 -0.45209637033907546 131.92470395606827
-0.4792858553288426 0.05185420464727174 -0.8761323426583907 -132.6936884105875 -0.20083167744324537 0.965285747229522 0.16698982427716172 -11.726345114972624 0.8543753537167406 0.2559918193075502 -0.45223175434770374 131.50026681052714
-0.47947792374802506 0.050029159684338395 -0.8761327492253572 -133.50713357666547 -0.20139296265017706 0.9654527064453792 0.16534014414538437 -11.581721363884032 0.8541348342476334 0.25572491466196096 -0.45283592579241694 131.0786971959084
-0.479539186080182 0.048921172457856384 -0.8761616527456928 -134.3412442687397 -0.2013077493194938 0.9656828731273159 0.1640943979656551 -11.434085320832832 0.8541205365348161 0.25506872561203237 -0.4532327619987038 130.64780831951776
-0.4796455450300578 0.04868784890775881 -0.8761162935615318 -135.20451307343313 -0.20120528535074997 0.9657509706405624 0.16381837735563592 -11.27897642075406 0.854084833089867 0.25485471968895096 -0.4534201209235848 130.2006133608529
-0.4797174801215122 0.04818674298097597 -0.8761049108693902 -136.0787006149961 -0.20094398978287714 0.9659187471009358 0.16315031908331667 -11.12388643813582 0.8541061313218711 0.2543146630673637 -0.4536832245158139 129.748828416029
-0.48002031635880205 0.04512755484693565 -0.8761019617388995 -136.94825815018396 -0.2021957890754706 0.9660944530117199 0.16054233828527978 -10.973639495065166 0.8536404165700229 0.25420838662887896 -0.4546185331973174 129.2947438762095
-0.48014137359098047 0.0399513298612189 -0.876287251721066 -137.83298507445653 -0.2037179148645349 0.9665694903714055 0.15568532928001222 -10.82567182546914 0.8532108307427922 0.2532667451986536 -0.45594903655087815 128.8306321148832
-0.4801012290648721 0.03562266544495797 -0.8764952033575844 -138.7137757967523 -0.20601856724894327 0.9666480869028101 0.15212912102060114 -10.680959748697292 0.8526803302031056 0.2536121212553961 -0.45674826893591974 128.36705691239703
-0.4796506507076743 0.033786875783225236 -0.8768143270329772 -139.60545209149416 -0.20834616749179868 0.966294370022653 0.1512035837863226 -10.531304731094236 0.8523682209120986 0.25520641287241086 -0.45644272179241024 127.89857994445678
-0.47939715091296686 0.03366053820426369 -0.876958145777284 -140.50813187355354 -0.20966941330988906 0.9659323793289499 0.1516883811367323 -10.376981583951597 0.8521865170975008 0.25659096226322964 -0.4560057201827047 127.42570105619852
-0.47922154976968495 0.034849486064030086 -0.8770074474762939 -141.41910752012498 -0.21062537716878577 0.965445793193116 0.15345075089727764 -10.219320222370113 0.852049328096333 0.25825794775410743 -0.45532019909589067 126.94982388333622
-0.4788022466007419 0.035810242836046086 -0.8771980649830878 -142.32504419389667 -0.21115223678166242 0.9651404595392781 0.15464855158280869 -10.062201737644012 0.8521551961724659 0.2592690658957212 -0.45454726116371724 126.47977826518867
-0.4784893988135925 0.03651221546121302 -0.8773398114947326 -143.22631782846173 -0.21120190691019697 0.9650179485637286 0.15534268339098734 -9.906288255591111 0.8523183870910596 0.2596263385775417 -0.45403689285533677 126.01481455143174
-0.47792774054886034 0.03649685995685153 -0.8776471802484755 -144.12749470362957 -0.21153762561882217 0.9649493422591976 0.15531561425777723 -9.751931196084898 0.8525509262393075 0.2598853430746278 -0.453452491268269 125.55022474209788
-0.47740929180013825 0.036356598719069946 -0.87793564086735 -145.05766948413827 -0.2118590394220201 0.9649045109889273 0.15515802942000334 -9.593807094067467 0.8527625063081616 0.2600724145775981 -0.4529484283592898 125.07142525071559
-0.47712137804746535 0.03565695307516303 -0.8781203533971139 -145.98187487489548 -0.2128653382628824 0.9647357825639028 0.15482766212890678 -9.436908816624754 0.8526728478042559 0.2607930098570751 -0.45270279171719746 124.59366752144999
-0.4767422918415195 0.03572889599734839 -0.8783228701183159 -146.91290601089193 -0.21302347596737364 0.9646947643845624 0.15486390454756346 -9.278533737896387 0.8528447892844851 0.2609339977477132 -0.4522970459816962 124.11585890764941
-0.47665959042686307 0.03601952266860997 -0.878356001207281 -147.8482484617338 -0.21356287998827497 0.9644828171920539 0.1554412699552576 -9.117456264687409 0.8527560769134092 0.26167734436646317 -0.45203475267313054 123.63362841414705
-0.47660465945942987 0.036147381927882416 -0.8783805469377686 -148.78094749629437 -0.21371066653479362 0.9644179105342917 0.15564125480701743 -8.957912964508843 0.8527496296775913 0.2618994355277812 -0.45191828703592407 123.15489246092143
-0.4765989180037641 0.03563797129568339 -0.8784047020004794 -149.7096258936566 -0.21398829444184433 0.9644231532343317 0.15522705693155095 -8.801930078528038 0.8526835406666184 0.2619499755448612 -0.45201399282142457 122.67771138402117
-0.4766153420716558 0.03502395828392402 -0.8784211645673619 -150.63477387010064 -0.21413426866469173 0.964486075108816 0.15463530078813265 -8.64796917489499 0.8526384261818147 0.2618018395436461 -0.45218575130744465 122.20268674687178
-0.476684052600351 0.03443150779050536 -0.878407267892272 -151.55168790150236 -0.21437575959342248 0.9645122406141923 0.15413626170257705 -8.49509244600997 0.8525395092702539 0.2617837817453657 -0.4523831467719651 121.73020477187325
-0.4768620562268989 0.03436364115207239 -0.8783135138157916 -152.44658914870968 -0.21444661355943714 0.9644928324356652 0.15415924379391935 -8.341296487337079 0.8524224455783337 0.26186421482058597 -0.4525576231681016 121.26912576798499
-0.47702212238232955 0.033620291233267784 -0.8782557458741359 -153.36705523673032 -0.2151867997179127 0.9643871025723095 0.15378974188049832 -8.185040776738523 0.8521464815654356 0.2623502656254521 -0.45279587149542533 120.79293808465248
-0.4771226129501417 0.032839209404613545 -0.8782306244699329 -154.27736675622356 -0.215798012932284 0.9643297494800486 0.15329123668500713 -8.03324125829181 0.8519357433061853 0.2626589052739391 -0.4530135228600586 120.3228944583086
-0.47714391466376926 0.0317646794002957 -0.878258217124382 -155.17828592401244 -0.21657557076735884 0.9642755525729074 0.15253232666439628 -7.885190351968378 0.8517261560975976 0.2629890356871045 -0.4532157878170706 119.85845290944633
-0.4770826420386451 0.031324892376508845 -0.8783073519762321 -156.0841780327235 -0.2171049686858953 0.9641918516160368 0.1523100286127509 -7.73454838346067 0.8516257267021243 0.2633495012399156 -0.45319539155350635 119.39127595257281
-0.47721779549395593 0.030069409961153776 -0.8782776104235476 -156.9996461331265 -0.21903953319108924 0.9638017718778905 0.15200817223384766 -7.580159100094161 0.8510543861623636 0.26491864011895616 -0.45335408819800466 118.91589471459952
-0.4765521270658694 0.029533107282485288 -0.8786573534352902 -157.9159246897738 -0.21970261518308026 0.9637239430638633 0.15154506927682737 -7.4306601604795794 0.8512567063758375 0.2652624305112133 -0.4527731796197142 118.44711208574599
-0.4757664681945037 0.028420423646499833 -0.8791191747016849 -158.82058550104256 -0.22053557053403564 0.9636973870360992 0.15049972399097272 -7.287262759763525 0.851480570834113 0.26547985184555106 -0.4522244961301423 117.98633938158133
-0.47453730537364863 0.026611308416040508 -0.8798391911858247 -159.70456710900532 -0.22198644156972774 0.9636177777886374 0.1488669457329159 -7.149389768471847 0.8517890613013082 0.2659555189239378 -0.451362936894055 117.5365344048151
-0.47338459042867104 0.026804652320296753 -0.880454089190684 -160.6099100447121 -0.22164512290351465 0.9637524037875954 0.14850427370557284 -7.006733408139847 0.8525192122112571 0.2654481668404186 -0.4502819666745005 117.08060920444773
-0.4728217199353397 0.028137142510354474 -0.8807149440151981 -161.52346358133144 -0.2206115952064308 0.9638780059498252 0.1492259777103863 -6.859120571515949 0.8530994845536132 0.26485357214470756 -0.44953269035700194 116.61981493243525
-0.4716188946938895 0.032464532359241294 -0.8812106634375156 -162.45475748919753 -0.2188881375412219 0.9637353653779206 0.1526467797352412 -6.70308904639205 0.8542083945672251 0.2648779278368522 -0.4474073262515091 116.15385532843952
-0.4709798663689301 0.03811572592948972 -0.8813263685626878 -163.40528157197969 -0.21631042014200774 0.9635763428707024 0.15726387168175027 -6.5374093864882985 0.8552176213092544 0.2647075028562893 -0.4455774732375717 115.68023148938553
-0.47074827111924084 0.03874115979595575 -0.881422866715737 -164.34922952062598 -0.21654703944411635 0.9634040086999965 0.15799248916471564 -6.375382969701102 0.855285314847493 0.265243430329471 -0.44512863587354873 115.2068511125533
-0.4704427597850261 0.033698086416261375 -0.8817933977137342 -165.27807521406945 -0.21795070558034446 0.9638761324428111 0.15310798366866935 -6.2289318355121726 0.8550971718042303 0.26421522144326726 -0.44610108356382144 114.74009239018046
-0.4702507492314753 0.028722646036466577 -0.8820713315236253 -166.20122791564202 -0.21919718836222732 0.9643515794977349 0.1482554677428624 -6.088885293067079 0.8548840547070587 0.2630642566560559 -0.4471886075300366 114.27419668923763
-0.469979865113129 0.028431764641073047 -0.8822250388652718 -167.1125406331216 -0.21927769588865792 0.9643895819088559 0.14788826137741948 -5.942551688945589 0.8550124177245427 0.2629562473509191 -0.44700663377087785 113.81629122773903
-0.47001025241520783 0.03030938082295036 -0.8821463648375758 -168.04717908464318 -0.21994951721285327 0.9638633316487166 0.1503014299844363 -5.785654589878756 0.8548233491461369 0.26467014492585716 -0.44635670546785033 113.34319295694881
-0.47006633784687246 0.030827083084875993 -0.8820985948259679 -168.96401743291062 -0.21981508044316303 0.9638136500349254 0.15081615194185666 -5.633974684818564 0.8548269633044046 0.2647915712127437 -0.44627778680394087 112.88092506038153
-0.4700940356777165 0.029799060220762386 -0.8821192763508251 -169.88501898919318 -0.21933325330605877 0.9641361757704179 0.14945019533878426 -5.488368467222544 0.8549354925216355 0.2637332190711393 -0.44669639988432674 112.41706956352161
-0.47012041851087116 0.028252281194478285 -0.8821559901681791 -170.79691928014105 -0.21924461562828618 0.9644225628489924 0.14772221441644165 -5.3463741633045165 0.8549437256864139 0.26285467650739375 -0.44719817439846227 111.95674400305474
-0.4703789659771301 0.028507179663022093 -0.8820099739017292 -171.70494141092138 -0.2194091270761961 0.9643157991158919 0.14817389564915703 -5.197990640510897 0.8547592282200189 0.26321809842001764 -0.4473367347406681 111.49508433210163
-0.47067584846376365 0.031143585773297823 -0.8817623244765344 -172.59813359939346 -0.21950066298176657 0.963824434953677 0.151204203797529 -5.046685848905345 0.8545724963820472 0.2647146462019542 -0.446810318879364 111.04145111572203
-0.470988923546087 0.033212873497468084 -0.8815195385069509 -173.5092820250741 -0.21943978505052697 0.963468941293832 0.15354039648580536 -4.890811567158211 0.8544157009375607 0.2657552247987311 -0.44649243339614336 110.57956587225112
-0.4709491671912729 0.03344592145419401 -0.8815318431573861 -174.4224905924895 -0.21902417983077926 0.9635596566687626 0.15356453516885155 -4.737504294643235 0.8545440766641493 0.26539699766537084 -0.4464597056216213 110.11792200753156
-0.47106818094291475 0.03234489073172826 -0.8815092766786626 -175.3265445555711 -0.21868538390323836 0.9638492046249914 0.15222431672417402 -4.591422577321663 0.8545650431921612 0.264480445303297 -0.44696298789279815 109.66140537994833
-0.47110572310045595 0.03094654185120844 -0.8815385762926351 -176.22526925284077 -0.21873279576856305 0.964072549528228 0.1507334406769733 -4.447972659629629 0.8545315881666864 0.26383231215838 -0.4474092371020437 109.2069504855365
-0.47092166008084496 0.029285584483990792 -0.8816932380521817 -177.1515317477938 -0.22026370065451714 0.9638913329399648 0.14965725225194584 -4.299489773793372 0.8542395257628732 0.26468139818079717 -0.4474650866226949 108.73615540071032
-0.470332247857236 0.028299535365022496 -0.8820402335715176 -178.0641819053692 -0.22115771317499575 0.9638122496642725 0.1488476766526967 -4.155126566378366 0.8543332362064258 0.2650773622532133 -0.4470514696703895 108.27605632137997
-0.4699948826547266 0.02745668612953759 -0.8822463367646466 -178.96488848501758 -0.22201392122990807 0.9637056349793592 0.14826095723871233 -4.012450013965225 0.8542967623973338 0.265552286095926 -0.4468391144821286 107.82107483955964
-0.4696033056671561 0.02692900453963161 -0.8824717026214136 -179.86683002547116 -0.2227084944717397 0.9635989275269927 0.147914276249068 -3.869038967422636 0.8543318234902978 0.2659940905597468 -0.4465097143448972 107.36606086123781
-0.4693413301415897 0.02680127381116579 -0.882614760491338 -180.76176263055092 -0.22320626184744846 0.9634785850620967 0.1479460758515594 -3.7256018411819114 0.8543457859441177 0.26644141036509184 -0.44621604432136125 106.9151663692778
-0.46884424539933284 0.026875524152710373 -0.8828766215043705 -181.6493845488741 -0.22274761764203702 0.9636349542672027 0.14761879514959692 -3.5839426515543824 0.8547383380325719 0.2658680459911175 -0.44580619919237874 106.47290711660001
-0.46840650417987234 0.02557001834866878 -0.8831476486964834 -182.53307175478173 -0.22339752702023744 0.9636728334205414 0.14638431735236632 -3.4471633625259295 0.8548088008157346 0.26585957062923204 -0.4456763635034681 106.03064581317737
-0.4679701881648063 0.024611837307380084 -0.8834061830305238 -183.42575486532863 -0.22353831400424506 0.9638096972293456 0.14526443607431258 -3.3117613669497126 0.8550108136297558 0.26545382615941937 -0.4455305560084127 105.58567847619462
-0.4675801907599466 0.02467360485554512 -0.8836108330466104 -184.3310087495581 -0.22308527208795909 0.9639594771379192 0.14496436640039 -3.1721138236997204 0.8553422957298867 0.26490248014319484 -0.4452223451749063 105.13423939315162
-0.4667365546817134 0.02627674466073722 -0.8840106085152915 -185.2142999866765 -0.2211095900640773 0.9643484618397902 0.14540251976689647 -3.0327433412669818 0.8563155551983092 0.2633273292934633 -0.4442849292015217 104.69658751419709
-0.46644876174214234 0.02622544234966976 -0.8841639640657618 -186.10635477261587 -0.2210668274013743 0.9643844201106888 0.14522781133834298 -2.8939644254877046 0.8564834583433514 0.2631998568905037 -0.444036568865304 104.25157626036896
-0.46611696272529946 0.02406917160665919 -0.8844002174782476 -186.99803254635407 -0.22175418581824108 0.9645413816291291 0.14312137700305586 -2.762263442487286 0.8564864657126462 0.26282983279940075 -0.44424985673224265 103.80748691498114
-0.46572628763919904 0.02081193401267144 -0.8846887237679517 -187.88444856383208 -0.22108138093121193 0.9652854881650378 0.139088763308553 -2.637147874003116 0.8568727180098239 0.26036468091350207 -0.44495591042465166 103.3684266041557
-0.4651227605439878 0.01949736964176222 -0.8850362214277653 -188.75919154477782 -0.22100145184923115 0.9655438823517772 0.13741320792028647 -2.514058534880591 0.8572212277920958 0.25950741402894484 -0.44478555349550647 102.93462279909846
-0.4647361038074418 0.0185941027229697 -0.8852586549742086 -189.64756864878944 -0.22287338990491853 0.9651336732095614 0.1372712872026127 -2.381002438174985 0.8569462613726336 0.2610946442608069 -0.44438653434060876 102.4876713377645
-0.46460635566459413 0.018727068526056795 -0.8853243732445486 -190.54214174782842 -0.22333970903247952 0.9649774921316647 0.1376142659711515 -2.247467251780661 0.8568957631788238 0.26166341367033463 -0.4441499380793933 102.04066156612355
-0.46449291411165217 0.01839885935629112 -0.8853907667528838 -191.42927475874862 -0.22364457126309112 0.964940866950848 0.13737665028024448 -2.1178785605216066 0.8568775336005292 0.26182242497288666 -0.4440912200933264 101.59779127334774
-0.4643464789175236 0.01784086130109619 -0.8854785391525157 -192.30500903984145 -0.22397213865231053 0.9649336496749489 0.1368900317476968 -1.9916216822969168 0.8568709999382027 0.26188618169288846 -0.444065957873354 101.16048898694355
-0.464115494856678 0.01754265805704399 -0.8856051657544287 -193.1578123734123 -0.2242673257178673 0.9648999700391672 0.13664162200742475 -1.8674530806695082 0.8569185972540648 0.2620292235780917 -0.4438893685986242 100.73456516749009
-0.46403176089299575 0.017184493347930395 -0.8856561418526135 -193.98089226972462 -0.22464616336548887 0.9648433339340151 0.13641983001237565 -1.7474287407944797 0.8568649401354598 0.26226175865925333 -0.4438559413262595 100.32226602664592
-0.46388563190508714 0.01676118896524741 -0.8857401686870139 -194.79583810462015 -0.22526462721963195 0.9647253985967095 0.13623064709120802 -1.6275208774923453 0.8567812353958044 0.262720871142413 -0.44374534968203216 99.91303721936148
-0.4638146235255388 0.016428475544747252 -0.8857834289133304 -195.57660968501406 -0.22544480175004142 0.9647244518886479 0.1359383139891588 -1.512257659056116 0.8567721009579089 0.2627451184954699 -0.4437484796446273 99.52298364201918
-0.4638232121505185 0.016548398988741612 -0.8857764578187749 -196.35718366725655 -0.2255529301052575 0.9646720385664067 0.13612824751941305 -1.3937512310198907 0.8567388601506225 0.26292870732899454 -0.443703806722785 99.13168320959767
-0.4639281145520391 0.01729339543160894 -0.8857073929034907 -197.13784588297443 -0.22584614802602357 0.964462296435647 0.13712659085268677 -1.2736982569168065 0.8566045940785505 0.2636504518576922 -0.4435344469450042 98.73944110907472
-0.46403723186606305 0.018629187120531868 -0.8856228263180892 -197.916464792445 -0.2262754610684579 0.9641162211364197 0.1388404101817485 -1.1522728112953675 0.8564319593448789 0.26482227190959673 -0.44316942475074944 98.34800366210204
-0.464103340330529 0.019287074518100886 -0.8855741407222859 -198.68561601958038 -0.22606183692934434 0.9640758391214597 0.13946818099607777 -1.0331547644589771 0.8564527208314352 0.26492255906512 -0.4430695031149703 97.96303646286465
-0.4640904299073429 0.02005413434787541 -0.885563740668036 -199.44272098833838 -0.22518466070386617 0.964225887886403 0.13984556348427044 -0.915687987970007 0.8566906241479517 0.26431684611266204 -0.4429710937813163 97.58395481931953
-0.4638034230044076 0.020595631490982452 -0.8857015577616705 -200.20378002984762 -0.22403157706084792 0.9645093143074676 0.13974306664549296 -0.7989451806313383 0.8571481543508218 0.26323910902969044 -0.4427276674155524 97.20406310284413
-0.4638327635187114 0.020166431436404793 -0.8856958166628002 -200.94619055544948 -0.22434527554872563 0.9644787747668475 0.13944785249461195 -0.6866342633828445 0.8570500778954627 0.26338277590646136 -0.44283179687313684 96.82958844609703
-0.464068704123254 0.019938027350897735 -0.8855772880208601 -201.66760023090464 -0.22471929835355822 0.9643882069361649 0.13947160213205556 -0.5739571419804481 0.85682434193415 0.26373146423366345 -0.4430612487798422 96.46371833522267
-0.4642050255396069 0.019770595609680863 -0.8855094229174698 -202.36282088216117 -0.22423093018135778 0.9645578329161689 0.1390827623360129 -0.46733124462875536 0.8568781070900535 0.26312248781021796 -0.443319030285865 96.1129666462995
-0.46537897609716594 0.019008070560817825 -0.884909476312681 -203.0295779922972 -0.2226160187599854 0.9651147547989868 0.13780613354066637 -0.3660638371552143 0.85666229834478 0.261128223952183 -0.4449122672526065 95.77378036364921
-0.4696027882496184 0.01885158413476218 -0.8826784704524027 -203.6798588217375 -0.2189856306515616 0.9660401077304516 0.13713683983030422 -0.26524132216874174 0.8552918763118231 0.2576948743759824 -0.449526655053434 95.43901646147646
-0.47601050689291546 0.019399736438153823 -0.8792274588155033 -204.3183147068125 -0.21495793590101442 0.9668626417791565 0.13771097316898886 -0.1624069152294814 0.8527673716800838 0.25454996378692607 -0.45606654913363975 95.10109283329734
-0.48402635409175915 0.019877109706052477 -0.8748300575892861 -204.91952691593661 -0.2116646526161631 0.9673920225192661 0.13908987959773525 -0.06195471720115235 0.8490715384268058 0.2524946047532079 -0.4640354253716701 94.76896172499612
-0.4933786603789305 0.020804558976550962 -0.8695686598518629 -205.5068572135774 -0.20842792211230235 0.9677582911321061 0.14141187588723556 0.03965304069436844 0.8444773750323551 0.2510126135976625 -0.4731341986976022 94.43378048219176
-0.5044745008220725 0.021501108145625978 -0.8631608713300521 -206.07190564492385 -0.2055172372922323 0.9679651448592526 0.1442262209625438 0.13956792243368898 0.8386145394622184 0.2501538041066592 -0.48389445099854456 94.09792067475632
-0.5173281015167372 0.022261659218195513 -0.8554988547373109 -206.60605199798238 -0.20211753609651614 0.9682000655678998 0.14741689987492623 0.23650491328956502 0.8315802107560111 0.24917511260246566 -0.49637760747613324 93.76278107837936
-0.5320177659626761 0.023683354780421068 -0.8464035724823366 -207.12178696552655 -0.1963604485117953 0.968904914325476 0.15053591710839678 0.3337815941429683 0.8236539461786248 0.24628871817292267 -0.5108240294827443 93.42427554805522
-0.5500111695768848 0.0246526570540712 -0.8347953187659481 -207.64031255999646 -0.19066969277728396 0.9694571525399788 0.1542528600026941 0.4342342093062675 0.8131047419025845 0.24401159521364882 -0.5285114880742251 93.06521130440912
-0.5707581804893785 0.025034319400975738 -0.8207377902636572 -208.15175207369947 -0.18656284633431924 0.969438245856407 0.15930878156808678 0.5399267815893025 0.7996469838884543 0.24404693107887657 -0.5486446541872023 92.6852752925456
-0.5927411824008842 0.02409198983745547 -0.8050345241660292 -208.6405800399284 -0.18413975988120831 0.9690210497673506 0.1645792313200552 0.6494374842166308 0.7840641969803098 0.24579255305004782 -0.5699425839487201 92.29223553204301
-0.6157042336383398 0.022351191044021293 -0.7876609846721724 -209.11488748934494 -0.18256532562156375 0.9683498754299551 0.1701862989501329 0.763186920976186 0.7665400186180533 0.24858501583262738 -0.5921370956856928 91.8837858296822
-0.6412334145870504 0.02037075491773059 -0.7670764846791289 -209.5892165890206 -0.17992658889234572 0.9677845586930074 0.17610809886985587 0.8830159982099202 0.7459571068550921 0.250944883747054 -0.6169111184079901 91.4462313844936
-0.6681945910369372 0.01873973853251099 -0.7437515780949431 -210.02545041122252 -0.17625243009705013 0.967235344910999 0.18271647197452257 1.001842766309292 0.7228116898684096 0.2531794657047038 -0.6429992038906933 91.00519075255318
-0.6965637716492966 0.01919129483083419 -0.7172391081075922 -210.45244687228518 -0.16978630637113812 0.96683866531468 0.19076048334029838 1.1290709542488533 0.6971204871299443 0.25465539506436985 -0.6702074604936528 90.53703278693338
-0.7273390600321286 0.015498056832568241 -0.686104632556851 -210.81827336665464 -0.16619691897888705 0.966005969653189 0.1980042653139967 1.2542474785871083 0.6658545878714305 0.2580460594298351 -0.7000393608522608 90.07017045599558
-0.7570263415739076 0.008749020167472274 -0.6533274831517222 -211.13865140606976 -0.16458339648446185 0.965112509276779 0.20362959985813744 1.3785117146248476 0.6323207228367869 0.26168133683048617 -0.7291768410360647 89.6001903752916
-0.7838896970164131 -0.001088893688366658 -0.6209011611820979 -211.4330302682612 -0.16595583725414306 0.9639821153977669 0.20782784461598638 1.507539050922803 0.5983156930699489 0.26595793104023296 -0.7558379352566614 89.11812062764292
-0.8096916865046907 -0.009078017298823786 -0.5867870875696978 -211.70375323039633 -0.16450829490220503 0.963300436002153 0.21209611695895067 1.6335147684596845 0.5633308967437837 0.26826538135753675 -0.7814713021543322 88.63729766055867
-0.8345300441319505 -0.016946821533390288 -0.5507040543020412 -211.94403783854384 -0.16180846396006135 0.962987264041715 0.2155668893038817 1.7548420243453255 0.5266718028002543 0.26900723648961744 -0.8063856731574014 88.15642944518666
-0.8584840348216405 -0.02078668429185392 -0.5124217653151877 -212.17395138426488 -0.15504202373499046 0.9629413049183265 0.22068580380236888 1.880556125396088 0.48884884569146897 0.2689039313023287 -0.8298938047237094 87.65629772585329
-0.8810596753713409 -0.024312433401774004 -0.47238338316024137 -212.38107734495014 -0.1481328768590673 0.962621653128699 0.22674311852387044 2.0132937687718306 0.44921785942094855 0.26975146650029186 -0.8517298521535221 87.14063701708879
-0.9018426787665718 -0.027607261788935817 -0.431184158766979 -212.5745424615905 -0.140983412958881 0.9621353428667023 0.2332696873814912 2.1630916461476484 0.40842167271212193 0.2711634379912494 -0.8715887147061094 86.5806459685573
-0.9207608621686599 -0.03618424450580268 -0.3884484579961853 -212.7089406556208 -0.13885916942648285 0.9608785718754268 0.239637372611641 2.3104136730055345 0.3645847085440096 0.27458947521253324 -0.8897659311443017 86.0518101538578
-0.9376863365083354 -0.04558246594080147 -0.34448390098399206 -212.8238969360718 -0.13718369611212639 0.9593914201857269 0.24646489281452258 2.470157541470098 0.319264376253771 0.27836581680045064 -0.9058634956951582 85.4992562254298
-0.9525925832591721 -0.05135087099192562 -0.29988919175653006 -212.91394560067977 -0.13124683134268042 0.9585839864070659 0.2527598771356576 2.622181082115423 0.2744933249448575 0.2801383651611108 -0.9198818377192062 84.96010746577528
-0.9654367888126667 -0.05258842108404164 -0.25528330400574295 -212.98355617107785 -0.1200824348004145 0.9590362295116952 0.25656687328361577 2.7656810280594564 0.2313373794068222 0.2783557017405204 -0.932205862375262 84.4303308596468
-0.9764027694161008 -0.05067622068243902 -0.2099366139483211 -213.0266372952739 -0.10564393894657319 0.9599106258168775 0.2596306051889334 2.899082081679376 0.18836716531505954 0.275684187246554 -0.9426149459592847 83.93595611770458
-0.9848411102487232 -0.05291205971568058 -0.16520317073945806 -213.03289089839478 -0.09545503889623094 0.9604947961573576 0.2614099033484813 3.0206817195920324 0.14484882908249755 0.2732183811612974 -0.9509876817677627 83.47373993358786
-0.9911116884163672 -0.05645084478972169 -0.12047650573271279 -213.0154172326236 -0.08672955073038482 0.9608103071074918 0.2632837219502405 3.1470198589377083 0.10089606197449641 0.27139419587201846 -0.9571687342077131 83.0052631567022
-0.9952255297782516 -0.06163589422855879 -0.07570062633411676 -212.97220991681164 -0.07965001531024322 0.9610492591779766 0.2646453304209799 3.2729698161020497 0.05644382449250949 0.2694130576323525 -0.9613728196966613 82.54196672573379
-0.9974018338184116 -0.06507958189228423 -0.03094916037833982 -212.90981328036474 -0.0709837345434059 0.9613199922179948 0.26612561995553063 3.400587662270468 0.012436281263697002 0.26763289349808134 -0.9634443752393651 82.08548290943044
-0.9978061359965539 -0.06494764453106426 0.012969440565640082 -212.83492944788262 -0.05909853440678113 0.9615157603460539 0.26831445376717233 3.5427420112730132 -0.029893225140363393 0.26696133532983657 -0.9632470870828108 81.59521938040848
-0.9962607961654596 -0.06705500166707686 0.0545179184971852 -212.73925382858448 -0.04996523015141219 0.9616399076073135 0.2697234328205018 3.682160372780084 -0.07050917312090313 0.26599301422126737 -0.9613967325981848 81.1128288491872
-0.9926003539224079 -0.07435377578769918 0.09602537543909193 -212.6128621728141 -0.04564520035420065 0.961107715430023 0.2723734669449573 3.8336756363316677 -0.11253904065218455 0.2659773798681339 -0.9573922361705014 80.6200687443559
-0.9875887797180102 -0.07992666496581766 0.13522122809256756 -212.4726716174155 -0.03975097454589631 0.9600101314397527 0.27712570976926 3.9904651639181505 -0.15196007197787584 0.26831305421488305 -0.9512748785133635 80.12837853037674
-0.9822016175277658 -0.08075958273017793 0.1695942900712592 -212.33132688497236 -0.030322600878719658 0.9591844270834561 0.28114760934901895 4.147544020711175 -0.18537403862842938 0.2710028696049005 -0.9445640095326607 79.6348558937584
-0.9764364926657575 -0.08003839156997893 0.2004241197044017 -212.18214159959547 -0.020396951360851567 0.9587524304780446 0.2835062416852288 4.306628649719565 -0.2148451550118094 0.2727393323236143 -0.9377963889866057 79.13178372828953
-0.9702210341201509 -0.08090289903300561 0.22832209831920863 -212.01052724019615 -0.013165642630656563 0.9587942091987006 0.2837933075313314 4.46552937869562 -0.2418705182364036 0.2723374558505913 -0.9313100484497876 78.62504996818362
-0.9642342792648363 -0.08250069301186926 0.25189441551937664 -211.8341039825084 -0.007928543304566304 0.9588779216341909 0.28370526609288815 4.621539420538059 -0.2649389415327298 0.2715623886846368 -0.9252399486972869 78.12265334036007
-0.9587864710294414 -0.08445272305899425 0.2712956457991619 -211.64808670008102 -0.004409923056488633 0.9591137744071521 0.2829838034630133 4.780356822346793 -0.28409945405848813 0.2701255887922851 -0.9199607706717039 77.60026427253983
-0.954119251280837 -0.08578816613141445 0.28688298227401193 -211.46229459448813 -0.0012684373480423023 0.9592279955591192 0.2826269364511452 4.936147682447779 -0.29942961310561556 0.26929677465298624 -0.915329796871169 77.089643161204
-0.950224229472621 -0.08727481556489672 0.29910213291839 -211.2709935620123 0.0006224178770009494 0.9594331967183853 0.2819317522810635 5.092890810792234 -0.3115715511456444 0.2680856131264135 -0.9116256045409359 76.57413778630408
-0.9471820234749957 -0.08848609559331884 0.3082559865544391 -211.07471869078358 0.0018176803479715547 0.9596849002828518 0.28106857136079577 5.253142367991616 -0.320696982881514 0.2667844647444592 -0.9088391375827617 76.05203974656125
-0.9444589967405136 -0.08936952293709238 0.31625262656083003 -210.88728620637994 0.0024380999613218034 0.9603811282544004 0.2786761229411635 5.401598227696223 -0.3286258841137476 0.2639703968931304 -0.906826126154297 75.5579317225147
-0.9419878686298345 -0.08839765449780454 0.32380517439306444 -210.70378298977505 0.005191505340643426 0.9607442340452779 0.27738457671368844 5.5491411289957036 -0.33561158323617446 0.2629751972494092 -0.9045540238411066 75.06999072565536
-0.9399018654583976 -0.08635286311033952 0.33035163315725447 -210.5141170511451 0.009159265367699707 0.9607670363825156 0.277202689970786 5.703932602190043 -0.34132555667303494 0.2635703985236797 -0.9022396761378616 74.56865554783052
-0.9383239515639432 -0.08279587308742543 0.3357039064597483 -210.30941090072724 0.01427227157168132 0.9608033617077533 0.27685935770729264 5.8703385633949035 -0.34546563919576556 0.2645762143662827 -0.900367356673425 74.03226229005321
-0.9372455106433079 -0.08412938313807232 0.33837413282693024 -210.08908789216198 0.013243231406901122 0.9611640909850522 0.2756549109918917 6.039369263476085 -0.34842091549465143 0.2628387760660625 -0.8997367004356049 73.4768139394906
-0.9366129669923523 -0.08644716499302713 0.33953938170234843 -209.86835237575616 0.01064740270017054 0.961612538503838 0.2741989442573359 6.207582498030564 -0.35020639042837076 0.2604347526536641 -0.8997425613721921 72.92610379394667
-0.9361821400629083 -0.08795068987690728 0.34034006143406237 -209.6475158224179 0.009222104404212407 0.9617141712456445 0.2738941249320191 6.379364787415843 -0.3513961607906068 0.25955446685999056 -0.8995326406157835 72.37014468988562
-0.9360378578091778 -0.08689154618257537 0.3410091432517951 -209.4217493315594 0.010729357048074805 0.9615377509728115 0.27445810886531297 6.560720328560909 -0.3517384506852196 0.2605629125742594 -0.8991075022660711 71.782082109184
-0.9365839884016548 -0.08282285123163884 0.3405201845800509 -209.1944557817347 0.014765517065058374 0.9614808880806018 0.2744664024869041 6.743893213511111 -0.3501330144548488 0.2620897523303756 -0.8992901541035943 71.1763602356922
-0.93669040065544 -0.08248353144892599 0.3403096409150902 -208.96956235230695 0.014876526296426142 0.961607010232062 0.2740186421268644 6.918972259712314 -0.3498435187324584 0.26173429243117385 -0.8995065365642195 70.58209332867887
-0.9365830651607432 -0.08428636232099665 0.3401637775311229 -208.72816177715785 0.011418806013461543 0.9627901692739093 0.27000056733697153 7.100381993772122 -0.35026123617898736 0.25676317523850717 -0.9007760960443543 69.95682636744107
-0.9364459744708876 -0.08374151107242887 0.3406759964813699 -208.49187515092925 0.009649890634184989 0.9645743744969589 0.2636263919028277 7.270232713111498 -0.35068156029119646 0.2501602161439834 -0.9024690801508471 69.3325997322004
-0.936403329935784 -0.08298603489634682 0.3409768170596569 -208.2612395925099 0.008854053589610035 0.9657395375980188 0.25935400246434526 7.438312014299532 -0.3508149547874359 0.24587988519779655 -0.9035922813708374 68.71610404323687
-0.9366531544692278 -0.08158250019320726 0.3406290346615268 -208.02725646305842 0.010148092442684453 0.9657654145750686 0.2592105177678994 7.614904137349229 -0.3501120648429277 0.2462480654270289 -0.9037647029811237 68.08869514497985
-0.9365522161167972 -0.08317785959833154 0.3405212130964441 -207.76660612516267 0.008991004414962577 0.9654173516530171 0.260546779805035 7.811261698753717 -0.3504139381452915 0.24707832270914423 -0.9034210909663579 67.40948582355941
-0.9358258672385744 -0.08963013088654645 0.3408809212283928 -207.49790825233796 0.0032368967737593695 0.964899183488035 0.2625932210704475 8.012632896484954 -0.3524492948891085 0.24684598065865626 -0.9026924050214769 66.72510186195268
-0.9354660392323872 -0.0919969561116257 0.3412382660985676 -207.2248317278785 0.0009050965730524838 0.9648984113468808 0.2626144391642057 8.218254402673779 -0.3534173263554601 0.24597681192348983 -0.902551422432076 66.01890495622547
-0.9353304769468181 -0.0928657805746292 0.3413748214491412 -206.9529004713677 0.0003871800110579912 0.9646625570083289 0.26348103093082803 8.426335058034143 -0.3537773033761734 0.2465751324522469 -0.902247176894773 65.30664354043414
-0.9352005383656965 -0.09431398118643278 0.3413355720564447 -206.67582835332365 -0.00011843340386726932 0.9639639438738258 0.2660272708959741 8.641533062982539 -0.3541227386261644 0.24874935639227516 -0.9015146797680486 64.58251822031417
-0.935404193887545 -0.0948565167862985 0.34062810766087026 -206.39277909979324 0.0005985562965745853 0.9629169457128287 0.26979409759732914 8.866441150581215 -0.3535854855997872 0.25257088084448753 -0.9006629783436879 63.83613796002357
-0.9351160650237919 -0.09680180830145432 0.3408713455385543 -206.0965706328325 -0.0009959130724153146 0.9626751574094846 0.27065362115008706 9.096665930498599 -0.354345364580546 0.25275362322682815 -0.9003127858753276 63.06944465519183
-0.9348343668912058 -0.09861639629319637 0.3411243523687003 -205.8056547519636 -0.0037236849170325615 0.9633300559401116 0.2682883797590243 9.315598918104518 -0.35507033181309605 0.24953551634180635 -0.9009245356211385 62.31212225710334
-0.9348067637273443 -0.09690593772136989 0.34168969070225197 -205.51586686029162 -0.0029535030427771804 0.9641430889983479 0.2653606570363849 9.534988722533766 -0.35515024212856644 0.24705220348306886 -0.9015769154798787 61.53896554259703
-0.9350390379323278 -0.09477551196220936 0.3416508502968085 -205.21889559029154 -0.000570277883326923 0.9640092806614629 0.26586100610063346 9.765250791794324 -0.3545491163933685 0.24839607099841898 -0.9014441022154471 60.753648981699385
-0.9352632527190052 -0.09469818031364723 0.341058835613591 -204.90410119102677 0.0011110720684301737 0.9627552891142367 0.27036673732316335 10.01629469535234 -0.3539564761038789 0.2532430967943168 -0.9003278275333959 59.92001412131139
-0.9357147496210833 -0.09239116039020533 0.3404518529996845 -204.5927841371902 0.00425160648404461 0.9620679849953278 0.27277089823967937 10.265907252117318 -0.352736452662035 0.2566834291207182 -0.8998322807484422 59.086383256917784
-0.9358472397336444 -0.09143430188274546 0.34034611152931527 -204.2878975629983 0.005027042821988697 0.9621924017708547 0.27231860194622826 10.508668537695513 -0.3523748030335362 0.25655965552227106 -0.9000093297268569 58.26576697409606
-0.9361442050304056 -0.08740270379699051 0.3405875730889001 -203.9802719535386 0.007824957339112044 0.9631938265102955 0.268687507058505 10.748756156107996 -0.351532669956558 0.25419517656128177 -0.9010084886092353 57.42841299754757
-0.9364178747876968 -0.082832355413633 0.3409766449832389 -203.66869954569654 0.010925545522032105 0.9643821372138528 0.26428038576667967 10.98744931812307 -0.3507192658039787 0.25120173053801237 -0.9021638888399915 56.5769031739441
-0.9364343959925195 -0.08238234088590127 0.3410409840378431 -203.35699971446766 0.01068992241170148 0.9648888560486664 0.2624344221450247 11.221786085989532 -0.3506831745440714 0.24939742078055732 -0.9026783505244841 55.7359464351149
-0.9364798952445378 -0.0830922471039315 0.34074465350734795 -203.03518432957526 0.009654961580491424 0.9650533209478337 0.26187031395862875 11.463414495970536 -0.3505928871685459 0.24852543036352884 -0.9029543092400053 54.87398184550168
-0.9364227601550932 -0.08445083851974401 0.3405683830170051 -202.70887425805626 0.008845891941581845 0.9646121278152066 0.26352048545820234 11.71313405183096 -0.3507677825075769 0.2497786583667867 -0.9025407980228033 54.00601793650383
-0.9363442116362773 -0.08638021418923832 0.34029835000418723 -202.37868287595907 0.007881188048376701 0.9638437986783788 0.26634489355747126 11.968901954447567 -0.3509987478919097 0.2520722990923421 -0.9018127444811057 53.13212027681325
-0.9364017981897644 -0.08699381736100058 0.33998202556444396 -202.04373046539015 0.0079517610358379 0.9632776001378345 0.2683813749913539 12.231903582771412 -0.3508420148918894 0.2540161322598826 -0.9013279315606095 52.23435674307788
-0.9368982180115739 -0.0834104773089809 0.3395126272330423 -201.7133598347533 0.012004930840346187 0.9628720170045098 0.2696831085089048 12.496021845407613 -0.34939905589840076 0.25674124449280483 -0.9011162535512584 51.33422771306299
-0.9374589020916496 -0.07872547151194544 0.33908391839390134 -201.38775135466892 0.017153167586281617 0.9624585561281809 0.27087694495206577 12.759561770878815 -0.347676603344237 0.25975217505087866 -0.9009197587269008 50.43823452712202
-0.9377059026694718 -0.07735844869308768 0.33871545452757734 -201.05919752633693 0.019745816542470155 0.9614536510753299 0.2742480426913487 13.025629877070555 -0.3468720723050874 0.2638518904377177 -0.9000381025888939 49.55235919016625
-0.9380246363667897 -0.07605533293092241 0.33812836466927715 -200.73068970456555 0.022780672588365265 0.9599817099182831 0.2791265893932846 13.299755591879668 -0.3458235961777576 0.2695298381681038 -0.898758330131429 48.66240592646325
-0.938185798835945 -0.07547331389983848 0.3378122159620329 -200.3985969356009 0.024934751523761935 0.9586655679547945 0.28343330038665837 13.579702689354528 -0.34523801304859286 0.274335791689764 -0.8975285201834761 47.76613762006727
-0.9382656909590655 -0.07463263706470534 0.33777656274053486 -200.0596480282918 0.025363097554036047 0.9589764374727924 0.28234122445910914 13.858219538043278 -0.34498893493551164 0.2734776873570923 -0.8978860150016791 46.842006273478
-0.9382940357615764 -0.07428770264858457 0.3377735143635376 -199.72528683042466 0.023139560010036125 0.9609827693037218 0.2756311154302826 14.115353428978892 -0.3450678848782362 0.26643850907748157 -0.8999694313072124 45.94206455333891
-0.9385746275225622 -0.07190289977866864 0.33751038184982707 -199.40383798623063 0.022772582828239858 0.9630117908718085 0.2684871305870539 14.357100891264283 -0.34432866211991486 0.2596806849815765 -0.9022249126804008 45.05831862175755
-0.938617828028513 -0.0708939474728585 0.33760267216587636 -199.08958620408052 0.022957188734986363 0.9636461484755777 0.2661846280914751 14.600981684887703 -0.34419696682684225 0.2575949283808683 -0.9028716159586047 44.19743615910297
-0.9387216315920736 -0.07203585989622771 0.3370700391206321 -198.7618920675932 0.022505760687890106 0.9630184199309434 0.2684837894654783 14.861983913805357 -0.3439417569164025 0.259616469077146 -0.9023895019709793 43.308989616366134
-0.9388697271726392 -0.07296303821832965 0.3364572963184748 -198.4353717231406 0.022288265542673387 0.962350668023593 0.27088488718919074 15.124139831268307 -0.3435511011187255 0.2618237732937479 -0.9019004201293712 42.42232706336952
-0.9389349480105169 -0.0734144747422235 0.3361767666048664 -198.10810110135156 0.022013881971874098 0.9621557138795509 0.271598417629057 15.386405755214172 -0.34339031793675995 0.2624129501802227 -0.9017903658993419 41.532560253060005
-0.939732929194418 -0.07459189693048758 0.333678584494316 -197.7797486785674 0.02003341800163962 0.9622222249475277 0.2715166185327765 15.650089557415408 -0.3413225253008721 0.26183696278384255 -0.9027421877271521 40.62830834707846
-0.9417678449470869 -0.0757619912272605 0.3276231784135718 -197.46268703044754 0.017037583463185384 0.9622849397662482 0.2714987429188451 15.910750505025712 -0.3358328182942952 0.2612697526361605 -0.9049627452258024 39.725697932656935
-0.9442116905587474 -0.07608407194932329 0.3204353767380318 -197.15135654885086 0.014602918079563569 0.9623189525337095 0.27151999039298164 16.174931881662708 -0.32901586368935154 0.26105085868831845 -0.9075263988452091 38.797621755617755
-0.9475567720307321 -0.07434411617275206 0.3108254895933597 -196.8631627182186 0.013371801476321058 0.9624906481649533 0.270971666301878 16.428931107127184 -0.31930856287187626 0.2609168094548708 -0.911025411361737 37.887740164012655
-0.9519740166397044 -0.07227017096807446 0.29753407078706134 -196.59701546091816 0.011766482608570876 0.9623894009668881 0.2714059627436508 16.68063287841183 -0.3059549862154831 0.2618716215599713 -0.9153239419681898 36.98960889543855
-0.9569201719537572 -0.06950300439716589 0.28191597886286673 -196.353396051356 0.010688554339986427 0.9618358776320678 0.2734056488274405 16.934259311634804 -0.290155956692265 0.2646401353277692 -0.9196621371303995 36.0980725568549
-0.9621333452390256 -0.06726245314783047 0.2641551334436631 -196.13849427917077 0.008381307013355349 0.9613166158380853 0.2753050915865784 17.17903307059575 -0.27245102427105294 0.26709352494585487 -0.9243561591914973 35.23947050981968
-0.9683179576999663 -0.06405575147219558 0.24137236078398433 -195.94531187333115 0.005071826116540057 0.9612977608842761 0.27545268130811584 17.423739532487566 -0.24967123778649872 0.26794926336692554 -0.9305215346172839 34.366016344102974
-0.9748718455632562 -0.06001028800524702 0.21453916197140613 -195.77837297110537 0.0012724365272608488 0.9615173560656445 0.2747296250375536 17.669384011327896 -0.22276579813435107 0.26809802655889 -0.9372841070918728 33.47972018840023
-0.9811328365756854 -0.056603248003656896 0.18486884400073972 -195.63823093483612 -0.0037083199134733983 0.961516355979522 0.2747102581347114 17.92109840673423 -0.19330029083237488 0.2688406333157952 -0.943589903152469 32.57248632307242
-0.9865823873704129 -0.05304340570409905 0.1544143383450907 -195.52984171966506 -0.008832097498375574 0.9617078429714185 0.27392183408113024 18.16868733847083 -0.16302742138995588 0.2688815231676687 -0.9492771148909066 31.666837484088273
-0.990969458697777 -0.04937362191934649 0.12467096390230639 -195.44821885346607 -0.013756602076532155 0.9622704496989556 0.27173373277372365 18.411886810201146 -0.1333800080990448 0.2675634569563083 -0.9542648238660545 30.756533924879456
-0.9943084202812599 -0.04527439899579168 0.09644421103531445 -195.390378896644 -0.018561341696238083 0.9649866059868921 0.26162730951245455 18.653283607155174 -0.10490860770476766 0.25834690468571686 -0.9603399316686629 29.802278441867482
-0.9967014727347904 -0.04386408604524277 0.06827715886301275 -195.36199770959215 -0.025432757320379955 0.9677870604032007 0.2504673561428043 18.866960657783544 -0.0770601653918358 0.24790365547987994 -0.9657158411664108 28.88986191038516
-0.9981551999068787 -0.046063318473304374 0.03956134590178914 -195.35829661463328 -0.03520202392537368 0.9698674397336347 0.24106198798329534 19.07153171975059 -0.04946949479274573 0.23922323390405206 -0.9697048412553911 27.991881230321237
-0.9987569050194159 -0.04880445674148824 0.010131348902661551 -195.38184919039404 -0.044980997938760765 0.9700719795520021 0.2385989792010056 19.270272157005103 -0.021469205881844956 0.23784526789973098 -0.9710668283623629 27.121851003279197
-0.9986324784039763 -0.04951503555873522 -0.016745401665416812 -195.42886765321174 -0.05206999912521417 0.9702953525733884 0.2362364766928939 19.46683784180838 0.004554102621201681 0.23678391313071734 -0.971552356011871 26.252515295204685
-0.9980394516765383 -0.04692456067413604 -0.041400027034749126 -195.49648772343795 -0.05529658907589111 0.9710237165793411 0.23248016255247433 19.658701456958312 0.02929495408022325 0.23431220359288665 -0.9717206397226485 25.381461519985844
-0.9971058938071156 -0.043306460485345026 -0.06247868183426601 -195.58082875879498 -0.05651116703650653 0.9719756552734574 0.22817145606388659 19.851042681227522 0.05085040158114292 0.23104039335273974 -0.9716152398736887 24.490657913288395
-0.995858934817922 -0.04346181217436386 -0.07984054154257286 -195.67671901727834 -0.06061190298886459 0.9720261891320823 0.22690019000449407 20.04238882253547 0.06774942941563832 0.23079842441910567 -0.9706407283985011 23.614942195850944
-0.9941473685636886 -0.04494965256745876 -0.09823102287581648 -195.79098520496524 -0.06662581010727245 0.9708983113697063 0.2300215721064091 20.25079145768272 0.08503696193722404 0.23521855793482502 -0.9682160283169994 22.70553665005481
-0.9923783591376197 -0.04369763991464407 -0.11521862324265206 -195.92489105539676 -0.06938808681014422 0.9708416616248311 0.2294443198054994 20.454591525571665 0.101837261541739 0.23568884523130346 -0.9664791631466022 21.797894964957855
-0.9903920648332286 -0.043419185889223576 -0.1312913973927686 -196.07109716429983 -0.07271280617414257 0.9710880070669689 0.22736222731398112 20.652100358764184 0.11762795371190563 0.23472269842114515 -0.96492005876994 20.890509319935692
-0.9883037787990494 -0.044712024078161695 -0.14579419509133787 -196.22482742910051 -0.07658422081639171 0.9722640925583892 0.22097631228344833 20.8398991765896 0.1318744988146604 0.22955568595882633 -0.9643210430215388 19.99295276854866
-0.9864995708170644 -0.04191682352535517 -0.15830713031443916 -196.39247377835468 -0.07610416345812851 0.9732999146212742 0.2165379527058092 21.02478433950883 0.1450082441460878 0.225660785632624 -0.9633542666345948 19.09477671048307
-0.985269661108843 -0.037013218362623265 -0.16695320803182712 -196.57739776486534 -0.0736835335500902 0.9729017566032312 0.21915109903274585 21.22672291167623 0.15432217218859817 0.22822259978935933 -0.9613017627229847 18.161959098494354
-0.9844404521590855 -0.030573593432964726 -0.1730371077186765 -196.765898601943 -0.06997111050159134 0.9715090051720012 0.22642556921494592 21.448432568123984 0.16118892856729597 0.23500827321755452 -0.958536089640511 17.210732187320524
-0.9841091312023059 -0.025631516319464347 -0.1757051522642746 -196.95283626001054 -0.0668842816975785 0.9701498554788534 0.23308932809108796 21.679879737934733 0.16449036411737664 0.24113538697518289 -0.9564513531766661 16.251751930968027
-0.9839803284843857 -0.026263341206260653 -0.1763336729429763 -197.13285802934905 -0.06761632212118034 0.9701648086020227 0.2328162841025741 21.90815453121119 0.16496259101531208 0.2410078226897449 -0.9564023044893766 15.29533220000539
-0.9837931175779104 -0.029681675462341763 -0.1768373997243141 -197.31140067824612 -0.07056642291776415 0.9707098780202079 0.22964856556431398 22.130521699066815 0.16484549481378302 0.2384033505323475 -0.9570753687558642 14.333291076765311
-0.9835530878226251 -0.034639247072933504 -0.17726537544855336 -197.48749107293534 -0.07473953366495872 0.9715213733638032 0.2248452738202597 22.34832205780903 0.16443371610932964 0.2343942271647037 -0.9581350007826505 13.365434155549648
-0.9832938357096378 -0.04192252747493722 -0.17713251651948944 -197.66335753113034 -0.0815146424617095 0.9714998402368455 0.2225727090157799 22.573937070858346 0.16275847393134002 0.23329147191427196 -0.958690392681855 12.373900638336318
-0.98315924871207 -0.0450727791713303 -0.17710625213460435 -197.847058371985 -0.08449179891777216 0.9714198159345946 0.22181039577502643 22.801099740243185 0.16205193587655475 0.23303717061898813 -0.9588720392791775 11.368807552187954
-0.9831932235268457 -0.045899695663378 -0.17670396584364495 -198.0329340121685 -0.08544875813437455 0.971014028624481 0.2232153077859822 23.033407816636725 0.16134169804902054 0.23456109055787758 -0.9586200504958806 10.35451410491578
-0.9832858652799592 -0.046378749353351297 -0.17606539782189365 -198.22116495200848 -0.08588965059523708 0.9708085205234271 0.22394153697901606 23.269164105525835 0.1605443656637334 0.2353191068658017 -0.9585685354513028 9.327015747835961
-0.9833456889956448 -0.04676662522249948 -0.1756269030539515 -198.41273334294206 -0.08617371167070709 0.970772716928758 0.22398690080266734 23.50696296835 0.16002375288852394 0.23538935591134347 -0.9586381071688145 8.283371948089417
-0.9832729452946375 -0.04915023456289196 -0.17538411468224535 -198.60438794263362 -0.08827369638598027 0.970852820817195 0.22281819621520085 23.746125123832645 0.15932574175756845 0.23457125664924836 -0.9589547859236476 7.221338212077092
-0.983181932179555 -0.051045402766585674 -0.17535292548308298 -198.79985370583668 -0.08987207753758955 0.9710723244322094 0.2212176953209581 23.981685442183597 0.15899324139569226 0.23325500370626925 -0.9593310683797095 6.15719956797518
-0.9831020663991555 -0.05301131383090831 -0.17521698933180432 -198.99306162913487 -0.09147350413027662 0.9713452115875951 0.2193562343545189 24.210768007710673 0.15857251772816675 0.2316754396349153 -0.9597835443589907 5.107844434612817
-0.9829804373549246 -0.054800956018695175 -0.17534771011223846 -199.1845665748388 -0.09312879900528365 0.9713844947609062 0.21848378476167485 24.438809911335156 0.15836194101802648 0.23109326783894457 -0.959958515876045 4.066731294261732
-0.9828503306412562 -0.0553075277119755 -0.1759188729050076 -199.38988597677616 -0.09373831288362273 0.9713629944200682 0.2183201517305349 24.67778256152053 0.15881111087101352 0.23106454956930383 -0.9598915498932654 2.9768191334025214
-0.9826894797448987 -0.055502676672166525 -0.17675381945968538 -199.59868962397815 -0.09412651540966538 0.9713299621546233 0.21829965236084853 24.91598105564683 0.15957484407160966 0.23115618631130294 -0.9597427534925088 1.887226002689034
-0.9825623327981678 -0.055402420104025914 -0.1774921559864081 -199.80512650687567 -0.09419042998977607 0.9713415611554416 0.21822130736631493 25.15034039924134 0.16032015791792714 0.2311325503520622 -0.9596243437418989 0.8147712467676258
-0.9824675634580594 -0.05558047959171414 -0.1779602324436618 -200.0170772071733 -0.09444259643733671 0.9713642692954746 0.218010793558371 25.389822359960032 0.16075172162725393 0.23099392279012626 -0.9595853889853122 -0.2853510495696103
-0.9823853355263479 -0.055500744165666326 -0.17843666716195344 -200.22798188629338 -0.09458190279480645 0.9712098042857229 0.21863634824647435 25.6356428010709 0.16116984783291763 0.23166007485814058 -0.9593545358937532 -1.3826718147223234
-0.9823320444130036 -0.05542971949746954 -0.17875092404518927 -200.43732586624424 -0.09481752101597116 0.9708758867322079 0.22001037789033048 25.88162703196436 0.1613549300945929 0.23306979443447107 -0.9589817023795509 -2.475597550092499
-0.9822438230501769 -0.055633257556731694 -0.17917275807110952 -200.65434221653808 -0.09522796319178285 0.970691130804053 0.22064836317150752 26.13435131341326 0.16165084222582723 0.23379075016319312 -0.9587564572729601 -3.6042052642534554
-0.9821468655791422 -0.05632201965722918 -0.1794907616205398 -200.87564641977895 -0.09583084190415149 0.9708396801651331 0.21973244094167638 26.38268506798117 0.16188557836819914 0.2330083006679249 -0.9589073813282096 -4.745266686203176
-0.9820670716970519 -0.056960185864279846 -0.17972805903391195 -201.08320376563213 -0.09612598827022997 0.9713338243271994 0.21740839640367576 26.610776732683302 0.16219644602763267 0.2307841811072629 -0.9593929008601076 -5.811037134522926
-0.981950915816589 -0.057978935981399714 -0.18003869916326634 -201.29751644994045 -0.09703433110937736 0.9714724614599244 0.21638345408271678 26.848732020757584 0.16236068589859987 0.22994614693294757 -0.9595665945745075 -6.921434979860988
-0.9818702013830851 -0.057952392689525845 -0.1804863903222924 -201.51250605141095 -0.09709232991514039 0.9714953338183206 0.21625429486995082 27.087167024824442 0.16281308906182282 0.22985620890326594 -0.959511409849608 -8.02402341117455
-0.9816545790108986 -0.05798843049065713 -0.18164515013013718 -201.7216382926422 -0.09742752715598023 0.9714299189992418 0.21639811665397726 27.32016100863454 0.1639106373033455 0.23012411975492908 -0.959260342366551 -9.091889904947895
-0.9811977322434373 -0.0577535502651258 -0.1841748758237944 -201.93980306299866 -0.09788525911547487 0.9712708343554499 0.21690800544426114 27.55947245902317 0.166360107722779 0.23085589143916796 -0.9586629253575307 -10.185429219003064
-0.9809071267267357 -0.05709270071032179 -0.18591919266154716 -202.1704975705165 -0.09758232041142684 0.9713825152337607 0.21654230057191867 27.803909803641584 0.16823949357676696 0.23054850739394406 -0.958408873117106 -11.31919334688329
-0.980478190933932 -0.05757404632756179 -0.18802256229589936 -202.39099075655804 -0.09841050445057084 0.9714873788752896 0.2156959748705596 28.03163005915447 0.17024658791975414 0.22998722268887828 -0.9581893198107042 -12.391102525153949
-0.979875168899242 -0.058000658473792766 -0.19101050418670462 -202.61301295358564 -0.09940368667056157 0.9715592743545909 0.2149150122617808 28.256755672820432 0.17311638386532108 0.22957569630120134 -0.9577735082974773 -13.456869993471356
-0.9794481036128597 -0.05846015463136216 -0.19304931454593346 -202.84261830968276 -0.10041096861509703 0.9713745303427503 0.21528091869557522 28.493705910355793 0.17494154534085138 0.2302393640847828 -0.9572824893554036 -14.554633174570345
-0.9790814782969406 -0.058641704094083376 -0.19484914281077712 -203.06826729891407 -0.10110308085565656 0.971204952753549 0.2157240206423262 28.725923714067786 0.17659150703701726 0.23090974690411223 -0.9568183181116073 -15.623828183478608
-0.9786794335120594 -0.05863223891360299 -0.19686217029480582 -203.29449483184163 -0.10159188053569361 0.9711354612434375 0.2158084250653027 28.954659953636522 0.17852996121351403 0.23120546422387378 -0.956387162684556 -16.679794743822526
-0.9784028452775243 -0.05872280499885427 -0.19820415311194003 -203.52822091948377 -0.10195744351317812 0.9711518565014213 0.2155614600832229 29.187094771692625 0.17983150910704732 0.23111311623193498 -0.956165468589439 -17.76246295991892
-0.9781582349580912 -0.059224725199890194 -0.19926010337310904 -203.75248956257852 -0.10262649140513709 0.9711781649528585 0.21512463228729167 29.41283779303845 0.18078006505516192 0.23087400265523886 -0.9560441213570604 -18.801569332474106
-0.9780266595444148 -0.05928221223151916 -0.19988899451064737 -203.97476891416275 -0.10272511977096001 0.9712952170336028 0.2145484812384345 29.632613741577988 0.18143601078212462 0.23036661413618484 -0.9560423135486449 -19.824920834335952
-0.9778624809378375 -0.060005064793029604 -0.20047715714560807 -204.2136855207998 -0.10351716929115741 0.9712886381360423 0.21419718778770144 29.870920349419528 0.18187192481152012 0.23020704054712804 -0.9559980489251025 -20.934704339840422
-0.9777796629335512 -0.06042610418696327 -0.20075423785130808 -204.45432815925884 -0.10401293608698158 0.9712223784348969 0.21425678095474515 30.11358704351973 0.18203405201031625 0.2303758206249378 -0.9559263412481758 -22.05787613666188
-0.9776725995209998 -0.061588091662747285 -0.20092397740403303 -204.6896938422169 -0.104893792873739 0.9714902606777248 0.21260713532670508 30.34408674398797 0.18210516857437678 0.22893444776433364 -0.9562590661831933 -23.153210398025035
-0.9774864988015758 -0.06420644053312372 -0.2010104790330767 -204.92131203179906 -0.10657567779869244 0.9723769325827127 0.20765937057376144 30.564101518122442 0.18212832276305402 0.22440572539392856 -0.9573277244618279 -24.235314660129642
-0.9773860018583108 -0.06634259424623588 -0.20080629130843045 -205.13596993850356 -0.10808740923169646 0.9728419557422059 0.2046775434916477 30.766860081316935 0.18177718549501345 0.22175243309711976 -0.9580125479344295 -25.24536049270332
-0.9773949064185129 -0.06663124872406348 -0.20066542963427902 -205.35977138485993 -0.10819075868379445 0.9729978455657187 0.20387986747716233 30.979400552022895 0.18166588542169407 0.22098002362736804 -0.9582118119594898 -26.2968114841318
-0.977462375200092 -0.0664554780113701 -0.2003937481840126 -205.58396105141972 -0.1080177920150697 0.9729456707713391 0.2042200396444058 31.19929528969496 0.18140425603896493 0.22126221511723848 -0.9581963285056397 -27.360159068916552
-0.9775232345164347 -0.06619791428059345 -0.20018342115580606 -205.80091184577336 -0.10777576893584259 0.9729032647927945 0.2045500390526791 31.412886214448466 0.18122175133707055 0.2215260437752996 -0.9581699834943066 -28.390068604193754
-0.977604445519518 -0.0658016431920501 -0.19991783186006373 -206.01741690912903 -0.10738493034293212 0.9728748992756088 0.2048917478684542 31.6260508997891 0.1810161272102166 0.2217701135668006 -0.9581524616510778 -29.416358237218947
-0.9776549082407259 -0.06574477211572814 -0.19969107173387585 -206.23349768707473 -0.10731801471092936 0.9728359378533333 0.2051129679818941 31.840284941357364 0.18078460577707664 0.22195898186921648 -0.9581527185967614 -30.44629456259
-0.9776709675455827 -0.06598883227657054 -0.19953277996166094 -206.45485201555633 -0.10755750534344727 0.9727726913201511 0.2052877719700596 32.06056348741346 0.1805562497194559 0.2221638973497333 -0.9581484128535638 -31.505552630986276
-0.9776752238841669 -0.06674419057934496 -0.19926071311736104 -206.67487067549155 -0.10823059664007287 0.972715564591648 0.20520452507556983 32.280496879725405 0.1801305895234509 0.22218805960705953 -0.9582229071446513 -32.566448518143055
-0.9776733684782125 -0.06731559881494116 -0.1990785206555524 -206.89557760462307 -0.10862039805082213 0.9728256237122263 0.20447574057159465 32.49597324593708 0.17990711100205203 0.22153297174391445 -0.9584166157331457 -33.62254866682579
-0.9778744361147785 -0.06658847717490615 -0.19833395011878507 -207.1024098832432 -0.10754821882089757 0.9731436940723479 0.20352724856692753 32.6970016629521 0.17945779284084287 0.22035339673054 -0.958772827209861 -34.6108202730059
-0.978216515071027 -0.06695081971732164 -0.1965192976310692 -207.30406842501745 -0.10737732245926238 0.9732945316560017 0.202896244247114 32.901233985740284 0.17768953727446693 0.2195772139584927 -0.9592805484507998 -35.605223928693135
-0.9784355384505034 -0.0683420196959606 -0.19494168316329422 -207.5003944739424 -0.10836440500918289 0.9732275951369875 0.20269118476882284 33.10867212880584 0.17587317632557692 0.21944374899273084 -0.9596454386066656 -36.605169095944326
-0.9785401153725771 -0.06933033113310215 -0.19406636889821396 -207.69394492101145 -0.10901320552252901 0.973309237656658 0.20194966548401244 33.30803097346982 0.1748882266153447 0.2187703367415239 -0.9599791266624667 -37.58318003615559
-0.9787335159865813 -0.06956136562112415 -0.19300538150146246 -207.8939748161303 -0.10896530012418819 0.9733571037363871 0.2017438448279949 33.51150867472856 0.1738325436347913 0.2184830720443598 -0.9602361687510569 -38.58238880181972
-0.9787592779121865 -0.07010459583078095 -0.19267971230020114 -208.0915546138044 -0.10944422465321099 0.9732897092310201 0.20181103489018176 33.71598330268159 0.1733879692521138 0.2186109078552711 -0.9602876360493418 -39.57637598044188
-0.9787226095680726 -0.0709997292343332 -0.19253681873476958 -208.28006443245036 -0.11058374056375503 0.9728347645986303 0.20337713755228368 33.91532507149986 0.1728694999703838 0.2203400708595694 -0.9599858135432346 -40.5286481693338
-0.9786589909279203 -0.07145610661996152 -0.19269067527217637 -208.46806900013866 -0.11135749291694305 0.9724132617163709 0.20496367824954337 34.111576373186985 0.17273196432341903 0.22204590178834377 -0.9596171000678528 -41.46320967152268
-0.978591002895376 -0.07156446006680807 -0.19299476492821172 -208.65506687890738 -0.1116029854476014 0.972305120953294 0.2053415130859486 34.30435178450795 0.17295787205687269 0.22248273977143193 -0.9594750881830371 -42.38338252913504
-0.9784603512425109 -0.07218240863527457 -0.19342738965679093 -208.84389170885663 -0.1122737689954293 0.9722780805832149 0.20510309289752607 34.49659995978262 0.17326358146430076 0.22240053478012994 -0.959438967360623 -43.31266723119679
-0.978301991658214 -0.07269660583415034 -0.19403645642181852 -209.0354065022805 -0.11284243420437373 0.9723083000924984 0.20464746616928764 34.68622029305947 0.17378939259855244 0.222100730416165 -0.9594133277768063 -44.24040258830306
-0.9777578085627592 -0.07271828745010578 -0.19675056606634062 -209.23115812191443 -0.11342865669467153 0.9723088485988535 0.20431938340715824 34.87312654933576 0.17644812373211252 0.22209015903779258 -0.9589302247824085 -45.158607003621775
-0.9768020376585951 -0.07235332759832906 -0.20157479046463977 -209.42816432235915 -0.11405693951574214 0.9723716111284364 0.20367289042060732 35.05182471997317 0.18127265874784568 0.2219370288702083 -0.9580655827141605 -46.04901850692012
-0.9754022641525188 -0.07223451887361698 -0.20828500151852336 -209.63971084390508 -0.1153142071149583 0.9724116047504746 0.20277344112727844 35.23436720124587 0.1878949254913017 0.22180161179537655 -0.956820263009286 -46.96760859836328
-0.9738140877476529 -0.07116438363806787 -0.21594454908950372 -209.87436682868656 -0.11583297636474188 0.9725430351180188 0.20184713349614467 35.428597208337266 0.19565435926981808 0.221572838061915 -0.9553171010627923 -47.94485108184412
-0.9722663793947008 -0.06925065102429266 -0.2234113290165391 -210.0947256340383 -0.11561051323901199 0.9726118549023052 0.20164090943418367 35.60263844959294 0.2033319451718058 0.2218757335995198 -0.9536420031664531 -48.817443242474596
-0.9707329431336387 -0.066336779931082 -0.23084009763533267 -210.31549604118104 -0.11423129515153535 0.9729565169016803 0.20076202493598908 35.76877932675404 0.21128270356436918 0.22125391764787986 -0.9520568417275674 -49.6624346675673
-0.9692184331433042 -0.06472196478519363 -0.2375649802296721 -210.52903941212477 -0.11400439840658011 0.9731427149288969 0.19998767346220916 35.92997780072983 0.21824421864040738 0.22091361541013071 -0.9505643995881042 -50.4602750310826
-0.9676778630144325 -0.06366722671287342 -0.24404106849923293 -210.74571591951937 -0.11430440609010258 0.9732419793444007 0.1993311952869268 36.08772620367242 0.22482325006763035 0.22078211946800153 -0.9490605436674729 -51.251974271739485
-0.9660810619364252 -0.06277167746208866 -0.25051379170586335 -210.95580857279245 -0.11467686096022968 0.9734041068492014 0.19832656684278308 36.2325261434605 0.2314047882363512 0.22032622391920786 -0.9475834598653562 -52.000311609087845
-0.9646054197760177 -0.06183625566604853 -0.25636461894059454 -211.1606177545802 -0.1148310121648838 0.9736101609925122 0.19722204584418948 36.368510323434855 0.23740661796708143 0.21967858993200803 -0.9462483291982648 -52.713249064273754
-0.9632068862266898 -0.060970583933737325 -0.26177535267357005 -211.3584740874048 -0.11498673888883627 0.9737828133431998 0.19628235495612126 36.49742138653384 0.24294768770700423 0.21915924214188878 -0.9449617523015091 -53.39065371017969
-0.961951675894884 -0.059965708829533775 -0.2665775051585852 -211.55205195334716 -0.11482182489508211 0.9740128524325729 0.19523106855167993 36.620657564332355 0.24794560414328234 0.21841015137279512 -0.9438362434247873 -54.04306740628758
-0.9610971433227193 -0.05777408344466773 -0.27012098449701605 -211.7413707419582 -0.11316373075433678 0.9744084324736969 0.1942238786462611 36.739575412210264 0.251989863934032 0.2172341155877186 -0.9430363602479802 -54.67050994447949
-0.9602761130228658 -0.056954828052936175 -0.27319735623293206 -211.9300697942047 -0.11305432873562182 0.9744194527319953 0.194231685206796 36.86247834635853 0.25514916728798365 0.21740037428848616 -0.9421481842073928 -55.29650897217567
-0.9600025113448881 -0.056633207538034594 -0.27422387871179355 -212.09608188607487 -0.11309890107721408 0.9743182409030535 0.19471205304815017 36.972025593984576 0.2561570474035354 0.2179366349160123 -0.941750663745581 -55.85134692460271
-0.9598384802612525 -0.056148545013143585 -0.2748973221428864 -212.25955137609154 -0.11276773285663727 0.9743550308483082 0.1947212589022581 37.08003895113348 0.25691708101573846 0.21789865257115348 -0.941552408805105 -56.404107699436494
-0.9600474128041973 -0.05607202565318889 -0.27418028077344764 -212.36794876506679 -0.11256651764956861 0.9743446295076447 0.19488760197642016 37.15549124325514 0.2562215763828814 0.21796269269605395 -0.9417267882248487 -56.788792728610495
-0.9623076770917431 -0.05874581239952262 -0.26556086268887374 -212.42529011949404 -0.11390177194262488 0.9736948471623869 0.1973434000989445 37.2177377233562 0.24698573193979073 0.22015081201798184 -0.9436831023780304 -57.074926443505724
-0.973759050411416 -0.05762507573779196 -0.22018649977224714 -212.29311741974996 -0.10436179411916514 0.9727709346481206 0.20694173287489967 37.22927871250751 0.20226963315254678 0.22448827656573966 -0.9532563924671199 -57.014573334051235
-0.9890909364661347 -0.06105526951883308 -0.1340942937292387 -212.2528722983688 -0.08956738515768659 0.9717907930295467 0.21817459984019508 37.38713564276794 0.1169950411487978 0.2278032131144777 -0.9666563490164917 -57.693279492123075
-0.9978517344723773 -0.06462740123462152 -0.011184797271659982 -212.08189175526658 -0.06546310059040655 0.9707767397671312 0.23088239548632367 37.57549260629328 -0.00405924325529973 0.23111675267403534 -0.9729207717262243 -58.42094050916498
-0.9946630187566213 -0.07512602175690886 0.07079362605373585 -211.9214431676248 -0.05636879398431101 0.9698235782517745 0.2372007567562061 37.91677356721544 -0.08647295146173467 0.23194275603314032 -0.9688816032954829 -59.83701201135099
-0.9936653458246054 -0.08560774435589522 0.07287456482904024 -211.8182499914283 -0.0661895939605323 0.969420319330601 0.2363086423984911 38.08617409843313 -0.09087194306189307 0.22998720580725943 -0.9689443415614328 -60.50472262756393
-0.9930532230780115 -0.09151684667748664 0.07403010445167121 -211.77040750651994 -0.07173255437424367 0.9691391484128082 0.23584469653567477 38.163885304111446 -0.09332520818168294 0.2288950976356113 -0.9689699717516413 -60.8039314139354
-0.9928015432686634 -0.09211906647208298 0.07661835339874308 -211.7451886450478 -0.07170043159554997 0.9690842443341062 0.23608051767219262 38.20982079180532 -0.09599335708903611 0.2288867831199293 -0.9687115188202784 -60.9817388547754
-0.9927243060831196 -0.09200175032568829 0.07774878785125666 -211.72125230215548 -0.07137166154777014 0.9692213505821587 0.23561619284397922 38.25113260863222 -0.09702900529333497 0.2283521988205873 -0.9687343502616529 -61.154903910611445
-0.9926146686125001 -0.09194923746018462 0.07919731586534681 -211.69887758654804 -0.07121555841434066 0.969777234347349 0.23336617900553838 38.28591192715087 -0.09825812951533507 0.22600245562736226 -0.9691619070605942 -61.309912473164
-0.9925544662640329 -0.09152058812977132 0.08043402772774678 -211.67716891619006 -0.07069118541549524 0.9702280822040529 0.23164599567979485 38.32232244702145 -0.09923600383394961 0.22423512551248295 -0.9694727228552922 -61.47301670631666
-0.9924664383133407 -0.09140401949126314 0.08164418834127937 -211.65594425413826 -0.07028232366084541 0.9702084463819043 0.23185255277533148 38.363423779823336 -0.10040045484668465 0.22436766417240978 -0.9693221088980399 -61.64923330856249
-0.9922534125376703 -0.0919877173280858 0.08355706443552818 -211.63280120892824 -0.07035807960301414 0.9700618605852074 0.23244257749219405 38.40692130318819 -0.10243412555170492 0.2247632125335105 -0.9690177789458259 -61.82685063308209
-0.9920176896882092 -0.09303217505949128 0.0851823585910032 -211.60832475436908 -0.07099308185037528 0.9699762099178646 0.23260715209194438 38.45020181423885 -0.10426151372552236 0.22470329366693811 -0.9688366229051559 -62.00637373648579
-0.9917943265392846 -0.09454381723036381 0.08611857810732745 -211.58912680677344 -0.072315770577366 0.970003665195099 0.2320860983307647 38.47633243881493 -0.10547464707278621 0.2239544093780936 -0.9688792276264165 -62.11264297400546
-0.9916715616920703 -0.09368767746900865 0.08843301574045916 -211.57375791119645 -0.070971381990793 0.9701384724515059 0.23193491846186343 38.49585117676198 -0.10751848462298629 0.22372742200334125 -0.9687066556331572 -62.19645259701847
-0.9916122724081807 -0.09341849601889822 0.08937831816444079 -211.56683138796612 -0.0705718007858733 0.9703327635093825 0.2312424795494646 38.49654292994826 -0.1083257302450329 0.22299550902534257 -0.9687854146136916 -62.19637716730101
-0.9912385676869032 -0.0935557312898889 0.09329413831901494 -211.54933722015846 -0.06977788636080774 0.97029435147746 0.23164384461653223 38.51485380566943 -0.11219107716538268 0.22310462914270626 -0.9683202377467098 -62.277033982659965
-0.9904539423413969 -0.09447241854331319 0.10043158391929286 -211.53016453712533 -0.06900977898369218 0.9702390190744629 0.23210567183434536 38.519597771955816 -0.1193671908550115 0.2229595394735212 -0.9674955870648642 -62.295867400998524
-0.9894455203193118 -0.09605868332171653 0.10853879571331132 -211.5011958846731 -0.0687364651181755 0.9702596191034444 0.2320999758045496 38.53836919155689 -0.12760277896898167 0.22219000850777687 -0.9666207833130537 -62.37274415850191
-0.9884291682654678 -0.09735307639013435 0.11636313440996776 -211.46962894621794 -0.0682435174839977 0.9702940465758013 0.2321023535604269 38.5635924441072 -0.13549909393042503 0.22147604348705857 -0.965709729932318 -62.47361730386925
-0.98750013532037 -0.09838470617697506 0.12318323285196305 -211.4423722968525 -0.0676427200879617 0.9702075626346793 0.23263894813650632 38.58457901947511 -0.1423981922925423 0.22139904549866446 -0.9647343109775702 -62.54146547380949
-0.9865902155280604 -0.09958014156698526 0.12935870480003542 -211.41536378682676 -0.06734112512031883 0.9700960851405293 0.23318996170635548 38.60710518649481 -0.14870824289164547 0.2213520314064362 -0.9637923012169085 -62.62543069081058
-0.9860078762443222 -0.10011178761770925 0.13332617220970908 -211.3965976553592 -0.06685939077795895 0.9699641063823057 0.23387641142918844 38.623484448480035 -0.15273205036508147 0.22169019639318374 -0.9630848150572642 -62.693595613208224
-0.9855802583380849 -0.1004778171911052 0.1361847787725095 -211.38114313589637 -0.06653741353759687 0.96993449569463 0.23409277664873085 38.63572110527406 -0.15560856844997142 0.22165661142165513 -0.962632772433345 -62.750853274371856
-0.9852882416640488 -0.10083394612683977 0.1380242366211466 -211.36940384834523 -0.06643065546275347 0.9698817596755205 0.2343416178610986 38.64503187419386 -0.15749415414390494 0.22172594346336139 -0.9623104247436551 -62.79155689043352
-0.9851776528138345 -0.10099977995229094 0.13869014773083618 -211.36139676908013 -0.06642999653726979 0.9698630841250863 0.23441916373595265 38.65196958307718 -0.15818399613171757 0.22173221928109083 -0.9621957832760113 -62.82018472900927
-0.9850885956023564 -0.10137487320882121 0.13904817598752023 -211.35466418869228 -0.06674145902732503 0.9698760467400959 0.23427659767687353 38.65706321261452 -0.15860633465176377 0.22150358704956785 -0.9621787263842662 -62.839458859082875
-0.9850736141639507 -0.10157289553391513 0.1390138775878868 -211.35154919468116 -0.0669471468985061 0.9698662205728861 0.2342594526836269 38.66114566757052 -0.15861658780588286 0.22145706020971928 -0.9621881052556992 -62.84870047548737
-0.9850870262443678 -0.10170493640802111 0.13882405554346794 -211.35083724326978 -0.06713409064029449 0.9698736884602074 0.23417499740732434 38.66319625845296 -0.1584558967491855 0.22136379240051812 -0.962236215595744 -62.84855243872711
-0.9851070836209853 -0.10172754107815982 0.1386645029396563 -211.3504135087368 -0.06722261032815167 0.9699114896866533 0.23399196569664046 38.66407409304 -0.15829295141509328 0.2211864373114467 -0.9623035304676184 -62.844480662120276
-0.9851110380118016 -0.10179499916551762 0.13858549145081106 -211.34931392039655 -0.06737088696122265 0.9699950951454595 0.23360174065036954 38.66446648095503 -0.1582038689513371 0.22078771574647954 -0.9624095552285707 -62.838389759851225
-0.9851124465781551 -0.10207920148392728 0.13836781807562465 -211.34924259922903 -0.0677295517847354 0.9700136102073791 0.2334206089886753 38.66507076601735 -0.15804311845415214 0.22057452877226327 -0.9624846172224157 -62.82708043562585
-0.985110359427366 -0.10211814510382664 0.13835404483382974 -211.355799727802 -0.06778325329295214 0.9700275775069688 0.23334589810618062 38.656455962492366 -0.15803311447237783 0.22049373061375843 -0.9625044065832555 -62.775072088927026
-0.9850715561753085 -0.1021742095992112 0.13859036214617945 -211.37208008091778 -0.06784535800866821 0.9701110874461922 0.23298022723343725 38.6318373884385 -0.15824986331206112 0.22009983130672314 -0.9625590291507332 -62.658700205665326
-0.9850709041596702 -0.10203929617296457 0.13869450545437542 -211.39250964598654 -0.06770596208338253 0.9701452238369056 0.23287741009940502 38.60208277614562 -0.15831368276409388 0.2200103744999444 -0.9625688593074845 -62.51907930706113
-0.9850914065223192 -0.1020964517444022 0.1385067784532272 -211.4022212870171 -0.06782407277937083 0.9701652277415737 0.23275923266634602 38.58693164711161 -0.1581356029904222 0.21989511521809918 -0.9626244991354049 -62.44199418229431
-0.9851160142404536 -0.10275644578442367 0.1378446665133553 -211.39639531324585 -0.06872403364187352 0.9702498243008498 0.2321425845079329 38.595045024987996 -0.1575955788138415 0.21921435793260988 -0.9628686215271058 -62.47579099042269
-0.9851088144082071 -0.10305949365241077 0.1376700241201128 -211.40087420691847 -0.06908194145880336 0.97025379094859 0.23201997172303018 38.586468782675254 -0.15748451128812097 0.21905474718961207 -0.9629231844528892 -62.42369230598951
-0.9851097237987865 -0.10328026720018653 0.1374983767308324 -211.40186430799912 -0.06935450685116308 0.9702588460546323 0.23191778954787254 38.5848955987855 -0.15735926286855392 0.21892848746729301 -0.962972284046531 -62.39988393806073
-0.9851119404587887 -0.10353892020964324 0.13728714481837506 -211.4042818381001 -0.06967758029700447 0.9702663010293114 0.23178979608160516 38.582689817344466 -0.15720224101838504 0.21877342645872747 -0.9630332698630444 -62.37461877886434
-0.9851146228056586 -0.10370837715286867 0.13714000404959395 -211.40467432894056 -0.06989167654534818 0.9702715681871711 0.2317025611983562 38.58372362295502 -0.15709053984919574 0.21866877670490406 -0.9630752419094888 -62.36487258289203
-0.9851222000080903 -0.10383914983325024 0.13698602976123073 -211.402875546031 -0.0700683274282558 0.970278533263851 0.2316193013265293 38.58812864477751 -0.15696367289227414 0.21857530359085803 -0.963116827116315 -62.371569408960774
-0.9851295502430357 -0.10396934923432838 0.13683263594937534 -211.4014151715196 -0.07024357553729625 0.9702846026956092 0.2315402456704037 38.59191347074335 -0.15683741563991635 0.2184859603323482 -0.9631574088445527 -62.376769283836595
-0.9851375166996834 -0.10410194225814742 0.13666978103269492 -211.40012091107215 -0.07042209711012247 0.9702885269179294 0.23146818090861215 38.59555842526989 -0.1567028637266504 0.2184037994902496 -0.9631974976138887 -62.381621542676115
-0.985144079778768 -0.10424173203542282 0.13651295482459275 -211.3987517470525 -0.07060974448911958 0.9702970423754844 0.2313738750153949 38.599052770500656 -0.1565738549875852 0.2182974266908027 -0.9632420412053003 -62.38633170451675
-0.9851506602689049 -0.10436928829411914 0.13636785426086875 -211.3973287786406 -0.07077929944370642 0.9703014047702021 0.23130376760568977 38.602722993634124 -0.15645599020927006 0.21821712571073704 -0.9632794447871929 -62.39176051128558
-0.9851564772978272 -0.10450631369230992 0.1362210349975812 -211.39593426800735 -0.07095883229859963 0.9703057662353627 0.23123042097642568 38.606317602938425 -0.15633814601989396 0.21813219560801406 -0.9633178410943845 -62.396924416539626
-0.9851599232137992 -0.10463731742123265 0.13609629411626903 -211.39411883556198 -0.07112945745025458 0.9703135047436003 0.23114607570990556 38.610206780659055 -0.1562397530651348 0.21803555568825272 -0.9633557260239308 -62.40397907631051
-0.9851604999887174 -0.1047797017425952 0.13598251257175012 -211.39249933197104 -0.07130660466861342 0.9703173351283416 0.23107504475970947 38.61376658432188 -0.15615547040595626 0.21794963104223172 -0.9633887812059597 -62.409441423245234
-0.9851608165586281 -0.10491849976050951 0.13587272604915152 -211.39080408184287 -0.07148006259640174 0.9703227982427266 0.23099804364771803 38.61741112674061 -0.15607350405338294 0.2178580345248809 -0.9634226846968835 -62.41553106932155
-0.9851615479823244 -0.10505150232992265 0.13576504818612117 -211.3892447792683 -0.07164605335396211 0.970326608245386 0.23093170546286979 38.620790347521414 -0.15599363060087482 0.21777810661179953 -0.9634538998825507 -62.42048844086166
-0.9851648220070542 -0.10519206787584474 0.13563262528942063 -211.38767634070027 -0.07182420876146778 0.9703285932410837 0.23086803890606808 38.624677178285104 -0.15589113139131516 0.21770145635124372 -0.9634878202487941 -62.42715185768283
-0.9851729171899463 -0.10533124461654614 0.13546528622527787 -211.38335878804034 -0.07201136888106688 0.9703335665174274 0.23078757001354483 38.630477445963265 -0.1557529806994735 0.2176103973254871 -0.9635303489668834 -62.44708108024181
-0.9851810060540833 -0.10546367851577412 0.13530101064244587 -211.38522971300122 -0.07219006477751566 0.9703374179186702 0.23071463614610907 38.62778000654431 -0.15561690460075775 0.21752802545290567 -0.9635706044626359 -62.42578077143897
-0.9851790079395156 -0.10564218852561591 0.13517951835985936 -211.3844974238628 -0.07240427511659625 0.9703383612065996 0.2306451515450122 38.62979344881732 -0.15553324872211866 0.21743891545513708 -0.9636047956846312 -62.42376457448101
-0.9851798390412063 -0.105822933851739 0.13503381965405786 -211.38589565240613 -0.07262877856142975 0.9703425114282475 0.23055824058164331 38.62898456814903 -0.1554250079074277 0.21733367658202588 -0.9636462848505779 -62.4090865331246
-0.9851855291351337 -0.10599761048918707 0.1348569983863034 -211.3861261631644 -0.07285322578461155 0.9703448294218725 0.23047736794277526 38.63053441337128 -0.15528559504774633 0.21723772618993775 -0.9636905349949054 -62.405040826904354
-0.9851980113207633 -0.10613761701950462 0.13465296058702725 -211.3882282280079 -0.073051793475298 0.9703526547219772 0.23038109951626373 38.63009012243324 -0.15511056095219475 0.2171339096742886 -0.9637417397292056 -62.391015353944866
-0.9852044436649002 -0.10626988374761381 0.13450234148972134 -211.2902030742973 -0.07323244032837946 0.9703641319623558 0.23027634332933036 38.79464149506375 -0.15498539785457072 0.21701906309912442 -0.963788072940691 -63.08561834164339
-0.9852117544902217 -0.10653680362253647 0.13423627911765276 -211.26986153751085 -0.07356546488860993 0.9703553583389367 0.23020575288500844 38.82745079671583 -0.1547796477837488 0.21692566534571392 -0.9638419451683713 -63.223030935564644
-0.9852402180468326 -0.10656141583286276 0.13401091692754516 -211.2651578342208 -0.07365072332782108 0.9703653833579123 0.23013770987161208 38.834718058116835 -0.15456103287191678 0.2168703820232059 -0.9638897063384633 -63.25507894506986
-0.9852573916068341 -0.1065838477262491 0.13386503093820576 -211.26534986375256 -0.07371782729041892 0.9703791343415218 0.2300585517450674 38.83548951776887 -0.15441804519947996 0.21679838165170207 -0.9639287647939226 -63.254682258842706
-0.9852636248761347 -0.10671201208787359 0.13371237527450944 -211.2643328497121 -0.07389085810431113 0.9703853314618054 0.22997428066051878 38.83837723492486 -0.15429065517847568 0.21670433521841137 -0.9639694588406466 -63.2578742111845
-0.9852700218983127 -0.10684434044348806 0.1335580322764004 -211.2627946964214 -0.07406714466200347 0.9703894886694382 0.22989944820815145 38.84241579987064 -0.1541638375546112 0.2166200073388424 -0.9640086582451173 -63.26451600220741
-0.9852735837461266 -0.10698100671866208 0.1334208782153731 -211.2611381671065 -0.0742433969793011 0.9703928305715548 0.2298283597319152 38.84649968105081 -0.15405484937002353 0.2165376288711037 -0.9640444276353428 -63.27152597017141
-0.9852763498903268 -0.10714321109742565 0.13327050963977413 -211.25981783814595 -0.07444988524892593 0.9703971003588223 0.2297436006350104 38.85006268019495 -0.15393764756040632 0.21643835746754245 -0.9640855679645007 -63.276181433739325
-0.9852899060604278 -0.1072474785259977 0.1330856229541682 -211.2601680969235 -0.0746066716471403 0.9704046655024667 0.2296610104752998 38.85135797443331 -0.1537742826696035 0.21635282430903488 -0.9641309302474985 -63.27099122814378
-0.9852982978378213 -0.10733249672153858 0.13295511280981653 -211.26176036764014 -0.07473534254191098 0.9704185681 0.2295598369895178 38.84979881197668 -0.1536580883937291 0.2162477722619864 -0.9641729832919608 -63.252414441599726
-0.9853139106104504 -0.10742635728673908 0.13276292375654328 -211.25874267094113 -0.07488401073380531 0.9704276177587117 0.2294733455269756 38.85432361639545 -0.15348489446537122 0.216160575176763 -0.9642199537375614 -63.26745469089614
-0.9853158300671407 -0.10758260635015415 0.1326191202678867 -211.2604778807103 -0.07508270496682604 0.970431633556391 0.22939051633750604 38.851808017035054 -0.15337252615377675 0.21606324137775912 -0.9642592803999059 -63.24636560630539
-0.9853400904668154 -0.1076051050563326 0.13242073863090992 -211.26226810541124 -0.07516213353859756 0.97044554476614 0.22930527255058814 38.85078822355932 -0.15317779064446965 0.21598955772106987 -0.9643067810073446 -63.2320273739939
-0.9853441677969483 -0.10774663663816021 0.1322783070422593 -211.26147970779863 -0.07534596096069245 0.9704502556806365 0.2292258290812617 38.85366891197942 -0.15306447615863833 0.21589898599162108 -0.9643456014061715 -63.23338729287284
-0.9853492021534378 -0.10788265570133816 0.1321302334911958 -211.2606041855954 -0.07552577108763739 0.9704558289194744 0.22914209334439511 38.85708527180165 -0.15294355874782434 0.21580494919900955 -0.9643854451989498 -63.23731143143917
-0.985360470976502 -0.10796849364907814 0.13197531901244527 -211.25964883965526 -0.07565303122314684 0.9704587620386195 0.22908636943357036 38.86101047147085 -0.15280694974963194 0.21574719138700754 -0.964419724209754 -63.24393761837941
-0.9853603057146028 -0.10812782266555254 0.13184525124337523 -211.25827398351612 -0.07584773304129099 0.9704574445479416 0.2290285169373811 38.86511437912658 -0.152710842159966 0.21567448946985432 -0.9644512648531022 -63.2511455414829
-0.9853644216325206 -0.10826034562025176 0.13170292747582213 -211.25725172009743 -0.07601859545502125 0.9704575726983075 0.2289697874239163 38.868884117614975 -0.15259630094956772 0.21560526296100946 -0.9644844199318859 -63.25706076277085
-0.9853683076508021 -0.10839747983293846 0.13156193890704454 -211.25613413798638 -0.07619318463503641 0.9704566950009059 0.22891634719737222 38.87276243231331 -0.1524850161831294 0.21554146267533766 -0.9645164819994815 -63.263228444110524
-0.985368906885237 -0.10855577100775773 0.13142726817827405 -211.2550628211697 -0.07638881936178823 0.9704564215727397 0.2288540020948885 38.87628325221467 -0.1523841731453285 0.21546530182296922 -0.9645498947793714 -63.26760874867284
-0.9853733203578916 -0.10870301583154778 0.13127340986657265 -211.25385190036386 -0.07657934865818078 0.9704589193220915 0.2287804233814354 38.88027052465588 -0.15226090812377235 0.21538042132649657 -0.9645886869765151 -63.27442984546614
-0.9853755480003507 -0.10886076163604326 0.13112328471049467 -211.2524811644936 -0.07677652158235578 0.9704565968040326 0.22872192877985678 38.88440163287123 -0.15214419426499431 0.215308505206641 -0.9646225584667134 -63.28116206261787
-0.9853602488292796 -0.10902215377402893 0.13110290836657673 -211.25030511696045 -0.07695065771759853 0.970458876602672 0.2286528956143868 38.88814898912979 -0.15215383731763701 0.21521552345139275 -0.9646414495140339 -63.287793848017124
-0.9852393067865062 -0.10932194691284337 0.13176124536886566 -211.2452811224745 -0.07710161494751934 0.9704472137932432 0.22865159516151962 38.892585189663855 -0.15285991245707553 0.21511625092421943 -0.9645519785235064 -63.30040047031437
-0.9851494575243693 -0.10968155325738219 0.1321315121631638 -211.23999791991682 -0.07738560980885868 0.9704411848146857 0.22857992454663792 38.89778533756665 -0.15329225292660165 0.2149584850203723 -0.9645178960225622 -63.316315978203875
-0.984874706148743 -0.11014335256650376 0.13378494005220154 -211.231854518709 -0.07743516244502541 0.9703748635702723 0.2288441385567914 38.9045897626099 -0.1550223950503856 0.21502116229124518 -0.9642271753333312 -63.34052370301289
-0.9842888245133156 -0.1104584498281693 0.1377768438443543 -211.21938951055887 -0.07672749712691243 0.9702286595579661 0.22970107034278714 38.91342474481664 -0.15904254300732476 0.2155187360450538 -0.9634610464580856 -63.37722663447091
-0.9836351824003134 -0.11087014222099495 0.14204834765753835 -211.2139339840354 -0.07606787657567911 0.9701071165557987 0.23043241420073757 38.909040670277165 -0.16334518585671393 0.21585379882697148 -0.9626657915885032 -63.357397040388406
-0.982812364098529 -0.11107483239696263 0.14747933648320374 -211.20785382593996 -0.07489169904488291 0.9699580827245253 0.23144325775770752 38.90644050213163 -0.1687512581435035 0.21641791136634242 -0.9616059449377032 -63.34562165434159
-0.9816912892596508 -0.11097293589710502 0.15484430402387855 -211.20350124387812 -0.07299602832228834 0.9698951125905267 0.2323132779107761 38.89934327447496 -0.17595794981814622 0.21675408313796934 -0.9602377207640925 -63.31755864944333
-0.9804790951777497 -0.11034883277241853 0.16277089583969342 -211.1989608091072 -0.07041112893402021 0.9698357524825153 0.23335688832102205 38.88926512883384 -0.18360637071885674 0.21733756266238596 -0.9586728717516602 -63.28066264958154
-0.9790482016438014 -0.11007389606520383 0.17134580026045565 -211.1840070984456 -0.06804462606985844 0.9697996319916279 0.2342082667174539 38.88761047838864 -0.19194634096497876 0.21763888189415725 -0.9569699192995028 -63.28190752692542
-0.9772703783077449 -0.10996848591999334 0.1812763497560936 -211.1631663826087 -0.0655320829556411 0.9697777985307057 0.23501426926926175 38.88767492745142 -0.20163709219825326 0.21779003013155118 -0.9549412086623799 -63.2883275469842
-0.9752408426389881 -0.10982409402853166 0.1919764538664248 -211.14367292485446 -0.06277393041945896 0.9697513017666095 0.23587471244337063 38.88492565052918 -0.21206907742208994 0.2179806466642518 -0.952635022483538 -63.28264509282526
-0.9726053463582545 -0.11019501146493353 0.20471037549041296 -211.11529041559814 -0.06000999593287251 0.9696851040945557 0.2368634928784114 38.89029215421917 -0.22460029082468344 0.21808717973986946 -0.9497333919844558 -63.304111261740154
-0.9697154971798939 -0.11059994179103357 0.21778456159777074 -211.0881824322098 -0.05721609236245789 0.9696567157872852 0.2376693174415118 38.89087768618997 -0.23745717802883876 0.21800798593263074 -0.946619161277835 -63.31202810503358
-0.966257620918283 -0.11194469427594272 0.23200225407608327 -211.04538606512511 -0.05525735472633169 0.9697439210574018 0.23777751509367212 38.90382387025609 -0.25159551321461804 0.21693162663217186 -0.9432082512056617 -63.36848456888737
-0.9622623030060095 -0.11340306308913449 0.24738845585325853 -211.00096577497936 -0.05312632119267054 0.9698264119789626 0.23792484150487156 38.91599830784364 -0.2669000308876106 0.21580070426401315 -0.9392519159889302 -63.42542150227286
-0.9577951817401691 -0.11482493631736891 0.2635396754315045 -210.94888432051664 -0.050593330489492855 0.9697804235905575 0.23866230073482947 38.93540583753663 -0.28297461181971595 0.21525385513479134 -0.9346601986169842 -63.4999477782708
-0.9530411364560766 -0.11545451718557921 0.2799864289480294 -210.88706561933986 -0.04684332565911625 0.9695512184067511 0.24035256989139578 38.96490499254566 -0.2992056963353117 0.21594816101879272 -0.92943025264406 -63.60400630493661
-0.9477938783485036 -0.11595788831379732 0.29706967559480013 -210.814740114157 -0.04265191886623601 0.969268897884354 0.24226383623405975 39.001428959221826 -0.3160278239024059 0.21694327685755047 -0.9236130065287264 -63.73071708855461
-0.9415907304374963 -0.11646125685717981 0.3159958573942781 -210.73084824247752 -0.037885160670953676 0.9689733832805558 0.24423005467520856 39.043231379622206 -0.3346298473374927 0.21799096843028473 -0.9167889198434893 -63.87200604742894
-0.9341541157444282 -0.11795534202707064 0.3368264572244132 -210.622789082748 -0.03364374259075065 0.9687003597166762 0.24592727997494906 39.09670545812107 -0.3552873676235191 0.21839980728327266 -0.9088845107827321 -64.03424467928711
-0.9258991129456707 -0.1199397073370716 0.35823828528652396 -210.51944454564966 -0.02929977933077895 0.9682027130229263 0.24843056084796303 39.14559163619681 -0.3766389143155876 0.21952337737840202 -0.8999728828443974 -64.17171981982369
-0.9168500168736039 -0.1207975361648675 0.38053070565010183 -210.40299093773652 -0.023659663610869498 0.9678890915363899 0.25024620668561237 39.200755407831394 -0.39853550002725907 0.22043303459731 -0.8902677820454244 -64.33961872713324
-0.906496720888985 -0.12073863634115489 0.40459209965592147 -210.26877415161775 -0.016737930646214188 0.9677606397087535 0.25129900576230707 39.26271577915956 -0.42188449872614864 0.22102797161884005 -0.8792939923382759 -64.53769924087044
-0.894730868906609 -0.1213035673141061 0.4298272236601171 -210.11936181656742 -0.009556605402507893 0.9673847305810032 0.25311681273974007 39.33086370493056 -0.44650655710816234 0.2223620446768541 -0.8667092825859809 -64.74275276007448
-0.881213490754303 -0.12221724805674658 0.45665646393068987 -209.95049967143953 -0.00193068797666368 0.966920169787053 0.25505632381729515 39.404596160886584 -0.47271720873800527 0.22387558035268154 -0.8523005789867587 -64.95788056197505
-0.8660256281982304 -0.12285247199823904 0.4846824044073898 -209.763976106321 0.0060192673708430785 0.9667107107248354 0.255786801866422 39.479192419549825 -0.4999661043452481 0.22443346576065176 -0.8364580030772907 -65.17628452479526
-0.8485938136446707 -0.1234030014465401 0.5144614731596021 -209.55575664632534 0.01412698007934731 0.9667813101318933 0.25520116132086973 39.55364008366391 -0.5288585022404007 0.2238280253034801 -0.8186623742039943 -65.40012897186402
-0.827708125446307 -0.1249159221742011 0.5470897446968085 -209.3282577366505 0.021435674317617864 0.9671585253042039 0.2532571985809764 39.626257397204455 -0.560752297332803 0.22134785115095662 -0.7978475938578666 -65.6129932962683
-0.8030541768985147 -0.1281206578196669 0.581980242219829 -209.07683775627146 0.0275170118004748 0.967598114039543 0.2509801181854091 39.70048377814286 -0.5952727861184576 0.21756261151512396 -0.7735086945348494 -65.82065290190899
-0.7754332152242861 -0.13012553658587908 0.6178859113275958 -208.78137308167067 0.03574455157447286 0.9679187424262667 0.24869741456745806 39.78661283131958 -0.6304191908652629 0.21493192022409477 -0.7459054414585622 -66.05523321785064
-0.7454475907217528 -0.12929594358084273 0.6539136898720692 -208.45456652973007 0.04713542940195938 0.9683251718411156 0.24519348229997856 39.878432840619475 -0.6648974039287618 0.21359886655196827 -0.7157417107738638 -66.29905304284102
-0.71365530924985 -0.12855538333320116 0.688608785285826 -208.11002408794405 0.05763063552617899 0.9689073783664605 0.24060785726766964 39.96716226150738 -0.6981236114695495 0.21139353639359953 -0.6840581457321365 -66.52993036468168
-0.6802902832416786 -0.12889283287480102 0.7215288903813034 -207.73454897656865 0.06662094962004424 0.9694654708542735 0.23599434394496216 40.059846785231606 -0.7299093853377847 0.2086111884329908 -0.6509323712292328 -66.7609173994422
-0.6448197990557275 -0.13073267801918723 0.7530799357056073 -207.3109387744854 0.07448583895631615 0.9698255650883334 0.23213403428876142 40.165017612248946 -0.7606971985366766 0.20577588691213022 -0.6156262826615148 -67.00361593072043
-0.6078690198693072 -0.13179619610731447 0.7830308680025694 -206.8574205944013 0.08362210787172517 0.9700179508280574 0.22818272388243208 40.27507952156685 -0.7896216211926009 0.2041816580895849 -0.5786249391848715 -67.24178977000247
-0.5682060988956478 -0.1343964448761689 0.8118448074088701 -206.32736454074407 0.09175820457002176 0.970070294714867 0.22480875720602897 40.40213612550956 -0.8177540087674399 0.20222894481496503 -0.5388703501748391 -67.4973997958862
-0.5263116583147732 -0.1386093021112956 0.8389252025508903 -205.79985915113588 0.09817847933470895 0.9701164121201779 0.22187706242472516 40.522776978353846 -0.8446037852121677 0.19913881216074408 -0.4969779700441871 -67.71187132160071
-0.4822232581441477 -0.14318109173019172 0.8642757577747487 -205.2418915671373 0.10623114050010787 0.9697145602275482 0.2199182240311913 40.64981516881904 -0.8695828409117315 0.1978605294081032 -0.4524115275584391 -67.91369346329623
-0.43720730211018255 -0.1471014732890886 0.8872561759476846 -204.64660018593295 0.11628232368126512 0.9690049503331372 0.21795248352234842 40.78453312365173 -0.8918110632407105 0.19846049307157554 -0.4065538805777271 -68.10117894585561
-0.3903905496811475 -0.15120694176881122 0.9081542722124241 -204.021702902241 0.12504201547536348 0.9685700458636289 0.21501628581926727 40.920223778423136 -0.9121172846045964 0.19749569717216692 -0.35921674952318927 -68.26370083254815
-0.3424269059621347 -0.15561147608821194 0.9265753814152415 -203.37614361953337 0.1323436076970161 0.9683663890860418 0.21153699362371892 41.054471254343404 -0.9301760338075324 0.19506022956481564 -0.31100409114362887 -68.39609433683717
-0.2951164163399046 -0.15962725981770087 0.9420394695030399 -202.6981873990983 0.13943088008891727 0.9681944869263229 0.20773736099186238 41.19310470234709 -0.9452321236906628 0.19265419263703443 -0.2634769684280768 -68.5070060971325
-0.2496696295013302 -0.16214844153593308 0.9546651936802534 -201.99536505266377 0.14653522858264953 0.968198904081809 0.20276797978793296 41.331951789798595 -0.9571786310563799 0.19051525053500254 -0.21797341551095395 -68.59528906223912
-0.20885449550797325 -0.16184928301499787 0.9644673749145675 -201.27560156854508 0.1547424313450074 0.9683149949340899 0.19600272237170027 41.46588650448152 -0.9656256379008721 0.19017831980695488 -0.1771963248450654 -68.6691842971036
-0.17183242924154932 -0.160942750392275 0.9718966776338673 -200.54305217625077 0.16119370405811626 0.9686725289284895 0.18890710467488633 41.59442422112343 -0.9718477242963688 0.1891224710976182 -0.14051101752663703 -68.72641785729799
-0.14037331166871705 -0.1598999723189466 0.9771077153005577 -199.77644411405188 0.16606951537222986 0.9690878054870488 0.18244451321321625 41.72547872476846 -0.9760712939591788 0.18787621124352152 -0.1094842436373635 -68.7725102574663
-0.1142902737043475 -0.15747977821010017 0.9808924347034103 -198.99560775064634 0.16941266906859537 0.9698026931317894 0.17543775126671907 41.85214336415997 -0.9788953560184321 0.1862246976839162 -0.0841648878871884 -68.80845355412897
-0.09322981552198543 -0.15497294332157502 0.9835162502839675 -198.21973631228227 0.17313162066666898 0.9702384565062875 0.1692918237865084 41.97405002702009 -0.9804757999479755 0.18605919913929272 -0.06362976325041393 -68.83783676047723
-0.07634005424741694 -0.15413335187131894 0.9851024207380511 -197.40726753334738 0.1757342721848514 0.9704321018072505 0.1654560119411511 42.10198292913967 -0.9814726755596062 0.18574549536999463 -0.04700129633377349 -68.86054946324592
-0.06207836238512538 -0.1527715729653598 0.9863161051209701 -196.5839399499053 0.17833036835422927 0.9706145003653611 0.1615630152554504 42.22872856400971 -0.982010245135047 0.18591804666992318 -0.03301580118586662 -68.87498885357412
-0.04790284702810224 -0.1502242356602401 0.9874963427123429 -195.70244183539492 0.18079155317875378 0.9709911572379778 0.15648315863678372 42.358619812461484 -0.9823539299566497 0.18602522373273211 -0.019358871984679497 -68.88104633839495
-0.03354876542642038 -0.1462150107514483 0.9886891231651821 -194.8390463670924 0.18221905824229268 0.9717633117443227 0.1498945790106503 42.477903922247336 -0.9826851061518204 0.18518497621607966 -0.005963096245753788 -68.87116337089215
-0.019547960814304096 -0.14289606944683372 0.9895499178046686 -193.9548597211877 0.18303185518067708 0.9724944379741735 0.14404827475411927 42.59483182563387 -0.9829124750467868 0.18393309530574212 0.007139417389015369 -68.85100849282998
-0.007029553135169831 -0.1422914206389107 0.9898057535165108 -193.0324746846446 0.18201901932169645 0.9731048760735965 0.14118227024200256 42.71842089798746 -0.9832699272567155 0.1811539322019112 0.019054114214777228 -68.81737675227822
0.001744430317178824 -0.1423782839593493 0.9898162076963376 -192.0903501482127 0.17934262680155505 0.9738069627718133 0.1397585284503589 42.84718338687066 -0.9837850941910548 0.17727055764756014 0.027228286700909127 -68.77627671962094
0.007316410243481761 -0.14251144011285427 0.9897714705731566 -191.09297053433554 0.17543818545702888 0.9746218628943264 0.13903240454607133 42.98346824163255 -0.9844630762922111 0.1726245688478521 0.032127681696755825 -68.73253772976875
0.008710638016997497 -0.14156151775870401 0.9898971748400598 -190.07114748946213 0.17273020461142258 0.9752597866230376 0.13794768318812403 43.12173905035835 -0.9849307573126354 0.1697815682086175 0.03294172610624238 -68.69260797339875
0.00905493421688812 -0.14164218290166697 0.9898828511500751 -189.0326635041704 0.17182729250657444 0.9754123145102904 0.13799897631748212 43.263433077506086 -0.9850858171327704 0.16883746299310104 0.03316455122003014 -68.65633959812153
0.009690450386336365 -0.14195974828141045 0.9898314965309386 -187.94075806160203 0.1717574257057314 0.9753953568318904 0.13820679124224033 43.41144597965049 -0.9850919840131145 0.16866973128886148 0.033828905899632125 -68.61990828219616
0.01234878761899032 -0.14204120994306582 0.9897903265342055 -186.83909102409748 0.1718054603527167 0.9754392386533174 0.13783709238342962 43.5584733155623 -0.9850537818172386 0.16834740979540946 0.03644306734611593 -68.57952129433787
0.017185579895021955 -0.14220672550052718 0.9896944848553013 -185.70483009610052 0.17249521020144293 0.9754131416756343 0.13715835469432158 43.70880490092689 -0.9848607716723984 0.1683586192106114 0.04128704384601551 -68.5332398011381
0.021895615793724572 -0.1419270630132421 0.9896420848249131 -184.5880109289737 0.17237372003669513 0.9755835468303017 0.1360960344990986 43.85457577548889 -0.9847891149077983 0.16760650351062617 0.04581897500520126 -68.48003294664363
0.025631463564966383 -0.1418574506331943 0.9895624123530485 -183.4407616446037 0.17218892844955264 0.9757115357128512 0.1354108841744097 44.0046009025247 -0.9847313998482154 0.1669190457085401 0.04942872848956433 -68.42105145935025
0.030724392089522257 -0.1421460682024177 0.9893756422536598 -182.29389293182481 0.17239112674090742 0.9757555620701964 0.13483470691733898 44.154810267728756 -0.9845499535959101 0.16641498961479653 0.05447794456378566 -68.35600493469786
0.036025929830846834 -0.14415466595531892 0.9889059510212121 -181.13033208694222 0.17306422588749656 0.9754894648810849 0.13589309772027258 44.31085980105904 -0.9842519146557898 0.16624670143502768 0.06008465099643231 -68.28466016155511
0.04107318382154399 -0.1474569983493991 0.9882227164501519 -179.92782674861638 0.17376773244711646 0.9750311211518375 0.13826560716179537 44.4751956209628 -0.9839313326561633 0.16604045755426805 0.06566544973956483 -68.20362044155169
0.04562267182967434 -0.1494524338415223 0.9877233487949918 -178.69724324805804 0.17376184896460184 0.9748594439307073 0.13947926107285774 44.643339369922366 -0.9837321838921754 0.1652636111087 0.07043947504950372 -68.11625439686641
0.04618763923152909 -0.14894328420319894 0.9877740321247324 -177.47812677966272 0.1738102854037348 0.9749364939522445 0.13887937623339125 44.808086924873486 -0.9836974297304811 0.16526917250238607 0.07091238360855318 -68.03298727848771
0.0462195714259053 -0.14693198020063242 0.9880741370166639 -176.2668137879761 0.17211147868262983 0.9755023674603237 0.13701069076552516 44.96703820954293 -0.983994881230268 0.1637248534309376 0.07037010198935247 -67.9515152679027
0.045614367312506086 -0.14654462406658078 0.9881595553016225 -175.0054834831312 0.17166096806560358 0.9756165882841399 0.1367598260281365 45.133256602977724 -0.9841016194441725 0.16338864421431648 0.06965246792522357 -67.87147958694885
0.04521577034180917 -0.1479897109928164 0.9879625910511655 -173.73450320620464 0.17133385424961997 0.9754602844879785 0.13827508693285712 45.30413024756772 -0.9841770312223501 0.16301749000745455 0.06945619470705808 -67.79072841815324
0.044799153535974884 -0.14893155317047949 0.9878398940139235 -172.45631590837726 0.17127086389987478 0.9753283609321185 0.13927772177054143 45.477163691941286 -0.9842070141374354 0.16294677650335554 0.06919593912357588 -67.71038927853499
0.044228297534891645 -0.14939054297856014 0.9877968010119428 -171.1957216793475 0.1714825456147713 0.9752154272016211 0.13980945715163007 45.648145819484185 -0.9841959164738013 0.16320471061484298 0.06874431927932842 -67.63260061043667
0.04391648992968973 -0.1494010374163025 0.987809198862452 -169.9291583052733 0.17113575417726934 0.9752642215985784 0.13989495747409758 45.81904349998675 -0.984270229174214 0.16290426829564264 0.06839231367720013 -67.55282287777688
0.0433836606588246 -0.14912134121506057 0.9878749409136125 -168.66133086525656 0.17092179376183195 0.9753266269961395 0.13972044306496395 45.988982661337694 -0.9843308380834165 0.16278643737379955 0.06779545206049414 -67.4752041667639
0.04305713169287417 -0.14757996585189562 0.9881204885296229 -167.40118837438297 0.1696566738383516 0.9757442566365927 0.13833838883415012 46.15392851214052 -0.984563937191098 0.16168335897554786 0.06704480167465479 -67.39841191708575
0.04256817835931942 -0.145385392755578 0.9884666341396023 -166.1905145864618 0.16872410856152192 0.976190826322515 0.13631331275390243 46.309344956170506 -0.9847451658175815 0.16097411445701637 0.0660792259714216 -67.32729482741333
0.04235983074343153 -0.14502931609055508 0.9885277232769943 -164.93783480602977 0.16821847329852607 0.9763177021687762 0.13602909642418357 46.47234422983064 -0.9848403210499318 0.16052480897801488 0.0657481424467823 -67.25125927430719
0.042127159287306405 -0.14633689239739883 0.9883447461539434 -163.69043232525135 0.16736857280995301 0.9762692433099797 0.13741485812399182 46.63881277417993 -0.9849945282333579 0.15962633074677765 0.06561488166782446 -67.17414179228354
0.04203870707080444 -0.1473225866377025 0.9882021502004675 -162.37938289074015 0.16687102136023582 0.976210210818301 0.13843565295028182 46.81451901553324 -0.985083095110906 0.15908003116474173 0.06561765417606 -67.09432643143931
0.04189949728204706 -0.1462489504397785 0.988367415073924 -161.12951382220706 0.1661312965186027 0.9764761327775309 0.13744616295977563 46.976869409984005 -0.9852138578489478 0.1584371935086054 0.06520550080488154 -67.02078565070072
0.04138423733049502 -0.14442453200374103 0.9886571344803652 -159.90979452325894 0.1668009538865807 0.9766085316089688 0.1356819689965742 47.13272762693736 -0.9851222440016341 0.1592909205562897 0.06450180337156158 -66.95234721467502
0.041081716699182105 -0.14300803463285414 0.9888760143351785 -158.70475431033717 0.16727011503825587 0.976719595671277 0.1343003226666955 47.28548653316526 -0.9850558769141182 0.15988938569459787 0.06404133281692802 -66.88415669003666
0.04123660920920438 -0.14457493077284037 0.9886418203964225 -157.48297624606832 0.16628044815370532 0.9766692550228095 0.1358878707213462 47.449581628240466 -0.9852169246611799 0.15878542280151126 0.06430962845694047 -66.8064120757405
0.04136545900506051 -0.14714834634208399 0.9882566940831291 -156.20954496004492 0.16551210216331447 0.9764382044127634 0.1384599081576218 47.62296291476107 -0.9853406037339707 0.1578380227606004 0.06474060997147311 -66.72688016519915
0.04145814100684494 -0.14860901880501062 0.9880343026050926 -154.94469240534306 0.1646208073557419 0.9763769415018843 0.13994723387205185 47.795410797368376 -0.9854860028543625 0.15684625297159638 0.06493779272591205 -66.64773620545233
0.04149003083860387 -0.147465213090628 0.988203687251005 -153.70205265252068 0.16272968568004484 0.9768381693395984 0.1389361527844889 47.960013161973265 -0.985798383462535 0.1550428418234064 0.06452130104187508 -66.5705630404911
0.04130968742938024 -0.14640347706747733 0.9883685628733722 -152.46870693648202 0.16216551944524754 0.9770712940996621 0.1379516082893878 48.12091036925025 -0.9858986172583819 0.15457772392940802 0.06409958939086549 -66.49784693069972
0.04124604103943853 -0.14601278305823703 0.9884291784533923 -151.24132637966068 0.1618879620503787 0.9771679566971598 0.1375935455154173 48.28171857655984 -0.985947179063821 0.15433675575290878 0.0639374337420734 -66.4245769044443
0.041345118152910275 -0.14621473832117537 0.9883950956579098 -149.99230524369406 0.16142920729878446 0.9772134686506738 0.13780793784551146 48.447611409044676 -0.9860179964329574 0.15385523028011877 0.06400201127413158 -66.34761104027798
0.04131961478310799 -0.14673179297277308 0.9883192095842184 -148.75641106182482 0.16165801062057164 0.9771043552018073 0.13830836872495725 48.61294165588107 -0.9859813046749105 0.1540514726062431 0.06408987100281495 -66.27406233729609
0.04118101330099765 -0.1462813231931041 0.9883917421848678 -147.53329231833362 0.1615738098268182 0.9771774220473176 0.13789000579738803 48.77387995543302 -0.986000796651257 0.15401631465285215 0.06387237190586244 -66.20244023084119
0.04057444154957447 -0.14392946090828532 0.9887620285426725 -146.3005888387544 0.16314690162539222 0.9772421643278527 0.13555823810241147 48.93241835015569 -0.9857664793394597 0.15580981603878577 0.06312882933568247 -66.13468336785903
0.04052501926490466 -0.14254634963485588 0.9889643442798947 -145.10623414496806 0.1639446779589695 0.9773029551168319 0.13414839910991125 49.08399377827319 -0.9856357559297849 0.15669543878868486 0.06297142783364729 -66.06737018499567
0.04080529916612664 -0.1425364592689807 0.9889541309642949 -143.87712715540718 0.16425863094347737 0.9772603641900933 0.1340743581951668 49.24256533772316 -0.9855718314933084 0.1569696891756321 0.06328669894575174 -65.99316063498647
0.042935711383899 -0.1433106887900467 0.9887521221774532 -142.6415601112818 0.1645491420942821 0.9771552511691677 0.1344850123555736 49.40341432762075 -0.9854332823707954 0.15692069312271614 0.06553276408141741 -65.91368692033811
0.04560819269942035 -0.1438546524437447 0.9885531142804928 -141.41609950169064 0.1644927667483594 0.9771477568397264 0.13460660447657344 49.562958125836694 -0.9853220913127227 0.15646717229750598 0.06822563346465937 -65.83026549755199
0.04772711988629405 -0.14389309417464433 0.9884469448286762 -140.18567917064982 0.1634130318650142 0.977358550769543 0.13438935999383614 49.72284420127177 -0.985401124212369 0.15510742872965985 0.0701575321640669 -65.74134616282204
0.04923065749018609 -0.14274560960420085 0.9885393539581183 -138.9865538522979 0.1612206632255452 0.9778881135292756 0.13317949684891492 49.87523650489418 -0.9856881790968933 0.15281281974985947 0.07115270603954112 -65.65146530996465
0.05058174349217068 -0.14108547074658231 0.9887090527958695 -137.80230090670966 0.15972945098063682 0.9783679497233734 0.1314387680049625 50.024067102985285 -0.9858624260393817 0.15127389068935043 0.072020559996244 -65.56318397961537
0.05155996503405735 -0.1407901117522642 0.9887003864636247 -136.59266941470736 0.1592290671821153 0.9785034869423302 0.13103511435548923 50.17751879668734 -0.9858925840060081 0.15067001526176096 0.07286707558033481 -65.47303701925787
0.05261026329017244 -0.14106733898292043 0.9886050971840388 -135.38078646686358 0.1585680110947294 0.978588235611972 0.1312007796211239 50.33294173868443 -0.9859433336778377 0.14985466372510817 0.07385060276030293 -65.3811508580483
0.05312754522105661 -0.1410736844247404 0.9885766593964035 -134.1727817835357 0.15808346092441905 0.9786714888581096 0.1311655632320359 50.4872037854366 -0.9859937812848041 0.14930503740500412 0.07429383530240795 -65.29000288211111
0.05396988557585192 -0.1410530070884749 0.9885341955894095 -132.96373564119463 0.1578903924583792 0.9787204099259105 0.1310335020985613 50.640616281948226 -0.9859791078949883 0.14900391089569567 0.0750903937087756 -65.19904405183365
0.054774501459081366 -0.14135646359226564 0.9884465815106643 -131.75954177056803 0.15790001098529635 0.9786948385799029 0.13121294521799579 50.794016029294525 -0.9859330431394209 0.1488842161451766 0.07592587076256359 -65.10925861565978
0.05515514634092875 -0.14118968975053722 0.9884493646637669 -130.58017267424532 0.1572141527854585 0.9788280721600263 0.13104361761188402 50.94322737675239 -0.9860217363725671 0.14816635747929582 0.07618225943892318 -65.01915319882855
0.05498914231863374 -0.14101743734150277 0.9884831296093449 -129.38238790366654 0.15674950681182692 0.9789173051112643 0.13093349093475323 51.09432239237938 -0.9861051046618672 0.14774020393615328 0.07593204579548578 -64.93201809478458
0.05459891991293765 -0.14016463957977002 0.9886263340720721 -128.21433856072295 0.15566143935845536 0.9791848625252408 0.13022981010170648 51.23879659287479 -0.9862993341081331 0.14677654594504627 0.07527810412633681 -64.84873466376712
0.05401803936246986 -0.13980477455276605 0.9887092547573672 -127.0409103165125 0.15531203292344234 0.9792728858421061 0.12998566267693543 51.38412168309431 -0.9863863903457051 0.1465329731400557 0.07460913860460344 -64.76898922994182
0.05325462137391379 -0.1396830599642862 0.9887680929840682 -125.87858174034523 0.1554345281513651 0.9792562137203615 0.12996767219002764 51.52845757512064 -0.986409029483124 0.1467637660112864 0.07385840388586107 -64.6921377052401
0.051241267332396936 -0.13903697366543025 0.9889653571113716 -124.69112898006237 0.15678765094488675 0.9790992427369765 0.12952612434482585 51.67490362083961 -0.9863018463524478 0.14841706893628517 0.0719664101670844 -64.61891130463677
0.049241079993615766 -0.13751338961303813 0.9892799823707935 -123.5256384699262 0.15874211442373262 0.9789618966876609 0.12817759233144838 51.81620936088695 -0.9860912018301603 0.15072546217893942 0.07003113917879979 -64.55111547590097
0.04722397277916667 -0.1359527776674758 0.9895941199954549 -122.38383122039545 0.16070596669515638 0.9788208154223639 0.12680334995183595 51.95282493462884 -0.985872156391819 0.15304260041448237 0.06806895487615888 -64.48735233406123
0.04562586253514757 -0.13597813525990202 0.9896659493094815 -121.2139638259116 0.16151261383035076 0.9786605892854612 0.12701936982616704 52.09500261744073 -0.9858160038760002 0.15404560665385156 0.06661096572015093 -64.42071976146156
0.044561569961126646 -0.13691695079347863 0.9895853060124501 -120.03804838520905 0.1610616255557186 0.9785889628582515 0.1281420164549608 52.240237151655776 -0.9859392667563619 0.15367196940220496 0.06565584654941062 -64.35134621460247
0.043296259167668084 -0.13722335154694865 0.9895990757580552 -118.83693255109 0.16025727357190006 0.9786488021103831 0.12869264574997835 52.39242970740297 -0.986126638421492 0.1530163755180924 0.06435916119320165 -64.27904438683844
0.04106033912677888 -0.1367381935669919 0.989761514385361 -117.62133193794013 0.15861192919198985 0.9789210924501134 0.12865957588163582 52.54291906372063 -0.9864883169112872 0.15170295550875793 0.06187959848198832 -64.20819422175315
0.039475562608853765 -0.1353270212983748 0.9900197531593655 -116.35835245744687 0.15675774668431103 0.9793559153333006 0.12761797478500003 52.69493991046198 -0.986849011959788 0.15015332581242266 0.059870632676713297 -64.13884143749237
0.038059176768412036 -0.1324989644918743 0.9904577051021992 -115.08744927843568 0.15500850295556862 0.979954284227802 0.12513633280701594 52.84363814944746 -0.9871811083295691 0.1487643689992186 0.05783107566497242 -64.07284282741975
0.036974366357576297 -0.12928603503676656 0.9909230978067399 -113.88245169130163 0.1531462737248645 0.980614387620985 0.12222568557237011 52.979682042251895 -0.9875130402667479 0.14723477986804118 0.0560536919020109 -64.01255254925233
0.035420938745601996 -0.12744615889154384 0.9912182964852084 -112.73149650085318 0.15261129215217528 0.9808913433665789 0.12066373574566835 53.10801511332696 -0.9876529569292796 0.14699481345066032 0.05419014911194043 -63.95996002140738
0.0347159648737437 -0.12689872272428745 0.9913138299712232 -111.60525630016475 0.15195694137308408 0.9810425703453716 0.12026114880809279 53.235333687714125 -0.9877792256426706 0.14645990075031912 0.05333701182194897 -63.90642872235313
0.03447727957113541 -0.12778093687885425 0.9912089507112546 -110.49027548084094 0.1513879608903456 0.9810152023994535 0.12119980444931427 53.36602195765814 -0.9878751429741628 0.1458764179543877 0.05316311529806346 -63.850502829514525
0.03463356937974055 -0.12951075654998606 0.9909790345985641 -109.35166440556475 0.150277420553815 0.98096853365082 0.12294907573493534 53.50189917362164 -0.9880397529171454 0.14466199582881795 0.05343261658120699 -63.790124693196375
0.03508136696802946 -0.1302999986616659 0.9908597876453096 -108.21790294670093 0.14807848045040073 0.9811979274886031 0.12378533622029819 53.63826036716518 -0.9883557326897975 0.14238094276278543 0.05371208551935239 -63.72759748692516
0.03603918583164274 -0.13055044719903375 0.9907919840335397 -107.10747434812112 0.1450611370649361 0.9816135071599874 0.12406326840766398 53.77217926705907 -0.988768437190057 0.13925268488969672 0.0543101031113438 -63.66358882569239
0.03716627733494498 -0.12984272645809528 0.9908430633744921 -105.97892187712965 0.14031620707829842 0.9823777927083266 0.12346889636689032 53.9061673823817 -0.9894111824012146 0.13444086651452403 0.054726123093925494 -63.597208745325716
0.03768483824469635 -0.1288609616036263 0.9909518955618715 -104.84332264034697 0.13680845979338221 0.9829786413574795 0.12262020982745593 54.040093394609855 -0.9898830182803645 0.1309480193392658 0.05466827319754547 -63.53208047519725
0.038058457630530854 -0.12771220668566305 0.9910856902126506 -103.71840483112236 0.13353742592203252 0.983553346617797 0.12161248675139943 54.170862612142535 -0.9903152114427037 0.1277170118890637 0.05448268536062865 -63.46769810389725
0.03789863954056146 -0.12636734580690967 0.9912630006474344 -102.61937473043062 0.13217843007764582 0.9838887350491137 0.1203730340021073 54.29522363226966 -0.9905031583171521 0.12645982436134443 0.05398787434262399 -63.410517766825706
0.03803697245098431 -0.12454191378580058 0.9914888334527006 -101.49812785424083 0.12994513504796837 0.984393794710108 0.11866488699470559 54.420079155657994 -0.9907932991351502 0.12432377910114986 0.053623516615610246 -63.349128177939534
0.03792832539033685 -0.12383187427950126 0.991581838634425 -100.37726409583404 0.13010181149927375 0.9844570123220205 0.11796495420095446 54.54755258696742 -0.9907768011406732 0.12453065863453817 0.05344613444992553 -63.293890900436985
0.03752648570341769 -0.12770200481378374 0.9911064324513312 -99.2075947470536 0.13157636864774727 0.9837968856149012 0.12177783187108764 54.689956002514776 -0.9905977140021163 0.12583478033890075 0.053717752392319455 -63.23388609449638
0.03737273620809178 -0.13152012320771955 0.9906129055976223 -98.06575178534146 0.13174795140459145 0.9832962133995271 0.12557799126923358 54.83224261019431 -0.9905811086431833 0.1258166174014897 0.05407300014597698 -63.17466074982802
0.03717925523643429 -0.13150315567991816 0.9906224829653741 -96.89727507310457 0.13261104398870652 0.9831855284432625 0.12553829536753963 54.97427276489958 -0.9904737369241695 0.12669891410996706 0.053989738363609444 -63.11596994706309
0.037329889948905695 -0.12661056395999276 0.9912537645074714 -95.74141650696214 0.13351041280959797 0.9836799046883665 0.12061461380036725 55.104161266240475 -0.9903470683738967 0.12783895945964752 0.05362156298033548 -63.06124207844655
0.037477052761897875 -0.12240632781458764 0.9917759231475755 -94.58345901306168 0.13386983854860462 0.9841380622853806 0.11640422274261197 55.22942654846393 -0.990292826308436 0.12840508237715642 0.05326635134682108 -63.00586752778345
0.03753282906941754 -0.12123443962603117 0.9919178088106713 -93.45861883089769 0.13328822446837588 0.9843507777667982 0.11526562765148697 55.350163469585155 -0.9903697001731766 0.12788352944441508 0.05310161277729763 -62.95064510948879
0.03744914821512093 -0.12089959277380595 0.9919618865531435 -92.350606103142 0.13312673811030049 0.9844090655605637 0.1149527152089344 55.47025065959401 -0.9903945445285005 0.12775044180542391 0.052957502128951645 -62.8967461940236
0.03730296262428776 -0.12055100566038025 0.9920100319331534 -91.22719145594706 0.1332793139327428 0.9844275953556185 0.11461726230601592 55.59154712929072 -0.9903798036734439 0.1279375441223247 0.0527861019746621 -62.844093140662444
0.03691257754194933 -0.11817409088094048 0.9923101768348865 -90.15898591787852 0.13431325435597855 0.9845590176716226 0.11225463287912772 55.70258576277556 -0.9902545230903349 0.12913519530282475 0.05221245256198399 -62.797547750314365
0.03618584030953344 -0.11515520012303564 0.9926917416240124 -89.10111832400648 0.13630512170490186 0.9846232160221963 0.10925072133035485 55.80934981709017 -0.9900091583486516 0.1313538647392243 0.05132323235333505 -62.75367409177469
0.03551414103546151 -0.1147508028777314 0.9927629310361852 -88.0320676913702 0.1364841894030125 0.9846342696462299 0.1089285367128015 55.91851333338143 -0.9900090541162317 0.1316264359503472 0.05062751249450782 -62.707391435596065
0.03464047193156684 -0.11586459576510101 0.992664322612672 -86.96235639652335 0.13718309662330824 0.9844048355412407 0.11011315235031179 56.03263922559985 -0.989942957040157 0.1323604181022716 0.04999234741495056 -62.66071439403182
0.033808979731008534 -0.1190964600582102 0.9923102726386348 -85.88620841893243 0.13727600687416183 0.9840157873277671 0.11342329052856276 56.151702113673416 -0.989958393137678 0.1323834168575102 0.04961465232332683 -62.61255447087397
0.03327279012794097 -0.11956436048121462 0.9922720332057131 -84.80354807191719 0.13706652072948866 0.9839818757111487 0.1139687888930894 56.27022459894131 -0.9900056319626239 0.13221275403391575 0.04912520191785544 -62.566027322703704
0.032591549435013065 -0.11858614057693279 0.9924117269503401 -83.73404438742723 0.1360431578614391 0.9842196542853338 0.1131387877290259 56.382335583969166 -0.9901691853761935 0.13132097610293045 0.04820737164446056 -62.52199815877563
0.03196324878215655 -0.11712932078670037 0.9926056034624591 -82.6390881084271 0.13442057457071965 0.9845896456035748 0.11185431700757459 56.49821806303759 -0.9904114702228447 0.12984899263930136 0.04721228073213685 -62.47354522331035
0.031116622667885015 -0.11718648811264284 0.9926261649246203 -81.55941901903317 0.1338880513063526 0.984640816723259 0.11204576104111082 56.61516476032051 -0.9905108844952522 0.12941217633477678 0.04632521377286336 -62.42803582466448
0.030615863383317826 -0.1182210518129966 0.9925190773856095 -80.46806395666817 0.13341223917923156 0.9845781113082305 0.11315876563881541 56.73489875890322 -0.9905909293801903 0.12894786488415388 0.04591235627281211 -62.38265824140318
0.030062816286655813 -0.11868482718735157 0.9924805816348329 -79.40972867784706 0.1331107362322475 0.9845557740493834 0.11370431898936735 56.850840132181844 -0.9906480246719155 0.12868953869580158 0.0453934590239952 -62.34052192145622
0.02928845121831411 -0.11822978740384037 0.9925582985404271 -78.33689628207681 0.13363994522343564 0.9845275164655228 0.11332888647551238 56.96506032799944 -0.9906002936605727 0.12932445069400442 0.044632114346489844 -62.30160574384785
0.028934680986503515 -0.11785202871071497 0.9926135775595698 -77.28223390419069 0.13342387926584248 0.9845935226227869 0.11300954227950713 57.077039641015425 -0.990639840909329 0.1291668393873683 0.04420969664503819 -62.26178318996093
0.028584683674957388 -0.11762679616585447 0.9926503167600702 -76.24721432663867 0.13315604240976467 0.9846488476260679 0.11284303046533667 57.18718101069061 -0.9906858349527868 0.12895015368649262 0.04380510182959373 -62.22245634087972
0.028580599160530965 -0.11804143480698191 0.9926011078360223 -75.20822969494053 0.13217504281037631 0.9847288414444488 0.11329807876378455 57.30051404723537 -0.9908174450309445 0.12795741748754322 0.04374252760253216 -62.178884362600144
0.02823007724458692 -0.11795972074440589 0.9926210905807591 -74.19527193281088 0.1317394354379164 0.9847893617167617 0.1132807983431243 57.409344464736314 -0.9908859050818539 0.12756798135973518 0.04333660113784746 -62.13997905526677
0.02790649815782878 -0.11785081762228213 0.9926430775637348 -73.19084059793519 0.13161560641106837 0.9848126918463626 0.11321977531515522 57.51713430424827 -0.9909113450881747 0.12748624120952254 0.04298978966314699 -62.10232435474301
0.0279098792026593 -0.11846748147882118 0.9925694676481507 -72.20752703908823 0.1311563498185989 0.9848012829957923 0.11385070477016404 57.624911535357235 -0.9909722492591918 0.12700292977595898 0.04301945687599027 -62.06199642726115
0.028124676513985467 -0.11909236831078171 0.9924888668037868 -71.24332628346474 0.13061384106173232 0.9848021548949496 0.11446696784381276 57.731372306845614 -0.9910382424076796 0.12641235742924206 0.04324812758089411 -62.02023248787118
0.028397869507853064 -0.11902494292833043 0.9924892515048817 -70.2968884419693 0.13125587951434753 0.984732042684147 0.11433719261559003 57.834803403207516 -0.990945873312549 0.127022078570967 0.043582757492412194 -61.98054811588795
0.02965166450191031 -0.11785274919823742 0.9925922713086061 -69.38222275834359 0.13128014695305426 0.9848813412381136 0.11301352582442037 57.93089047045946 -0.9909056507266933 0.12695550271788014 0.04467100134249466 -61.93899308461821
0.03178975449198484 -0.11725111043218671 0.9925973995503583 -68.49838476966093 0.13125340156517423 0.9849843857176704 0.1121461743831173 58.024309887155766 -0.9908429364690018 0.12671553862658635 0.04669787071818387 -61.89510846422022
0.03561909213650296 -0.11746176127366194 0.9924430931648901 -67.6255108850665 0.1301325324510934 0.9851581857068243 0.1119269054089968 58.118895602384946 -0.9908609293473455 0.12516118061698253 0.05037128608141779 -61.84343724979446
0.039721530554637986 -0.1172866654106617 0.9923080029736027 -66.7647506932538 0.12876364206258434 0.9854071875078346 0.11131445102955181 58.21089122427347 -0.990883629055109 0.12335033953551824 0.05423964637161884 -61.78993036741327
0.044689953384141105 -0.11632793011183973 0.9922095692391913 -65.94260118623158 0.12898924839031273 0.9855548352518376 0.10973557613956483 58.29695203224788 -0.9906427114696424 0.12307902052219499 0.059045286553680305 -61.73755791800858
0.052071796807622285 -0.11492641046668088 0.9920128745379764 -65.13275008209739 0.1308085224645278 0.9855817993307481 0.10731278574310599 58.380171300518796 -0.9900434841008309 0.12417462690465048 0.06635023960000808 -61.68047437103021
0.06025014861997707 -0.1132868804306643 0.991737990444082 -64.36553847386864 0.13399825511398758 0.9854630262894606 0.10442730262393521 58.45673822560026 -0.9891522560981006 0.1265982250907754 0.07455076013597152 -61.61738131333041
0.07023168170028823 -0.1116367229459097 0.9912690046578495 -63.61243073265385 0.1366242009393635 0.9854292680087 0.10129678095720104 58.527909939402456 -0.9881347044435584 0.1283159482516266 0.08445635240305217 -61.54391846362357
0.08201634043817056 -0.11147834732496836 0.9903816320545321 -62.877003867050135 0.1376795595513827 0.9854633670521554 0.09952049151094185 58.59724191733967 -0.9870799376049089 0.12819186133015917 0.09616795034461004 -61.458921725491955
0.09434264555445608 -0.11148897309372895 0.9892820124750817 -62.195943095910565 0.1391913490675569 0.9854253132813019 0.09777819832168361 58.65997436375406 -0.9857659455034383 0.12847376164598473 0.1084816742375975 -61.3704658486513
0.10796284824311668 -0.11222989581311184 0.9878030491377777 -61.533935558155186 0.14109455789712738 0.985278193699808 0.09651999251406762 58.722287273391544 -0.9840957883999645 0.12895183572376764 0.12220515545869934 -61.27189052998034
0.12262335297125598 -0.11351321256258073 0.9859425696712352 -60.886667869443826 0.14325957594114977 0.9850557289025056 0.09559204356602945 58.78362585138887 -0.9820629425264483 0.12952272962194122 0.13704999323243452 -61.16180128844395
0.13849714173654082 -0.11354144337786966 0.9838353956408119 -60.26279034469721 0.14418652391877593 0.9851314781813657 0.09339187276883862 58.83673199796732 -0.9798148561808808 0.12892005506615511 0.15280617856468193 -61.0406113699042
0.15627108228580103 -0.11186857303553367 0.9813612604571798 -59.652596235866845 0.1430586848368989 0.9856500940327219 0.08957557367350684 58.88383168411768 -0.9773032355491682 0.12639292800963742 0.17002959690547487 -60.905636451064424
0.17535144149474433 -0.1103877890515165 0.9783002629812312 -59.06859209409717 0.14228522914902067 0.9861012718190468 0.08576336305101988 58.9260933848367 -0.9741738591651207 0.12415774789001584 0.1886181586517455 -60.76211715780897
0.19512034119929522 -0.11044645874152327 0.9745432700299619 -58.49352177714503 0.14417731579308157 0.9860725508066509 0.08288505810949055 58.96699474271789 -0.9701284276225737 0.12433321757563959 0.20832428918965282 -60.61233261027982
0.215945570219109 -0.11057166600447166 0.9701273262008893 -57.90962184979457 0.14530377033429814 0.9861415010381799 0.0800519134224231 59.007346458370996 -0.9655372016473593 0.12367516222935905 0.2290170161335505 -60.44454214548893
0.23883339724129388 -0.11017315763982415 0.9647933977904385 -57.3369477015717 0.146633355807216 0.9862406052698532 0.07632223438901063 59.04363944098529 -0.9599298729185977 0.1232412194529598 0.25169984618710345 -60.264565864811416
0.2649718974658828 -0.10928873652431832 0.9580457277146045 -56.787860378695505 0.14884022154517038 0.986282858542406 0.0713431795882798 59.073025303829965 -0.9527041987326085 0.12369032248226561 0.2776012660472636 -60.07283871596725
0.2934691237175262 -0.10749983801244035 0.9499081553577596 -56.21874562070708 0.15120240864821952 0.9863675688055301 0.06491137626052555 59.09854565335193 -0.9439397283786329 0.12457760316634683 0.3057204192118071 -59.84905604282155
0.32421851447149297 -0.1056954111736747 0.940062327391334 -55.70122031069154 0.15474751217988436 0.9862770238277616 0.05751919853928644 59.11276207706576 -0.9332441984163845 0.12682186965340544 0.33612309841904414 -59.62196031603084
0.35734077712891293 -0.1045156217774693 0.9281113999569541 -55.16818980325771 0.15745758894354897 0.9862363985829514 0.05043546016556943 59.125049068999694 -0.9206108644333666 0.12811351230889187 0.36887707259251373 -59.36375489603331
0.39421950708041925 -0.10625827788136315 0.9128564154042245 -54.611699855885355 0.16192868948251968 0.985783490467552 0.04481630662785748 59.1407188390143 -0.9046432534808405 0.13014817472502987 0.4058193944683266 -59.06402294885757
0.4346215706461422 -0.10871774640862103 0.8940307330158888 -54.08403067871246 0.16521510611090817 0.9854644222438097 0.039517814888854516 59.15476739524068 -0.8853344037141306 0.1305303708840553 0.44626428108879457 -58.73391905770969
0.47765045418233276 -0.10882231497381671 0.8717877957041315 -53.60816443222036 0.16425380196178058 0.9858627122335285 0.033066157952232625 59.16062900822289 -0.8630641316587746 0.12739888320062895 0.48877063153549016 -58.385730541461186
0.5195299590305787 -0.10603734183519466 0.8478504377305166 -53.17057276825267 0.16042786440062917 0.9867267883995823 0.025100918972149007 59.15764716588711 -0.8392618342818502 0.12297701267572315 0.5296442259056919 -58.022213375673374
0.5596297314266352 -0.1028494079537739 0.8223395226616643 -52.74628452869115 0.1581742835461261 0.9872827602573709 0.01583460759973282 59.147587956497084 -0.8135133814909423 0.12121054574617726 0.5687799968969082 -57.638535524379314
0.5983206318815469 -0.1013179850654943 0.7948290611180818 -52.328927441017065 0.1588813956409543 0.9872768784285811 0.0062477743575403664 59.133497331021275 -0.7853524985787586 0.12254409939203155 0.6068044104149246 -57.236620770417346
0.6357772164044843 -0.10094095178868748 0.7652478591028545 -51.932826943728976 0.1600061619447493 0.9871110529775544 -0.002730482196776263 59.11687489075172 -0.7551121716875943 0.12417914209160204 0.6437328951730297 -56.819795016117354
0.6724068823933388 -0.09742692650197775 0.7337461037586007 -51.58238477462523 0.15338185129329066 0.9881218592184907 -0.009358304141463967 59.097786977677536 -0.7241218440822527 0.11883445273216192 0.6793623726778024 -56.38612602918964
0.7073996229182563 -0.09131982010438161 0.7008942956866965 -51.262648951712244 0.14362426566145728 0.9895015480326386 -0.016036474983164156 59.07809836415684 -0.6920742444936061 0.11200789634969291 0.7130880417573683 -55.932568049092254
0.7415505535039193 -0.08684365449452965 0.6652570416447895 -50.96523853499695 0.1354603108881465 0.9905442912449597 -0.021689862608797832 59.057227750502754 -0.6570859695356317 0.10619853203852059 0.7463020238723694 -55.46833881935937
0.7741990262696116 -0.08604190148493956 0.6270711759554093 -50.68395717172018 0.13024266996421216 0.9911708305825768 -0.02480196613622852 59.038446265647714 -0.6194036414281642 0.10087164152937846 0.7785694879099239 -54.991177598661004
0.8042430108725371 -0.08608670030806942 0.5880373006068116 -50.406893877546366 0.12622716270341303 0.9916191575801983 -0.027469693482402788 59.01786879086382 -0.5807477270723729 0.0963176768371433 0.8083692972713376 -54.480589187694484
0.8331496546285638 -0.08330076075982584 0.5467431630036486 -50.16176267242085 0.11873874056407858 0.9924784038902241 -0.029728794234431317 58.995353990264285 -0.5401579493664729 0.0896873018205884 0.8367744005305492 -53.952034022837715
0.8601813186691207 -0.07454673737596242 0.5045157753214604 -49.90058891214422 0.10542510470525288 0.9938809757459579 -0.0328932615419899 58.96944245210278 -0.4989801361109159 0.08148215261240976 0.8627773876256181 -53.335716163690655
0.883399960483141 -0.06908966665599608 0.46350407645481057 -49.716831969079855 0.09764776793383868 0.9944978749922672 -0.037871220815655825 58.939238578871375 -0.4583409684156484 0.07871515041174582 0.8852864138228882 -52.809614712117195
0.9039076711932407 -0.06481615887561307 0.4227943818458782 -49.56636159568853 0.09220017877507222 0.9947379472580133 -0.04462216503398063 58.90097573499699 -0.41768100862528557 0.07931550997216852 0.9051275957539471 -52.31346301724025
0.9207892217137389 -0.06285695172126082 0.3849701892199116 -49.41554223643903 0.08887839939198937 0.994777046677625 -0.050159281769438284 58.86154525030372 -0.37981035266263163 0.08040060814413615 0.9215664591745865 -51.79584218252243
0.934488934639071 -0.06059829106339445 0.35080515146226504 -49.27122602150107 0.08489850568499238 0.9949078304819742 -0.05429540414211806 58.82154142770804 -0.34573245165042554 0.0805200646175712 0.9348747229804394 -51.2541644377117
0.9462902580674696 -0.05487667776387511 0.3186373576986738 -49.15160621591452 0.07725993228758643 0.9953192225394082 -0.05802995149152989 58.783615403421564 -0.31396548086345955 0.07952965354241004 0.9461002737103236 -50.70943816421048
0.9561081633297482 -0.049546701422424025 0.28880742657865155 -49.04044724153439 0.07022067874745008 0.9956222435742353 -0.06166284658537844 58.743728701296746 -0.2844916590599814 0.07923516484648953 0.9554014445889345 -50.153837948351104
0.963385043790811 -0.047961625043581764 0.26381082525214267 -48.924821259915944 0.06732308269247819 0.995620188587043 -0.06484406098610705 58.70168750286695 -0.25954921596702124 0.08022880963462407 0.9623945439932028 -49.593364730085035
0.9683352023507764 -0.045844619487219344 0.2454215331657002 -48.81326458229437 0.06393513625021094 0.9957502505548246 -0.066256899686848 58.660856118079195 -0.2413452842148076 0.07984837512153325 0.967151427985315 -49.024124209185175
0.9727217180358885 -0.04467445194889768 0.22764711010109906 -48.71122016008475 0.06155454983284626 0.9958105306790374 -0.067597055524998 58.618617617126525 -0.22367749736507553 0.07976400820081977 0.9713968873137798 -48.45692385090298
0.9765039291351907 -0.04489565073408532 0.21078605357962193 -48.61560074060821 0.060868123501382945 0.9956929672208508 -0.0699072383658674 58.57417136405098 -0.20674399355276943 0.08109361916159355 0.9750313575999046 -47.90229450662945
0.9793352606401146 -0.04323383626957962 0.19758507358932387 -48.523438151939224 0.05864099734446046 0.9956192019616786 -0.07280256530081693 58.525416576248716 -0.19357603288597633 0.08288331803256017 0.9775810121213061 -47.33928790391857
0.9818710879309851 -0.040852317782423195 0.18511132236042 -48.43702656807295 0.05549950292303035 0.9956624246274727 -0.07464770834857068 58.47594230082059 -0.18126319937823715 0.08356679067827377 0.9798804098267115 -46.75941276639918
0.9843463343181011 -0.03880023021887103 0.1719379008440813 -48.35109220102968 0.05248494790005145 0.99574108137074 -0.07577319375386288 58.42357477542289 -0.16826991017779597 0.08360996919590238 0.9821916107231844 -46.132877063203594
0.9865398711899993 -0.03772941539653833 0.15912709040657916 -48.2682169465635 0.05048199288776984 0.9957600757024323 -0.07687488841026544 58.36972467930988 -0.15555640930711107 0.08387211939760433 0.9842627928775161 -45.49492941586567
0.9886010995069558 -0.036940535266879765 0.14597625610276274 -48.18948932054333 0.04870903065474173 0.9957698768731458 -0.07788571989020471 58.31367663023246 -0.14248589078974286 0.0841070702090927 0.986219778509873 -44.83138540547448
0.9905047618645015 -0.03763660758909147 0.13224953737783834 -48.1201420815517 0.04830009445062903 0.9957516287554952 -0.07837235574555852 58.25917992678251 -0.12874207258839188 0.08401456562711836 0.9881159903533158 -44.17274018470848
0.9920486579972382 -0.03647955639979725 0.1204792942036226 -48.054546135823365 0.046299522742022654 0.9957379636076226 -0.07974334171491243 58.200400628587445 -0.11706026794636536 0.08468562273105476 0.9895112051908658 -43.48601102156894
0.9931399365392776 -0.034353751284392206 0.11180279953860733 -47.98863796726744 0.04364507547858652 0.9956951155909864 -0.08175005261688859 58.137887046726654 -0.1085164555080971 0.0860671102480328 0.990365517039918 -42.77123080496161
0.9940418439952313 -0.03169879849659329 0.1043193222615105 -47.92840161573594 0.04056411103822941 0.9956385838323911 -0.08399108803964656 58.0758730501014 -0.10120566435725813 0.08772055091301482 0.9909940729237829 -42.06814898862451
0.9946928179123611 -0.030993802542607068 0.09814002971022492 -47.8660809517087 0.03947644217291243 0.9955359810261253 -0.08570905294235721 58.01341972085098 -0.09504964843953491 0.08912693221148532 0.9914778575613762 -41.36188364259133
0.9949845288402276 -0.030350151345515053 0.09534683763548081 -47.804396725273605 0.03866940151736095 0.9954855473309893 -0.08665501116012929 57.949644718942295 -0.09229058084925239 0.08990606265465258 0.9916681869811204 -40.64590366540806
0.9951496091661435 -0.03018667984643828 0.09366464549731682 -47.743001216896054 0.03838367902166066 0.9954675966144501 -0.0869883645354116 57.88606919797411 -0.09061822495555975 0.09016000343862166 0.9917996015585753 -39.92945987468171
0.9953324527243168 -0.02988506808610743 0.09179721131505975 -47.68064379313824 0.037883206882514786 0.9955150957329413 -0.08666161997516829 57.821034827239366 -0.08879982692940386 0.08973323895114797 0.9920027018195867 -39.17091458327514
0.9954709388536258 -0.03024302850773839 0.09016421607249285 -47.615583913500146 0.03803883074659777 0.9955631910946936 -0.08603918250567796 57.75543701482058 -0.08716634243818296 0.08907779513111802 0.992206634758881 -38.39447347474504
0.9957155356825534 -0.030326265149889033 0.08739260502691124 -47.55312742034222 0.03773954235333453 0.9957093707577056 -0.08446418197127895 57.690987403628554 -0.08446036153701564 0.08739906717433518 0.9925898573465962 -37.61067606053059
0.9959381057659011 -0.03045439930003195 0.08478064571667059 -47.490610468423576 0.03750806944077186 0.9958503554993621 -0.08289420796716952 57.62550226642551 -0.08190870756424737 0.08573614927937345 0.9929488693128603 -36.80617843545613
0.9961310083964217 -0.030255430209633793 0.08255995294189612 -47.43013221118607 0.03700392524626686 0.9959857050667346 -0.08148241126619636 57.560293281710486 -0.07976773801459018 0.08422080307899182 0.9932528053274753 -35.997312865449494
0.9963403973238146 -0.03074764457970533 0.07980320719908696 -47.36818492966354 0.03718014135103195 0.9960654288480658 -0.08041929228399744 57.49362990464342 -0.07702095253426089 0.08309057437027355 0.9935649121359235 -35.167359673492825
0.9964829582760094 -0.03232752976437478 0.07737095487511397 -47.308224561529094 0.03854171578218487 0.9960291223459222 -0.08023278401573371 57.427145552610114 -0.07447448296948803 0.08293114823385914 0.993772557213104 -34.35445809782547
0.9966204379543604 -0.03307440951498928 0.07526095207598874 -47.2490506825958 0.039124959997015825 0.9959922989751706 -0.08041110684522762 57.35726980722087 -0.07230419480328777 0.0830822781416836 0.9939202859034874 -33.52115861323013
0.9967406967699218 -0.032867971875324 0.07374146645925944 -47.194032144087124 0.03881743392619969 0.9959756167070775 -0.08076704738992929 57.28726689760598 -0.07079477032876326 0.08336443987331774 0.9940052339443987 -32.69640031284532
0.9968548471016074 -0.03261014958483896 0.07229741926627221 -47.13765369062043 0.03847062409301681 0.9959519598182225 -0.0812218564300454 57.217493200151026 -0.06936084715890915 0.08374585696115837 0.9940742148250271 -31.88428879583926
0.9969340386237251 -0.03227036495253262 0.07136095759480546 -47.08286067505273 0.03806633473500259 0.9959505409623788 -0.08143189818532644 57.148001281225476 -0.06844860721953 0.08389645671625826 0.9941251649249705 -31.063270240491086
0.9969687175167279 -0.03174916356451689 0.07110257612743512 -47.02761394435337 0.03753765872545974 0.9959542035219041 -0.08162801831484617 57.077362868520474 -0.06822795072715751 0.08404775746614576 0.9941270492160408 -30.23146915775413
0.9969893845358753 -0.03126630312908759 0.0710282499143094 -46.9706920463666 0.0370837704955179 0.9959292598779783 -0.0821365864412653 57.00466468117726 -0.06817568224274816 0.0845214677159149 0.9940903676773873 -29.407832129379063
0.9970184038830482 -0.030225304092495797 0.07105949005064202 -46.91359406317451 0.03607230150183461 0.9959355785241821 -0.08250312486262185 56.93098281957338 -0.06828228292119215 0.08481938377518414 0.9940571311534621 -28.569825868290337
0.9970185943103013 -0.02989647984842908 0.07119302249761347 -46.8554683527222 0.03576957839873246 0.9959293070409797 -0.0827095680679713 56.859149380923746 -0.06843594847688848 0.08500878828704657 0.9940302112227747 -27.754561501285135
0.9970179799640674 -0.029741018152356524 0.07127231815651372 -46.79782007753146 0.035617549575615456 0.9959393075235586 -0.08266396702741842 56.789473604121156 -0.0685295941354795 0.08495471237378159 0.9940286856765025 -26.95039976866982
0.9970182317683022 -0.02961873296507565 0.07131814876391024 -46.73969793745266 0.03548998080303199 0.9959548684506099 -0.08252855182954001 56.718976877786126 -0.06859049983182106 0.08481229099227502 0.9940365405515604 -26.13575463926891
0.9970283076285013 -0.029316049596989347 0.07130130966774115 -46.6823197767408 0.03516973711389319 0.9959856870015409 -0.08228993978282978 56.649163936471176 -0.06860800647788495 0.08455187231647981 0.9940573191999252 -25.319706018902004
0.9970328682183112 -0.028989669485816813 0.07137006974423121 -46.6249516626293 0.034843724376156106 0.9960039984567014 -0.08220473247507051 56.57919826940407 -0.06870712504832681 0.08444650992119106 0.9940594404318612 -24.50702616939573
0.9970317863068535 -0.028640672102042165 0.07152860550065693 -46.56536184348549 0.03452400550884975 0.9959967206191834 -0.0824285202770754 56.50616470480108 -0.0688867174912594 0.08465214981198896 0.9940295510783567 -23.683406486462324
0.9970260198758831 -0.028038072495251556 0.07185021687992701 -46.50454488808849 0.03397316506786231 0.9959874625812919 -0.08277147874324647 56.431296792397 -0.0692462759482183 0.08496494689440129 0.9939780876759324 -22.853214204124185
0.9969912815503994 -0.02746851886730926 0.07254741650787355 -46.442415509049695 0.0335118555932907 0.9959457910357545 -0.08345712531679474 56.35627012076416 -0.06996594276192224 0.08563575952106796 0.9938699319897831 -22.047955795043965
0.9969349850209792 -0.02734471046761793 0.07337003475754708 -46.37749403833285 0.03348734932109466 0.995912932356552 -0.08386225509657892 56.28044433502434 -0.07078164781176288 0.08606039823529556 0.993775622139674 -21.235314739694285
0.9968521920114366 -0.026625806580929053 0.07474433771348539 -46.31277289853266 0.03291142494975207 0.995905115955576 -0.08417955411785584 56.20362389300914 -0.0722018076118246 0.0863730219373338 0.9936461768314968 -20.41009773956069
0.9967779410715871 -0.02584432498652515 0.07600661035288012 -46.24902382194367 0.03227840215306493 0.9958821050727136 -0.08469941947740336 56.12831628516529 -0.07350898873813169 0.08687784849640263 0.9935066388617592 -19.61468952410921
0.9966799147345397 -0.026527852095084476 0.07704866165751587 -46.180756265222726 0.03302879533621269 0.9958841691732613 -0.08438411757066126 56.05920655306303 -0.07449740397507884 0.08664675476364751 0.9934530744097005 -18.817818692766846
0.9966280940527995 -0.026461525824784622 0.07773733573812697 -46.116052437380525 0.03299363481258283 0.9959175235245599 -0.08400263614551487 55.99118231905543 -0.0752015256866714 0.08628232667768844 0.9934318232131499 -18.02977039098742
0.9966396141060815 -0.024628895409500567 0.07819366815418932 -46.0527641362666 0.031094683740839853 0.9960960497752105 -0.08260159765758521 55.920295519335205 -0.07585828909141712 0.0847532999490726 0.9935139801197309 -17.194624903574617
0.9965650414942252 -0.024287817417424383 0.0792471732996844 -45.98511540275388 0.03086609976218832 0.9960787403369876 -0.08289696153964995 55.84791998001529 -0.0769270821566004 0.08505583839216643 0.9934060845372737 -16.406227761613376
0.9964962462546488 -0.02527579054969311 0.07980955294412917 -45.917017153842686 0.03221107394983248 0.9956978627891918 -0.08687186861793961 55.77143805913943 -0.0772739777308142 0.08913528357197287 0.9930218517261663 -15.6302756015866
0.9964788537031267 -0.024705233560962762 0.08020334242338668 -45.852700333000044 0.03195114665864663 0.9953932899056213 -0.09038689328482964 55.69355398027658 -0.07760432197096113 0.09262837384898777 0.9926761040512475 -14.866215617682183
0.9964385832357223 -0.021841438290126917 0.081531658147163 -45.79075782969153 0.029560311434492077 0.9950635142538807 -0.09472969140860328 55.61305867133612 -0.07906288810629925 0.09679940328802611 0.9921634522482152 -14.113683398021351
0.9964561552600708 -0.018417443866231696 0.08216265005456014 -45.73263647148343 0.02635487698463487 0.9949718286071522 -0.09662306239063818 55.53391342547028 -0.07997215491340652 0.09844292404700464 0.9919292655349033 -13.352140966841706
0.996446973149678 -0.01690394213060988 0.08260342038412125 -45.672501967911 0.024965419551382678 0.994913970497975 -0.09758659714944617 55.456621490927866 -0.08053557134320999 0.0992986923358978 0.9917988400202788 -12.620183542257982
0.9964132543196611 -0.01583796710291344 0.08320992296889207 -45.61322350239566 0.024018956074142162 0.9948687492824161 -0.09827780783661723 55.38141404597661 -0.08122918238124009 0.0999211996033432 0.9916789944869863 -11.915724935050482
0.9963990587809756 -0.014446379739931133 0.08363521871624743 -45.55344009877913 0.022784811458672838 0.9947619794739725 -0.09964354834039908 55.30313884045518 -0.08176021441514682 0.10118748281370932 0.9915070602576944 -11.199773580045116
0.9963895875253089 -0.012318503412041722 0.08408654054746399 -45.494760307930285 0.020835000484223726 0.9946483797206697 -0.1011902092694366 55.22374307024373 -0.08239282491934029 0.10257383042561989 0.9913118742217021 -10.475730942664777
0.9963697050993648 -0.010143863024488574 0.08461579683303042 -45.43617561698082 0.018824784855531535 0.9945592488315133 -0.1024560132712912 55.144429371730034 -0.08311850954922864 0.10367365631735688 0.9911373515717898 -9.754834579057764
0.9963671481470998 -0.008929656953244632 0.08478830361510747 -45.378174979926335 0.0176822678725258 0.9945169289766368 -0.10307043849692522 55.06625146598793 -0.0834050810436888 0.10419150838278225 0.9910592310308756 -9.041815673413874
0.9963626361076745 -0.008507005380679894 0.08488569958525188 -45.32172706456418 0.0172759592716339 0.994517473162954 -0.10313260925104759 54.99273542662573 -0.08354513367541175 0.10422023927536216 0.9910443124323942 -8.354144546088534
0.9963553349370047 -0.008280154400544098 0.08499107195209524 -45.264445335283675 0.017065083336082015 0.9945160039881825 -0.10318211820289734 54.91848169640386 -0.08367296735245995 0.10425277028801494 0.991030074669542 -7.663699056305031
0.9963482452181243 -0.007772075313104719 0.08511605826729872 -45.20764267349936 0.01659399524358679 0.9944958944399275 -0.1034482102509189 54.84614737718975 -0.08384635675675256 0.10447979898275193 0.990991290891232 -6.989190097434109
0.9963531081787335 -0.007194274144687095 0.08511022443833642 -45.15529044502392 0.016078070119475363 0.9944285652892397 -0.10417490030935539 54.774960990348966 -0.08388926241688559 0.10516021460730443 0.9909156945377391 -6.343223438914012
0.9963688991731536 -0.006722388047830008 0.08495729235143384 -45.10163250665406 0.015672738075252667 0.9943329936898307 -0.10513813308758904 54.699864072108674 -0.08377229467051066 0.10608546144074985 0.9908263645349522 -5.674227277286791
0.9963801104587892 -0.005714402282756948 0.08489891555855038 -45.05166181512134 0.014742234020703108 0.9942446881106933 -0.1061028563717473 54.62769460362355 -0.08380735340359821 0.10696800861191968 0.9907285217537071 -5.03033181488861
0.9964281472648503 -0.0045220238876326905 0.08440663135623695 -45.00500695280012 0.013536998594650315 0.9942139680073139 -0.10654938201837205 54.55750013502909 -0.0834397176487694 0.1073088701566396 0.9907227678856048 -4.388544254070547
0.9964806016951554 -0.0038293111689089296 0.08382199539166033 -44.95579142576132 0.012803570306891223 0.9941967041682929 -0.10680251223901045 54.48426567385548 -0.0829294323780609 0.107496890144416 0.99074535569709 -3.7167928776286963
0.9965117315596026 -0.0034412134325583574 0.08346946504643114 -44.904751901690624 0.012423484113586342 0.9941429827962576 -0.10734629734093765 54.40954066312842 -0.08261405240139248 0.10800588750600981 0.9907163225148004 -3.044350430434187
0.9965636444974018 -0.0034475382214277863 0.08284951516086653 -44.8545073696033 0.012369728917934482 0.994134189529898 -0.10743510802326277 54.337553101725206 -0.08199593070513618 0.10808772650774372 0.9907588127852647 -2.3835694400463927
0.9966596464972369 -0.0034559513786238945 0.08168933130401365 -44.80608114492526 0.012235019855740648 0.9941578512583008 -0.10723059289904847 54.266600373667394 -0.08084434047155331 0.10786873040399086 0.9908772874740177 -1.722384665835288
0.9967294945022408 -0.003099635501656756 0.08084025498873736 -44.75731518927872 0.011775416441571368 0.994179736485178 -0.10707617378391442 54.19300998968349 -0.08004098716471346 0.10767512629950314 0.9909634577521657 -1.0409549036538388
0.9967838434167068 -0.0026568049662005037 0.08018901793035228 -44.7095630882732 0.01125084002852167 0.9942023655176817 -0.10692579171676564 54.12015885373381 -0.07944284195827703 0.10748114886689705 0.9910328347186608 -0.3635914575476852
0.9968554162104301 -0.00232929737082723 0.0793003529900001 -44.66111914048446 0.010812861037477918 0.9942281645165467 -0.10672932074292352 54.04642326705415 -0.07859705766778886 0.10724838407204128 0.9911254592083174 0.32338752940689286
0.9968847162746584 -0.002153140551847119 0.07893722556791784 -44.61514496584098 0.01059266076087427 0.9942378348126039 -0.10666156921239683 53.97724391823975 -0.07825572538864058 0.10716256247928338 0.9911616895814843 0.9625422331075151
0.9968847283806088 -0.002000186286854258 0.07894582677754244 -44.56894911626191 0.010454923599674223 0.9942203496416842 -0.10683816512942312 53.90838517998072 -0.0782787871361596 0.10732785676012342 0.9911422414059291 1.580722231805216
0.9968707108078606 -0.0017076653259795703 0.07912448124023469 -44.52302729552162 0.01019822151678661 0.9942017148296626 -0.10703081456653994 53.840074555713684 -0.07848626581766302 0.10750037133462224 0.9911069442168274 2.1874846702923407
0.9968122792764653 -0.0008941496994644652 0.07987301889125895 -44.47657347996895 0.009483315282432831 0.9941876593585228 -0.10722928018789611 53.77262069326714 -0.0793160268080382 0.1076421694351973 0.9910256302899666 2.7893870535756338
0.9967039816688035 -4.278755701973863e-05 0.08121503597837719 -44.42931591557954 0.008808588739585642 0.9941553866723266 -0.10758600630109111 53.70888777112025 -0.08073900815890198 0.10794397996941908 0.9908779052768144 3.3568819728112307
0.9966199136817533 0.00040048068180867233 0.08223484658610336 -44.38406750676307 0.008492835897801945 0.9941376854151547 -0.10777103968039375 53.64825122642795 -0.08179948438482251 0.10810275960441307 0.9907735040718525 3.8930303593258335
0.9965502955063789 0.0005355509631299278 0.08307653451783051 -44.33886339426163 0.008462467320976491 0.9941213415140734 -0.10792560746243428 53.587943711872654 -0.08264942007637437 0.10825366210101812 0.9906865871947489 4.414777910901552
0.9964662292790316 0.0009287762767245446 0.0840782556684527 -44.29483436692376 0.008202274664945209 0.9940938406620724 -0.10819977964384019 53.5267955361639 -0.08368540767301207 0.10850425867637802 0.99057223288623 4.934654983719732
0.9963997805937467 0.001438618608517068 0.08485866739594032 -44.25135978715137 0.007824936832949336 0.9940381060157629 -0.10873966432138585 53.46557454879755 -0.0845122219174653 0.10900941467297759 0.9904467792121016 5.444281928360392
0.9963437365340921 0.001795245762084934 0.08550117075362033 -44.2079473171767 0.007558923849468157 0.9940158486673333 -0.10895831883243856 53.40493253440946 -0.0851884663881637 0.10920383622394188 0.9903672427636889 5.9572657426925275
0.9963012768499035 0.0019668735209405954 0.085995358872673 -44.16423963996624 0.007453147607097516 0.9940026280285715 -0.10909088072804675 53.34534613059412 -0.08569726708028913 0.10932571872795627 0.9903101129474153 6.465382458320826
0.9962505123529659 0.0022523968660345143 0.08656836372232127 -44.12363969646194 0.0072443656746945875 0.9939877097935572 -0.10923722173214641 53.28890681549458 -0.08629727821554041 0.10945240015932778 0.9902436311079746 6.9430055604742495
0.9962048695186358 0.002301811760841916 0.08709402730914699 -44.081472129825165 0.0072524694898843745 0.9939883001695016 -0.1092346961489542 53.23325543597 -0.08682491673907743 0.10944928888352576 0.9901978937906607 7.421801617712526
0.9961682993477898 0.0022399631445237022 0.08751263948451783 -44.04324073235237 0.00736954805481739 0.9939762096129764 -0.10933672018742215 53.18132606560929 -0.08723337178895398 0.10956039230983615 0.9901498183962382 7.861818375529781
0.9961348401107083 0.0022585403528072204 0.08788884420661425 -44.00708052624619 0.007383663098971995 0.9939870442600734 -0.10923387631631329 53.1328622108414 -0.08761018127059111 0.10945845259942384 0.9901276828283518 8.28363705954981
0.9961030378275467 0.0025354057448862314 0.08824248327263527 -43.972875665377714 0.007103484652564861 0.9940417912982539 -0.10875366599876031 53.087205036659306 -0.08799540182278623 0.10895449685333163 0.9901491485515478 8.692595383320764
0.9960680235559192 0.002941675493122508 0.08862488145518815 -43.941132282874 0.006734719565464082 0.9940506235935832 -0.1086961507990202 53.04279573425059 -0.08842019015530217 0.10886336495450845 0.9901212648871429 9.080373290425635
0.9960315895299239 0.0031387903832192396 0.08902717958430492 -43.909665804988755 0.006598498436887308 0.9940316498300618 -0.10888050246429258 52.99860900764174 -0.08884033959218704 0.10903347838061588 0.9900649562959912 9.4508796413761
0.9960024333851831 0.0029545512815863655 0.08935994315386322 -43.88081434681153 0.006860231266048257 0.9939793978706126 -0.10933820496683644 52.95861723666244 -0.08914778895417816 0.10951186862556496 0.9899843977379233 9.785807401066636
0.995975845728537 0.003055145007158963 0.08965573096036587 -43.855108554748185 0.0068231288855550324 0.9939422373143916 -0.10968101381161147 52.92121681813061 -0.08945037727254723 0.10984861442478958 0.9899199574736139 10.098532087585427
0.9959465317586398 0.003145929043399107 0.0899767266133965 -43.824343364987904 0.006794650366235145 0.9939099618879067 -0.10997134022747503 52.88429949957754 -0.08977761889164229 0.11013432432060448 0.9898585970566827 10.414393613665284
0.9959184631863021 0.003571449000809302 0.09026692880247957 -43.79957248572727 0.00642667692620802 0.9938826241060087 -0.11023771266884232 52.8507046572615 -0.09011154794909876 0.11036562586883691 0.989802564040645 10.700131248119868
0.9958885537534539 0.00391900437077668 0.09058717740897965 -43.77503143045199 0.006158762868898939 0.9938318015730775 -0.11071411345441566 52.81672454621671 -0.09046519771672111 0.1108142084427939 0.9897205403754925 10.98262141079039
0.9958766934694505 0.004278854018774288 0.09070164855854583 -43.751485006756134 0.005945436006081232 0.9936700019248796 -0.11216753210086153 52.78186356278857 -0.09061029114582862 0.11224179995625315 0.9895465155510467 11.264363930197904
0.9958634377282747 0.004577342563803853 0.0908271029919804 -43.72892427956119 0.0057793655052839794 0.9935256488740989 -0.11344429787911586 52.748112322492084 -0.09076162203172534 0.11349773663429692 0.9893890880802007 11.536262300280702
0.9958390372116848 0.004853344208092342 0.09107720197011056 -43.707024817304564 0.005554971869036301 0.9934992245843813 -0.11368427725898386 52.715086742960345 -0.09104036694308155 0.11371528678866219 0.9893383708966865 11.808251349685715
0.9958247538584538 0.005092598433002437 0.09122061108231219 -43.68643761143967 0.005332849195583371 0.9935000834213742 -0.11368660210840029 52.683849883098055 -0.09121016415441943 0.11369652231168255 0.9893247807614901 12.075323940818128
0.9958114879422852 0.005183497425563248 0.09136296144530728 -43.664477110889 0.005259451819257936 0.9934990743492125 -0.1136970407314923 52.651512112787934 -0.09136191111437293 0.11369917069534403 0.9893102746447298 12.349497140429019
0.9957979778381614 0.005240985546954486 0.09151096386143143 -43.64378269260276 0.005225452180223516 0.9934914453437522 -0.11376647266506817 52.620299844195415 -0.09151504330681713 0.11376425957598357 0.9892887471849212 12.611261686247591
0.995788148936217 0.00526128073147872 0.09161683190655331 -43.62267360437527 0.0052236344829955025 0.9934833605932264 -0.11383613938023132 52.588685175670186 -0.09162210126014325 0.11383287949934738 0.9892708821453268 12.877585228136295
0.9957754817895199 0.005533600151850157 0.09174165275459785 -43.60221386229335 0.004975377511967102 0.9934731264613453 -0.11393838356039097 52.55655292225883 -0.09177653565087343 0.11391065657121122 0.9892476773439921 13.148862752715495
0.995765219454098 0.005558210543937111 0.09185293889669678 -43.58046216142294 0.0049735135732416206 0.9934607680183093 -0.11404643956945035 52.52377508101317 -0.09188928525371874 0.11401724403158653 0.9892250316071488 13.4238354303523
0.9957831247046539 0.005347349122203756 0.09167570736848718 -43.56099834521906 0.005176785156522678 0.9934431364903058 -0.11419353587542941 52.49160766805765 -0.091688135690467 0.1141832430113253 0.9892246507796603 13.692702064183312
0.9960015355271932 0.004757119693303894 0.08930119801577849 -43.544000993766794 0.005473429914190231 0.9934651844567686 -0.1139840411594154 52.45833952717639 -0.08926285399402817 0.11401384875801777 0.9894658222517787 13.971163828872166
0.9964112862382547 0.004715188592686017 0.08460786101111249 -43.53200734757039 0.004941821582510528 0.9935135674823581 -0.11358219191659702 52.42533713882898 -0.08459776328573823 0.11358983409614001 0.9899242014779362 14.243504072549568
0.9969348053100336 0.0045484882917380415 0.0782095564161458 -43.52324396926075 0.00436422079209197 0.9935338342078694 -0.11342879507290643 52.391349923274305 -0.07822281710653292 0.11341949481333162 0.9904677809902794 14.519896193218651
0.9975038403771267 0.004262174256185776 0.07059907255556351 -43.515617541980795 0.0037889665204386075 0.9935240826495431 -0.11353288601258127 52.35490107708532 -0.07062905229405203 0.11351429962729011 0.9910272117594227 14.807906473350847
0.9979710315333736 0.005004552798377302 0.06359504064306676 -43.51359457392766 0.0022551910115861393 0.9935217267199411 -0.11359303700539418 52.322001602794174 -0.06375505668363415 0.11350335990643214 0.9914941541750368 15.074954827516054
0.9982666207960843 0.006275724504523543 0.05864087846493858 -43.5097964663956 0.0004124637940528398 0.9935496088663364 -0.11336977171184705 52.288827463723365 -0.05897808945728371 0.11319483637222923 0.9918245254063247 15.35259929326632
0.9984795336883218 0.0069987776221263264 0.054810802035939646 -43.505270446862376 -0.0007417799552155101 0.9935490006095192 -0.113372338433367 52.25497097217938 -0.0552548377417368 0.11315691972878666 0.9920431235851597 15.624635761947816
0.9987411702902049 0.005967122725814668 0.04994578833040563 -43.50162788629211 -0.00027084084108683413 0.9935568819364221 -0.1133026316934303 52.22271886811493 -0.05030423342369926 0.11314416577351706 0.9923077647844322 15.882759704706348
0.9989922443672439 0.00494419969480812 0.04477278678270768 -43.49964533452907 0.00014933489438348155 0.9935831502520024 -0.11307176100981499 52.189928399797815 -0.04504873790418117 0.11296218646457681 0.9925810623083829 16.147320337842206
0.9991040668427676 0.005236460763728737 0.042168166120577145 -43.4986125184088 -0.0004417424044676676 0.9935980724483608 -0.11293678547618892 52.15806972359183 -0.04249399291106068 0.11281444733178012 0.9927103928166343 16.405409861604287
0.9991220362864901 0.006117808657517255 0.04161429437548646 -43.496727593765875 -0.0013697942830760237 0.993568207494386 -0.11319080461836076 52.128359937068986 -0.042043589985457576 0.11303233266977031 0.992704663485083 16.65367976227713
0.9991151544217669 0.00666086797181451 0.041702565784915845 -43.490936812716456 -0.0018881238734559877 0.9935356447139413 -0.11347062746753146 52.100156633347865 -0.04219309759949113 0.11328916568801417 0.9926692969357791 16.889123739532064
0.9991011229402672 0.006573990916161695 0.04205548979560722 -43.481472996403355 -0.0017508502959417502 0.9935074057084894 -0.11372155851998769 52.07227802332878 -0.04253435600979009 0.11354297875962126 0.9926257856157928 17.120115302236393
0.9990792784188712 0.0063687345330823925 0.04260094999347202 -43.471581352131246 -0.0014783801650384075 0.9934913877108766 -0.11386540951592167 52.04465244376877 -0.04305312408282036 0.11369502151543208 0.9925860730181466 17.354496017420477
0.9990451154861728 0.005858898865615067 0.04347282939865514 -43.4604691431021 -0.000866191575220005 0.9934771078258664 -0.11399530045675602 52.01596041225246 -0.043861452484700324 0.11384626681146795 0.9925334485995562 17.599325457937848
0.9989971694462955 0.005830311729676279 0.04455362931567895 -43.44937495696593 -0.0007117673101992753 0.9934712415062837 -0.11404406310941816 51.988402222722016 -0.04493221766667917 0.11389578886934476 0.9924796642195802 17.832309374996463
0.998936944180139 0.0056324175506847094 0.04590316579814874 -43.4368095357469 -0.00035608852780472 0.9934594010333294 -0.11414686381751832 51.96148307188078 -0.04625045960051616 0.11400710587227943 0.9924062426063418 18.05873067904773
0.9988724956534893 0.005491619379212687 0.04730633482933097 -43.42444600687728 -4.1380430786445754e-05 0.9934247119599783 -0.11445170063952188 51.934147467663855 -0.047628243156256425 0.1143184334590617 0.992305370627854 18.28414813305946
0.998786711891232 0.0053392265374752656 0.04911013212736147 -43.41148906049362 0.00032328412942927336 0.9934096583357267 -0.11458310151603032 51.90782814418062 -0.04940276219855366 0.11445761253111544 0.9922027132946887 18.5042754692619
0.9986638275999224 0.005285463562079028 0.05155694418011976 -43.39231104023898 0.0006576166466983736 0.9934093944360831 -0.11458286529787177 51.87934002456289 -0.05182724068905307 0.1144613697088663 0.9920784391050892 18.751437066821413
0.9984645987537117 0.00513135023198467 0.05529195690241271 -43.37408539242885 0.0012406916360526684 0.993406936648078 -0.11459782410169611 51.854276490266415 -0.05551992707620882 0.11448825572536792 0.9918753832193419 18.966106072200514
0.9982150364206952 0.005040516330050379 0.05963034502767626 -43.354026099756986 0.001830662368615977 0.993403848010899 -0.11461315960363387 51.82552382936844 -0.059819087542397516 0.11451548272234156 0.9916220761674939 19.205002702285192
0.9980169543807804 0.005000437186383872 0.06286089145678211 -43.335227820812605 0.00225779067818238 0.9933740886745624 -0.11486456234165157 51.797290885569716 -0.06302298250934707 0.11477644430443394 0.9913935707762329 19.433783443472713
0.9977868499587638 0.0050193054353891 0.06641453496625813 -43.31570002569306 0.002721284221747124 0.9932469397037873 -0.11595460094908577 51.76682475044484 -0.06655210455753 0.11587607394066006 0.9910352061995181 19.67478758515703
0.9974929348080618 0.004671106976238493 0.07071519438188534 -43.29397558689384 0.003613560779244864 0.9931707751134645 -0.11658347953151746 51.73600335557195 -0.07078087499309217 0.11654400846705759 0.9906638377021774 19.922599525453297
0.997158843550324 0.0044860525442199746 0.07528921750797771 -43.27049909113052 0.004339014303519889 0.9931599935955462 -0.11664884061682515 51.704819549814374 -0.07530156470687249 0.11664125882517427 0.9903189793587197 20.17690208087156
0.9967929520539331 0.004295238579984363 0.07999774658394052 -43.243703868398306 0.005076320457519701 0.9931643759876161 -0.1165819031630906 51.67124848419959 -0.07995568926026761 0.11661128447830661 0.9899577459068989 20.448734932997755
0.9963997262841607 0.003828442358711298 0.08477514632335502 -43.21261819538276 0.0060974742938751745 0.9931656713046781 -0.1165150874133757 51.63376099216921 -0.0846457236471587 0.11660927111887484 0.9895677990580146 20.747003701257405
0.9959403712589201 0.002420479622523309 0.0900576316273945 -43.177919596913576 0.00810909706444838 0.9931682043016046 -0.11637001291594803 51.59546801721462 -0.08972800434451306 0.11662472372881018 0.989117923037153 21.057920653246292
0.9954137934633435 0.0010349220881342572 0.09573051873674296 -43.13846983778673 0.010123801267017087 0.9931926124358672 -0.1160062973827215 51.554377959523215 -0.09520290973704279 0.11644051695172492 0.9886278572530892 21.394691606571566
0.9949146579947734 0.0005704151313265216 0.10078863382829645 -43.096358036409846 0.011154233044477007 0.9932141663200684 -0.11572560447685332 51.510078772452374 -0.10017457795376206 0.11625824365860954 0.9881580288667761 21.748516387755366
0.9944284917364352 0.00018309218875340856 0.10548102958111841 -43.05472536028648 0.012075286464130591 0.9932224499876243 -0.11556353636521878 51.46676722433721 -0.10479119100994078 0.11619040202259957 0.9876871067947531 22.08551804243034
0.9939590267318563 0.0002943771293327829 0.10981636278734293 -43.01235583036291 0.012458385921979606 0.9932341287548971 -0.11542345744071678 51.42233954475204 -0.10911120768264776 0.11609142052601565 0.9872307105029103 22.431482938620942
0.9934734067456598 0.00035267069177189115 0.11412531707097832 -42.96540758292837 0.012885616094633004 0.9932498193327136 -0.11523840382658926 51.37579043078474 -0.11339948702550069 0.11595395074797754 0.9867632380473157 22.796435055783434
0.9930325280636328 0.00017720434381841686 0.11790106196062658 -42.91472318381581 0.01348049937010933 0.9932658133680776 -0.1150325839747604 51.327000736651215 -0.11713137456671718 0.1158174828814496 0.986343386655271 23.180825252643025
0.9926750207463876 -0.0005332581590238964 0.12087293470653884 -42.858987868692466 0.014547118743488057 0.9932445553302973 -0.11508592750432452 51.2780603888648 -0.11999890546963467 0.11599830846852749 0.9859773863009873 23.578884444966086
0.9925312593716777 -0.0010957125053254518 0.12204465506151746 -42.807421417778265 0.01547763998511164 0.9930117502765867 -0.11695682905884586 51.22730711384062 -0.12106742713649267 0.11796958967710476 0.9856129469637535 23.96826857815902
0.9924595480277993 -0.0011842615939819244 0.12262923181755812 -42.75582137035253 0.01598619357606985 0.9926656894510553 -0.11979524060072855 51.17280145673521 -0.12159131031673977 0.12084938617550049 0.9851999346623876 24.376412753413806
0.9923918465250422 0.0009615939040409835 0.12317685742290835 -42.70523592277051 0.0141976017723713 0.992407777463437 -0.12213491025701873 51.11500844792765 -0.12236241479789395 0.12295190159941884 0.9848443763555582 24.807941886940927
0.992113099528988 0.00394234295952009 0.1253445884468159 -42.65197260187943 0.011549276674398352 0.9923811978041488 -0.12262879191290928 51.058411196354776 -0.12487639414562714 0.1231067519284358 0.9845093369664457 25.26153413958517
0.9914006099435152 0.008215769133630639 0.1306617534352949 -42.58836366210231 0.007967011408707113 0.992388765115235 -0.1228520451544951 50.99866102845255 -0.13067983820603848 0.122834316042511 0.9837895377561343 25.746845009805376
0.9903836649949417 0.005708787679088907 0.13828513890143682 -42.50799026654469 0.011418178670774885 0.9923681626204168 -0.12274465212955889 50.93478111527563 -0.13793371976589047 0.12314079591189706 0.9827603831020257 26.22932517254833
0.9894263144300984 5.527477117585507e-05 0.1450867159243512 -42.41931131435137 0.018051688117908665 0.9921778997411094 -0.12347942514906077 50.86759452978957 -0.1439617185081493 0.1247900186918392 0.9816869177185075 26.71899472710757
0.9891258094866787 -0.00505695919266709 0.14703469440560657 -42.346494411626935 0.023860410075645464 0.9916871499913283 -0.1264052525445719 50.803683696873534 -0.14517614880622495 0.12853647870437337 0.9810246242690187 27.15899677630123
0.9894886334325349 -0.0058557788526201636 0.1445417646269941 -42.29829483769703 0.02496331859812394 0.9910979636580292 -0.13073957906731756 50.746761059173224 -0.14249244440605222 0.13297097922278445 0.9808269084032839 27.55760549453526
0.9907699650673969 -0.0023450369993300497 0.13558355046006076 -42.26852694508379 0.020573032084393133 0.9908709011158835 -0.13319805686678587 50.68713290928873 -0.13403703082765778 0.1347552164875183 0.9817741563198383 27.976079912693674
0.992511438834869 0.002724237879960332 0.12217734731170884 -42.25258234700994 0.014084475333585898 0.9905348221962887 -0.1365016655960448 50.625885946672504 -0.1213961820853602 0.137197415597902 0.9830794027950945 28.395046895200014
0.994196914520662 0.009783908026773376 0.10719569722526688 -42.24717228612148 0.0052495747907300196 0.9902636910685552 -0.13907052113924123 50.56718533385175 -0.10751595133213775 0.13882312719386578 0.9844663222529355 28.8118433547787
0.9959654980010024 0.010000232949181538 0.08925619457950991 -42.241756544595994 0.002666973373327119 0.9900460796226437 -0.1406840291473988 50.5106082178597 -0.08977803202758387 0.1403515653491025 0.9860257982310261 29.179552949427098
0.9976914299569327 0.007444994060054653 0.06761050369596985 -42.24434703796965 0.0021511428220882182 0.9900364283183467 -0.14076478353753746 50.454001182186 -0.06798818059749742 0.14058217823677227 0.9877349495073573 29.570368841133643
0.9989620190170089 0.00855419983929839 0.044903775904583054 -42.26913949917075 -0.002337833940161329 0.9906048020715286 -0.1367043539397351 50.41018764512303 -0.04565463531916143 0.13645460249557825 0.9895965746618086 29.937541530926374
0.999726647965705 0.012040643799596327 0.02041779875400377 -42.31613410766358 -0.00923921517022111 0.9911840841218147 -0.13213893683154374 50.36786825391728 -0.021832203857621253 0.1319110236407002 0.9910241599712329 30.342858495324812
0.9998811887305915 0.015281410595384244 -0.004402998691716505 -42.36943155660346 -0.015725035972255014 0.9913418371939515 -0.13032985195593533 50.326855658534086 0.0023697905874936406 0.13038060230145704 0.9914641961126945 30.71147564804279
0.9994490168977823 0.016319688280359006 -0.029158473804210654 -42.42290365101323 -0.01996386937336171 0.9913849222399407 -0.12941707080094322 50.28094708710347 0.026791341721626297 0.12992491587541424 0.9911644832728536 31.078385694869578
0.9984830814317208 0.016253021562403464 -0.05274773513011609 -42.481044609029254 -0.02287281978519672 0.9915797111188517 -0.12742900457305276 50.23297729129656 0.050228785041772514 0.12843917718363407 0.9904473234547767 31.47013382068094
0.9973597743247292 0.015840530937877486 -0.07097867470160446 -42.53865484062375 -0.024712107833924274 0.9917292267221999 -0.12591119874801424 50.18670253652754 0.06839335068124772 0.12733013045387923 0.9895020528262559 31.846660328402614
0.9963098798639906 0.016955856551636336 -0.08422607437282166 -42.59806388578452 -0.02739239919198023 0.991856246194832 -0.12434608961019789 50.139441247799574 0.08142795569349619 0.12619177331285678 0.9886604107203262 32.24439975830443
0.9957137877454062 0.020746279552143358 -0.09021519296721009 -42.653742847894605 -0.031691632342402 0.992063715908834 -0.12164018721245082 50.095633049960036 0.08697179796025253 0.12397526022400505 0.9884688344995171 32.63683872135544
0.9955913568466963 0.021998003588587688 -0.09127128031626734 -42.69762149981274 -0.03295730041626785 0.992180419188401 -0.12035260049097618 50.04994386460683 0.08790674052470979 0.1228266370674037 0.9885302381258891 33.031472167377935
0.9960633455433546 0.02205829740918572 -0.08595484788556662 -42.724957022325476 -0.03237329698824632 0.992180785481323 -0.12051274127079864 49.99896910680134 0.0826210599564195 0.12281773195078234 0.9889873576156994 33.42108267752455
0.9968030676410766 0.01865410854541847 -0.07780138443632462 -42.74237383661579 -0.028008314980706866 0.9922645745956549 -0.12091733020293456 49.94454022490119 0.07494050873408585 0.12270665928385883 0.9896129076095096 33.825937314246914
0.9974606140585032 0.013687346825521184 -0.07001813719470856 -42.75074087724517 -0.02188870070456492 0.9928016764956924 -0.1177277761102219 49.89666225703025 0.06789954708100247 0.11895825467961327 0.9905781777414141 34.2174874112996
0.9980812384371982 0.01063094309295571 -0.061139884016754374 -42.75578684059017 -0.01770508394000944 0.9930490207483467 -0.11633745205056703 49.85491209945735 0.059474872537519666 0.11719358199841196 0.991330014377831 34.56381267839066
0.9986078002058806 0.010696311121238013 -0.0518225758359811 -42.75461740601937 -0.016673886936569356 0.9930705247949935 -0.11631021252473939 49.81807640989022 0.05021628318862851 0.1170095062113613 0.9918641065128629 34.86121001070321
0.9990422320750071 0.010742579715581799 -0.0426325598859104 -42.74992261989351 -0.015662355861038167 0.993031211769115 -0.11679064606927529 49.785538379625216 0.041077965849092825 0.11734402033303078 0.9922454684363531 35.11081704371823
0.9994128542827495 0.00997287316778313 -0.033066099084559306 -42.7413737806787 -0.013801228850103714 0.9929582102055867 -0.11764424991721761 49.760194849647114 0.031657223233039475 0.11802921798958796 0.9925093820381098 35.307014188873396
0.999674550672265 0.007446974086672025 -0.024786192751072553 -42.73345530718273 -0.010334374088934666 0.9929035474070071 -0.11846181989454961 49.7429220218253 0.023725221403192977 0.1186772706133664 0.9926535880700066 35.453130953823184
0.9998045638697368 0.0065809421701426216 -0.019149018120035395 -42.728603147735186 -0.008813187650483436 0.9928627463199312 -0.11892228553865952 49.72982492388325 0.01822697528542529 0.11906544419363986 0.9927233458291531 35.581871251732785
0.9998665188605107 0.006665718421271873 -0.015561300005582977 -42.725385269402224 -0.008472186483204558 0.9928527358138532 -0.1190337875398514 49.72853969855066 0.0146539018682523 0.11914723704294004 0.9927728187044266 35.62975044410109
0.9998759136920405 0.006929342211464786 -0.014837182197284575 -42.72603343844002 -0.008654394954046487 0.9927943506560748 -0.11950826116573399 49.73016175289225 0.01389954531916198 0.11961900717948187 0.9927270375235242 35.64269205633378
0.9998778958423193 0.007107131904784497 -0.014644409477330995 -42.727542481101814 -0.008809388547014432 0.9927811278198936 -0.11960711543966838 49.7343259827849 0.01368623058184175 0.1197184507423191 0.9927181378925242 35.634894936582
0.9998747646085339 0.007641464261370301 -0.014595252779291985 -42.7298033270163 -0.009346658758732385 0.9926647298876755 -0.12052976679176412 49.73981633083609 0.0135648622780142 0.12064797901198027 0.9926073385181994 35.60508787896087
0.9998783493827258 0.008546783151476079 -0.01382971619356883 -42.733259242964884 -0.010218184679354047 0.992023754315511 -0.12562723985348176 49.740045697111086 0.012643201112932987 0.1257502655586005 0.9919858744476054 35.582782247709375
0.9998722372188409 0.008962870271695851 -0.01399819845106449 -42.737152240428074 -0.010682208732643157 0.9917197345531152 -0.1279679314897994 49.74296593461883 0.0127327054919803 0.12809805040102173 0.9916843338687893 35.56760245688735
0.9998741630360458 0.00913982033310882 -0.013789345803535734 -42.73811740917906 -0.01082907960022318 0.9917425016284712 -0.12778243833958544 49.74755173306484 0.012505125876222144 0.12791220133005407 0.9917114578582342 35.56139346836197
0.9998756288710061 0.009313349336586601 -0.013567989023420868 -42.73844370270787 -0.01097166039306593 0.9917537263595828 -0.12768318171198711 49.751814143241226 0.012264512453548107 0.12781277235823904 0.9917273243308504 35.552220981969135
0.9998760965301808 0.009496431293378984 -0.013373272898076051 -42.73907704135475 -0.011128745901265003 0.9917441414784518 -0.12774148067789576 49.75326355869686 0.012047038318780047 0.12787147056033976 0.9917222415801351 35.55740858589259
0.9998777322196074 0.009679602827864751 -0.013147177877389882 -42.739118590262834 -0.01128168683140469 0.991744698589633 -0.12772679448826774 49.75642279659786 0.011799751485338366 0.12785634166612503 0.9917274219238167 35.5528145300915
0.9998790113263385 0.009849247528962922 -0.012934098761653301 -42.73940984680394 -0.011423825294378688 0.9917310162812719 -0.12782166187508512 49.759092944450764 0.011565634352663778 0.1279505578051246 0.9917182684699422 35.548776819168346
