1.0 0.0 0.0 0.0 0.0 1.0 0.0 0.0 0.0 0.0 1.0 0.0
0.999998927116394 0.0014880001544952393 -0.00012665987014770508 -0.0026328004896640778 -0.0014877021312713623 0.9999985098838806 0.000686943531036377 0.0009097489528357983 0.00012770295143127441 -0.0006867349147796631 0.9999996423721313 0.8266049027442932
0.9999937015642577 0.0035221199478474574 -7.500508491098401e-05 -0.005108995975939404 -0.003521904389372388 0.9999935133283566 0.00043146043261366174 -0.0004114651242107664 7.646872450495223e-05 -0.0004310976640775621 0.999999585994793 1.652056620610173
0.9999905796412217 0.004247024255495676 0.0002665451435929821 -0.0034052370884571632 -0.004246510491622571 0.9999906004815249 2.068162316118513e-05 -0.005554382475046404 -0.00026680983861280215 -2.1349641218705345e-05 0.9999994311615572 2.460981435411694
0.9999839328385891 0.005589927760451794 0.00045133309575218114 -0.004465415582796341 -0.005589256490606551 0.9999839561025571 -0.0005308547646102416 -0.010639595496081029 -0.00045441624767191176 0.0005289195091945966 0.9999992737827844 3.2505930661099667
0.9999821794468325 0.005851544550863996 0.0008332259037600088 -0.0020744959183898537 -0.005850414322566092 0.9999822153271529 -0.0008347124363278031 -0.016241316730814727 -0.0008382292550597351 0.0008303104994824167 0.9999986418672934 3.9993976904897393
0.9999807437406939 0.006055094272873156 0.0010567726133760241 -0.0012937784086754947 -0.006053654958160317 0.999981019798874 -0.0006979140667657981 -0.01903222455729279 -0.0010612893821254068 0.0006920955093106153 0.999998569827135 4.746570188947505
0.9999749997889534 0.0068831923805289 0.0012947070338599114 -0.0021018719782650674 -0.00688418965521081 0.9999749996115471 0.001292021037061909 -0.018039263286442446 -0.0012862228193207539 -0.0013002873508055689 0.9999978605553829 5.474560106840512
0.9999714926457557 0.007129756504917463 0.0023063140399787116 1.1836505623587148e-05 -0.007139730879677873 0.999963826753806 0.0045366448925086185 -0.013900628996778255 -0.002274611309715799 -0.004552178563762733 0.9999866382011995 6.210485798698457
0.9999688499566481 0.007189725452720107 0.0031562097612353826 0.0027304818297910678 -0.007212186977568501 0.999947004785092 0.00729303607493728 -0.008578264879621808 -0.003104400854416668 -0.007315010138889922 0.9999681811798792 6.917455205565581
0.9999682126072648 0.007096937559665577 0.003605636799934709 0.0054946338402602195 -0.007126810368585522 0.9999393305962809 0.008389516183669012 -0.0037925408401988277 -0.0035465716094160915 -0.008414423737135643 0.9999580507193907 7.613881426913992
0.9999632201439389 0.007376937059050678 0.004324027179303784 0.008610462103314911 -0.007411310555272179 0.9999395931753167 0.008073646997504085 -0.004368354889623275 -0.004264995672958483 -0.008104584648666877 0.9999576925456055 8.255142247820025
0.9999523532812212 0.008383282912619186 0.004982863318859127 0.012458708795528883 -0.008408098605533609 0.9999516715834897 0.005040292223079491 -0.009610544020732168 -0.004940982581800359 -0.00508094060007923 0.999974801726368 8.861005839619171
0.9999468442531582 0.008767497898292224 0.00546743501782929 0.016978987018473213 -0.008778210179764746 0.9999591743312731 0.001997197600014807 -0.016251090969463356 -0.0054502424121535735 -0.002044306432772529 0.9999828345026989 9.422832155494401
0.9999481897208429 0.00788741748229446 0.006505354756828348 0.023344623868993067 -0.007891539300843294 0.9999682890461729 0.0006688805831269189 -0.021774117419644114 -0.006500393781553244 -0.0007192622465346332 0.9999784996871383 9.948052748485551
0.9999597886457516 0.004760205295301578 0.007610943842460644 0.031009870821384032 -0.004743039926012045 0.9999857793003102 -0.002181854373029925 -0.02843555849887066 -0.007621792561239711 0.002146732494001557 0.9999686808721752 10.465437731513271
0.9999547237031235 0.004219385260009018 0.008506108616230112 0.036118503064255375 -0.004191108452238006 0.9999852542169648 -0.0032367284798557466 -0.034810988431769795 -0.008520398896460571 0.003202187642512037 0.9999586702218044 10.938554438301379
0.9999104952068353 0.008582250642053169 0.010244942062002892 0.03654747659457514 -0.008527619968863174 0.9999489600295622 -0.0052835478292331955 -0.03748481592483083 -0.010290507808198434 0.005196975889645762 0.9999336733002852 11.404691321272383
0.9998324441558823 0.013057181188641997 0.012809269985513919 0.0379369320116155 -0.012979646433245054 0.9998965634516181 -0.006048556992268819 -0.03861936723841123 -0.01288762950994937 0.005882513154611621 0.9998994805135402 11.841768646620157
0.9997846191939936 0.013381329771019275 0.015838992907242194 0.04709862260513078 -0.013290085082868457 0.9998936895132379 -0.005780865939622775 -0.04134884472689596 -0.01591541920898668 0.005570443011247115 0.9998576956197263 12.232750859792844
0.9997780889610762 0.010234687091984414 0.018406058106065406 0.058500338168705555 -0.010126223086801186 0.9999296948460459 -0.0059213135075245095 -0.043704742459933645 -0.01846610565437386 0.005734845662987868 0.9998128776905247 12.619205939345324
0.9997737195969684 0.006442455873656353 0.020272800562634793 0.06690318152040318 -0.006309026161394311 0.99995710767703 -0.006603297036813557 -0.045939479535225376 -0.020315237044909784 0.006475210702578006 0.9997726822474853 12.968654922277139
0.999749047809445 0.004250072632601361 0.0219888311234012 0.07299006406307099 -0.0041089344661046 0.9999698704547008 -0.0064261356386251245 -0.045668540599887696 -0.022016223069859515 0.006335502442046245 0.9997376834605427 13.278148533054349
0.9997100677988173 0.004431384340883579 0.023661006107669354 0.0783963372611666 -0.004283699107741394 0.9999701358056672 -0.0062642899688823755 -0.04692847443140041 -0.023688749267086768 0.006162567113047639 0.9997004534541141 13.5446049865015
0.9996817639000604 0.005032679540669199 0.024724067441068132 0.08395373588017715 -0.004867150100638269 0.9999647115054201 -0.006731786426699558 -0.050499728496983115 -0.02475760783536123 0.006610524717100621 0.9996718850280091 13.778074183766638
0.99965007842398 0.005919866867123513 0.02579548905510592 0.08901848209040618 -0.00572570193984834 0.9999544050317963 -0.0075895588697020445 -0.05366206025736827 -0.025839360827937502 0.007440259909456328 0.9996388930924819 13.988064362349403
0.999593599882824 0.0073459974741465085 0.02755932443384674 0.0931394172188432 -0.007123579053742806 0.9999411111140499 -0.008154949363441492 -0.054675883841855975 -0.02761771774231679 0.007956137677816708 0.999587414721245 14.1876436428844
0.9995553942818427 0.009539135274553252 0.02826819058004911 0.09478763080518292 -0.009292338180289522 0.999917410967207 -0.008846056213989184 -0.05477176659282076 -0.028350477798978136 0.008580335253544102 0.9995616355746512 14.39397880686768
0.9995279997319637 0.01065006047545094 0.028848847668064018 0.09805256408286443 -0.010374562088844887 0.9998991737403429 -0.009683478022497957 -0.056530554978585834 -0.02894900078062784 0.009380352677564303 0.9995375040826685 14.582621933589774
0.9995049606829501 0.010618750371283918 0.029655000423847184 0.10351415386058858 -0.010309059482169255 0.9998909175772356 -0.010580644274853668 -0.05876282809871915 -0.029763828835056592 0.010270621919223982 0.9995050673706317 14.759865996388381
0.999494328369232 0.010422164144825542 0.030092181770651625 0.10832152069073327 -0.010083984286927437 0.9998847258512157 -0.011385315117484123 -0.06101255074475156 -0.030206837037627096 0.01107674041636995 0.9994834582921288 14.944996742624701
0.9994785899362526 0.010536811392492691 0.030559350074785847 0.11227473304225048 -0.010178903808385117 0.9998781866073695 -0.01185377502023141 -0.06295391134317614 -0.03068011617940174 0.011537656179248835 0.9994638180083957 15.11552771127714
0.9994511286954972 0.011228761147046478 0.031214788111551272 0.11576583271683512 -0.010842974104115924 0.9998631817052823 -0.012514329284780884 -0.06478443013977801 -0.0313505227429208 0.012169970307122262 0.9994355849468612 15.272260750225131
0.9994259524048686 0.012294149226669082 0.03161342418025112 0.11949317783552646 -0.011860364880191938 0.9998332291831971 -0.013882804038803036 -0.06726517612542056 -0.03177845479533872 0.01350096821033693 0.9994046861854945 15.428795831883926
0.9994103071261867 0.013069793032995755 0.03179409351933412 0.12244229959885905 -0.012590065849180522 0.9998042880759 -0.01524888128974968 -0.06951304491218374 -0.03198690784712644 0.014840898480259912 0.9993788006957532 15.560488938268845
0.9994043232437255 0.0131483795096062 0.03194213051528223 0.1254074798751149 -0.01261741041446874 0.9997793693812392 -0.016761562806048087 -0.07196814292648286 -0.03215565258908908 0.016350145909467012 0.999349338105869 15.691698056088544
0.9994132807492695 0.012874145531955736 0.031782595434123415 0.1259349333853728 -0.012301274166297168 0.9997591173218833 -0.018150957298644316 -0.07501355355507584 -0.03200871434514571 0.017750859015578605 0.9993301771827291 15.825699281210357
0.999429091518564 0.01282998887716054 0.03129556493845791 0.12418774575259509 -0.012238432588687552 0.999743644302588 -0.01901966968522783 -0.07940138891041457 -0.03153175374660375 0.01862756534880453 0.999329409622328 15.9735493109459
0.9994524861610273 0.013622392892794122 0.03019980586287807 0.11973832689326487 -0.013030506857972109 0.9997203396991725 -0.01970628055115146 -0.08410166626872845 -0.0304601212999537 0.01930381708110414 0.9993497017333944 16.106493892000007
0.9994980272956893 0.014918070638818615 0.028003504762849737 0.11354209134991135 -0.014341211051613357 0.9996826691372914 -0.020685985770388732 -0.08975093706974115 -0.028303352088594098 0.020275650952959707 0.9993940089151466 16.244932741724217
0.999608633729345 0.015810008596555607 0.023156429133851037 0.10558615124897666 -0.015313568739974593 0.9996520005105695 -0.02145753429414812 -0.09664155101528543 -0.02348774087899347 0.021096296900093833 0.9995019868896725 16.39160694446688
0.9997331012946504 0.01614754891430052 0.016635172127630833 0.09590103311736618 -0.015784413810288566 0.9996388990979298 -0.02172514509416529 -0.10419121712851286 -0.016980129676259934 0.021458532533135913 0.9996261557045627 16.553873069931985
0.9998163420908451 0.016751090784032807 0.009539321792551188 0.08430705409273077 -0.01653726772936588 0.9996193630297155 -0.02206080322710404 -0.11184904477308061 -0.009904977392581293 0.021900603250590032 0.9997121408671742 16.705713625973527
0.999858477422697 0.0169098155709986 0.0014329871107492884 0.07095100003530722 -0.016873380113699932 0.9996057679318735 -0.022431174560778776 -0.12059492308093987 -0.0018112199728687953 0.02240520993835757 0.9997488220428898 16.85729166743615
0.999841118625635 0.016269668904448167 -0.007645515863875746 0.054642816721077674 -0.01643996697106043 0.9996053834131156 -0.022768892319723965 -0.13005432929860974 0.007272841729355713 0.022892228526116425 0.9997129951345493 17.007217020646088
0.9997046673473292 0.015612824984831856 -0.018782195505422507 0.03248727311607082 -0.016047456179013035 0.9996014165996596 -0.02321289922312379 -0.1401777408226514 0.018413077528420314 0.023508866738699355 0.9995557559322811 17.157672940472835
0.9993061001965043 0.01636457162249768 -0.03355330268620331 0.0030614909358580335 -0.017165374785234163 0.9995710948199421 -0.023717905271361337 -0.15036320896162908 0.03315173774430821 0.024278667618040987 0.9991573332750093 17.30292463406765
0.9985392710504368 0.017892466276770613 -0.051043811855947585 -0.03669118702710798 -0.01912374614252541 0.9995352615108829 -0.023734612689034457 -0.15802807968312949 0.05059636246590569 0.024677483730928224 0.9984161280046795 17.465274028436834
0.9972786007215576 0.019390217312011487 -0.0711735807467348 -0.0866758405346294 -0.02108559829447942 0.999509700898171 -0.023143987063656606 -0.1622534107231189 0.07069077619844259 0.02458335850338413 0.9971968491314946 17.65345699887506
0.9954095070657343 0.020695240274077074 -0.09347707154353083 -0.15363321028437782 -0.02286013611355579 0.9994931532847785 -0.022146124555147844 -0.1622423764886446 0.09297194557931295 0.02418313209798562 0.9953762306239232 17.87300440507579
0.9926829517841188 0.02214683904187072 -0.1187284745919665 -0.22707298355508126 -0.024836416956531784 0.9994661506135554 -0.021219665267463043 -0.16228326702045934 0.118195636588381 0.024014998851814864 0.9927009441213809 18.08268693863976
0.988787014737042 0.023683634500856875 -0.14746398291607377 -0.31516957637570947 -0.026919413026060213 0.999437643564294 -0.019984658990712043 -0.16305566656490783 0.14690818877983397 0.023732018806761443 0.9888664457906415 18.326097880673533
0.9834131991327346 0.02493424221213465 -0.17967707442968628 -0.4225379056089434 -0.028495277973874335 0.9994450736765467 -0.01726537908704344 -0.16310749242070682 0.17914686465000274 0.02210059497965506 0.9835752866683276 18.613435229971948
0.976152828355317 0.02695463894400172 -0.21541993689611455 -0.5533198799167489 -0.030648736111459428 0.9994347089494495 -0.013826713524179414 -0.161908142494374 0.2149254323447989 0.020100937679119604 0.9764248622420373 18.92226605929166
0.9665759186916649 0.030341338930457384 -0.25459166264809685 -0.7090421257933937 -0.03360784518553282 0.9993990279866338 -0.00848964191079548 -0.15659869101043802 0.25418115142702497 0.016764015335794216 0.9670127135082833 19.23757016845701
0.9548517310904936 0.034534740344529156 -0.2950792828702023 -0.887669291220422 -0.037468219943769226 0.9992883173124327 -0.0042911290508881915 -0.1501715978729937 0.2947213245507088 0.01515563753454506 0.955464172839386 19.559333352493947
0.9411716332423927 0.03892544407712882 -0.3356893064368533 -1.091483675685233 -0.04137936238508472 0.999143471602464 -0.00015666530774620466 -0.14345232095445362 0.3353957079777544 0.014040207007348076 0.9419739126721035 19.908579045150923
0.9255653962476666 0.04238121481874685 -0.3762164857508205 -1.3195463757177175 -0.04380595101051502 0.9990286405894936 0.00477184223155957 -0.1331559664202607 0.3760533711606548 0.012066094573040285 0.9265206495992877 20.276012268787742
0.9072647425903911 0.04754712454302004 -0.4178709135307576 -1.5762982287043235 -0.04690859070526191 0.9988294301988679 0.011805814399632096 -0.11633072288253535 0.41794315792130704 0.008892982055434887 0.9084309937885404 20.651045690770495
0.8861391330511303 0.05278807696129752 -0.4604102397701821 -1.8623273859833058 -0.050170210017700514 0.9985801097689633 0.017930422027909787 -0.09753789403458882 0.46070263455635113 0.007211916780712611 0.8875269560429514 21.030704685468628
0.8624911783545198 0.058123901403604815 -0.5027289698015915 -2.1578759918195938 -0.054311661724407906 0.9982762936710396 0.022240114359906346 -0.07923955923945561 0.5031549306193593 0.008124378366031484 0.864159323407794 21.367414802836326
0.8362094241190938 0.062224337133132634 -0.5448741844560777 -2.471393665546938 -0.05719249225828151 0.9980193918034388 0.026201107480199742 -0.06125929764502955 0.5454249575012161 0.00925523809803708 0.8381098422814682 21.691598745899075
0.8082257696898751 0.06681067534089852 -0.5850755403145917 -2.803252840380002 -0.06168375217279662 0.9976827335960751 0.02871634335859084 -0.04417764608761036 0.5856376988626604 0.012882555552825326 0.8104721226309562 21.99816355808701
0.7774379738297692 0.0701473270749557 -0.6250403203946683 -3.1615309740745334 -0.0641417246900115 0.9974225829961454 0.032158482166731873 -0.0245008321416083 0.6256846918982003 0.015092128976516144 0.7799315765625354 22.30577181488735
0.7434873491756608 0.07467896404147902 -0.6645714797540936 -3.548055459270377 -0.0672559930952103 0.9970567364125006 0.03679861775944228 -0.0008026014594243389 0.6653634166757184 0.017339339349194002 0.7463198480607807 22.60537033414077
0.7084683051777939 0.07675826376666589 -0.7015601479474388 -3.9747104350626827 -0.06734554411882043 0.9968840073200722 0.04106162567920009 0.025996410854358623 0.7025258943773854 0.01815837505277551 0.7114282427884192 22.91796266989639
0.6727140708921249 0.07685195590278728 -0.735904252806411 -4.391704613501039 -0.06605654127783338 0.9968571741312754 0.04371951313929508 0.0492038149729915 0.7369516058948199 0.019202762562823265 0.6756747870234975 23.18991149305915
0.6351645194921335 0.0766714008895576 -0.7685656022097589 -4.84853864816752 -0.06362670846408543 0.9968723640517428 0.04686427514650056 0.07764254441602952 0.7697550650815063 0.01913681374446217 0.6380546784745414 23.47026715439926
0.5961984253590329 0.077515840172544 -0.7990899131784881 -5.34458896158335 -0.0616683972627841 0.9968085443244448 0.05068493102320553 0.11034468286346752 0.8004685105542312 0.019062504352158463 0.5990741411093208 23.748116383037154
0.5550665829293948 0.07968175091354737 -0.8279838052262298 -5.831496540982112 -0.06307660158489767 0.9965663172376951 0.05362050286104047 0.14264250279957574 0.8294134967862996 0.022465435081622163 0.5581853514820074 23.97365444530372
0.5117128386525347 0.08047504969575014 -0.855381789121855 -6.332569994481878 -0.06414271102433307 0.9964019735093138 0.055371678969138735 0.17355896852309424 0.8567606528097298 0.02653379457139804 0.5150329491483119 24.17262517813167
0.4656912520686901 0.07986919903122257 -0.8813381277366871 -6.853027426143713 -0.061660083346828765 0.9964250836352855 0.05771941763977556 0.20936662975988798 0.8827980357040948 0.027465345505432563 0.468950838562513 24.357356576404847
0.41809375883127076 0.08023018942472522 -0.9048564734403705 -7.389101052071318 -0.06036578043886692 0.9963423626875287 0.060451171970842627 0.2470767706331649 0.9063972059167972 0.029349470572431178 0.421407310209414 24.514940820164362
0.3708884430550324 0.0806908313781388 -0.9251679737802857 -7.9585168892841365 -0.062108835527047206 0.9961414043667974 0.061983507809864925 0.28558908051046483 0.9265997480565621 0.03447387910503038 0.3744679598386399 24.649980816150148
0.320358748980293 0.08608070669876515 -0.9433800092278772 -8.586531726270822 -0.06441363583887383 0.9955361102078809 0.06896672953577983 0.3413860127434566 0.9451052525685669 0.03867430310578879 0.32447237329754886 24.77524621393366
0.27119381206890675 0.0898185772293711 -0.9583281314068367 -9.23177743134638 -0.06399034239462913 0.9951156731141279 0.0751584701959469 0.40060342432550416 0.9603970169572971 0.04094314882471991 0.2756153701310321 24.879776600964874
0.22744775198512132 0.09049774402239616 -0.9695794582063778 -9.891415798741674 -0.06106030229477139 0.9950384447856735 0.07855024264116954 0.4582620713156034 0.9718759932941802 0.041339015288419954 0.23184338687977615 24.96915664167035
0.18650026790840882 0.0911768958489991 -0.9782179262920438 -10.582341657079999 -0.0602848358888875 0.9948697455290143 0.08123545348452618 0.5174739159587448 0.980605202622442 0.04382363301645718 0.19103854400656828 25.04252032562098
0.14824433922815533 0.089671613073894 -0.9848801578953489 -11.268269827125517 -0.05989627346388363 0.9948661468980143 0.08156506951442753 0.5713759973179903 0.9871368648171385 0.04690127787403047 0.15285272497478564 25.094095861222577
0.11540122334392945 0.08609322950413191 -0.9895839211571639 -11.94284406791806 -0.06108148157967733 0.9949660868103919 0.07943836547773073 0.6185115490911328 0.9914406545384753 0.05127998286485373 0.12007733373887369 25.128333252456247
0.08836471091801462 0.08543225471165584 -0.9924212861941162 -12.647098091704816 -0.06175105530299548 0.9948684999936204 0.08014472707397699 0.6733959517873794 0.9941740689374662 0.054203042395871134 0.093185730419179 25.16038590573193
0.06889030533408436 0.0883843182909379 -0.9937038858067485 -13.379450206915047 -0.06208998196532542 0.9945159918509174 0.08415276747793429 0.7416487185675518 0.9956918306968149 0.05590378170124292 0.07399914772011895 25.180146080928456
0.05674527832277456 0.09291239236727385 -0.9940587124703338 -14.135347813723453 -0.061088086643537466 0.994117394802974 0.08943150511415245 0.8178154451077799 0.9965195787207002 0.05565241053077019 0.06208611004900052 25.209313315202934
0.049880560693397205 0.09543556554571367 -0.994188111032122 -14.945001664310762 -0.06103148421245872 0.9938549221287288 0.09234241058985326 0.8962101642052769 0.9968907315569763 0.056072801852335936 0.05539714032528908 25.242307877632477
0.046904590438984116 0.09259959752062599 -0.9946008979882085 -15.726792052904909 -0.06010466971192132 0.9941512062117224 0.08972398997251999 0.9617887170547497 0.9970915326244918 0.05557373358425484 0.052194550533628724 25.280440966799105
0.04720785589077058 0.08842323660333731 -0.994966580389795 -16.57862806684557 -0.05433599890352582 0.9948263650630826 0.08583350281692341 1.0278625936069938 0.9974080977228752 0.05001264792776138 0.05176677399925925 25.335672569301394
0.04936211244802946 0.08586167471805935 -0.9950864652990555 -17.456625554357004 -0.04502075455656924 0.9954757140136167 0.08366274387413607 1.0928215529308787 0.9977677333730323 0.04067232668135324 0.05300308749513047 25.40357700971281
0.05536226774490515 0.08594519726022495 -0.9947634021657559 -18.328997105229778 -0.04442039896756174 0.9955127127518708 0.08353842955221898 1.1590643959207008 0.9974795911120744 0.03956545368561207 0.058930393249586176 25.462962144792854
0.061165466129366984 0.0853403488424591 -0.9944758371486339 -19.241352098774495 -0.045474873591440194 0.9955412940918746 0.08263581262660374 1.2228830861519364 0.997093219575687 0.04017227542982112 0.064772682865958 25.529706382131387
0.06364500046969117 0.07921228486188915 -0.994827236975043 -20.145817174462906 -0.04258103573187397 0.996152244706353 0.0765943949098254 1.2765038936788784 0.9970657557847764 0.03748900745671714 0.06677210190359166 25.603805365187263
0.06566850570390224 0.06988522665861063 -0.9953942395416903 -21.05412783061526 -0.0445764722643358 0.9967535781486938 0.0670405934921668 1.317328177187839 0.9968471846788334 0.0399717998218718 0.06856938370547376 25.66947701295865
0.06600553384809303 0.06335202299659744 -0.9958091071749194 -21.95380223153661 -0.05076158920941456 0.9969031169956458 0.0600578717444709 1.360808545657247 0.996529007551265 0.04658771804908776 0.06901575909578032 25.725963455998333
0.06534299417032549 0.06080611615089105 -0.9960116818633548 -22.841568172060626 -0.056129907671539594 0.99678500618939 0.057171707577745576 1.4077333262772855 0.9962847059169136 0.052173257636960874 0.06854480847428361 25.777390456271416
0.06007543680063354 0.06814211558554507 -0.9958687509921039 -23.743136670089942 -0.06607488753006668 0.995750333321588 0.06414892761292376 1.4725553593184912 0.9960061997912633 0.061951084206267014 0.06432142452036867 25.819165223878763
0.05436081210526962 0.07642696943437037 -0.9955954234959361 -24.72005703459479 -0.07049591508336017 0.9948718258189863 0.07252314997211332 1.5467169748417624 0.9960311208580811 0.06624594555429807 0.05946867969872539 25.867649870239806
0.049071460348304445 0.08619892555955017 -0.9950718527811122 -25.736977036703596 -0.07231947416595594 0.9939601615506378 0.08253709603778088 1.6339736915774672 0.9961750416861047 0.06791577744403994 0.0550077185239723 25.914572534485693
0.04588188458144971 0.09556858887171081 -0.9943679533765406 -26.79225383808376 -0.07373167259896458 0.9930216615101093 0.09203788193788434 1.7343080285557075 0.9962236452499461 0.06909632003517815 0.052606800005784785 25.96455510071934
0.04385653074358025 0.10191114826227618 -0.9938291547663104 -27.84308894768827 -0.0721282659022444 0.9925099638079224 0.09859356035503106 1.8423958708889159 0.9964320657954131 0.06736187879674171 0.050877605712866814 26.017398166374882
0.04285212800769848 0.10249613275671249 -0.99381267945653 -28.908855865221508 -0.07140922995577363 0.9924932845525777 0.09928159577015525 1.944753152763115 0.9965278436714778 0.06671550709860814 0.0498485678998734 26.07115940284742
0.041841300899623346 0.10018369750246679 -0.9940915244945082 -29.975639073598778 -0.071971179844357 0.9926768936615875 0.09701255829308182 2.038990141376781 0.9965304413706454 0.06748935686742495 0.0487439474010085 26.12299953835944
0.04027715529622503 0.09520866616508906 -0.9946449545774892 -31.036033269915563 -0.07217130672227476 0.9931264798630294 0.09214169571972858 2.1246696167847614 0.9965804622299586 0.06807622752941003 0.04687022452204676 26.172151634675735
0.036544313186592084 0.09009038269891684 -0.9952655901351664 -32.08731698248198 -0.0718063944045044 0.9935898917970555 0.0873026190357662 2.2039868761231 0.9967507496269454 0.06827876248860022 0.042777817927878374 26.216193672290956
0.031089590200316087 0.08541407243738793 -0.9958628413258599 -33.143615554490864 -0.07144961304042848 0.9939822782025948 0.08302271704104151 2.2799641470066287 0.9969613042033806 0.06857568438564572 0.037003903868614366 26.254456953245786
0.024405380778683063 0.08429348345536537 -0.9961446509176696 -34.18465947190262 -0.07175161839603629 0.9940160627665506 0.08235627009110937 2.3574556136952385 0.9971259696265754 0.0694678634356807 0.03030638112113492 26.28148319088832
0.01813253140574806 0.08685718698295852 -0.9960580259450575 -35.262795054206826 -0.07140296709356106 0.9937875749541222 0.08535986608613806 2.4471051258693923 0.9972844974551163 0.06957668903982048 0.02422083665188257 26.303737758160587
0.012520670841436168 0.09094582021244282 -0.9957799139394268 -36.35927874741445 -0.07202395098837566 0.9933499541594654 0.089818789620674 2.5454803023761903 0.9973262835548865 0.07059824466145204 0.018986557229508393 26.31715837893278
0.006696095128948406 0.09397282336540838 -0.9955548792856449 -37.44708115297444 -0.07394662304041663 0.9928946992252958 0.09322482563684026 2.64521193057866 0.9972416570432256 0.07299650558549221 0.013596476868666888 26.325054307916393
0.0018216707727834397 0.0965774061979463 -0.9953261771694493 -38.53218007911408 -0.07625595854013979 0.9924400531174451 0.09615782042993727 2.7476618261367 0.9970886093980291 0.07572723437581454 0.00917161306433503 26.328943639110157
-0.0011320060275852879 0.09806828562051827 -0.9951814479092447 -39.63870729663119 -0.08048764486978396 0.9919413296182472 0.09784040913144323 2.8533040652259567 0.9967567856375793 0.08021331018728868 0.0067694667672476465 26.33028944378393
-0.0032380006983686906 0.09926595222860728 -0.9950580238148895 -40.74484069250756 -0.08355780885847507 0.991553609213781 0.0991881439931292 2.959673432985354 0.9964995908637593 0.0834688037011071 0.005082902203613758 26.33192947145514
-0.003963400487948097 0.09893707176170147 -0.9950879365474536 -41.85883022559744 -0.08455328714485653 0.9914961274650983 0.0989164671967448 3.0630374623215073 0.9964127408527181 0.08453281228742833 0.004434874908274635 26.336068048244172
-0.0046721143290470776 0.09845379463322927 -0.9951327196603252 -42.9738513535336 -0.08497321021395661 0.9915022122585992 0.09849324167396949 3.164137912280816 0.9963736878168333 0.0850228524452688 0.0037323928347003364 26.340889306882158
-0.0052323518299959735 0.0979427946407653 -0.995180747490842 -44.119461465814595 -0.08579011744716278 0.9914780894177033 0.09802885715483478 3.268007903784861 0.9963012099687738 0.08589240914569689 0.003213928245163188 26.344423608522572
-0.005891653235826599 0.09727770471182347 -0.9952427696835701 -45.256817117120406 -0.08739481101558218 0.9913984484846445 0.09741860191675815 3.3732267724943568 0.9961584270743028 0.08755560431753755 0.002660008292520069 26.346091144681644
-0.006871138444927061 0.09529335214418312 -0.99542837833162 -46.37913839019298 -0.09163085484732442 0.9912006918472503 0.09552059057975906 3.4734198104569955 0.9957716503939471 0.09187096571679208 0.0019205926401301317 26.34424018675257
-0.007818271677042101 0.09062687202566497 -0.9958576196140774 -47.47267313998579 -0.096272238546603 0.9911901929628921 0.09095729707585513 3.5630909344114423 0.9953268062964844 0.0965872019843045 0.0009752611469750121 26.341580088851295
-0.007804843922983168 0.09005557142376713 -0.9959095406674024 -48.57782800108799 -0.09751152438203631 0.9911213843851621 0.09038612016596324 3.6545347639788375 0.9952059608949569 0.09782076431444976 0.0010456323872862496 26.34562503151105
-0.007179132686068829 0.09356717002935203 -0.9955909655869406 -49.72568204001608 -0.09839937751789248 0.9907148838601039 0.09381817947908157 3.756881320830696 0.9951237527018543 0.09864146818458311 0.002094020283295127 26.351652976077897
-0.006591772035095626 0.09632092440057405 -0.9953323161218346 -50.8962183130056 -0.09883798391587001 0.9904138426731651 0.09649969166380729 3.861989491039843 0.9950846190927468 0.09901487925246343 0.0029910137373334138 26.361591213038224
-0.005627637440960547 0.09564278522481143 -0.9954033339899667 -52.043180306683475 -0.09703650784227315 0.990665648090043 0.09573640825876302 3.959847502483643 0.9952673097060868 0.09713170416296996 0.0037050627249336004 26.376507449792236
-0.00417077449142506 0.09512696669297421 -0.9954595561171488 -53.20319681533088 -0.09682799115534099 0.990748431025515 0.09508314817185679 4.057188652743086 0.9952940826513115 0.09678791881089603 0.005077863375661818 26.3923059284192
-0.000408546860577807 0.09526225980306816 -0.9954554895739504 -54.38674226622589 -0.09995993643863137 0.9904619624919629 0.09482598539577428 4.160696481694192 0.9949931709761262 0.09954739207862055 0.009116801790302461 26.406075394576188
0.004883365891246269 0.09576216535659716 -0.9953957194481892 -55.569617022382026 -0.10372800264178984 0.9900824562250897 0.09474292337301987 4.263821231940278 0.9945957001305273 0.10279059164534117 0.01476730333147146 26.428506211716368
0.01103483776744394 0.09535907993758365 -0.9953847641286896 -56.76144121485495 -0.1060428485260335 0.9899393193496417 0.09366214164617655 4.36416351704108 0.9943016642269977 0.10452225830596429 0.021034741451342223 26.45970469781626
0.01725296321256642 0.09481704126826976 -0.9953479388125982 -57.93811401213828 -0.1073006888646858 0.9899184845054787 0.0924401906300935 4.4590831933004385 0.9940779497854513 0.10520899049486457 0.0272517483847065 26.501499532785974
0.02351743067750596 0.09426053667088646 -0.9952726152375473 -59.108245857112856 -0.1074610104520226 0.9900148108635751 0.09122399660352598 4.550749532010765 0.9939325621431551 0.10480983650495482 0.033410638656899735 26.552092690704065
0.029211340185920028 0.09380921307729673 -0.9951642044227962 -60.304051736488034 -0.1067652652433728 0.9901827937450012 0.0902062227998152 4.643944100435495 0.9938562801874595 0.10361645497949842 0.038938889510607144 26.610225291006348
0.03492430960912858 0.09395969115304248 -0.9949658763573237 -61.5284699415193 -0.1060464985576416 0.9902972201915068 0.08979695020633922 4.740950009366163 0.9937490373401294 0.10237922006509896 0.04454833531924525 26.676436590632374
0.04056845672903832 0.09469144801300236 -0.9946823259270926 -62.77791629195103 -0.10579616721843843 0.9903084653264566 0.08996010184253951 4.841421163865376 0.9935607285109157 0.10158720347099069 0.05019234905482514 26.750620693173907
0.04601334680468139 0.0952308567740911 -0.994393822539626 -64.00192442756439 -0.10609704883250434 0.9902793590101095 0.08992749000575165 4.944727770072008 0.9932911362579824 0.10136755900033771 0.05566881295441809 26.82827151377798
0.05117224143906955 0.09446644462014968 -0.9942146661693937 -65.23762598307849 -0.10519998055142026 0.9904860795921205 0.08869760573787445 5.041868669462733 0.9931341830084388 0.10005556314035886 0.06062227649714536 26.915073822694687
0.055102226386023134 0.08955059033261192 -0.9944596024815012 -66.43967406075272 -0.10538398479300168 0.990927182455445 0.0833934142236856 5.126104345804369 0.9929043383536384 0.10020802543495975 0.0640385095420949 27.004311739264363
0.05884893059281373 0.0839981068897935 -0.9947291007820969 -67.65398270706486 -0.10577105266970974 0.9913675037409091 0.0774569055620381 5.203480114905053 0.9926476491675978 0.10065813261741136 0.0672239632519315 27.096944520748806
0.06136315177098211 0.08346750116903848 -0.9946215910304792 -68.89075029676755 -0.10573908665552724 0.9914311297070629 0.076676653645438 5.284205602834787 0.9924985226120308 0.10046834302540628 0.06966145983104197 27.19391996530613
0.06303565329643246 0.08527367050529298 -0.9943636643497465 -70.11997236532989 -0.10562149218092942 0.9913149868689052 0.07831685836277792 5.369756935605283 0.9924062080550458 0.10009255195227311 0.07149333956905553 27.292160968706405
0.06401405051646898 0.0849230766374619 -0.9943310299609037 -71.34268696386468 -0.10582005954736222 0.9913301012543231 0.07785432828958612 5.451888367268264 0.9923220893466453 0.10023976356244818 0.07244388100079331 27.390322229748183
0.0641821209867179 0.08459694823418658 -0.9943482472033981 -72.56706754273903 -0.10701415571046283 0.9912357510920304 0.07742468182481328 5.535919539878796 0.9921834257297951 0.10144324008893928 0.07267094063607887 27.484366076699093
0.0642862433881894 0.08479306863511289 -0.9943247115537034 -73.82006181997734 -0.10777382829871875 0.9911432455279796 0.07755414971510285 5.6239021304364565 0.9920942710778325 0.10218009424886576 0.07285339269030743 27.58012889963723
0.06472029646492776 0.08439392177254584 -0.9943304517302056 -75.0671215574262 -0.10820350938925571 0.991133419338948 0.07708019196761597 5.708162124368399 0.9920193469995899 0.10260489963226069 0.0732763033269701 27.678882515541318
0.06494278555292281 0.08274738572691205 -0.9944541641784355 -76.30644669001558 -0.10861848595236664 0.9912182789420244 0.07538526823666372 5.787021268916041 0.9919593271022016 0.10312380648806113 0.07335851825095553 27.77818017366026
0.06539572134926505 0.08137608071624101 -0.9945375895551475 -77.54449727781588 -0.10757379788033296 0.9914326637226841 0.0740492209533718 5.86501192311506 0.9920434701001254 0.10214727577495776 0.07358754920787655 27.87953628158375
0.06609043723003623 0.08073453987109042 -0.9945438263609323 -78.77694033226007 -0.10578265227499649 0.991668126961886 0.07347219761120868 5.9435181192057405 0.9921898658511449 0.10035364785849717 0.07407821560608979 27.980768137760467
0.06652509977579361 0.08061970024799414 -0.994524166848249 -79.9965165178673 -0.10494980630732931 0.9917635924064567 0.07337646664380905 6.022585312336853 0.9922494111209433 0.09949788290502107 0.07443628814760488 28.079617133768643
0.0665922236195692 0.08254434485262725 -0.9943619447474104 -81.25070911461778 -0.10534115388180011 0.9915814557011179 0.07525971007865324 6.1087379503886545 0.9922041173052549 0.09973893026461489 0.07472484521931962 28.17756320708592
0.06670160327459522 0.085265953244227 -0.9941246442385091 -82.50748864868015 -0.10666464335697957 0.9912386957258963 0.07786221107878888 6.199256328535588 0.9920548165699309 0.1008481881017894 0.07521041706379776 28.275629613752244
0.06691397188714028 0.08487858988158045 -0.9941436784131035 -83.76230002349304 -0.10793041036506948 0.9911412158987838 0.0773582824065509 6.290268949870347 0.99190383846433 0.10212560724945063 0.07548051360200349 28.3725302308995
0.06701060753735553 0.08338299918309003 -0.9942641427904602 -84.98246134219208 -0.1088510123632859 0.9911622514369272 0.07578704394361371 6.371213848409252 0.991796903686827 0.10315166536903798 0.07549316127778874 28.46967089711882
0.06713203925562969 0.08105427522370062 -0.9944484573036978 -86.18887395493631 -0.1084217454444412 0.991382556813969 0.0734853676750333 6.447325722642035 0.9918358137265334 0.10289004980069835 0.07534001444424761 28.567552207428616
0.06738195592740724 0.08039492973823233 -0.9944852711776744 -87.40145707985813 -0.1072528681896129 0.9915539972290314 0.07289098861262867 6.5241393173720486 0.9919461973617392 0.10175289354068309 0.07543383763173224 28.667271674518112
0.06733691953396895 0.08115782689866853 -0.9944263353260844 -88.62073290933931 -0.10645327258328881 0.9915791237107942 0.07371708718632354 6.605721199144162 0.9920355342483261 0.10089881157756264 0.07540782496266826 28.76560771557791
0.06743184423152306 0.08350322396144441 -0.9942258493623853 -89.81952535686416 -0.10663666610492022 0.9913846136752655 0.07603210501059197 6.689644784652086 0.9920096513630513 0.10089668009145009 0.07575378296431172 28.86099571788378
0.06755332835521138 0.08512579956822178 -0.9940800371089338 -91.03950133307218 -0.10706576753256253 0.9912162794529585 0.0776048784944585 6.776542195482605 0.9919552658533268 0.10119249222062067 0.07607239308290635 28.959057519111187
0.06750411172374157 0.08494825188734215 -0.9940983528004197 -92.25360816401555 -0.10758863113260879 0.9911760331701769 0.07739295803356895 6.86161939251457 0.9919019404792083 0.10173255995388188 0.07604610935191015 29.055323239120142
0.06745894991280481 0.08275553858669932 -0.9942864475540575 -93.45748555517744 -0.10716102088504517 0.9913878916374114 0.0752439906914233 6.939889410546418 0.9919517575898055 0.10147591870426603 0.07574453621740862 29.153690746774007
0.06773499879124459 0.08113088500166733 -0.9944017094206938 -94.66470359256718 -0.10582963206954642 0.991647201799252 0.07369741885429804 7.017135320898049 0.9920765800756908 0.10024803577672761 0.07575370489908449 29.25287308956273
0.06775701582083098 0.08125850441837942 -0.9943899363210978 -95.87555945715752 -0.10501003778885504 0.9917206826458037 0.07388490101453081 7.098190402329793 0.9921623895888619 0.09941726352698176 0.07572742760876712 29.350920440051613
0.06809182884323675 0.08374477179038926 -0.9941606488962679 -97.07384846183861 -0.10291264911183988 0.9917427647375402 0.07649195068402898 7.183136270268488 0.9923589952727988 0.09710603901416069 0.07614657713408568 29.449167027077408
0.06830707770446956 0.08549313762006797 -0.9939971760553118 -98.28116899372279 -0.10250382851688924 0.991648039331753 0.07824662213831794 7.270398917553631 0.9923865041410317 0.0965466455517127 0.07649863004356747 29.547349991746533
0.06817460603294491 0.08626216935007484 -0.993939805062945 -99.51397881424346 -0.10296739298014691 0.9915407841197712 0.07899096651578619 7.360661610964294 0.9923478588804824 0.09696115008544401 0.07647883139135044 29.645680235105434
0.06788454799726044 0.08703373376802467 -0.9938922848585814 -100.72605534952284 -0.10389031673960987 0.9913862288472242 0.07971821782848701 7.4509825919618775 0.9922712975054585 0.09784728357487821 0.07634059394228525 29.739988279101585
0.06753945468130979 0.08633769485186109 -0.9939765959172836 -101.93965018462342 -0.10491503684939588 0.9913375896681987 0.07897931342920739 7.536266722740942 0.9921871337891429 0.09895193571635272 0.07601141957426935 29.835519810014098
0.06705917018536185 0.08209116742759998 -0.9943689555071693 -103.14538640500908 -0.10652998737491098 0.9914994179931962 0.07466960141144542 7.615717989643116 0.9920476721080558 0.10092565332487491 0.07523324563776218 29.927050457752497
0.06679291199900522 0.08056987930901069 -0.9945117853997445 -104.33283258238808 -0.10736520384897148 0.9915252186488118 0.07311657434931862 7.691682386867951 0.9919759180288603 0.10189482465455954 0.07487655988489382 30.01978433881238
0.06665851383632042 0.07890855384867787 -0.9946537314300213 -105.47412100675535 -0.10745075567852083 0.9916360275455679 0.07146797275048751 7.762340922423507 0.9919755272095335 0.10211496849765854 0.07457882086843773 30.10930336884238
0.06672898908879027 0.07869438566417697 -0.9946657425049921 -106.65437345392029 -0.10713883928936731 0.9916836770972747 0.07127088106463818 7.83721821854599 0.9920043390060279 0.10181422713387207 0.07460430505170336 30.20342113644536
0.06645307361205834 0.08006647640299812 -0.9945745082975777 -107.8133741022133 -0.10748379416943277 0.9915469361407911 0.07264136900309665 7.915281084609712 0.9919856414375534 0.10207623814094992 0.0744962489184353 30.293409922440624
0.06659821510240788 0.08135068875515246 -0.9944605975419253 -109.02003458558166 -0.10665124213693462 0.991538986605426 0.07396958576712255 7.9972798894612005 0.9920660102128542 0.1011367822382063 0.07470987687690649 30.389995592361007
0.0660375105935543 0.08049187087403413 -0.9945678581486592 -110.22794946560516 -0.10931128069385435 0.9913230353682432 0.07297156352677032 8.077116295093974 0.9918140711897984 0.10390122956365024 0.07426230029826215 30.478863495230094
0.06512360827774512 0.08102631392318094 -0.994584496520929 -111.46010919214639 -0.11188203985648901 0.9910037324276932 0.07340919460103912 8.161848496715692 0.9915878530479723 0.10649819259243674 0.07360222841226141 30.569217543333785
0.06467826860671395 0.0801434147600153 -0.9946850429104661 -112.70346051978844 -0.11418896371010852 0.9908144628640784 0.07240732797218413 8.242802452896653 0.9913543351102413 0.10890155643167726 0.07323469596847691 30.661131566824935
0.06415374787087812 0.07604835339488296 -0.9950408390341422 -113.93389718391187 -0.1146484682568628 0.9910496155025863 0.06835226914009841 8.31329814260061 0.9913356258266728 0.10969749062028465 0.0722975191396245 30.755183786964153
0.06348845597960048 0.07163763089381832 -0.9954108180810989 -115.16961625609557 -0.11430241566304883 0.9913765276872983 0.06405816943095953 8.3788208956866 0.9914183406158262 0.109713224541449 0.07112836254743377 30.8494423984187
0.06341324354593399 0.069912643742483 -0.9955381704579596 -116.37682740020597 -0.11041251380378386 0.9919084462679382 0.06262592372319978 8.444210333128538 0.9918639473365622 0.10595096905292314 0.07061839558409971 30.943497802906773
0.06366192250008024 0.06852166114341018 -0.9956190480599721 -117.58660630114666 -0.10612045612788926 0.9924461308581802 0.06151881816418074 8.50955058132462 0.9923164719525156 0.10174152884641689 0.07045158552230792 31.039563140247264
0.06295957355375294 0.06999628940862292 -0.9955611413855298 -118.82078138462292 -0.10622908022695335 0.992338498765173 0.063052838767672 8.580809038672115 0.9923499132545862 0.10179008694766131 0.06991181167363397 31.129186321781237
0.062354294589489295 0.07344194636203691 -0.9953509302212743 -120.08294571322809 -0.10591360502104334 0.9921424027746787 0.06657103642224885 8.657495080451497 0.9924219661335645 0.1012726312453727 0.06964190128693183 31.22162213889563
0.062079775107077836 0.07327955968690016 -0.9953800716622924 -121.35550961026505 -0.10515680870563548 0.9922286375571147 0.06648975209169791 8.731137511055552 0.9925199834554058 0.10054554881683368 0.06930224839966095 31.31778108039953
0.06161335278434548 0.06905693395706264 -0.9957109848232852 -122.63568473068246 -0.1052772141574071 0.992486393783561 0.062319521985053014 8.79871119471003 0.992536099014312 0.1009881407613819 0.0684196428231697 31.409933450574496
0.06103144129430506 0.06528633241537285 -0.9960011091782371 -123.92146531540034 -0.10620248442762886 0.9926169039200455 0.0585574655562484 8.862019734154089 0.9924733556956901 0.10220602776066581 0.06751346772400044 31.49925252166739
0.060613766144582415 0.06408225065319556 -0.9961047512195105 -125.17383879175331 -0.10576455566722047 0.9927292533725471 0.05743015184584203 8.921910653093361 0.9925456626922878 0.10187352501570333 0.06694988900084804 31.587767361589055
0.06016764982454067 0.06466367852298599 -0.9960945622173113 -126.44406836886658 -0.10659009852540986 0.9926081262561214 0.05799959509553319 8.988484348313273 0.9924846946413243 0.102685816712768 0.06661480062660378 31.67258436240223
0.05875159844059233 0.06852099499221019 -0.9959215667709053 -127.72403668330494 -0.11010241833048232 0.9919980815700418 0.061756525461058434 9.062252846307508 0.9921860499241127 0.10602671114555527 0.065824994994119 31.756926777590024
0.05742631105226142 0.07129818069172698 -0.9958041006071736 -129.04305848612637 -0.11345438858818585 0.9914493152612693 0.06444439132263184 9.140106784277982 0.9918862416510283 0.10927919015044492 0.06502347178095733 31.843807165814255
0.055863533231810314 0.07101060653251826 -0.9959132578794081 -130.37751222789055 -0.11923892045410234 0.9908015402812134 0.06395844157079537 9.21749103193462 0.9912968464095928 0.11518034904976485 0.06381600116040799 31.928434600124607
0.05538067047714072 0.06919337946674006 -0.9960685786986456 -131.69984844231442 -0.12096808572939483 0.9907105965095615 0.06209628865387208 9.285722518993644 0.9911147356302898 0.11705511253093613 0.06323595910789039 32.01569625226686
0.054641325699786664 0.068195700263761 -0.9961784067691262 -133.0068248673687 -0.12177514992176212 0.9906712875846773 0.061139904248934535 9.352910794851324 0.9910572405070747 0.11797044701156958 0.062435714071826624 32.099876540275126
0.05393687847021837 0.06773798646837886 -0.9962478958966267 -134.25749554060295 -0.12160333685267322 0.9907146406412818 0.06077901647823739 9.41732115925438 0.9911167701299063 0.11787046904984938 0.06167276214237685 32.18179441862448
0.05351464960562439 0.06665709024112722 -0.99634360202901 -135.51098049127148 -0.11943579685077974 0.9910322740572011 0.05988765466769575 9.480573131303505 0.9914030500556833 0.11579605714249966 0.060995527721553096 32.26563598133871
0.05289810958251956 0.06679186927807772 -0.9963675276409629 -136.7934615276549 -0.11919636919061824 0.9910476690501444 0.06010805595164199 9.548050020915992 0.9914651144228015 0.11558568067894497 0.06038538676478726 32.34747350205271
0.05173597407621851 0.07086957670498845 -0.9961468391312882 -138.09891859144804 -0.11868641385533191 0.9908438404206585 0.06432924960139318 9.62491626931028 0.9915878259060479 0.11490272608050152 0.059673000148664376 32.4303707866647
0.05086845200792616 0.0743228389783092 -0.9959405856734319 -139.42171319107862 -0.11775047242144836 0.990716623965551 0.0679208091794493 9.706339289237752 0.9917451167282836 0.11381846825527198 0.059146410572811024 32.51453917365722
0.05044702476291312 0.0729585648301122 -0.9960630859966761 -140.7441209760858 -0.11782338844030937 0.9907973653157891 0.0666074235649147 9.781356287507881 0.9917581944978405 0.11400026135020676 0.058577784556275166 32.59860640991755
0.05038815672141653 0.07172495752505563 -0.9961558256899811 -142.0381146750358 -0.11731056805472571 0.9909376588760285 0.06541701234456973 9.851794139496139 0.9918219940249281 0.11356416241429194 0.05834422316406932 32.68339091253583
0.050821893506404245 0.07085759212607574 -0.9961957621476635 -143.31577519674656 -0.11597590806979055 0.9911492451561102 0.06458367506470528 9.924578631427577 0.9919569212263838 0.11225309924092085 0.058588524127647916 32.76790742622767
0.050882238395900566 0.07028654716939751 -0.9962332269326911 -144.60084282842266 -0.11589007886780198 0.9911963159776653 0.06401386338088347 9.995936816671104 0.9919641049549666 0.1121968844665573 0.058578593037654454 32.85039085710218
0.050748418797529074 0.07173253988874949 -0.9961371429418275 -145.8911202040437 -0.11591606726784762 0.9910978820554108 0.06546606012897369 10.071567191662053 0.9919678125488199 0.11214681731978837 0.05861049308216093 32.931913399205676
0.05081634570762469 0.07454120332813471 -0.9959277568363192 -147.17454735280384 -0.1165091093059495 0.9908434084852117 0.06821823829422921 10.15028892330907 0.9918951567398308 0.11256838638382356 0.05903411710888447 33.01364976331308
0.050849428103526204 0.07486617574756861 -0.9959016090193392 -148.47899692074608 -0.1168735070992947 0.9907796799873833 0.06851630915935467 10.229685004720423 0.99185053862046 0.11291096659021745 0.05912878359491581 33.097178506369275
0.05043067327203637 0.07240095538307936 -0.9961052962889237 -149.7973142722122 -0.1178661966212373 0.9908292335472308 0.0660527863995314 10.302311767303909 0.9917546715691107 0.11407645423700424 0.05850026326610411 33.180261493510365
0.05055793287850468 0.06934503890291982 -0.9963163114748805 -151.09088234378717 -0.11515227237242545 0.9913368872920335 0.06315785687574525 10.368106662554807 0.9920670184074905 0.11153558371340072 0.05810348528356715 33.265182963769334
0.05082543484585547 0.06728492108530484 -0.9964438288843352 -152.3654330277512 -0.11096615204340524 0.9919296454758303 0.061322720468281626 10.432980341591284 0.9925303981889015 0.10745544178321724 0.05787982705086514 33.34913178587359
0.050745312354190025 0.0664623571746888 -0.996502981420131 -153.6355228354382 -0.10900050853571285 0.9921900312652902 0.06062673020968647 10.497725424444326 0.9927522842124256 0.10554353982992414 0.05759164015693212 33.43022437453265
0.050955105058349597 0.06617944695182659 -0.9965111182125639 -154.9256767639058 -0.10611371335233376 0.992510952397898 0.06049051942552513 10.564206850848526 0.9930543229964975 0.10266181469597532 0.05759423444632769 33.51402078631731
0.0511981286014016 0.06426666399685943 -0.9966239500122253 -156.2035349226946 -0.10283663861164383 0.9929605174264741 0.05875023813368573 10.626005343324461 0.9933867523240382 0.09948176952705971 0.05744489404262955 33.59769278720099
0.0510418842862629 0.06405119718977993 -0.9966458718404594 -157.5144733385231 -0.1019266523799291 0.9930633266399762 0.05860356433746557 10.690789683274438 0.993488828824985 0.09859358247598404 0.05721457654133075 33.67939485727693
0.05043090387212462 0.0664304338334301 -0.9965209787145584 -158.81719733547706 -0.09980030074498078 0.9931249363408075 0.06115585387021922 10.76044711438028 0.9937356126117499 0.09636925687960175 0.05671244318639754 33.76091455912582
0.05029096264106268 0.06693864902814246 -0.9964939567735088 -160.13863442192346 -0.09802338817643355 0.9932637230665814 0.06177702513586994 10.831139645965111 0.9939194316453884 0.09457317360059568 0.05651218598435009 33.84486947258645
0.05042680079801854 0.06538819143869526 -0.9965900262631713 -161.44095988646075 -0.09529539184551773 0.9936156256697924 0.060373484807340706 10.89571620525252 0.9941781274518128 0.09192614377006021 0.05633450043862248 33.92903077620306
0.050059466956535986 0.06533975008963623 -0.9966116112786586 -162.76567095278958 -0.09539590982630616 0.9936070715392642 0.06035350586441303 10.964566096449355 0.9941866440128247 0.09205176677304751 0.055970895232036286 34.0083380386409
0.0499266734550498 0.06888163178259193 -0.9963802050635789 -164.08459567315268 -0.09581587142662994 0.9933470118629295 0.06387375531730002 11.044827804596324 0.9941535123872316 0.09227996679979093 0.056192200131900405 34.086086535626116
0.04927867054444436 0.07334177837385858 -0.9960939879877634 -165.42825269104503 -0.09941801430393632 0.9927068479086752 0.0681767451577224 11.13292230364849 0.993831863319836 0.09566990762344686 0.056208651710573855 34.164588472476794
0.04915419468571816 0.07289241379925229 -0.9961329142605835 -166.79136912330168 -0.10172099190507294 0.9925121424769239 0.06761107626043786 11.214575741249968 0.9936048357523688 0.09800424003847401 0.05619855628301609 34.24558295903314
0.04940357390880689 0.06875082485511767 -0.9964152837648436 -168.11111992857346 -0.10421022271312233 0.9925373562041161 0.06331951913359989 11.28239293730727 0.9933345408570531 0.10070836243068677 0.0561972922414819 34.325643015389
0.04995252347840076 0.0632404395908535 -0.9967528474245712 -169.41656630682294 -0.1056126724734523 0.9927319204278611 0.057695595892287246 11.33948544578947 0.9931590284047949 0.1023876186170432 0.05626637020195799 34.40620577302799
0.04997963705963566 0.061894733961903356 -0.9968358308497018 -170.69190484015235 -0.10707355257637115 0.9926572692696389 0.05627007275300805 11.397619455927384 0.9930011127614888 0.1039222784762684 0.05623787384207233 34.48150258252082
0.05035937709428234 0.05829902023147636 -0.9970334804467526 -171.9826068879144 -0.1019542369931154 0.9933795070355284 0.05293891846702302 11.450186762288617 0.9935206865017089 0.09898558290768514 0.05596775457333456 34.57151647823399
0.050460994067391206 0.053473717241165744 -0.9972990308443404 -173.26009787518544 -0.09845692492386043 0.9939679527725324 0.0483165270949228 11.496249908834214 0.9938686703414198 0.09575238402430855 0.05541960325466026 34.654061950397065
0.05016287330986869 0.049706953728050104 -0.99750863309784 -174.54020955259085 -0.0929397732912139 0.9946586369054317 0.04489441318637738 11.540368943599173 0.9944145287193388 0.09045597408778352 0.054512791692322614 34.73948548928027
0.04931400095146793 0.052121268992565625 -0.99742745827984 -175.82562118148948 -0.09137100272463858 0.994684247262719 0.047463452460849535 11.593186035772606 0.9946019312819917 0.08879551860327368 0.053812598504260775 34.81505375652633
0.049445295274955677 0.05682312141317345 -0.9971636423923075 -177.1125776580313 -0.09223772139603059 0.9943720983689521 0.05209287564964486 11.653668743415555 0.9945151987157904 0.08940062759829723 0.05440678881148462 34.891602749816144
0.04963816290248785 0.05926761938655581 -0.9970117426887989 -178.40241253450515 -0.09325600941088705 0.9941503586887317 0.054457177358560926 11.714792899787522 0.9944105668989768 0.09027453414408698 0.054873435263492296 34.970757608415994
0.04996574185773578 0.05626822553460915 -0.9971692769646966 -179.6829272582759 -0.09380470992121867 0.9942611962555516 0.05140648001046752 11.76486308527553 0.9943428775510786 0.09097102212745965 0.054956041249072544 35.052051303937375
0.049884783332234964 0.05613080703507293 -0.9971810855765647 -180.97885238925076 -0.09454639220711664 0.9941998839962688 0.051235807371123654 11.820695167757618 0.9942769754308639 0.09172417771039686 0.0549014195532447 35.127315773528814
0.05052726989333394 0.05635127254834531 -0.997136324989242 -182.2838114175311 -0.09302009082855095 0.994331464190169 0.05148173672080715 11.877037071805434 0.9943886212999047 0.09015263813160714 0.055481643987356416 35.20918714980922
0.050273054700959226 0.05475092834028281 -0.9972383456924326 -183.60525480642505 -0.09329485896014993 0.9943867193618648 0.04989366026655095 11.928340606707515 0.9943757748342152 0.09052901635486361 0.055097992316649816 35.288761517974166
0.05047468552371263 0.05389992622535946 -0.9972743749017499 -184.87824261429515 -0.09340465442292828 0.9944195335621434 0.04902087257444063 11.980175015924011 0.9943550399192705 0.0906760321505477 0.05522646612091375 35.36641156500898
0.050670590140904845 0.05474542966346966 -0.9972184524946368 -186.14729199170387 -0.09383326517723051 0.9943393740985521 0.04982220724779847 12.035755834134811 0.9943048337386998 0.09104791905216345 0.055519645125998 35.44247504774801
0.05111988752227387 0.05559015233796808 -0.9971486579616764 -187.39078981409685 -0.09362072236834466 0.9943183078109453 0.05063542415863111 12.089933739582142 0.9943016361285925 0.09076546455228886 0.05603278362558904 35.519870171590945
0.051065073153497946 0.056110881949159856 -0.9971219386415074 -188.5998059290948 -0.09392873917652038 0.9942625357587763 0.051142873798401114 12.143228395613754 0.9942746725352332 0.09104765416563566 0.05604121413016928 35.59207828123832
0.050978170437390266 0.05640959081446299 -0.9971096989103161 -189.78913644161798 -0.09410996523405263 0.9942301880499134 0.05143848703979575 12.196031030936737 0.9942621348591199 0.09121680653128278 0.05599135865878908 35.6623850226448
0.050949391861114586 0.056533480903946665 -0.9971042944506783 -190.9516723515264 -0.09369870369556738 0.9942619091819305 0.051587448815176046 12.246997492009129 0.9943027781561197 0.09079965653497443 0.055952890708699146 35.73221689051206
0.05086405789217072 0.055768725971432745 -0.9971516679112208 -192.042021139777 -0.09352869994516971 0.9943159811722274 0.05084226769218324 12.291083115103863 0.9943228715888281 0.09067716554534137 0.055789299098123406 35.79863408781868
0.051124634601402784 0.055460836585908634 -0.9971553609721946 -193.14468327915876 -0.09405029317643965 0.994284804881284 0.05048264670727061 12.336530702991146 0.9942599994328402 0.09120314769418517 0.056046726907953606 35.86556748387083
0.051392504472783054 0.05551330796440345 -0.9971389577551738 -194.23122704147303 -0.09427615422023282 0.9942629159043387 0.05049746055600438 12.382835910596015 0.9942249806909327 0.09141248872639772 0.056329467035510256 35.9317299676513
0.05116572685694597 0.05382200747269733 -0.9972433745603787 -195.23568762618237 -0.09263620894709762 0.9944957061095984 0.04892406036539567 12.421197702510446 0.994390773075717 0.0898789207185946 0.05586825124530785 35.99270121450095
0.04862048367110278 0.05043862849681859 -0.9975477640427051 -196.2236219061526 -0.09025929201822444 0.9948585062421968 0.04590649023700007 12.455931367406956 0.9947371134079139 0.08780713248679443 0.052921604513654116 36.0476696844561
0.04436945676753411 0.046606739783425645 -0.9979322252873757 -197.17347938245084 -0.0900202014547204 0.9950327430434444 0.04247209776890313 12.485150819465922 0.9949573534274752 0.08795076590144608 0.04834293014140318 36.091955979799366
0.04043964101813849 0.04303900527778101 -0.9982595658239756 -198.1374723927398 -0.09144193103947244 0.9950375684214733 0.03919885535363417 12.513178778113117 0.994995689858919 0.08969882535855497 0.0441728940466524 36.12916596048031
0.03757218932580226 0.042561599101327736 -0.9983915201871231 -199.10534141270224 -0.0928567643059759 0.9949170963493261 0.03892220305769789 12.544848085737383 0.9949764464291229 0.0912464133487285 0.04133120487618601 36.16325640079225
0.03545883344675066 0.042870536035542736 -0.9984553931688079 -200.0992726759258 -0.09377753418114274 0.9948120207658497 0.03938703588532426 12.58090267004556 0.9949675563052802 0.0922375830513953 0.039293007430898655 36.197342831047514
0.03379079543111055 0.04378628604306807 -0.9984735119740681 -201.10703488819962 -0.09331301199064976 0.994811964970038 0.04047099181707401 12.618862530817388 0.9950692235618989 0.09180476671336427 0.0376991913399319 36.2346472154419
0.032906895064964255 0.04448817071394861 -0.9984718100949334 -202.0936965361016 -0.0907144634534415 0.9950160196299406 0.04134756012601041 12.656924885171943 0.9953389705069459 0.08921718043289609 0.036776486884119074 36.27377298270073
0.03227542723467254 0.044528372697225 -0.9984905078873727 -203.08056856697996 -0.08962335781239973 0.9951093440990243 0.041483612299975076 12.6932030765087 0.9954587526335104 0.08815092803431697 0.03610620828706904 36.31112380726587
0.03173139240511092 0.04346266506006746 -0.9985551993386289 -204.0630456079587 -0.0897910796729651 0.9951364752473955 0.04046345937615742 12.724266460285808 0.9954615290299788 0.0883789597293762 0.03547771026876183 36.3468710061355
0.031363869373392174 0.0424263627572387 -0.9986112904841273 -205.02085651537672 -0.09079939079443863 0.9950865734765848 0.0394277062223427 12.753725718482768 0.9953815721989027 0.08943839474979992 0.03506006878422658 36.380091246366575
0.031068715116435164 0.04156525038205587 -0.9986565325136924 -205.98812640050815 -0.09336058886969367 0.9948854039631218 0.03850675584606026 12.785547918000008 0.9951539969691082 0.09204052802205587 0.03478837478691923 36.41074762883872
0.03134516276456536 0.03989302898337431 -0.9987158616396958 -206.9540611561378 -0.09514095650172558 0.9947829847539116 0.036752966281976114 12.812636115461071 0.9949764198265769 0.09386854503998847 0.03497494170084494 36.44567433302431
0.0315343769189642 0.037092025622617236 -0.9988178947806572 -207.91198799880485 -0.09554622638180585 0.9948444503325593 0.03393114432173172 12.834263972215524 0.9949317058444719 0.09436509263351259 0.03491395020558617 36.483812036926004
0.03157981410488994 0.034222337379249027 -0.9989189090002583 -208.85769415617628 -0.09539943144227427 0.9949519610244737 0.031073570903974456 12.853139086269536 0.9949442435578593 0.09431677310910819 0.03468325086264178 36.52019969114797
0.03166754767126259 0.03378806234572337 -0.9989311470968529 -209.83844518702458 -0.09566812569317086 0.9949405095649478 0.030622857375291978 12.875312567200385 0.9949156947931129 0.09459769739531944 0.034737982351353114 36.555950170325346
0.03185448265628506 0.035631562940351864 -0.9988610757256451 -210.83207444521707 -0.09345434907630777 0.995091065443015 0.032519572690063676 12.903796920832276 0.9951200448963613 0.09231343628218289 0.03502614230332413 36.59313441219666
0.03172917262851132 0.036013783001966726 -0.9988509623758582 -211.84973148519722 -0.09331633175895332 0.9950906166167679 0.03291687020907462 12.931865842155812 0.9951366583916802 0.09216621034368161 0.03493210458650568 36.62985822650817
0.032021822208432915 0.032038624187080866 -0.9989772357532577 -212.84241887239682 -0.08878515837628581 0.9956245904980205 0.029088048147344617 12.949894043855089 0.995541935697603 0.08776419046366186 0.03472433939928281 36.67439922695761
0.03198370837361748 0.028315073962129643 -0.9990908681241846 -213.7953803402883 -0.08790780095601285 0.9958027927295258 0.025410570325015605 12.963811429021412 0.9956210493272251 0.08701641359404627 0.03433646435557259 36.71143556460692
0.03189122667660831 0.028040257002258668 -0.9991009835589792 -214.7826686050891 -0.09078185133040938 0.9955538943473179 0.025046118587968416 12.984831864373751 0.9953658210968951 0.08990290303253816 0.034292725749232617 36.741246362219904
0.03244830436538735 0.03088967557575958 -0.9989988027127814 -215.76857918625177 -0.091813924418986 0.9953857462936089 0.027798482588279053 13.009833685889479 0.9952526442270524 0.09082177327593217 0.035132787565399816 36.776494207245534
0.033574398163592555 0.03005729737524661 -0.9989870364920406 -216.7513809794297 -0.08928452934024973 0.995638730354378 0.02695858178553323 13.027091594503878 0.9954454476824245 0.08829082708809771 0.03610975602879255 36.82124697614573
0.03424668280590591 0.030369741146995297 -0.9989549209336277 -217.73978513920036 -0.0889208442421789 0.9956647062489485 0.027223717595917046 13.049979757445747 0.9954555150652128 0.08789691541784843 0.036796980544901166 36.86392133728791
0.03526660217748067 0.03385056101489271 -0.998807501181795 -218.7536088565641 -0.08968371535377136 0.9954990782670318 0.030574573441967304 13.0796671486636 0.9953515637582899 0.08849982675278169 0.03814196694806534 36.90505935847856
0.035984418622453884 0.037116352344019214 -0.9986656777798175 -219.75944107903166 -0.0867123723441617 0.9956550579895345 0.0338827412034908 13.110569415823509 0.9955890732433357 0.08537877993971285 0.03904478953936161 36.95102377969557
0.03619173513337085 0.03717111682462931 -0.9986561770371578 -220.78631677242885 -0.08674721594443818 0.9956508278958576 0.0339181046174263 13.138504981966884 0.9955789048215563 0.0854043014271541 0.03925709916730697 36.995196310733974
0.0372787252417533 0.03712610349378792 -0.9986176741474174 -221.83925252694124 -0.08900501818629977 0.9954592995897809 0.033688594214474996 13.168176314467791 0.9953394268262282 0.08762749168868424 0.0404120285188675 37.037998867677246
0.039161363509954944 0.03761332956676256 -0.9985273517295684 -222.90489478004866 -0.09088301923618804 0.9952813994907992 0.03392931895064485 13.198639506782339 0.9950975081204649 0.0894216613073671 0.04239308062535581 37.08530353737073
0.041444656753673044 0.037520971154961794 -0.9984385195889427 -223.98067497173446 -0.09142115675454603 0.9952427151748178 0.033608928161142325 13.225326142441654 0.9949551516216993 0.08988708838524324 0.04467566033394899 37.14019041795703
0.0436980159753108 0.03528281402374429 -0.9984242468117933 -225.0309893818345 -0.09374930119508877 0.9951089500663123 0.031065620993826995 13.245671075036768 0.9946423350470868 0.0922455111622807 0.04679028379865069 37.19442466822874
0.04569329534438365 0.03196929199663661 -0.9984467675028537 -226.06165908137663 -0.09339563344274344 0.9952448295539866 0.02759562428484378 13.260128596560767 0.9945862773244898 0.09199094826210004 0.048460442278246474 37.25474003430225
0.04654477887085611 0.031192080661682303 -0.998432216630267 -227.13131282540044 -0.09273456440963981 0.9953291931586877 0.026775036749869315 13.277485060371115 0.9946089985732683 0.09134379462233122 0.049218841718952584 37.31565206166212
0.04685754140003313 0.03263619865092257 -0.998371524307365 -228.21045807721336 -0.09331080300648087 0.9952369212105171 0.028157466398373705 13.301399479274018 0.994540395025213 0.09184040943132482 0.049678669709465564 37.372866285213874
0.047304986951819915 0.03499160431485179 -0.9982703825353657 -229.31464793330832 -0.09437925182373885 0.9950693630960032 0.030410207823199475 13.329064077523498 0.9944182281174374 0.09277886974877522 0.05037336676433479 37.431047107237184
0.047852714595733384 0.03455808115071342 -0.9982596325583473 -230.42267601540493 -0.09451016580189608 0.9950721461032067 0.029920131337536304 13.351315619728863 0.9943799875937193 0.09291511082211261 0.050882225031253954 37.494679243263725
0.0483041514144266 0.03164774233046888 -0.9983343629380501 -231.50684339749083 -0.09278061391605279 0.9953165435909161 0.02706602692984965 13.367429187331343 0.9945211527614504 0.09131992321763717 0.05101340494193233 37.559991841011545
0.04862640881141729 0.0282778481490739 -0.9984198815258112 -232.6043367625605 -0.08923789396176682 0.995722767182051 0.02385815277923873 13.381261152539116 0.994829902121984 0.08793757025410903 0.05094113223759614 37.62565048868381
0.04879516872764809 0.027430006075274006 -0.9984353883532189 -233.70817559896815 -0.08823539397962164 0.995831279078769 0.023049120780039106 13.396490179836993 0.9949113414588038 0.08697339082671718 0.05101139135482023 37.68816008777995
0.04897437688719645 0.026828444548878786 -0.9984431557173096 -234.8254389586958 -0.0883216445833755 0.9958378538318234 0.022429322290591146 13.413785509841896 0.9948952624209995 0.08708648275062375 0.05113938034784544 37.75033086100533
0.04927369769503663 0.0265986624250487 -0.9984349933242249 -235.95749663461032 -0.0884366812070325 0.9958339154545226 0.022167929715009756 13.431156883491182 0.9948704356706097 0.08720642297928292 0.05142036269224139 37.81317567352079
0.04919474909594902 0.026692558196790905 -0.9984364998739692 -237.07352926367722 -0.08949644563603226 0.9957380654561699 0.022213870667697602 13.450414107484706 0.9947795997339464 0.08826413595846057 0.0513736251460403 37.870160778530874
0.04896440964100921 0.028353928637657795 -0.9984021739152179 -238.21811003134616 -0.09025759967314168 0.9956317825242337 0.02385165318955856 13.4723288567631 0.9947227510607808 0.08894515298724576 0.05130945567305846 37.92945278253964
0.04865479157283065 0.029249838663594478 -0.9983914293927328 -239.37868235459996 -0.09051762049692887 0.995585958644789 0.024759285559441502 13.494909994523754 0.9947141584118392 0.08916711271043407 0.051087358922277636 37.989947473313606
0.04839892348676066 0.030502458618309518 -0.9983665592511909 -240.54740920811736 -0.091124876847782 0.9954989117344352 0.02600023166149707 13.519230558168646 0.9946711739720788 0.08971739992253416 0.050960367021033515 38.050523454133824
0.047984006396638856 0.03094525328531041 -0.998373002395782 -241.76218461414032 -0.09225302153063562 0.9953839249380166 0.026421492793147764 13.544515944718592 0.9945873499891051 0.09083477124831842 0.05061689257553227 38.1119496414885
0.047611385162759035 0.02990045366549544 -0.998423000134172 -242.95471708041407 -0.0940095553711796 0.9952480826204023 0.025325275794594298 13.565009935150607 0.9944410197289854 0.09265506143743968 0.05019582974034672 38.17178970879189
0.04720496130647262 0.025218177506671963 -0.9985712474892947 -244.17114061130906 -0.09312745919252606 0.9954369637020296 0.02073942658011208 13.575916710982165 0.9945430287159833 0.09201510581719502 0.04933733078459471 38.23854543886043
0.046216973090292 0.018955644636793237 -0.9987561055067621 -245.37216235527126 -0.09031774366431572 0.9958029892600937 0.014722719944533886 13.577275799697057 0.9948488262760508 0.08952440350464352 0.04773454135717949 38.30434377251973
0.04472409651365837 0.013711582060126726 -0.9989096784493469 -246.56691287261455 -0.08562479720743624 0.9962773509049575 0.009844639198287958 13.576433867270191 0.9953315310662855 0.08509076596338648 0.04573094626949021 38.36888968688635
0.04325714645763212 0.01257838197233631 -0.9989891653348335 -247.79625047944396 -0.0801294784697504 0.9967420084061812 0.009083382524882243 13.580356053183962 0.995853963118498 0.0796550304562108 0.044123361816186986 38.43371999106639
0.041435947939038 0.016348854389179573 -0.9990115183295573 -249.01472692191516 -0.07593034504948871 0.9970248451587836 0.013169512211850625 13.591453583777653 0.9962602925619067 0.07530925230267325 0.04255347679598455 38.49193833115089
0.039097412002039214 0.018477988528523625 -0.9990685159366316 -250.24516950745692 -0.07516616488589507 0.9970489488868721 0.015501545084318918 13.603991410018565 0.9964125064012 0.07448986604557135 0.040370533654885216 38.54565890877107
0.0377795105275242 0.017943364439361925 -0.9991290297910289 -251.48540694633158 -0.0740709478236085 0.9971370433201653 0.015109038069156129 13.612260415202499 0.9965454025768314 0.07343534109227962 0.03900004997644312 38.59962547593282
0.035889087316361444 0.018400641421843594 -0.9991903207540176 -252.7183825396595 -0.07427947807744141 0.9971123558497506 0.01569657214895948 13.624012781157731 0.9965999539474704 0.07365556929380389 0.03715184952329665 38.64699647435329
0.03384638262009609 0.019460661062940778 -0.9992414897593115 -253.96748382605585 -0.07424150570506319 0.9970953662316373 0.01690633184126467 13.641186087359808 0.9966739518159661 0.07361263171212276 0.035192433124679776 38.69212984510443
0.03237999348529681 0.019233297081780416 -0.9992948654485367 -255.1903060446508 -0.07430282175202531 0.9970931321875763 0.016785197169542763 13.654045905580936 0.9967185234178495 0.07370624503937315 0.03371477843105189 38.73468998920399
0.031146782466050377 0.018163569933032683 -0.999354040377228 -256.40484068857353 -0.0744878518751556 0.997095441852841 0.015803003325207586 13.663456726143233 0.9967441943865867 0.07394688735603519 0.03240913915457941 38.77524252766857
0.02981666367602446 0.01790160869088659 -0.9993992973313335 -257.639810853034 -0.07476029314884328 0.9970780851217503 0.01563129052278135 13.674025929517217 0.9967646808348832 0.07424850234069329 0.031067909811576973 38.81359234786766
0.028285859878462122 0.01853278355707533 -0.9994322603942384 -258.89673128641635 -0.07540374536794658 0.9970180473184321 0.016355848496916663 13.68781832044155 0.9967603577869274 0.07489773992083605 0.02959889893690929 38.849940918566006
0.02719547104316916 0.018643756396191296 -0.9994605750035679 -260.1538515572821 -0.07578564017449403 0.9969861851519184 0.01653736024473114 13.700512903563995 0.9967616330729633 0.07529442101430125 0.02852643025579847 38.8859678358955
0.025651764770926837 0.01920286902546036 -0.9994912663226063 -261.42439061179584 -0.07693701947561392 0.996887561632654 0.01717979722194961 13.715728020300347 0.9967146544786041 0.0764563217853104 0.02704946731272422 38.91839994653066
0.02406470199797756 0.02021339925522126 -0.9995109648494662 -262.71320473089156 -0.0782376742825597 0.9967668581055831 0.01827530858526538 13.733100162312395 0.9966533071890908 0.07775838262545472 0.025568558440731495 38.95000744958176
0.02333804553068613 0.020512996497334082 -0.9995217877920479 -264.01249174509485 -0.07901180256929481 0.9966992068313386 0.018611492407082 13.749509915488998 0.9966093659179859 0.07853850502017366 0.024881875736930487 38.98337084429681
0.02271849752141908 0.020432533492835487 -0.9995372932895709 -265.32782795094204 -0.08080108471738223 0.9965568106734087 0.018536769286489844 13.765527724444478 0.9964798658188537 0.08034156645886079 0.02429093913352512 39.01587064253228
0.022787718424741716 0.020346614158127795 -0.999537241488151 -266.6459714343728 -0.08110927349435389 0.9965331591944762 0.018438135411319688 13.778967177909028 0.9964531780825902 0.08065085733842808 0.024358517865667725 39.05343811244937
0.022883705491264252 0.019467057776679127 -0.9995525906463028 -267.9578878431554 -0.08057893552086978 0.9965918535521533 0.017566381237275417 13.788173267737447 0.996493792750777 0.08014014014890637 0.024373807914696153 39.09376510187806
0.023322050157969548 0.018407606051202695 -0.9995625197860858 -269.27730023787683 -0.0783033112065234 0.9967907100137635 0.016531393065855562 13.796223269426944 0.9966649885431281 0.0778829515891361 0.02468801882384004 39.13668329124553
0.023333268172059905 0.018203609018022184 -0.9995663696534759 -270.587112078301 -0.07799354846506751 0.9968189490138585 0.016334367832137906 13.805330787676352 0.9966896608622806 0.07757740230190935 0.024678550162093423 39.175653505862265
0.02329180758985295 0.018309744532317283 -0.999565285096143 -271.8946912701486 -0.07803479150611813 0.9968137062564316 0.01644250231594305 13.815811190898387 0.9966872844974007 0.07761678855285732 0.02464608085348085 39.21356884388202
0.023547006588685613 0.01815931639831408 -0.9995622119342705 -273.2136053786171 -0.0778174132106161 0.9968339386502795 0.016277757915245893 13.825173507581283 0.9966985794413569 0.0773985805831391 0.02488545264693324 39.25368691408012
0.023657459228928934 0.01833277562538897 -0.9995564006400863 -274.5298770591106 -0.07769023648042754 0.9968408662357213 0.01644552294290657 13.8403730164288 0.9967058394997276 0.07726557956419831 0.025006746989369694 39.2917661689979
0.023948604116233122 0.018625742308324235 -0.9995440806653682 -275.802935246115 -0.07672288404355126 0.9969109101511379 0.016739743840906363 13.854540789803533 0.9967734940039389 0.07628622149021146 0.025303329483822305 39.33061087370997
0.023953526246680436 0.020900051679690133 -0.9994988763406436 -277.05197079627675 -0.07294247478005852 0.9971519985008231 0.01910410653222616 13.871624225548382 0.997057123853154 0.07244751221412443 0.025409513562167085 39.370920680784934
0.024321721351489443 0.024114297859506754 -0.9994177989529922 -278.30158867305624 -0.07095985189509667 0.9972280091205001 0.022335788179277644 13.892004669587013 0.9971913502259183 0.07037445568236535 0.025965046137113767 39.410586283082665
0.024633219698489216 0.026005160946046952 -0.9993628451175713 -279.5632077453441 -0.06999549068022183 0.9972519508745848 0.024226031212219806 13.913790660922752 0.9972518984473914 0.06935337133734568 0.026385427229917928 39.4517187540624
0.024593580391620986 0.025015172811804202 -0.9993888803317204 -280.8072300222557 -0.07071859113441131 0.9972246396509269 0.023221969854501857 13.92984208361219 0.9972017057703371 0.07010356210241352 0.026294079478709452 39.49012933173253
0.024574527686143478 0.02401326597192601 -0.9994136904405584 -282.0649007303453 -0.072513581284819 0.9971194276433272 0.022176750951396443 13.946011152276974 0.9970732659026378 0.07192542966022192 0.02624468561353335 39.52557175726794
0.023634384019152143 0.027141259089104895 -0.9993563045064198 -283.3398884629111 -0.07780418130344381 0.9966478807678684 0.025229504887072686 13.971615188482144 0.9966972616155308 0.07715720348744964 0.025666603953068214 39.557218804136774
0.02291806342010017 0.03216239671494997 -0.9992249462481814 -284.6367762511012 -0.08139683815420223 0.9962229589844511 0.030200905022789968 14.004921697216385 0.9964274565095059 0.08064092059253726 0.025448857227129945 39.59255987439172
0.022493846686577626 0.031513678430776446 -0.9992555643577278 -285.9323230059566 -0.08451670477197765 0.9959839136127404 0.02950994827797994 14.032749108602953 0.9961776880411253 0.08378924325852881 0.025066608233773588 39.62784407104747
0.022321382747711064 0.025166823409048147 -0.9994393848755805 -287.23488736882956 -0.08487849521320255 0.9961203227620843 0.023189441576004746 14.044381586698375 0.9961511267112666 0.08431241555715685 0.024370810142182255 39.66817277614691
0.021761559757739447 0.019639913295008374 -0.999575587408698 -288.5134084001998 -0.08233313273005952 0.9964448611916703 0.01778786131624625 14.050777289250352 0.9963770829205213 0.08191021162296244 0.023300918140996708 39.70821914064575
0.02192878004074508 0.017793157129610892 -0.9996065139792886 -289.79104425810584 -0.07682144690939617 0.9969144142851996 0.016061903969243015 14.06080986585375 0.9968134432804607 0.07643784348672704 0.02322773122272042 39.75367944357525
0.022505464910546072 0.018838507111964723 -0.999574708585876 -291.07776352284526 -0.0733073922349591 0.9971610459342238 0.017144522269726042 14.073787566636362 0.9970653561097391 0.0728889774812079 0.023822262707584897 39.796848806753644
0.02313914239384474 0.020539047164680437 -0.9995266639289492 -292.3670402912072 -0.07328393751582996 0.9971324063181151 0.018795296370757466 14.0881823486202 0.9970521200209724 0.07281342662491996 0.02457771828139529 39.83891951760575
0.023397857811416612 0.022737893272008994 -0.9994731366565002 -293.66431776572665 -0.07396114431450349 0.997039921763985 0.020953226023353692 14.105175886945323 0.9969968189316076 0.0734301798996135 0.025009896115630436 39.87884638437016
0.023378515579670172 0.0235800747247473 -0.9994541848607248 -294.9484996640354 -0.07458321993222558 0.9969761977986128 0.02177874427901336 14.12748377731659 0.9969511251816765 0.07403137255344659 0.025066177292649455 39.91513575811523
0.023436957966923817 0.02423070079594824 -0.999437102157876 -296.2190167636876 -0.07504140863642335 0.9969276626538273 0.022411945043837745 14.148418895901651 0.9969151186564215 0.07447210614588222 0.025182919581797126 39.9516171999558
0.02357438780448687 0.023762123258802205 -0.9994452399480976 -297.50101935669517 -0.07492215206822139 0.9969473286559213 0.021937066593302575 14.164646485525463 0.9969211037617827 0.0743613147308561 0.025282551219433676 39.990772719436904
0.023443743974007707 0.022862142454468427 -0.9994692506119977 -298.75310242160214 -0.07525576319625037 0.9969413999762252 0.021040678236607872 14.178010856183452 0.9968991213465217 0.07472038289289983 0.025092256879971873 40.02755167949346
0.02335841863064146 0.022166347572641368 -0.9994867528192443 -300.00055940728083 -0.07522091216980839 0.99695791750188 0.020354130839469048 14.19082014726798 0.9969037587574056 0.07470492778979788 0.024954144382795317 40.06458295163958
0.02328369108247854 0.022086935230205017 -0.9994907281515351 -301.25869631512444 -0.07564430788900631 0.9969280815404709 0.020269922305110172 14.205872230511691 0.9968739215690354 0.07513144505485955 0.024882711464299705 40.09937487499011
0.023300914518832667 0.021984302109951625 -0.9994924162890689 -302.527029366458 -0.07603955393904029 0.9969000214424156 0.02015661267151329 14.220621032442589 0.9968432886829007 0.07552918600876597 0.024900013321467865 40.13562039824348
0.02317751265748455 0.022085260648818612 -0.9994931941657395 -303.79077446215217 -0.0764047379657649 0.9968702587243129 0.020257175200157143 14.235991765273923 0.9968186758260742 0.07589420656988619 0.02479217905138842 40.17151423663454
0.023142747811679965 0.022180405331553504 -0.9994918962589896 -305.06468123053537 -0.0762940101402821 0.9968769640383908 0.02035741122984154 14.251146146884391 0.9968280907689068 0.0757815863210633 0.024762608588232787 40.20941663257459
0.02299397076537966 0.02119630512055662 -0.9995168206796856 -306.309368333045 -0.07604181178133036 0.996915372307761 0.019393150941391456 14.261670437983728 0.9968512057431641 0.07555653035947187 0.024534815280499316 40.24691085142342
0.022669784340756345 0.019067680092905225 -0.9995673709314683 -307.5586635478711 -0.07559591205492758 0.9969880357352675 0.017305214450290027 14.268940858497453 0.9968929363788336 0.07516815732569608 0.024043149349505064 40.28345828286948
0.022122180081082236 0.016832522906710685 -0.9996196005055676 -308.78575483083927 -0.07655219064935007 0.9969509624380831 0.015094931661367869 14.274170722197855 0.9968320374470998 0.07618643258379833 0.0233435370802697 40.31592743488677
0.021793220282961778 0.016029155432403863 -0.9996395920309626 -310.0229916407303 -0.07761075900974622 0.9968805013773304 0.01429468188013811 14.280345154000909 0.9967572089935591 0.07726874123856217 0.02296913812171232 40.34699347785867
0.021307989857309848 0.015882666222740024 -0.9996525129205822 -311.2906606173114 -0.07946130381361965 0.9967369304792895 0.014144380085339848 14.289765306996943 0.9966221759825473 0.07912978280069428 0.022500337914970168 40.37586652196629
0.020946671929014577 0.01656057973890191 -0.9996489338431918 -312.54633459203325 -0.08099701985121373 0.9966034127584541 0.014815015909148148 14.300635897836651 0.9965060236819991 0.08065591587052333 0.022216622596418375 40.40454233488843
0.020381759320312387 0.017059142856667417 -0.9996527100964501 -313.82082277785054 -0.08317518224206409 0.9964165403598394 0.01530986037304915 14.312207835604113 0.9963385838427589 0.08283151521154009 0.021727500099966733 40.43267232223539
0.020135148672401522 0.016976673230621037 -0.9996592630188614 -315.1157898209486 -0.08381817524545536 0.9963639208642319 0.015234166752374318 14.325397970287709 0.9962897125241619 0.08348003594087625 0.021484826575760622 40.461911350355884
0.019867876019971132 0.015280407957757225 -0.9996920250105481 -316.4161842557749 -0.08389877184890654 0.9963813412796337 0.013564255062642904 14.330847440072858 0.9962885729227764 0.08360067916450534 0.021077838462165745 40.494517947943706
0.019703188816627033 0.013132351820239644 -0.9997257886789035 -317.6833551896742 -0.08189586532963432 0.9965744857523884 0.0114785236570026 14.33141429144494 0.9964586674057716 0.0816443487486651 0.020711092911921414 40.52939474365132
0.019111051405578866 0.012670062326119473 -0.9997432316777336 -318.9575936870605 -0.07950216665499611 0.9967730285169875 0.011114295749000547 14.333736079042806 0.9966644712636652 0.07926608191030156 0.020056565638954263 40.562578460235
0.01881010778593039 0.014213124817448502 -0.9997283761344055 -320.2870600141927 -0.0788420453998251 0.9968063951558102 0.012689791630445937 14.340347687282513 0.9967225385242461 0.07857878118259026 0.019870619141433 40.59573011266024
0.01851987586970961 0.01493649863370258 -0.9997233824284618 -321.60811617829336 -0.07846504231565 0.9968265333054365 0.013441167164363665 14.347768403603055 0.9967580757882282 0.07819095567505907 0.019633070556826063 40.62821920279199
0.01822499929279548 0.014402153993778364 -0.9997370651985722 -322.9183607046688 -0.07907822085257038 0.9967852206689101 0.012919397835138955 14.353166314237225 0.9967155254733733 0.07881817721648218 0.019305660126575853 40.65748790377714
0.018211357014944453 0.01332260663614358 -0.9997525161984498 -324.1942274662133 -0.07951107753475917 0.9967643350829162 0.011835737748128228 14.355252003417691 0.9966815531668554 0.07927201254366963 0.019212134621661672 40.688033493734906
0.01849221434199949 0.013056624682953228 -0.9997511807922156 -325.49941229444136 -0.07960574097320484 0.9967607326910309 0.011546072122937543 14.35825755142936 0.9966693480051598 0.0793680267794967 0.019472477072646044 40.72025971823383
0.019190282646936778 0.012433664981189384 -0.9997460766075675 -326.7962332048262 -0.07820200073499205 0.9968787993282497 0.010898059431631222 14.35957607817159 0.9967670156056496 0.07796902271891083 0.02010347096436996 40.75641645372159
0.01969356126775513 0.012563522243366316 -0.9997346151035452 -328.1068573550021 -0.07616743165552774 0.9970344918259226 0.01103036715858967 14.362514920519912 0.9969143132306987 0.07592641302170404 0.02059286094954332 40.79278532882447
0.019932120424002362 0.012707813068079535 -0.9997282235464879 -329.3989250621168 -0.0735344275315539 0.9972299320880307 0.011211098521640683 14.365938749796335 0.9971072373685103 0.0732874912479725 0.02081215575223616 40.82952791972669
0.020167062834056153 0.012649311893879396 -0.9997243963510368 -330.69074354833816 -0.07235431306641622 0.9973170733571242 0.011160507285961447 14.36940160830375 0.9971891507224894 0.07210542117620343 0.02102898590698898 40.86498344660494
0.02038436602905878 0.012254953003354968 -0.9997249986607316 -331.96704372057263 -0.07201960988020677 0.9973458395744398 0.010758586153186006 14.370740208842713 0.9972090405043318 0.07177674306595845 0.021213649093658447 40.89980158499451
0.020473871481540964 0.011693954817030472 -0.9997300512627264 -333.2638586266939 -0.07244484757894733 0.9973211059591354 0.010183550500783244 14.3713685032841 0.9971766201363952 0.07221287640761903 0.02126714366377812 40.93362107648447
0.02075546917205106 0.012090829999128543 -0.999719162967896 -334.5567487387004 -0.07305520075033939 0.9972722016837713 0.010546652157465423 14.375353058315241 0.9971257203551267 0.0728124349275469 0.021582729648910837 40.965977345147216
0.021371521809268317 0.013223486348205167 -0.9996918236048702 -335.8830793490734 -0.07388341605458483 0.997199441990795 0.011613296800386903 14.385582275514318 0.9970514412208497 0.07360939134405575 0.02228932221808319 40.99832752688881
0.022082026038003254 0.013426746522404118 -0.9996737133873178 -337.15946828024727 -0.07458745167327112 0.9971455291953448 0.01174750772101202 14.39369022126753 0.9969834441727597 0.07430079388329615 0.023020992216974876 41.032072671816195
0.023236026207341758 0.013620296269506341 -0.999645332841698 -338.42059919863505 -0.07600305290586802 0.9970380585108726 0.011820171539226175 14.401311040224927 0.9968507246947876 0.07569845884366329 0.024203416210038988 41.06521830431238
0.023879541933839527 0.015818329306044994 -0.9995978720656116 -339.66095831494255 -0.07728612286513191 0.9969121151433417 0.013931422458529697 14.411067149429647 0.9967369437770002 0.07691919719746299 0.02502932748716487 41.098889021526944
0.024281834211310544 0.01899242134482218 -0.9995333336363811 -340.93771157195295 -0.07822443456460763 0.9967909169008561 0.01704201369826609 14.425889086769395 0.9966543117016865 0.0777705121207159 0.025689911368010222 41.134473902984745
0.02403013393017945 0.020486490354937534 -0.9995100076561771 -342.2184774564388 -0.07909108058903913 0.9966963868461712 0.018529294465965632 14.441776636825876 0.9965921860323035 0.0786033942433934 0.025571496683014068 41.1693658851476
0.023547535338739076 0.022145297079175178 -0.9994859413208267 -343.51110318422843 -0.08035268191533516 0.9965628400286212 0.020189515080304542 14.460082003472598 0.9965023869090421 0.07983252594013385 0.025246326572373752 41.20276773256233
0.022845855235692884 0.023741864950255296 -0.9994661141146441 -344.8202925198901 -0.08333178002818886 0.996285447086715 0.021763423921522324 14.48176344532225 0.9962742682627891 0.08278658570672234 0.024739657106895387 41.23412851194026
0.022371121921619688 0.023469406617092566 -0.9994828356642981 -346.13091714802414 -0.08508260940409836 0.9961432198052903 0.021488845138999332 14.500905109505101 0.9961367379052551 0.08455471006488895 0.024281547326220183 41.266706960111634
0.022139580494425482 0.017593509291443772 -0.9996086723155218 -347.4209107194917 -0.085792027989686 0.9961915512402933 0.015635611975240066 14.502732634562335 0.9960807471479037 0.08540912406562638 0.023564628766305072 41.303132284268514
0.02175253423516768 0.011411470911016268 -0.9997072729748502 -348.68163604188493 -0.08629298091620519 0.9962259814087051 0.009496629319068481 14.495382888181172 0.9960465627724877 0.08605780569272933 0.02265548877867489 41.33710312488706
0.021408278393230194 0.01097497516436216 -0.9997193893227054 -349.9808413640751 -0.08681862214016389 0.9961840218681838 0.009079842466706194 14.494859297661973 0.9960080638927425 0.08659657451073195 0.02227970780218154 41.36919393462726
0.021189133853007587 0.013470407583973906 -0.9996933574140395 -351.2646414863636 -0.08660019833021623 0.9961763380140836 0.011589920865562604 14.499993402429865 0.9960313344202699 0.08632526850952939 0.022275315356513774 41.403262987292976
0.02116710907046707 0.013512215363901476 -0.999693495194696 -352.5707522997476 -0.08712296618032614 0.9961306567399872 0.011621656272078984 14.50472538120149 0.9959864709892371 0.08684727172695023 0.022263326015735913 41.43731945676167
0.020879831076893226 0.01545014381153921 -0.9996715087498119 -353.8529536554033 -0.08777522796898575 0.9960486411279235 0.013563003509992743 14.512922977036158 0.9959352819585129 0.08746033352861016 0.022154362673049384 41.47024153054332
0.020496060467936644 0.018461921616372008 -0.9996281874981031 -355.1404074737293 -0.08801624546387336 0.9959812847881456 0.016592132880309474 14.525360260184797 0.9959217274855151 0.08764079530432799 0.02203971614308491 41.50349812389843
0.020214658463062304 0.0196453947554735 -0.9996113215529823 -356.41737353684863 -0.08817331241592812 0.9959461449603139 0.01779255805588864 14.542530080656128 0.9959130395872746 0.08777720293097493 0.021865904247154563 41.53497479311934
0.020093720764642404 0.01971409271943401 -0.9996126571059402 -357.69823682977625 -0.08860122816041736 0.995907388879365 0.017861786556975283 14.557813277372341 0.995877728676139 0.08820563713151006 0.021759421290592714 41.566306091450116
0.019977398983003252 0.018136301091726474 -0.9996447171151815 -358.94407221525694 -0.08963069083042856 0.9958423837620851 0.0162778833352984 14.565568067388934 0.9957878885400654 0.08927130640982539 0.02152093354249184 41.59806647910469
0.02000308011902787 0.015587101264092473 -0.99968686014075 -360.1585965172104 -0.09143067329104414 0.9957173112291231 0.013697234807916698 14.569783980640162 0.9956236819313189 0.09112569386670429 0.021343428798311824 41.627306584378175
0.019968529234771416 0.015494337376251801 -0.9996888787884561 -361.36489563165435 -0.0918996542415677 0.9956754992427974 0.013597842305161154 14.57637345899235 0.9955811888548715 0.09159712583693543 0.02130707196011534 41.65638315447362
0.01983960536192309 0.017690111679927765 -0.9996554235659072 -362.5377266253646 -0.09257448266889166 0.9955813212766503 0.01578212413998573 14.587710750780955 0.9955218425998537 0.09222661674061394 0.021390555445095424 41.6835575674745
0.019781283775420728 0.01974672908356475 -0.9996179438008174 -363.72530589400975 -0.09199738228902378 0.9955999691806587 0.017848341917361933 14.60085898091904 0.9955764300476199 0.09160625175639901 0.021511863231548994 41.713999639725365
0.019646289446954485 0.02171389592456491 -0.9995798902235565 -364.89405611032043 -0.09105672560624527 0.9956489985694648 0.019840427409166528 14.616245005616875 0.9956662734698698 0.09062525188961244 0.02153875793591668 41.744300514201335
0.019368784601762848 0.024218557332966472 -0.999527543610958 -366.10348753054836 -0.09188742276534316 0.995519566364382 0.022342590575629262 14.635911289441665 0.9955950623657382 0.09140827878854528 0.021508380695975316 41.772625422633915
0.019056846201691336 0.02543334850705253 -0.9995034369812068 -367.31272035108657 -0.09197421676887843 0.9954832512411372 0.023579121686104307 14.656267664103366 0.9955933602891723 0.0914760371031974 0.02131097259093321 41.80227058198099
0.018861613751204168 0.020306426774113668 -0.9996243339348794 -368.45968158169535 -0.09269037446976898 0.9955243237399634 0.018475815197897337 14.661834283715104 0.9955304597602382 0.0923040700435453 0.02066040608512432 41.83115843754567
0.017766740864706684 0.010009984918499372 -0.9998006323217925 -369.58238927515896 -0.09309862510715405 0.9956231039146202 0.008315505333278388 14.645757122472737 0.9955126554124087 0.09292930068847628 0.01862207252213747 41.8570993948521
0.01681885874284466 0.0001729620387670265 -0.9998666584447833 -370.68029485255187 -0.09437711449178492 0.9955360581489058 -0.0014137733175883047 14.61938142646504 0.9954084556078865 0.09438544764304362 0.01676090357328758 41.8776658157945
0.01671701633145236 -0.0047629420261958945 -0.9998578409133039 -371.7048429350176 -0.09519835221555364 0.9954394139524589 -0.006331692082541046 14.598059985167932 0.9953324333562484 0.09528762824434452 0.016188818348236284 41.89753386199531
0.01634130758104006 -0.0025183274765976263 -0.9998721765757458 -372.7719590729336 -0.09569342898931953 0.9954040123045809 -0.004069004790677098 14.587833398634542 0.9952912133680307 0.09574458089744078 0.016026633110143046 41.91475267874932
0.015974258283952995 0.0024642838858480657 -0.9998791151591173 -373.85436954639687 -0.09563722758406823 0.9954179425116749 0.0009278691850898588 14.58617600728862 0.9953030031185612 0.09560743664190177 0.016137810573364983 41.93422163728701
0.015404886112624467 0.006264247346238093 -0.9998716508003683 -374.94359350059545 -0.09633574041207407 0.9953397569896983 0.004754260749460822 14.591945451943218 0.9952446643653708 0.096246730119415 0.015937622855825673 41.950232429392685
0.015180198683636398 0.008207887062970839 -0.9998609393758585 -376.0152854821911 -0.09725665266954091 0.9952394243000633 0.006696190835112982 14.59598573536383 0.9951585237638575 0.0971379410208105 0.015907219582264837 41.96670992193146
0.014874814298119021 0.009891570100943655 -0.9998500057116022 -377.07042382741207 -0.10012676132890574 0.994941956671455 0.008356277217712307 14.601733647597031 0.9948783787280546 0.09998380904650264 0.015790996721514745 41.98083632262844
0.015081766250266715 0.010283736143732347 -0.9998429210652446 -378.1224504339874 -0.10209119037626259 0.9947392377101897 0.008693955827143428 14.605634796163999 0.994675665481276 0.10194017795209465 0.016053414132427817 41.99871998845807
0.01621662112577642 0.00932350815925466 -0.9998344212655762 -379.15329564520573 -0.10405904472193989 0.9945442118046559 0.007589271343534698 14.60422394936356 0.9944539674442846 0.10391497388024745 0.017099282899201113 42.019938423924735
0.01881249855373112 0.006381296365308991 -0.9998120991175936 -380.1360212446915 -0.10534676586089499 0.9944280313123419 0.004367564926451266 14.5947724374637 0.9942725742087017 0.10524104923395682 0.019380894032964367 42.047382354484526
0.022242797219223776 0.0038761681372213633 -0.9997546538895455 -381.0981890777784 -0.1061085389454992 0.9943555631804507 0.0014974551065403694 14.582098201901825 0.9941210805599365 0.10604547664538508 0.022529598898660564 42.07734456877774
0.028001022141689026 0.0003190654909154215 -0.9996171841027536 -382.04373389382414 -0.10410480525345915 0.9945649683194905 -0.0025959926451030236 14.56486613586242 0.9941870996461237 0.10413396424601576 0.0278831136143635 42.116122721724686
0.0364732022058661 -0.002733322341380456 -0.9993401987241393 -382.95550480058677 -0.10365517737662057 0.9945937707061892 -0.006500791762630293 14.543555777093298 0.9939591633509521 0.10382023566815067 0.0359937921494148 42.16201109948772
0.04822044115473119 -0.006208164197542404 -0.9988267395575932 -383.8357352672762 -0.10090612985890246 0.994836182927979 -0.011052064340305066 14.517768518880425 0.9937417265462269 0.10131701600913555 0.047346093104892815 42.22270297164699
0.06419748421409936 -0.0075222015280722605 -0.997917876572676 -384.6670281224093 -0.09866127875321772 0.9950263471406164 -0.013844725508733276 14.4904874533678 0.9930627188252305 0.09934109396751398 0.06313751289897271 42.300238328290526
0.08402279639389379 -0.00829671476399597 -0.9964382193219493 -385.46680065919435 -0.09513414044957744 0.9953324443462127 -0.016307015053468578 14.463590371815247 0.9919264401155341 0.09616196374624933 0.08284291219585478 42.39848696988754
0.10893178319981722 -0.007638661229562188 -0.9940288263960679 -386.2404955156078 -0.09072215870742002 0.9957223554074753 -0.017590864321710774 14.440294733798504 0.9899144793693735 0.09209309664372368 0.10777499355684818 42.51673348529737
0.13775526775469676 -0.0067575580867785005 -0.9904523013137074 -386.9753870096961 -0.0868584216048234 0.9960434203116009 -0.018873599450900308 14.418706157107376 0.9866641383909227 0.08862556317355663 0.13662550151089048 42.654445258888245
0.16782081014978092 -0.005098417930079221 -0.985813683549026 -387.6756837950204 -0.08309230557734178 0.9963567247517862 -0.019295846140782925 14.399986786992507 0.9823234447587261 0.08514819566393322 0.1667877347234723 42.81389956594655
0.19883515488119785 -0.002703748489921355 -0.9800384783144176 -388.37406048765996 -0.07952086381004989 0.9966561679054285 -0.018880780416153754 14.383961713406423 0.9768151100228797 0.08168406145484433 0.19795743986981998 42.99987505341219
0.23082465008690706 -0.00020902289446264643 -0.9730047164489276 -389.0862853419814 -0.07564782897459991 0.9969710388299069 -0.018157991390189848 14.370508018702392 0.9700637013369903 0.0777934518079768 0.23011171451086057 43.21921535463925
0.26490219950153404 0.0014021112454385037 -0.9642836273045833 -389.7476542280182 -0.07205462640084766 0.9972337263093871 -0.018342251212326296 14.357235443233925 0.9615926278177599 0.07433631313523054 0.26427277803164384 43.45350347581622
0.30210550210405096 0.0009759738673602815 -0.953283292408906 -390.37533105823144 -0.06812772287359047 0.9974657048054719 -0.020566880580545892 14.338420818113425 0.9508498207478047 0.07115464839174598 0.30140915679061925 43.70722481949643
0.34203589756143 -0.00020000039060901278 -0.9396963197715275 -390.99679726044985 -0.06449673365457066 0.9976379035465308 -0.02368590293590988 14.315476223772382 0.9374838076896672 0.06870502782410996 0.34121800575729044 43.99044862511083
0.3834091636396834 -0.0010416922154591055 -0.9235874666585169 -391.6460120340442 -0.060867079414098864 0.9977977859789785 -0.026390766566066558 14.288567429402532 0.9215836954127883 0.06633077954182928 0.382504415909233 44.32076495579331
0.42556917836165387 -0.0019130178691310568 -0.9049334580526578 -392.2423895462564 -0.05660891297882107 0.9979838733251127 -0.02872911056467751 14.263016559877089 0.9031663728187216 0.06344966860951902 0.4246061116933765 44.6699105925602
0.4672395840443545 -0.0028409225969486364 -0.8841363887338771 -392.7954315523773 -0.052164259044585055 0.9981664989008553 -0.03077223418894396 14.238027128348318 0.882604185586776 0.060494887643180145 0.4662372341791531 45.032025809656595
0.5066935793790408 -0.007988835395853475 -0.8620999461286396 -393.3130159580115 -0.044089528204215474 0.9984109443479775 -0.0351628545025337 14.208293590508797 0.8610119855615134 0.05582306691072606 0.5055389680197491 45.41503864977312
0.5453905610244988 -0.009901778863225163 -0.8381346072319544 -393.76750059582525 -0.04152323365031118 0.9983858273901121 -0.03881231549944934 14.17859039234431 0.8371667631456232 0.055966571582709346 0.5441019521952848 45.78223139305315
0.5831712617906355 -0.011108254053333955 -0.8122846709826673 -394.1931231724046 -0.03750611678578924 0.9984745034788238 -0.040578758053268736 14.15022920195957 0.8114970612524544 0.05412662370506567 0.5818678661429262 46.16731059283604
0.6191745156271595 -0.011126394830102575 -0.785186176552355 -394.6251832498453 -0.03377402597481884 0.9985998170474892 -0.04078120540948358 14.124664596511966 0.7845409519736941 0.051766189515985786 0.6179345537077141 46.58620169241608
0.6532828711883301 -0.011415892976331308 -0.7570400311285026 -395.05832709128435 -0.028212167747933507 0.9988279053921771 -0.03940488317737481 14.101709492200795 0.756602669717334 0.04709697674722048 0.6521975348826397 47.043600569332035
0.6866479649345613 -0.012733230237234704 -0.7268911851660607 -395.49891786442146 -0.022618789512006784 0.9989917369125272 -0.03886361571299158 14.077732246172301 0.7266529689616098 0.04312369081431457 0.6856700543308473 47.54311162901724
0.7177835294136793 -0.014773765753434935 -0.6961228353961374 -395.91132664433263 -0.018228854480367044 0.999037208909829 -0.039996000018996954 14.048910824586898 0.6960428775452753 0.041394730170921525 0.7168252811540955 48.049394776827505
0.7476804785028397 -0.014785389281789796 -0.6639080679626566 -396.31582176521687 -0.016723963363209464 0.9990196401789823 -0.04107989417339867 14.016485164523091 0.6638638449422699 0.04181456830220941 0.7467022296200048 48.58470118437767
0.7756144595878937 -0.016371361229498362 -0.6310092000047949 -396.67896049764767 -0.01262368100000561 0.9990646390191749 -0.04143397725911713 13.98589079828114 0.6310970092174101 0.04009903153542129 0.7746846259651389 49.121187727631
0.8012171883629355 -0.02147307999294468 -0.5980036794572718 -397.06378719974924 -0.005467292831763299 0.9990555017293864 -0.043196343376520216 13.951136978360873 0.5983657359057147 0.037875578025895675 0.8003445296400811 49.73933726243771
0.8242283159044431 -0.027011530956723807 -0.565629265676115 -397.39094916600067 0.0008132866960442289 0.9989207864153647 -0.04651479504389926 13.91471075804914 0.5662747865416974 0.03787545670497225 0.8233624032156367 50.31320290987957
0.8447926844871383 -0.032179310642520415 -0.5341424562869473 -397.71312076625753 0.005994599879605115 0.9987004755431114 -0.05068177488636029 13.871295321605265 0.5350786926158976 0.03961031730923469 0.8438892443083933 50.91271670201043
0.8630029235710509 -0.03430101152486854 -0.5040521702929147 -398.02916776295444 0.00817998668900873 0.9985145281314908 -0.053940598403834486 13.822384352775794 0.5051530043139044 0.04242444163008304 0.8620024483844745 51.54060315392701
0.8796543083514926 -0.037320718049073116 -0.4741669156859964 -398.3219097611534 0.011844707672767374 0.9983304217274888 -0.0565983178383765 13.771087254948979 0.4754870200956829 0.04416726458681625 0.8786289841175055 52.17934950013877
0.8954573960827729 -0.03727829998194907 -0.4436047414570125 -398.61005199587174 0.013478350441223523 0.9983050018112861 -0.056680007707355914 13.721099026966204 0.4449652145025341 0.04477224959882551 0.8944434566494843 52.86017327412034
0.9099850460980016 -0.0339216505911607 -0.4132736347421577 -398.8804198344851 0.011784284840181196 0.9983652191364154 -0.05599250635556772 13.673453205643177 0.41449687038406213 0.046078987202706784 0.9088986862948851 53.557523499919945
0.923093098162064 -0.031060646700341723 -0.3833441309949323 -399.13629158953614 0.010288444947900034 0.9983749216288197 -0.05611293536272544 13.622469371617372 0.38446342107208203 0.047850487094099343 0.9219143369635403 54.28018495902592
0.9346062159459502 -0.030100352013716122 -0.35443555634312424 -399.371382124014 0.00935076613849952 0.9981520217493267 -0.060105260887286203 13.56389713096556 0.3555891720677906 0.05285768203271194 0.933161573398783 55.008149782361706
0.9444824672267119 -0.029410328756398714 -0.32727443122361227 -399.59659766505445 0.008863560844449284 0.9979090872116715 -0.06409235553363056 13.500355930878474 0.3284743857921817 0.05763046288908572 0.9427680450911543 55.761771344578996
0.9527863931866484 -0.026711456149188278 -0.3024969478162326 -399.81305185591737 0.006426426006656884 0.9976791084224367 -0.06785034329902326 13.434446200862055 0.30360675018610095 0.06270016908821688 0.9507469769158744 56.53115725123544
0.9588804916994971 -0.02494803399705692 -0.28274719238689006 -400.02173431402264 0.005496109653865256 0.9975800593990785 -0.06937630097010637 13.365924199844208 0.28379311923443906 0.06496652039507729 0.9566968494346262 57.32765225386276
0.9636950593938842 -0.02280391977219047 -0.2660680188622821 -400.2211900440872 0.004598284492421296 0.9976218392989002 -0.06884368224629067 13.299911896982758 0.2670046265271997 0.06511800355121969 0.9615072654124558 58.13900171459269
0.9679418058795445 -0.02030484091401219 -0.25039574353183275 -400.4159127930417 0.0031648718741340573 0.9976405064789208 -0.06866352039051538 13.232433068142058 0.25119877412067254 0.06566683430559614 0.9657201447560173 58.98002558976825
0.9718158333658967 -0.018092985687187924 -0.23509325201612924 -400.6010261486352 0.0018718222853853508 0.9976181028140793 -0.06903929230960316 13.162674741519075 0.23578202176888485 0.0666502346393853 0.9695322734548014 59.84183120319109
0.9755976510383488 -0.016940569045680826 -0.21896511429923593 -400.7718929128806 0.001792479910015019 0.9976076878171918 -0.06919771658382433 13.090994426613824 0.21961343324642052 0.06711357836425616 0.9732904490326396 60.71412001018537
0.9789590437933978 -0.016655042651632024 -0.20343482002069302 -400.94129588597957 0.002567735743463941 0.9975975589901782 -0.06931905070711179 13.020916310528794 0.2041004864419163 0.06733531761710201 0.9766460545604976 61.6440956970548
0.9818315214256015 -0.016968492871035825 -0.18905582928486142 -401.0970365646015 0.003873139038696298 0.9975858663787758 -0.06942380424285308 12.946947694351595 0.18977734696372342 0.06742747278810338 0.9795236170068805 62.57696836601284
0.9838564083943707 -0.01879622387104594 -0.17803475893982976 -401.24954480098734 0.006493229581698552 0.9975712480933268 -0.06943840033283115 12.869684590762558 0.17890736493327095 0.06715904311828998 0.9815857374662512 63.5319432288644
0.9852793345800775 -0.021291671603067736 -0.16968985326845545 -401.3936202312316 0.009574074930053808 0.9975366898433121 -0.06957731168942523 12.793100653258993 0.1707532295420386 0.06692602325501633 0.9830529210920177 64.4633104155771
0.986409319026764 -0.02248807259025302 -0.16283306722044963 -401.53743610805134 0.011167056565773138 0.9974827165680249 -0.07011197779669323 12.713891190751053 0.16399980477328685 0.06733828891555861 0.9841740578043872 65.41176364312413
0.9874173979713681 -0.022718666809322028 -0.1565707735257195 -401.67688129401563 0.011707395154453881 0.9974206735431657 -0.07089508826138842 12.633825023647741 0.15777754940485583 0.06816703310710877 0.9851334295267 66.3633155396427
0.9883382191537993 -0.023107331141016842 -0.15058852070411338 -401.8123053078148 0.01244144663372838 0.9973761696774619 -0.07139141740789237 12.553326142415942 0.15184315534193568 0.06868167400540574 0.986029743668112 67.32763230634899
0.989195771885081 -0.024640961105511807 -0.14459265419538397 -401.9466907148485 0.014422741511284226 0.9973556760050671 -0.07130195580345303 12.471997164263254 0.14596749805926582 0.06844247801052536 0.9869331297332896 68.32696556774309
0.9897304566768875 -0.027612488489088385 -0.140334276354504 -402.07929509975605 0.017889864700549173 0.9973864498245076 -0.07008046583381279 12.391972423182764 0.14190259947752557 0.06684673402335946 0.9876351769160027 69.35591326971237
0.9899316272707479 -0.029105953021606894 -0.1386060718063026 -402.213199263807 0.019720441955821816 0.9974541378583522 -0.06861365717350015 12.314658648432367 0.1402502102060584 0.06518605188967741 0.9879822249933727 70.3823731856627
0.9900737868334198 -0.030690650235669397 -0.13724413773926442 -402.3488836221464 0.021703931038821615 0.99755595442876 -0.06650427182267554 12.238173269735862 0.1389496150610128 0.062862067651108 0.9883165863917956 71.42853460065713
0.9902238920852778 -0.03252820864753287 -0.13572827238506402 -402.4815610655595 0.023955075954071106 0.9976468747654048 -0.0643282269379156 12.16444543631215 0.13750137988952266 0.06044445153452009 0.9886697141269004 72.47456455213387
0.9903740039778337 -0.03396519987423981 -0.1342748653455614 -402.6124491315152 0.025490912751392075 0.9976086189727702 -0.06433447316892527 12.08819728962391 0.13613888521872738 0.06028875309138548 0.9888677533553739 73.52450024267533
0.9905156636086204 -0.03457753690825881 -0.1330677868482842 -402.7428347262581 0.02613624947012435 0.9975703312742021 -0.06466819441356689 12.009827813150213 0.134980497585532 0.06057336801113997 0.9890091653814559 74.57803001188395
0.9906492747189057 -0.0357656911816405 -0.13175180159690414 -402.8689529419976 0.027388164287764357 0.9975244353604472 -0.06485772832112525 11.934529951882737 0.13374524266933735 0.06063917079801461 0.9891728712613395 75.60456301062298
0.9908224449134418 -0.036205876106953735 -0.130320898631261 -402.9977144508326 0.02786005190775966 0.9974820263491033 -0.06530380957320822 11.855293943294908 0.13235701473826939 0.06107028465407635 0.9893330680169332 76.6614206261327
0.9911935925115474 -0.0365236945257492 -0.1273812425510787 -403.1210699962802 0.02832870854513479 0.9974528944471012 -0.06555900472792181 11.780432966804863 0.1294511175234576 0.061369388557607915 0.9896991178773342 77.69432483039743
0.9915373076727866 -0.03736046584566488 -0.12442697143609828 -403.2444136212664 0.029358315317931833 0.997424723573888 -0.06553369937475356 11.702200847552914 0.12655484188249472 0.06132247149163945 0.9900762145874169 78.7650821497741
0.9919265781467431 -0.038163220183774896 -0.12103598181307969 -403.36943501576775 0.030437895227905284 0.9974246237870709 -0.06504197828999375 11.62185310137164 0.12320645254913436 0.06082921573202482 0.9905287231011658 79.87170019501121
0.9920870075038608 -0.03891275686175371 -0.11947123808008364 -403.48588290336386 0.0313903913747871 0.9974493415920961 -0.0642096722565679 11.546754335974189 0.12166500097687233 0.05994783264642794 0.9907730119924659 80.9234868094375
0.9921969094955934 -0.03975835775832434 -0.11827641124103408 -403.6009511523031 0.03232755634255861 0.99742711267567 -0.06409015412644424 11.472210557584908 0.12052016229999822 0.059762854054851114 0.990924113578579 81.96772123514376
0.9923051514769677 -0.039835204734369044 -0.11733792155645346 -403.71840042265916 0.0324291468512649 0.9974066162737286 -0.06435980948150676 11.39296730931018 0.11959733797814695 0.06005579378593462 0.9910182112902511 83.0395169277679
0.992389427965061 -0.04073617977790446 -0.11631181727007757 -403.82939148336743 0.0332336855776449 0.997291019197868 -0.06572536433966494 11.311687396675348 0.1186739431483256 0.06135613464199912 0.9910497011113572 84.09283557430462
0.9924910412712142 -0.04096836986147446 -0.11535930044617948 -403.9410325256613 0.033471977895573574 0.9972529550782139 -0.06618057735727852 11.231348986140757 0.11775346172074372 0.061818718600391 0.9911309424305108 85.14056878380747
0.992618527630943 -0.04093996887460519 -0.11426350107158487 -404.0526350419932 0.03353981939195686 0.9972656313372859 -0.06594786795744581 11.15469489939828 0.11665053289448178 0.06162534180349495 0.9912733618638171 86.18611885020188
0.9927353554361217 -0.041283075075841585 -0.11312336523180637 -404.16322721469396 0.03401005276462448 0.9972811126583477 -0.06547925603309723 11.078751113845515 0.11551863797753598 0.06115269811659329 0.9914354193370903 87.23468477555151
0.9928368787594223 -0.042167299534153956 -0.11190135247085665 -404.26856617235387 0.03497402820223223 0.9972484393237364 -0.06547497197705482 11.003438622037532 0.11435409490497785 0.061088630130141056 0.991574233849878 88.25610025973286
0.9929027733812794 -0.04262656743438988 -0.11113756319121544 -404.37169825795684 0.03543752379709444 0.997206258348281 -0.06586785153849008 10.926555330716257 0.11363448842505845 0.06145824637854104 0.9916342479886558 89.2699775508973
0.9929592291495468 -0.04296008285198828 -0.1104989438621313 -404.4735031134617 0.035812969778919776 0.9971927810190881 -0.06586225525428023 10.854068782378524 0.11301780616269125 0.06143785457464486 0.99170583301828 90.25838630882961
0.9929921471281014 -0.044187185324772574 -0.1097198382521013 -404.57326095452834 0.03706085254808887 0.997128359582569 -0.06615002359775249 10.78059988079134 0.11232734179695282 0.06161671818327797 0.9917733527171128 91.24679595577808
0.993037212271039 -0.04447202807899015 -0.10919455492733475 -404.6730444436012 0.037346737234453524 0.9970983100390512 -0.0664427820116297 10.705937377420488 0.11183197398368606 0.061898730683302365 0.991811939202727 92.2350428157191
0.9930828795761755 -0.04451259282327266 -0.10876187186933377 -404.7703373998244 0.03731870287692367 0.9970420522837389 -0.06729579410886856 10.629785175311378 0.11143528874091009 0.06276808374333494 0.9918020728826182 93.20442957339866
0.993188152294435 -0.04416612509039287 -0.10793768602347731 -404.86752373470705 0.03687096321174508 0.9969656502830484 -0.06866210817270083 10.555280339299818 0.1106422576968925 0.06421119397418483 0.9917985480075259 94.16965781292583
0.9933068158531894 -0.04452902267979242 -0.1066896928016273 -404.9577353729299 0.03715647189791222 0.9968543547187655 -0.07010968197004906 10.479506007252207 0.10947544536482429 0.06567284758006149 0.9918323530033819 95.1085017170147
0.9934813997595953 -0.04445237025026051 -0.10508166673837846 -405.0454941630608 0.03716505791903399 0.9968395921916742 -0.07030938516566257 10.406696805628162 0.10787430969866678 0.065942539285634 0.991989708301863 96.02370494199518
0.9936798151834214 -0.04439963650815795 -0.10321239812352384 -405.13332413747713 0.03727163447280398 0.9968584072194673 -0.06998429294128827 10.33593907683588 0.10599478176654702 0.06569186297013384 0.9922088395491966 96.94524781995634
0.9939734761819286 -0.04528180915623126 -0.09995018849223766 -405.2147817475439 0.03842760187744962 0.9968508649470252 -0.06946012539218659 10.26681449921799 0.10278015114525674 0.06519740373557013 0.9925795693238391 97.84909556752139
0.9943607265790412 -0.04542989919428828 -0.09594961831911507 -405.29105296558265 0.03885173216181921 0.9968420402796092 -0.06934435800223253 10.19599081849791 0.09879647733810873 0.06522216496877488 0.9929822324452324 98.7380233860055
0.9948684813990384 -0.0456900751976132 -0.09040637532316591 -405.3596832082813 0.03949041646810867 0.996826862677366 -0.06920697339273621 10.125588586009536 0.09328101934832045 0.06527839763453223 0.9935120332797115 99.61287411440165
0.9954508242515673 -0.04554283726944565 -0.08383179686241707 -405.41951866888 0.03980732124222237 0.9968386816952846 -0.06885290352201809 10.057027404796818 0.0867021117112105 0.06519914597036865 0.9941130064959245 100.47370844604345
0.9961086960160518 -0.04543422645466071 -0.07568201831193311 -405.4689036686699 0.04026965684386862 0.9968510321825101 -0.06841394887890428 9.988262106307126 0.07855160641831381 0.06509715628108372 0.9947970911921653 101.34281436147864
0.9968880848154833 -0.04483818787150831 -0.06502879289773102 -405.5072026056405 0.04039191119358477 0.9968650668238579 -0.06814304825577154 9.919064115552748 0.06788007409636673 0.06530189062720293 0.9955690983329171 102.20877974081179
0.9976623094652504 -0.04488746969376339 -0.0517766319359469 -405.5292044942168 0.041311458325543955 0.9968252813273577 -0.06817794919552209 9.849621905926668 0.054672590597309445 0.06587721305855408 0.9963440127573594 103.04923320104537
0.9983165853782199 -0.0454165271202219 -0.03642893128721709 -405.53468173792663 0.042854956486624136 0.9967554387897817 -0.06824761333987049 9.77990305977583 0.039410448569051404 0.0665690193531557 0.997018369777456 103.88803189226306
0.9987985529461864 -0.04535580191731293 -0.019232247854095795 -405.52170200286747 0.04395463017057998 0.9967321680903369 -0.06788718419226808 9.713914499402216 0.02224864248622079 0.0669579843350837 0.9975227577890821 104.70102224935687
0.9988887209999023 -0.04739478707621523 -0.00046797200528443314 -405.4913582935644 0.04726427231016978 0.996781759257142 -0.06486735105633472 9.657523408511427 0.0035414589217419856 0.06477100529969516 0.9979087015545893 105.49068725321155
0.9984498541940952 -0.0519393173488142 0.020626981230022996 -405.4430424709124 0.053093195191432636 0.9967907021459705 -0.060039440679120745 9.610592725271264 -0.017441658739940705 0.061039394681568604 0.9979978706867159 106.2718356776938
0.9973431998045504 -0.05776381528477585 0.044667863465940955 -405.37381251886 0.06033004778885607 0.9964749320280547 -0.05842595223070024 9.562753203831655 -0.04113465061381189 0.06096357036086805 0.9973071406941889 107.05814939490335
0.9954999070700704 -0.06286785713381812 0.07109264778358958 -405.2808477716779 0.0670555622252285 0.9960617477493651 -0.058146585672598165 9.516628365523532 -0.0671565648275494 0.06265038629837379 0.9957893394371125 107.82035013635372
0.9927737061760025 -0.06909438909244259 0.09824833690169704 -405.16603134559045 0.07522977441793104 0.9953565842700648 -0.06018137320641702 9.465635209700334 -0.09363298470152373 0.06713590337748061 0.993356475259815 108.57240811162956
0.9891199010638582 -0.07609335991180674 0.12600801675881962 -405.0273947736702 0.08435446373198567 0.9945398158250388 -0.061575659390352214 9.413856450620058 -0.12063324314250348 0.07153349536458654 0.9901325489940337 109.31865604751087
0.9844230695702563 -0.08113096069193033 0.15606537707066406 -404.86885071704944 0.09147394851340193 0.9939907076093181 -0.06026839381833902 9.367030193811402 -0.15023683411471778 0.07360418307594152 0.9859228002158256 110.0543668270591
0.9785476044684236 -0.085238838975544 0.18763099330936617 -404.6895299692384 0.09748061933545743 0.9936122976499031 -0.057001984883718694 9.325615561462678 -0.18157204461891424 0.07406830822360812 0.9806005597469777 110.7650397721318
0.9716518681528934 -0.08876457011351929 0.21918121986496847 -404.4909993566695 0.10274129360455402 0.9932932926506921 -0.05319715119171978 9.288461386068427 -0.21298771625655874 0.07420659562701343 0.9742495284905738 111.450301259605
0.9634869114728045 -0.09148335747042502 0.2516965742033601 -404.26905741042566 0.10737507780933199 0.9929633632718954 -0.05012026126189961 9.250715366672907 -0.24533890874239084 0.07531452166720984 0.966524335279162 112.12514206838016
0.9538184414221492 -0.09079925728574345 0.2863801671260951 -404.0230853683576 0.10865674666630726 0.9929733813653154 -0.04706323283008071 9.2133941813706 -0.2800928592067598 0.07600548179594463 0.9569765264165897 112.79146642739589
0.9422690916872903 -0.0900827535611349 0.3225547505874894 -403.75227156664255 0.10980389200925801 0.9930124680368053 -0.04344102296140807 9.179471932587298 -0.31638555601749674 0.07634921858227725 0.9455707180181869 113.4380189044816
0.9292179616739614 -0.08586011642553296 0.3594581635001231 -403.4483685183507 0.1079428197514944 0.9932879488756182 -0.041783407228025586 9.142346831885622 -0.35345590784689845 0.07762502721767901 0.9322428594515774 114.09402580689198
0.9133789578775632 -0.08214366407105053 0.3987733859855891 -403.12207168999583 0.10767298188179578 0.9933081015074662 -0.04200979171401575 9.103350825764611 -0.392651627937897 0.08130579185013222 0.9161047494024452 114.71139464485897
0.8940979310878406 -0.08208528579770158 0.4403176447018619 -402.7739148263485 0.11051080465987838 0.993109294642132 -0.03926197468880748 9.072803582765895 -0.43405794525791874 0.08376131383695881 0.8970014099899299 115.28155288188013
0.8722384734785862 -0.08361508917917461 0.4819105401295205 -402.40113192569726 0.11446549853986732 0.9928245212490606 -0.03491517431023421 9.04992981981552 -0.47552972471899346 0.08561360173125251 0.8755432691647164 115.82501190250383
0.8487694588083237 -0.08544838533581567 0.5218406762853169 -402.00013371887866 0.1189203390162557 0.9924332859780148 -0.03091771049932386 9.029419903716954 -0.5152463194340055 0.0882967113092189 0.8525015643307322 116.35704335828844
0.8237370221954728 -0.08606034463993455 0.5604283575916723 -401.5790614651319 0.12133263028658542 0.9922835212323112 -0.025961938594370248 9.013976936539477 -0.5538653378867123 0.08938105379564558 0.8278152596083034 116.87060448135982
0.796904777534982 -0.08702329261336776 0.5978285483662517 -401.13978186342564 0.12402621935579325 0.99207003900504 -0.020915312962275927 9.00120838841081 -0.5912631458665927 0.09081055121303391 0.8013711709155222 117.35644933856179
0.768758363086177 -0.08529820263654032 0.6338485806440283 -400.6696342097123 0.1236815887955877 0.9921967821798883 -0.016484024827342025 8.993445181742253 -0.627491873143557 0.09106396575047633 0.7733020507166919 117.8354952371298
0.7390376201795374 -0.08488049908348873 0.6683172390636427 -400.21808548059147 0.1254523050362798 0.9920297268967987 -0.01273313277781764 8.987011090746458 -0.6619048150422515 0.09324850919442346 0.7437886448592559 118.23917124858086
0.7080054078076855 -0.08388321179532301 0.7012284939838663 -399.74835341636185 0.12638875912081773 0.99195256458979 -0.00894896084981837 8.981053927079659 -0.6948289615236908 0.09495926231632484 0.7129028234992847 118.62970540273044
0.6763605854243263 -0.08325422502041153 0.7318704407172516 -399.2471611895255 0.12885470880238103 0.9916555247248512 -0.006274579341659954 8.973447198806905 -0.7252350181482171 0.0985448949911848 0.6814380434841392 119.01256796749269
0.6449431825590336 -0.08288774237096946 0.759741532866812 -398.7379802043654 0.13088258639737838 0.991405336044743 -0.0029429957776548406 8.969121787339596 -0.7529619237191592 0.10133097225105384 0.6502424404417776 119.37294308505052
0.6145580998218987 -0.08248727195580623 0.784565701575299 -398.19145428973883 0.13116835106801875 0.9913706053685662 0.001485191744306045 8.969546483199286 -0.7779117445234718 0.10199363375635077 0.620068607771195 119.73875813140228
0.5849743067701669 -0.08255711676097473 0.8068570746809853 -397.63142522840707 0.130243844080862 0.9914686099202042 0.007019755726456522 8.975805827991094 -0.800546811446485 0.1009781385470325 0.5907305603581482 120.0864395999836
0.5560834141180387 -0.08413145458404228 0.826874769833855 -397.04310184689837 0.12882107041731608 0.9915769060293721 0.014256223775761068 8.990904835484395 -0.8211030119743403 0.09858757960366227 0.56223219852332 120.42976569428222
0.5272523138094067 -0.08665093594310151 0.8452957740623317 -396.44062981913777 0.13046767608241555 0.9912573359616619 0.02023509176775636 9.00742422336453 -0.8396524079701962 0.09961119150239385 0.533942798895658 120.75328042060232
0.49939184567221234 -0.08774573973307502 0.8619380426436601 -395.8464695833425 0.13237421696614995 0.990916210593404 0.024181080133472407 9.02045759590736 -0.8562232258965825 0.10201871447093551 0.5064660347356227 121.05005517352885
0.4725073603553779 -0.0871718730649114 0.8770216646627309 -395.23465160367584 0.1316547284018661 0.9909240485636545 0.02756270969172636 9.035233478573463 -0.8714576310441017 0.10243615561314229 0.4796908297957036 121.33892685401048
0.4463771834658028 -0.08147213741764504 0.8911447921261889 -394.61298869387855 0.12571135949307105 0.9916918880503022 0.02769571731218486 9.048239264119704 -0.8859904296878228 0.09965983711641022 0.45290621966402594 121.61612266291321
0.4210201981506198 -0.08032028480700226 0.9035041651528071 -393.97302136406387 0.12329828682635822 0.9919055293253572 0.030724378496375226 9.064482562661917 -0.8986510876261183 0.09846065746979155 0.4275114051261425 121.87875805071184
0.3952231477354611 -0.08267304885011795 0.9148734959905551 -393.32316968650343 0.1247145909090261 0.9915611682387427 0.03572701495666679 9.089803904084151 -0.910098933934283 0.09997354256637196 0.40219476806033017 122.126175806264
0.3712340616879913 -0.08406340326165097 0.9247421448451759 -392.6686599212733 0.12603958693760475 0.9912499115941251 0.03951165975670371 9.115772443711148 -0.9199643255051133 0.10188165022145809 0.378577590870663 122.35813408889938
0.35184554571449916 -0.08438578132070501 0.9322624032878327 -391.9917783248111 0.12784704529143118 0.9909393474530678 0.04144682660099992 9.140334041292006 -0.927305546073535 0.1045997607051459 0.359442766340035 122.58545435463991
0.3358420412159521 -0.08454955807254272 0.9381315570587789 -391.29007135792614 0.1288594043653694 0.990734888449557 0.04316055247606383 9.170332406194568 -0.9330814755192302 0.10638747093985432 0.34362215659896733 122.8129750533255
0.3217113533394201 -0.08440825717108855 0.9430835570485445 -390.5957335471593 0.12919575215558957 0.9906278368016603 0.044591881530389885 9.196683564804271 -0.9380013711208981 0.1074921820781801 0.3295983373472064 123.03101433893788
0.31016267289448446 -0.08456680080580596 0.9469306814099961 -389.86273445607236 0.12854682513945517 0.9906316198323725 0.04636539653242898 9.226494968298306 -0.941972001371708 0.10733947940947114 0.31812444502785325 123.25552133167034
0.3005688183470122 -0.08565204533446721 0.949922125072564 -389.12786267769894 0.128358183249145 0.9905440029967756 0.048701286612476094 9.258557247411416 -0.9451028132527196 0.10728753380945773 0.3087175255769126 123.47259146574709
0.291725594746314 -0.08740269666851688 0.9525162636941258 -388.3721595557512 0.12951806359671064 0.9902668009675389 0.05120007086233064 9.292801393651455 -0.9477120324914645 0.10842696226353461 0.30020327570812244 123.68962591621872
0.28318651449447657 -0.08842951565598446 0.9549953685600666 -387.5792036331235 0.12984466513131376 0.9901200077719808 0.05317948691135443 9.32979264031902 -0.9502540963406015 0.10893660234756643 0.2918676353707426 123.91175876422348
0.27449749477569857 -0.08820118934565484 0.9575501116168041 -386.79123801813193 0.12984489469473232 0.9900770877449466 0.05397566594890409 9.363410313531501 -0.9528002882308836 0.10951203241191572 0.2832230610630242 124.12576531548021
0.26646288803790247 -0.0879233181590668 0.9598423573509633 -385.98242496510625 0.1292852040701164 0.9901049562568522 0.05480527763796371 9.399474416373552 -0.9551545228535405 0.10948496583965467 0.275190249136069 124.34083266507515
0.2587822937260276 -0.08748934669449893 0.9619809472486941 -385.17594353077743 0.12866502851599948 0.9901499981156141 0.05543973822481854 9.435343139589236 -0.957347336803046 0.10942179294638377 0.26748722112018414 124.54871159571981
0.2510574320086136 -0.08760804661519435 0.9640150325784291 -384.37056286472694 0.13102815966285355 0.9898179436615147 0.0558301269557769 9.472576755338594 -0.959081889780398 0.11229124896906442 0.2599773141720948 124.74823018656205
0.24391204063395733 -0.08786392121712178 0.9658245765959314 -383.55306598519127 0.13241471926757814 0.9895902882171488 0.05658615483076316 9.51144605565015 -0.9607339504602788 0.11408183955730947 0.2530045824657843 124.94611306368131
0.23748346347096608 -0.08791505949740118 0.9674206564705362 -382.7051598168961 0.1327498938792689 0.989501967210313 0.057334579248788445 9.55208568196149 -0.9622968388724579 0.11480334017819437 0.24665826843650449 125.14745700931654
0.23122713410267884 -0.08811197840594939 0.9689170443652874 -381.844720075551 0.13236417668518635 0.989491031683889 0.05839528882688016 9.595858082033738 -0.9638722393493414 0.11474160644844737 0.2404573856122458 125.34753529156666
0.22496784549739865 -0.08812408783332648 0.9703883926448131 -380.9613510164248 0.13228676564370528 0.9894543580233266 0.05918738101114878 9.640449611481674 -0.9653630450272899 0.11504855948189463 0.2342504726739325 125.54610175800357
0.21877532694094948 -0.08870848790645883 0.971750147926994 -380.0566100548665 0.13220936011424259 0.9893829149019759 0.06055372404580504 9.689606827054558 -0.9667958292411516 0.11522157310673707 0.22817810568138433 125.74418662507703
0.2124848194945193 -0.08888742485281614 0.9731289751327502 -379.1441703439785 0.13233708814545952 0.9893104947896261 0.06147025579591699 9.73782520591007 -0.9681808807009509 0.11571496610649115 0.22197397376661493 125.9376536902033
0.20658064481576882 -0.08905523461813693 0.9743842087117784 -378.2429027324169 0.13378583826901566 0.9890807333156731 0.062035236844937086 9.7900472881797 -0.9692590669125729 0.11753905027443638 0.21623669921534774 126.1231618318628
0.2025063506462883 -0.08861710828955227 0.9752790663768204 -377.3298533969294 0.1370785445788652 0.988671366869722 0.06137194621054939 9.840821102611201 -0.9696589331698506 0.12125740390724951 0.21235716186827264 126.30606304438375
0.20033950374227363 -0.08850038641754893 0.9757369634775096 -376.4036331983208 0.13926285192011698 0.988385717047458 0.061054862766179066 9.891392395904234 -0.96979800753726 0.12364812136689839 0.21033488837317424 126.4920258827397
0.1992843209674734 -0.08859120986758923 0.9759449386285417 -375.46503039389523 0.1403652845184468 0.9882305744279831 0.06104508343670967 9.94344352482749 -0.9698566346241411 0.12481938175113981 0.20937123165963628 126.68245758896472
0.19869662328998308 -0.08681338903947663 0.9762245358582756 -374.5269981138647 0.14219656925681895 0.9880972822683215 0.05892768332939286 9.990578917712881 -0.9697104538232695 0.12710306173414715 0.20867333894448348 126.87095284025231
0.19793186747216557 -0.08223580497927105 0.9767755062088225 -373.60504761517956 0.14394257520208847 0.9881244616127636 0.05402401177134574 10.029901627499454 -0.9696087907591859 0.12990247719337458 0.20741625209826178 127.05360869274475
0.19756691269010623 -0.07795785133372768 0.9772006171602516 -372.68881295158934 0.14627059738975418 0.98803224289765 0.049249703307716754 10.065314630552528 -0.9693354770405554 0.13320155093588243 0.20660234791780854 127.23571600706477
0.19750521961869347 -0.0778022680943361 0.9772255170002899 -371.77545476355175 0.1479280425764911 0.9878104362008383 0.048747664760827966 10.105037973030743 -0.9690967184300101 0.13492711914631406 0.2066036748683867 127.42355995070177
0.19854027848949263 -0.07905517466424121 0.9769153063139034 -370.8273295203029 0.14786508820981845 0.9877636287910214 0.04988201006083661 10.150154609424936 -0.9688951327143738 0.1345442559513485 0.20779696363842162 127.6250695561578
0.1996987765600161 -0.07990047519299698 0.976610252076526 -369.8613773622688 0.14811966930155335 0.9876931509753301 0.0505190992031032 10.196822885122831 -0.9686181491261765 0.13456278079669373 0.2090724438602742 127.83112246090508
0.20113822411897342 -0.07995334151898513 0.9763106070110495 -368.91091430063693 0.1483502794057456 0.9876689090926644 0.05031978642360142 10.240673799474909 -0.9682853762093578 0.13471109680754204 0.2105151664102314 128.03596370782395
0.20362233383954256 -0.07988285677802161 0.9758012281718238 -367.9687669463175 0.14874549614322666 0.9876351078010558 0.049812091729642405 10.28309997220624 -0.9677053624162975 0.13499942389151787 0.21298302818953538 128.24181514368638
0.20710044829767996 -0.08000337825579004 0.9750590121367027 -367.0324634602628 0.15018757535365077 0.9874510590729707 0.04912057139862943 10.325877261297471 -0.9667437123344123 0.136264859197088 0.21651367620395795 128.4488413667599
0.212724370940978 -0.0807766756220156 0.973783751921785 -366.0993704806221 0.15092248348199133 0.9873485131184073 0.04893257311913321 10.369514708687152 -0.9654070578974594 0.1365526363440485 0.22222068361054947 128.6642731767698
0.21859206335875148 -0.08097124049751767 0.9724668325036472 -365.15360593472985 0.15065263355057518 0.9874181111687921 0.04835217732044871 10.412553039630206 -0.9641371701002525 0.1359312623110234 0.22803724518430216 128.89183355868204
0.22438018566198945 -0.08094772698278577 0.9711498062017744 -364.2403536538592 0.1507867731562878 0.987440723654543 0.047466837240056674 10.453241590916983 -0.9627856015663355 0.135781887734371 0.23376488568343648 129.11649304269054
0.2300691066195374 -0.08120093669797397 0.969796722792434 -363.31647980090696 0.15007225522466672 0.9875678685765805 0.047086586455988004 10.49504528515328 -0.9615539695154333 0.1347023632292937 0.23939145474315351 129.35285858337616
0.23583089416625339 -0.08197237285779156 0.968346812974719 -362.39517453168287 0.1498822584874947 0.987595970534025 0.04709959555502197 10.53799048894644 -0.9601867786143432 0.13402643957472316 0.245188439955114 129.59345314018393
0.24084866669455512 -0.08185768555016977 0.9671209684890953 -361.4636457312188 0.14892560479932931 0.9877683096700783 0.046517535392074066 10.578642611430547 -0.9590897839306153 0.1328213481666454 0.25008959944043385 129.8406762802753
0.24485603095942227 -0.080422757401283 0.9662342241458759 -360.57146134963125 0.14892618190900547 0.9878617229332666 0.0444834414910281 10.61318525586238 -0.9580742784096739 0.13300156759506518 0.2538572905406622 130.07733511763456
0.24651809266705935 -0.07980213787631608 0.9658630413666641 -359.6739095137748 0.148798619658774 0.9879183438190237 0.04364664282231473 10.647792023652787 -0.9576675258124345 0.13295539636613068 0.25541062589448654 130.3164661514753
0.24728640827855913 -0.07955146217876068 0.9656874760362055 -358.78027857663386 0.14844916811929032 0.9879832206713761 0.04337444455418023 10.682753446184698 -0.9575238580347417 0.13262558824854354 0.2561203643964661 130.55550600489858
0.24797187845416088 -0.07972335016849598 0.9654974266546308 -357.88814105225373 0.1487278620888282 0.9879409266701682 0.043378476313451264 10.718378703853736 -0.9573034367199034 0.13283575262404335 0.2568348586076535 130.79250998686058
0.24874119877139536 -0.07914719789085925 0.965346994216569 -357.00242511463705 0.1485316994276189 0.9879986404741136 0.04273244810133856 10.751117250859068 -0.957134384282739 0.13275140595423032 0.25750809009325343 131.02925016749484
0.24892154556185547 -0.07880855521928966 0.965328303848757 -356.1200693237977 0.14831857029336337 0.988044279102937 0.04241781582679525 10.78388753001823 -0.957120838393002 0.13261364348855104 0.25763036972464803 131.26381562989116
0.24928720930123036 -0.07843161512883322 0.9652649844088067 -355.22320693439747 0.14738175799811626 0.9881925458584477 0.042232303032323365 10.818659927592817 -0.9571704110877003 0.1317307387278332 0.2578990952338224 131.50632127390242
0.24940207836067507 -0.07842107300978259 0.9652362757728139 -354.33131855205335 0.14707430677842678 0.9882359471711595 0.04228824732230374 10.85452076638984 -0.9571877097490327 0.13141098536384752 0.2579978472405233 131.74429837009376
0.24979117211862917 -0.07840872565685895 0.9651362860529218 -353.4233240295589 0.14647226942093414 0.98832103241336 0.04238371330165992 10.89088629339714 -0.9571782718653774 0.13077487166284735 0.25835490157406316 131.98839107317204
0.24966853430066455 -0.07816042901491113 0.9651880877679181 -352.52719317462885 0.14588242331113502 0.9884115369687776 0.04230574141453783 10.92550395531758 -0.957300287957727 0.13023794279590306 0.25817371522291005 132.22654458536692
0.2484516398995886 -0.07742218128826663 0.9655613501396725 -351.58587924156075 0.14483841211938128 0.9885780450275539 0.041999708359558754 10.959310967086665 -0.9577752622895731 0.12941183052387648 0.2568237911301852 132.47189557733122
0.2454228184555025 -0.07697918656991418 0.9663711637272354 -350.6493221841185 0.14412288374748197 0.9886759840527636 0.04215487814985628 10.992053467885171 -0.9586637467780601 0.12892686276416088 0.2537343111093231 132.7099269575973
0.24173571777427988 -0.07695432639846289 0.9673019192076037 -349.66597572982187 0.14370316258288113 0.9887112241685588 0.04274613836781314 11.027650270487204 -0.9596628076797302 0.1286673080235984 0.25006183225086354 132.9543589605701
0.23901240225774129 -0.07673945808024962 0.967995503974318 -348.70095448012813 0.1430826636197319 0.9887876180418418 0.043059394469608776 11.066222951521988 -0.9604373711069701 0.12820786678472912 0.24730910470472783 133.19296505697557
0.23580454057039993 -0.07654651475503294 0.9687972551683356 -347.763684120942 0.1429293989311162 0.9887973773373995 0.04333859286213535 11.100661010063163 -0.9612523645935089 0.1282462271853401 0.24410040384341497 133.41899637998483
0.2333987121709374 -0.07594857944162921 0.9694265418965128 -346.82840950526963 0.1425759773033258 0.9888567176177606 0.04314541696677537 11.133061214829997 -0.9618913077595179 0.12814280900471742 0.24162347392577233 133.6423843322921
0.2320276613732228 -0.0758836896898228 0.9697606422450079 -345.90764583317815 0.14244349998464573 0.9888689973228345 0.04329863486224644 11.167614442806919 -0.9622428195743131 0.12808557853466154 0.2402512110987579 133.8625739684282
0.23123619928036154 -0.07571430165225525 0.9699627165015745 -344.9949796147166 0.14183909500780534 0.9889518117209225 0.043383640723053216 11.202604502851296 -0.9625222711744306 0.1275428568245442 0.23941799274755599 134.08328080314604
0.23037594072582382 -0.07570752611076004 0.9701683181717244 -344.07615185824426 0.14166588081657994 0.9889701627775623 0.04353551007213682 11.23833583636504 -0.9627547133348074 0.12740645786697938 0.23855700963985435 134.3025033395176
0.22993850055360493 -0.07511703414804324 0.9703183006619778 -343.1687443743417 0.14230111750681151 0.9889097272725299 0.04283550722402037 11.27084933596196 -0.9627656063584779 0.12822411588729207 0.23807455368026031 134.51713446062644
0.22977866702112043 -0.07459470131951343 0.9703963837570493 -342.27009513688535 0.14319999934972996 0.9888114239512992 0.04210281692862451 11.303228553275853 -0.962670550253241 0.12928267690565387 0.23788663793029477 134.7317834082232
0.22991348282661206 -0.07432551662770671 0.9703850324785827 -341.3896567108564 0.1434427159248015 0.9887910781493456 0.041750408326500135 11.335395115138873 -0.9626019569227439 0.12959176126651104 0.23799506435514883 134.94470775368183
0.23081216467668136 -0.07341149545155232 0.9702413930656962 -340.5192737439164 0.14408388467559413 0.9887483368699561 0.040536316069613616 11.365228204536969 -0.9622915182476844 0.13043612043541622 0.23878945846175265 135.15719443178048
0.23276552053045366 -0.07286817740605592 0.9698157548572899 -339.642818209607 0.14507029601439256 0.9886476597732666 0.03946561910890305 11.395534448615978 -0.9616726944389888 0.1315014124110859 0.24069092891257549 135.37393144035562
0.23540621315492374 -0.07314058600466977 0.9691577990180649 -338.74439414981356 0.14498139284454906 0.9886632787433423 0.039397783170088886 11.428678893469252 -0.9610434103814649 0.1312316796023065 0.2433380568749551 135.60279086859848
0.2386338162630827 -0.07398614162862877 0.9683039386476899 -337.80677561560003 0.14474764001701793 0.9886785789119292 0.03987117193956746 11.465067143866213 -0.9602825543413118 0.13064151893434997 0.24663789558491767 135.8462359307689
0.24193402009555626 -0.07522886449808253 0.9673887982530854 -336.8886731490224 0.14437656295566145 0.988695811772017 0.04077942172184708 11.501751124978394 -0.9595122273323496 0.12979864701963306 0.25005686504085217 136.08848540784118
0.2451982257421434 -0.07673766902791769 0.9664480007846774 -335.95544674804455 0.14418307298483746 0.9886764336219065 0.04192245596099427 11.540547099505831 -0.9587126397988609 0.1290625967965724 0.2534822184262883 136.33678352755882
0.24796528171340262 -0.0791882266127069 0.9655437542500499 -335.02764883154936 0.14337659850401047 0.9886914979823213 0.04426624310435137 11.582140658087717 -0.9581218763776606 0.12745644435670153 0.25651116298692256 136.58824165915317
0.24980118600149126 -0.08133605294764853 0.9648918012202439 -334.1433801994248 0.142818713270068 0.9886756701339625 0.04636722823318353 11.624846776630761 -0.9577284777987581 0.12621859999893204 0.2585849826744676 136.82956532265692
0.2511641461665921 -0.08169251626180658 0.9645074710442009 -333.2664360550049 0.14272163645005856 0.9886795640053868 0.04657510082276053 11.66497772704909 -0.9573860869475089 0.125954614850572 0.2599767438513614 137.06903183120156
0.2518324379765931 -0.0812132649900144 0.9643736586311661 -332.39366839234737 0.14252918325787128 0.9887321050144829 0.04604604868876785 11.70098596065983 -0.9572393292095687 0.1258520855719028 0.2605665921036608 137.30559582108629
0.2517063156669583 -0.07973841083088182 0.9645303364564476 -331.5087030343982 0.14098708398179852 0.9890030140107856 0.04496959954622988 11.73536910410108 -0.9575011877380597 0.12466364300165347 0.2601762543255556 137.5441204528223
0.2514004463168239 -0.07894102379441806 0.9646762070942753 -330.6367308992758 0.14005920363644292 0.9891587206499087 0.04444422075724807 11.768767623658956 -0.9577180328164037 0.12393504932606039 0.2597267464321059 137.77705041824964
0.25097244139897146 -0.07834901117327182 0.964836108919401 -329.7622426069777 0.13951888959063802 0.9892532813593533 0.04404017337891642 11.801600707166092 -0.9579091518509647 0.12355645560884303 0.25920198123806715 138.0092364223533
0.2506885710187492 -0.07803739539569315 0.9649350868069695 -328.8643856122297 0.13928224130278688 0.9892962744792998 0.043822389659074444 11.836103861719007 -0.9580177447648913 0.12340886540595826 0.25887009629936675 138.24708004269885
0.2506357232541422 -0.07802886539997468 0.9649494800884805 -327.98449909128993 0.1391360102587121 0.9893151864151156 0.04386005267761741 11.871261356855253 -0.9580530824207514 0.12326265417661655 0.25880983938175267 138.4812158420837
0.25071088530561214 -0.07809808978269055 0.9649242050667913 -327.0884181899165 0.13862012171586163 0.9893784261386197 0.04406091932748036 11.907825452135377 -0.9581082782803199 0.12270740099824565 0.2588695732131268 138.7214978463243
0.2508101724290009 -0.07786486485383083 0.9649177236101083 -326.21334238464414 0.13785955284801346 0.9894870440537665 0.04401395580374362 11.94272973436217 -0.9581923368402513 0.12198006707406511 0.25890310766627544 138.95695630700402
0.25083105844246084 -0.07743856154351439 0.9649466166943989 -325.3613003562886 0.13717412588889183 0.9895936380594018 0.04375926313125343 11.97555748444047 -0.9582851117314021 0.12138556331166245 0.25883872383190654 139.18501940714697
0.25078294378551597 -0.07660011609640839 0.9650257691237867 -324.47455322524246 0.13606980036792102 0.9897704637286437 0.04320396747038735 12.008857608509771 -0.9584549132910737 0.12047201299834938 0.25863614338132856 139.42090970315135
0.2504961992774034 -0.07583630530441686 0.9651609335798422 -323.57981192913826 0.13505032998874814 0.9899306083696462 0.04273220458572952 12.041575806903298 -0.9586743612383707 0.11963701438154155 0.2582110840127242 139.65728764922414
0.250359792650201 -0.07495276449892886 0.9652659779403034 -322.6558546068083 0.13411232153336458 0.9900856770174766 0.04209564859356527 12.074513670853705 -0.9588421418554293 0.11891098414110139 0.2579247120866903 139.9021540165653
0.250653452225124 -0.07438683914285688 0.9652334959845559 -321.7647412806213 0.13400306975186968 0.9901253469306043 0.041507030084666566 12.106330694337654 -0.9587807464020507 0.11893639295179743 0.2581411878018322 140.13884736753795
0.2523671969982276 -0.07337631149589716 0.9648643547418025 -320.8822917946731 0.13403547652949566 0.9901731682388414 0.04024271867193525 12.136395565519532 -0.9583265159570317 0.11916628789629345 0.25971691144415326 140.3772410880014
0.2535522195809838 -0.07242621696766527 0.9646251838407425 -320.04692111515556 0.13338621563546482 0.9902986596420376 0.039293124840025194 12.165935795654043 -0.9581040770812926 0.11870106585940067 0.2607479963132588 140.60517059316527
0.25418611081275716 -0.07094219222811952 0.9645686942725943 -319.1947776914722 0.1317620194499312 0.9905614326354717 0.0381315943591492 12.194706158561342 -0.9581612606723837 0.11739721327332554 0.26112927347963444 140.84058604913338
0.254677168984991 -0.06944724564180528 0.9645481948083033 -318.3288288516164 0.13041635156596157 0.990786292719697 0.03690117175109642 12.221925388154602 -0.9582147957005115 0.11639110562319964 0.26138239029058097 141.07812907931165
0.2549207230416003 -0.06859971674091928 0.9645443683152526 -317.46714888562184 0.12973466721496557 0.9909016829413387 0.03618627194585891 12.248466969380239 -0.9582425315338301 0.11590633561395947 0.26149607337774705 141.31297267521663
0.255232853053084 -0.06813580157187696 0.9644948649275246 -316.6070527784933 0.1291259882149346 0.9909938210806528 0.035836958217655104 12.27605690317516 -0.9582420278926793 0.115390629664143 0.26172700964595036 141.54920698626796
0.25549406667052477 -0.06803445384256619 0.9644331359947801 -315.7466818842164 0.1290358347023353 0.9910098077156159 0.03572477918704529 12.304319844390196 -0.9581849740215691 0.11531524307419048 0.2619703036677894 141.783941026426
0.2557685560250578 -0.06716056048087317 0.9644212536556522 -314.862636911363 0.12837762936447064 0.9911219037543031 0.03497300926847889 12.330497559834336 -0.9581999241132303 0.1148612697191067 0.2621142958864528 142.02633538760745
0.25608716046038676 -0.06346462872507025 0.9645870800882463 -313.99573923914244 0.12699652611375511 0.9914159558718246 0.03151305743043627 12.350632411726094 -0.958298859820482 0.1144252555668576 0.2619430871571739 142.2605924183498
0.25635696607452235 -0.06009648665990993 0.9647308374175556 -313.1480918055926 0.12521501840770666 0.9917333534452285 0.028504774322504946 12.367650338256357 -0.9584610456162675 0.11348754666401031 0.26175743702888615 142.49137687428785
0.25625574562536096 -0.05893990276527378 0.9648288669821617 -312.2992260963136 0.12496124204196804 0.9917964980984341 0.02739757338025839 12.385029644587211 -0.9585210236523897 0.11354136211211464 0.2615137584756509 142.71893469795774
0.2560904155448524 -0.05935275360179143 0.9648475610753752 -311.40106592865845 0.12436457210682192 0.9918542998919534 0.028005028019481563 12.40839182636842 -0.9586427617782901 0.11281690528782513 0.2613809171837124 142.96166091249322
0.2545274856047165 -0.05980356900900304 0.9652330554071147 -310.478428441329 0.12369783485955214 0.9919135391878928 0.02883805227921642 12.432154999922263 -0.9591450345861546 0.11205311654972328 0.25986205600932893 143.2055194489851
0.252766710415537 -0.05947128818776888 0.9657161264645664 -309.56171435616994 0.12345390234742352 0.9919457019025691 0.028773870146231187 12.451839657843612 -0.959642008638112 0.11194414967564605 0.2580682071749219 143.4408386762974
0.2510365030436447 -0.05799478631874335 0.9662573489576999 -308.6324531267566 0.12334891271466598 0.9919951530006843 0.027493426325447556 12.46781794122915 -0.9601099418090394 0.11228076602417861 0.25617597177180707 143.6747364568581
0.24838003719929863 -0.05550487698557105 0.9670898323998489 -307.72283573363666 0.12357595579195542 0.9920279066029315 0.02519831262117176 12.48057701518446 -0.9607715623317772 0.11324612213962976 0.25325437473657914 143.8990043487132
0.2427328667676559 -0.0552444527542276 0.9685374824046646 -306.7904130363118 0.12333405083824388 0.9920453788406022 0.025675781214700936 12.495645774627825 -0.9622445983996186 0.11321702210189236 0.24761125281766522 144.1252459167172
0.23621712201379297 -0.05525453617656785 0.970146546927879 -305.839056861129 0.12296906935220704 0.9920671940570365 0.026561892615524253 12.517597326647286 -0.9639117292026897 0.11301937218435376 0.2411335147958399 144.3498093973854
0.229492641475869 -0.05560988572000075 0.9717389108652841 -304.8917822556347 0.12376226773436079 0.9919417993125262 0.02753757533747936 12.538415888103835 -0.9654336488292885 0.11394053286088833 0.23452138651664686 144.56342313157134
0.22299371122844486 -0.05593772871479111 0.9732321282200491 -303.928082637804 0.12442172022913872 0.9918322883164711 0.028498555807193314 12.558788910139485 -0.9668709378376373 0.11473180702086606 0.22812787766111836 144.77442723325711
0.21628024662489873 -0.056311701209370665 0.9747243157757522 -302.9669561730757 0.1261571812732406 0.9915894836578238 0.0292932638042004 12.578586887920562 -0.9681699497668809 0.11662819426411827 0.22156104300865068 144.9768168033495
0.21003283948800883 -0.05674977902987588 0.9760642379270624 -301.9882689515619 0.12787600506804583 0.9913444893663468 0.03012140617944266 12.599835343712426 -0.9693193041459225 0.11848379153649659 0.21546746056246158 145.17755275734476
0.20568196653672602 -0.057197991122575204 0.9769643368691106 -301.0058845060713 0.12920238614785148 0.9911506355522615 0.030827290615677884 12.622546943606066 -0.9700760040602437 0.11988049419826294 0.21124764868585919 145.37668328996395
0.20434628220360435 -0.05862771795753014 0.9771599007857482 -300.0117887662286 0.130111458857819 0.9909864643563263 0.03224805598913482 12.649857247588063 -0.9702368987028225 0.12054474047176839 0.21012826255060046 145.580514120868
0.20363485379962878 -0.05962494735224409 0.977248271917173 -299.0362485058727 0.13086068508733076 0.9908569583604262 0.03318703107827902 12.678061182472753 -0.970285894806184 0.12112043286377058 0.20957121768647052 145.78144290780025
0.20320664861842813 -0.05956229130686793 0.9773410245449557 -298.0633872318318 0.13089530756797238 0.9908527397763432 0.03317042063717224 12.703810529453518 -0.9703704785936964 0.12118381849581714 0.2091401989778164 145.98121657204186
0.20271760504435252 -0.059171926033065834 0.9774665201391066 -297.11132769226674 0.1308010360549957 0.9908758185519565 0.0328568019150814 12.726891474051572 -0.9704856059752663 0.12118796273272713 0.20860348553771244 146.17484157839797
0.20228021570694354 -0.05894725414435475 0.9775708954559796 -296.13488326281333 0.13069268218160063 0.9908951729797232 0.03270744693355921 12.751779887594688 -0.970591818078124 0.12114039596310326 0.20813793505085046 146.37394857497927
0.20180748382113864 -0.05893839351422589 0.977669505066236 -295.1878423858924 0.13101099304623084 0.9908539872340745 0.032690271912270426 12.776739804584212 -0.9706477239268644 0.12148356001143473 0.20767863786417978 146.56653567800407
0.20130193539211116 -0.059029307101853674 0.9777683138602961 -294.24904051146785 0.1308349178364443 0.9908710672544997 0.032883840090898196 12.802493664309958 -0.9707767200531182 0.12130210854051808 0.20718244333586142 146.75849110972058
0.20087027963130913 -0.05897434267272778 0.9778606192080571 -293.27059527283103 0.1306629256604279 0.9908927858074873 0.032918926365902816 12.828944172513454 -0.9708898995186687 0.12115341120307464 0.2067412550282334 146.9584313518328
0.19998766765091375 -0.05846294416937212 0.9780720038201909 -292.31684539110364 0.13007463415178644 0.9909793392956635 0.03263735476284951 12.852017332684472 -0.9711508787489949 0.12069099021447935 0.20578310509679074 147.15089744952098
0.19808706607355173 -0.05839591835634226 0.9784629206103379 -291.3646485811024 0.1295586398814527 0.9910377813070611 0.03291708147093665 12.87672351331705 -0.9716094117737678 0.12024359856042965 0.20387235245876273 147.34048458463525
0.19555547966895565 -0.05852742946723985 0.9789640877441074 -290.4443919729914 0.1293796501009531 0.9910448647810195 0.03340466799915393 12.904555121073948 -0.9721460905395964 0.1201213517020252 0.20137138738650645 147.5208171631026
0.19326251550756923 -0.05839956123952702 0.9794270964434321 -289.5282340698651 0.12969881298461092 0.9910004373746515 0.033496552264885494 12.928954927557163 -0.972562407957808 0.12055316964288708 0.19909222719168773 147.6949454603685
0.19016810757501676 -0.057907551632254556 0.98006166928521 -288.600413559355 0.13104567461303082 0.9908359884336225 0.03311580770644065 12.950599479611588 -0.9729919931587103 0.12213148269301602 0.19600850911400178 147.86593067095518
0.18778892588560228 -0.0557872384663629 0.9806429167572281 -287.67482890920434 0.13279914548339036 0.9906732685348831 0.030926739168015676 12.96886886376456 -0.9732164183872093 0.1244168820790682 0.19344047392615923 148.03317911821387
0.1860469905712904 -0.05521705551104729 0.9810071514658053 -286.76542993000555 0.13437884384370255 0.9904807610191477 0.030264766229915918 12.98787424479865 -0.97333373198766 0.12619196870973187 0.1916906042353832 148.1973014249752
0.18546237454991915 -0.05660271257072876 0.9810388161580048 -285.8590718165678 0.13581786291852205 0.9902470211327292 0.03145741110681266 13.013178568303054 -0.9732453354882726 0.12740423874772847 0.19133589588835412 148.3677479051206
0.18544826807313175 -0.05926058124225291 0.9808846939697172 -284.93962275705184 0.1365630306825901 0.9900609701448451 0.03399551277612684 13.042360621191053 -0.9731442793510396 0.12764426125344552 0.19169261620326622 148.5446625396273
0.1853330075919871 -0.059341396923824376 0.9809014302580331 -284.0191461772986 0.13735378726958117 0.9899534452045348 0.033936832958697 13.06850047892343 -0.9730546629477552 0.1284365471826381 0.19161676287106955 148.72057669238703
0.18585432294452653 -0.056988358658752535 0.9809424213133391 -283.12857032710605 0.13828743594228737 0.9899101496007067 0.031308361628298295 13.088130866864828 -0.9728232125040487 0.12982908713927424 0.1918544247095784 148.891163748748
0.187766541491082 -0.055414783769272676 0.9806681782311075 -282.2645899607573 0.13992251388782248 0.9897464496792657 0.02913692712311646 13.106739638234805 -0.9722217280441838 0.13174224085467354 0.19358984131006518 149.0601511384021
0.19229167191343782 -0.05570456789540368 0.9797741666710326 -281.3957845604097 0.14087131798738287 0.9896267852986195 0.028616866247191 13.128272292674419 -0.9711995884883339 0.13251483374805798 0.19813899106389118 149.23727982144848
0.19843625442621557 -0.05618180158319776 0.9785208187440007 -280.53363789201694 0.14189518234553722 0.9894970494039156 0.028036391911538127 13.150137121245166 -0.9698136282456301 0.13327949929655966 0.20431876471056212 149.42162412669532
0.20509454773974123 -0.05706675533707536 0.977095502724614 -279.67665200233546 0.1427161074433869 0.9893844222679956 0.027827771249029045 13.172995056842195 -0.9683068139446978 0.1337354841967149 0.2110564678786425 149.61343380055308
0.21179462368099036 -0.05837077512634108 0.9755879867800294 -278.78437760483985 0.14285150318503356 0.9893547560557622 0.028181986543357074 13.197754258476422 -0.966843547338203 0.13339095276447138 0.21787304264715926 149.82179634942503
0.21832479783380832 -0.060999731272853054 0.9739863008595379 -277.8742906771374 0.14280730709733297 0.9893092438262927 0.029947860030032303 13.225840758708419 -0.9653964174545203 0.1325495390092746 0.2246964729566846 150.04252284801584
0.22509078628892204 -0.0625670587087611 0.9723451208574051 -276.9551145181638 0.14342329414885868 0.9892047701926773 0.030449831378705015 13.253606974366088 -0.9637493637278635 0.13259813651620483 0.23162864544780717 150.26977370778934
0.23271248583486853 -0.06137825904899653 0.9706254739591049 -276.06793249994837 0.14445786417781878 0.9891291896288207 0.02791303923585433 13.272918982925901 -0.9617826501748583 0.13371390577229006 0.2390432692601609 150.49152032324523
0.24033234146853164 -0.059856338188289865 0.9688617939214029 -275.1811983081394 0.14470072138801982 0.989165823438173 0.02521629933223169 13.289302953972824 -0.9598703833845814 0.13412989766152708 0.24638409205084835 150.72176091233382
0.24800225433745038 -0.05929032585636456 0.9669614300448838 -274.2895618960469 0.14481554120611875 0.9891908229674646 0.02351112217959177 13.305411307572024 -0.957899713599955 0.1341954462982254 0.2539022423366865 150.9609021309547
0.25534737692024667 -0.059855482327057376 0.9650129538139172 -273.3851078215623 0.14493329318303982 0.9891854909742317 0.023004356142645094 13.32427005098455 -0.955950316756777 0.1339837283581541 0.2612553973894333 151.21285159092582
0.2626317563486794 -0.060727913283116455 0.9630016934952152 -272.4742723769746 0.14497081632863962 0.9891839087850359 0.02284191980734054 13.34379018283655 -0.9539693182050283 0.13360345056283215 0.2685892661568593 151.47460516441598
0.2695032217835854 -0.06084956139853265 0.961094250075454 -271.57038644104097 0.1439824121596381 0.9893414478474425 0.022262973422811097 13.361739787109965 -0.9522011628014041 0.1323759636550899 0.27538579568247734 151.74419798679702
0.2758169675090567 -0.06110555294369612 0.9592849737313895 -270.6642441830644 0.14354118856452303 0.9894167553610687 0.02175308899963545 13.378998487561084 -0.9504581084592952 0.1316923188140929 0.2816629999488136 152.01879578829804
0.2805767682067686 -0.06075442728958576 0.9579258729912802 -269.75859463414565 0.14166972515280624 0.9896971500245381 0.021274202799144205 13.39523597717878 -0.9493449946405521 0.12973548887129605 0.2862868818793852 152.29891334710558
0.28210217867750303 -0.06014490226543747 0.9575156090863227 -268.8627930684992 0.14043416254162747 0.9898830304576332 0.02080360981536935 13.410516054269525 -0.9490760968288333 0.12859465071695986 0.2876887776706042 152.57435536566706
0.2827732937799931 -0.059590457073599425 0.9573520972434518 -267.95874853870976 0.13946185596114757 0.9900280786540927 0.020431998615632302 13.425615663193994 -0.949019607571276 0.12773186937887815 0.2882586246386057 152.85099423302066
0.2834505642079814 -0.05967026364635264 0.9571465671559904 -267.0640608810996 0.1391233551856596 0.9900737204638208 0.0205233724704245 13.441424756490612 -0.9488670468829575 0.12733947840743506 0.2889330907321695 153.12372034707354
0.2841368341892823 -0.06005885544243516 0.956918989300595 -266.15412835424974 0.13919807549353008 0.9900573311686399 0.020807170261337278 13.457964804287329 -0.948651085150093 0.12728481796987626 0.28966620766426465 153.40053864170042
0.2845044960993364 -0.05991945025911989 0.9568189222094662 -265.2613651065506 0.1392803501903917 0.990050588886355 0.020586575038587053 13.47204004127089 -0.948529394616802 0.12740491075465243 0.29001345090344544 153.67087229239132
0.2850022070086015 -0.0597653348705793 0.9566805617705443 -264.35972859043414 0.1382967751034903 0.9901869703800472 0.020658857951561634 13.487539583653717 -0.9485242850911378 0.12641384362800626 0.29046459521858903 153.94809013987668
0.28486104810082796 -0.059321107683248574 0.956750153164728 -263.4583013579503 0.1370100448562074 0.9903668208085709 0.020612556797681526 13.502463756396393 -0.9487534900778704 0.12520850881657974 0.2902384760745389 154.220917918527
0.2832152710853201 -0.05858234567478835 0.9572842674698633 -262.5671771790874 0.13547653965456682 0.9905794093218833 0.020539101767005147 13.515587892134613 -0.9494660692233404 0.12386842551411215 0.2884776865766667 154.48504690233784
0.27865865549435326 -0.05783786768414693 0.958665579400742 -261.6502565799159 0.1347071586356051 0.9906826225991318 0.02061387604263073 13.528666422652027 -0.9509224805779275 0.12339078354072947 0.2838475067025555 154.74753611992654
0.27267962574677623 -0.05749809717914759 0.9604039612016875 -260.7393346187144 0.1344166152363325 0.9907112413742998 0.021149125836013957 13.540447756860084 -0.9526954867130125 0.12332316696695868 0.2778694004756657 154.99815430040627
0.265899917259817 -0.05703365593942539 0.9623308915012475 -259.82668313265987 0.13434203595607322 0.990712837891345 0.02159701931894992 13.550200496850204 -0.9546209601806994 0.12353461136188985 0.271086009892741 155.23938878965183
0.25889865981640126 -0.056681240891979075 0.9642591572274539 -258.9267838657262 0.1342532004417306 0.9907127216727493 0.022191477202191716 13.559255610658223 -0.95655642330491 0.12370500086193799 0.2640969723237103 155.46892464708867
0.2518198678593422 -0.056108607430177926 0.9661655886916182 -258.01973139315294 0.1343594256650425 0.990691776486586 0.022515598594997962 13.5677994392656 -0.9584297011357775 0.12413897620345261 0.25700752214965666 155.6923410784914
0.24410919744314893 -0.05545097811541445 0.9681804017359719 -257.10622286201385 0.13404462532681696 0.9907242476572219 0.022946824372943098 13.577226007374675 -0.9604663419429573 0.12417323887531818 0.24927097173597812 155.90973913687526
0.23576106936965763 -0.0545876122825361 0.9702957783827922 -256.1987642900408 0.13352327622695667 0.9907860931574805 0.023298573035209387 13.58669822321641 -0.9626217890484473 0.12405958997616807 0.2408708050489694 156.11662641438218
0.22626498136215875 -0.053621893789990945 0.9726074721508502 -255.2877962166917 0.13330737309636018 0.9908069369196209 0.02361395789170801 13.596723971237326 -0.9649276767766044 0.12430844238903084 0.2313267626608702 156.31295669822242
0.21734455750043952 -0.053319141747026406 0.974656267133878 -254.37302797458514 0.13296730989591582 0.9908295178689128 0.024553351213285148 13.609022002089906 -0.9670228973912862 0.12425665759479748 0.22243489842692224 156.50174795091843
0.20845952454809227 -0.05498758204992767 0.9765027033286006 -253.43775235977873 0.13464533390845307 0.9905384822722108 0.027035178267248758 13.62771207195965 -0.9687457267014731 0.12584179017790537 0.21388491826907938 156.68392075553098
0.1991339581164042 -0.056253848123653256 0.9783749139376339 -252.5074951313351 0.13678810659908702 0.9901862494299308 0.029092352146254566 13.647748347114616 -0.970405941865784 0.12803259869936087 0.20486853719087406 156.85671702822444
0.1894096512912598 -0.0566991664352994 0.98027823373094 -251.5824715842777 0.13808134604557018 0.989962148177894 0.030579720816457708 13.667830780628895 -0.9721679589590067 0.1295621919500927 0.195331605298826 157.02017064794921
0.17962404504597596 -0.056341947169295706 0.9821391973652698 -250.66355378287918 0.14022252265063623 0.9896442689241184 0.031127603715977167 13.686116301921649 -0.9737177658552243 0.13212299693546312 0.18565851071938888 157.17310236179304
0.17059495286877122 -0.05627451852086495 0.9837516936690338 -249.76976097917145 0.14282943327143602 0.989249587155882 0.031821177053854406 13.705538628752237 -0.9749618572105613 0.13507647330292064 0.17679287038755628 157.31335012576025
0.16269033797181015 -0.05670781196576672 0.9850649510215576 -248.87913898058238 0.14603260814289157 0.988749993159764 0.03280216499485594 13.727751231046689 -0.9758384074263569 0.1385115672318281 0.169135552013881 157.4476856901775
0.1562790575242385 -0.05753582117146977 0.9860542459274321 -247.98250166716812 0.1496149962033775 0.9881752819603085 0.033947742745937655 13.752557279012608 -0.9763432576559034 0.1422196023573748 0.163033615207513 157.5807535416596
0.15222623738186153 -0.05896988756777662 0.9866034825725363 -247.09904169331918 0.1520781527961477 0.9877417311929286 0.03557352966921155 13.783139302628971 -0.9766025439190773 0.14462170011123376 0.15932243497706639 157.71182240553077
0.14969363343780698 -0.0610648234411619 0.9868635525725719 -246.21719778328887 0.15369570587292006 0.9874091479185604 0.03778524469645979 13.815564082618993 -0.9767408976503674 0.1460167367867906 0.15718858744462288 157.8436545982017
0.14707779489515654 -0.06174784024993893 0.9872145237282098 -245.3445997936788 0.15587181236342873 0.987040109870713 0.03851501695761973 13.846539365671372 -0.9767936296309897 0.14821074016173966 0.1547907626817167 157.97114518080076
0.145703143734792 -0.061812042933945606 0.9874144307644689 -244.48870506226538 0.15809430435087324 0.9866899722403957 0.03843850764258345 13.875594435847638 -0.9766424143736653 0.15050054219285627 0.15353024310211322 158.096409645361
0.144975039057329 -0.06116513860587156 0.9875619864652874 -243.64849759559664 0.16107674771047653 0.9862460194522434 0.037437575596054935 13.90330283178628 -0.976263488700216 0.1536423761137429 0.15282759407870544 158.22035682149203
0.1447435304626943 -0.061005641621407675 0.9876057663677116 -242.83508786781738 0.16231959195914628 0.9860543883223242 0.0371204061192066 13.93005139332497 -0.9760920719164944 0.15493132699295434 0.15262161118059284 158.34348586757585
0.14468766999854402 -0.0612413148809186 0.9875993863543062 -242.06880612637306 0.16321732675191403 0.9859023537290481 0.03722419943909649 13.95701024211577 -0.9759507595515056 0.15580384757930504 0.15263765079709718 158.4610781240851
0.14466330915786263 -0.06114985736459564 0.9876084768049302 -241.30469208056743 0.16429281709034999 0.9857332647290404 0.03696867105137671 13.982768483855894 -0.9757737724795721 0.15690518261880057 0.15263997940268337 158.57839622682553
0.1449418721921033 -0.06135239945878554 0.9875551917925424 -240.55083448263036 0.16486866260138824 0.9856349086459055 0.03703554686175718 14.009264577759916 -0.9756357623567401 0.15744567888129218 0.15296854065654034 158.69648324299533
0.14503757793312172 -0.06142767764263511 0.9875365941085559 -239.81742245379488 0.16548070677264157 0.9855337452999539 0.03699922782261974 14.034885109577717 -0.9755180554329065 0.1580488935541579 0.153098176617058 158.8108677986467
0.14500650814533914 -0.06116801996475693 0.9875573022346146 -239.12368363144697 0.16624827514831908 0.9854186948715051 0.03662455850850204 14.057710661164311 -0.9753922844683646 0.15886572309177913 0.1530547613842499 158.91896807147194
0.1453562756738818 -0.06175301760869409 0.9874694089916715 -238.4575966244641 0.16640654988186182 0.9853732315397783 0.03712640662857352 14.082773863740975 -0.9753131880404262 0.15892173933902118 0.15349983064077935 159.02607202556788
0.1453527111213761 -0.06178335426008791 0.9874680589279663 -237.81982569446666 0.1669872494629352 0.985277296465335 0.037065754164066725 14.105236215522941 -0.9752145177367076 0.159504041157282 0.15352318537840842 159.12783578526196
0.14551773511295288 -0.06162405417057298 0.9874537485565555 -237.20175853145187 0.1669400235394057 0.9852921359454114 0.036887166002735526 14.125597574496073 -0.9751980085451419 0.15947482530776058 0.15365834630230446 159.2281011087766
0.14596768104313573 -0.061249776307088465 0.9874107436989975 -236.61826226671758 0.16739130660740728 0.9852350216795497 0.03636860387819681 14.14418420087726 -0.9750533707953406 0.15997232712368742 0.1540584145123832 159.3231332359748
0.14651163059369723 -0.0592661504058655 0.9874511122030717 -236.0402000648334 0.17101612443927935 0.9847059350147176 0.033726378039828246 14.161410291377834 -0.9743419442504059 0.16392552997291318 0.15439984835701742 159.41593961287327
0.14899970641233043 -0.057371873925011654 0.9871901839788078 -235.50572134564015 0.1721100178663112 0.9845970959433783 0.03124349929558032 14.174144755201537 -0.9737715963289507 0.16524672940787524 0.1565727024646224 159.50306772578332
0.15472162874726272 -0.05657534331244143 0.9863552625735114 -234.98957620049688 0.1725405983845095 0.9845783772851403 0.029407868710449928 14.187062598827495 -0.9728021648027375 0.16563299992580344 0.16209116893229344 159.5947296498156
0.16121770339927288 -0.058246982826926905 0.9852166664957378 -234.48357156704074 0.17374616685412025 0.9843553306612431 0.029764010673234673 14.205436350750295 -0.9715316378417056 0.16637567005664142 0.16880941159319832 159.69324352315084
0.16875104824919704 -0.06089873169713242 0.9837935984113719 -233.9884582423316 0.17428123469274767 0.9842215536276753 0.031029670016763662 14.225045400480056 -0.9701554349104906 0.16621661626647666 0.1766948598153084 159.80156461892955
0.17868705245355326 -0.06256067737464187 0.98193288744671 -233.50386033096223 0.17786351566601538 0.9836032236350869 0.03029939476999716 14.241684781403078 -0.9677230553794858 0.1692321428307901 0.1868772889112285 159.91305888370337
0.19283900652104835 -0.061948861158454244 0.9792912113529608 -233.05602865886905 0.18130719271050516 0.983084512540243 0.026485316463735517 14.248346875954322 -0.9643618544293264 0.1724414566214634 0.2008012358817351 160.02890029086086
0.21180123819870067 -0.059576968682252956 0.9755139376887709 -232.61223653038078 0.18119176647258203 0.9832446311261797 0.02070810397335573 14.246911298520846 -0.9603974832905171 0.1723654720916303 0.21903933000293513 160.15898254515866
0.23521203718489797 -0.05626072686156176 0.9703323487703859 -232.16238190930548 0.17848650523457826 0.983860421649737 0.013777997188342436 14.239974760880441 -0.955442585897772 0.16994703895178076 0.24145009871797288 160.31096764077702
0.26384704265866876 -0.05370866076794404 0.9630861716271795 -231.71277954020175 0.17776730432035692 0.9840674299908723 0.006176084138833658 14.226958027491206 -0.9480697820106014 0.1695720421404531 0.2691833131089303 160.47995212694354
0.29569773480695527 -0.05223728231929746 0.9538704541649166 -231.26616235970036 0.1756398616667558 0.9844683433271355 -0.0005369585571689019 14.21186137233455 -0.9390240672261465 0.16769280671979225 0.3002723335206906 160.67268873400707
0.33078889986935023 -0.051605248385471925 0.9423108529008398 -230.82529762696112 0.17196839584394424 0.9850950944039624 -0.006421204548180655 14.19639796999878 -0.927932029845859 0.16416826139433308 0.3347253661001438 160.89003189157017
0.36775039973022133 -0.052360745415449154 0.9284677968160606 -230.4124091162405 0.168186364718298 0.9857072371583795 -0.011028812088700548 14.179996333034984 -0.9146175659872662 0.1602078406759181 0.37129269089633277 161.1223071168768
0.40509398041756306 -0.052225658228045826 0.9128011398948227 -229.98929771229817 0.1627415640741341 0.9865560402060164 -0.015779933406134504 14.162161824252001 -0.8997034413023086 0.1549395052428059 0.408139361086446 161.3829103135244
0.44265801869023885 -0.052863520959544975 0.8951501970369038 -229.5651724179631 0.1582551430747301 0.9872098110299738 -0.019960037001202094 14.14207870899672 -0.8826444707782497 0.15049397935176312 0.4453543443952971 161.6647695343426
0.4795552188699758 -0.050518112806619817 0.8760756498537243 -229.16142896842155 0.15211060082241964 0.9880266909149114 -0.0262918825902888 14.117170623008269 -0.8642572394079742 0.14586533497264384 0.48148980727890917 161.9653329524702
0.5148925711792283 -0.047123109349107954 0.855978533073425 -228.78031474145038 0.14677890661436935 0.9886027426926297 -0.033868723324376446 14.085446701894737 -0.8446259143288531 0.1430745756614303 0.5159329310353207 162.27060414050837
0.5498444180097891 -0.04393528716387355 0.8341315477437946 -228.42266125260193 0.14219696253521869 0.9889760305794947 -0.04164404195487695 14.049233561708844 -0.8231056829688853 0.1415043149603162 0.5500220697690125 162.588500666787
0.5839604704084665 -0.04275684736389255 0.8106765198775941 -228.09689757629874 0.13889490196749704 0.9891623994863096 -0.047882187308623946 14.012421511152011 -0.7998434070314157 0.14055585604290208 0.5835621007381163 162.90176557389742
0.6164334082074052 -0.04263655475830564 0.7862739893377058 -227.77145592858724 0.135789266054554 0.9893428184474453 -0.05281151872483472 13.975542547740197 -0.7756429417169778 0.13931765995260995 0.6156450738432322 163.23260767193614
0.6480324034719277 -0.04105497330272433 0.7605282250233154 -227.48414358877437 0.13081222660747857 0.9897206615682071 -0.058037413331644125 13.937504472122608 -0.7503281627813714 0.13709194228459015 0.6467331222372817 163.56153339175955
0.6787373265784971 -0.038261201144264324 0.7334077533899033 -227.20523348957997 0.12571056155605084 0.9899693943666736 -0.064695418415839 13.893366053393668 -0.723576543907226 0.13610327774073278 0.6767300809839862 163.9056327010104
0.7089494655838976 -0.0340954548222007 0.704459005570294 -226.93125621706093 0.11941364021663406 0.9902261365510961 -0.07225047207850249 13.842648542075993 -0.6951112891740631 0.1353393826385916 0.7060834403827007 164.27328349983787
0.7380479396864033 -0.03155369092916978 0.6740352494345371 -226.64971035487656 0.11477310990051157 0.9902335904413632 -0.07931960443865396 13.7880249767894 -0.6649509628082243 0.13589870465842369 0.734453477276555 164.66803969256472
0.7668588102179419 -0.031110057584598682 0.6410878130861757 -226.407701110923 0.11228409806530598 0.9899373095218876 -0.08627653638564534 13.73466658910035 -0.6319545302062298 0.1381417058858563 0.7626273619743904 165.04709374028948
0.7946718980176284 -0.03130776752568931 0.6062593094053701 -226.17654436338046 0.1098825959561764 0.9896050062101267 -0.09293026370323795 13.679394853099675 -0.5970496949351289 0.14046210396214676 0.7898434344924129 165.44814427900792
0.8208181781839293 -0.028466419167925004 0.5705098103173952 -225.97921491859495 0.103493688661126 0.9896529592896384 -0.09952350976472821 13.619885458776663 -0.5617758479444596 0.1407303570409271 0.8152633380459906 165.8526384036896
0.8463827675255464 -0.021631662193325865 0.5321676336168318 -225.80815038765442 0.09162469355441813 0.990206390259307 -0.10547662215196209 13.55991343711623 -0.5246765451620242 0.1380285877004161 0.8400679707476225 166.28328048638753
0.8706460113285985 -0.014458524824494891 0.49173281908188415 -225.64968717003094 0.07860959533627342 0.9908271179280619 -0.11005320162115284 13.499285949470556 -0.4856335935667968 0.13446726281768692 0.8637886831580691 166.74567037358887
0.8932421577952423 -0.011059547419101687 0.4494789354048341 -225.49770543866475 0.0692125827323718 0.9911781659839174 -0.11316027705944086 13.436890230366908 -0.4442649324413935 0.13218392426771405 0.8861200588473067 167.2263596406764
0.9126539444293744 -0.012845266973247392 0.4085742711354104 -225.33099475118718 0.06600524102853339 0.9910338629801921 -0.11628722247610866 13.368655448147885 -0.40342054193983373 0.13309314410955425 0.9053123097898758 167.75325391678328
0.9296914100614398 -0.012991190934038293 0.368158824270973 -225.1888677024936 0.06051240489771108 0.9912025205305715 -0.11783715938401758 13.301988974678402 -0.36339251403780426 0.13182501066766383 0.9222910858901021 168.28878565856584
0.9456183475989692 -0.010609412255804168 0.3251600680824133 -225.07553023671562 0.05112545507046656 0.99190981106983 -0.11632247129819351 13.239210829949078 -0.32129901285999535 0.12661496099430064 0.9385034018800154 168.8355904128893
0.9589966326380801 -0.0050317850765814525 0.2834356917594828 -224.9654061444968 0.03996688735175193 0.9922695517043147 -0.11761748375168356 13.1641687326492 -0.28065661048617496 0.1241171356135934 0.9517772704358097 169.46417946590083
0.9692964064497949 -0.0028374860799458995 0.24595117131557748 -224.87037285664223 0.03291522619949406 0.9924501026826286 -0.11827659235145356 13.087690609994102 -0.24376262931325304 0.12273478082292821 0.9620650869418259 170.07321820734643
0.9775850383683796 -0.0028850338380287297 0.2106057347620579 -224.78132470239416 0.028165446781210378 0.992730269163725 -0.11714669047343962 13.00953910277045 -0.20874100220316422 0.12044688957313333 0.970552878130572 170.72034637829202
0.9843123094474544 -0.009588562296676022 0.17627394086660403 -224.69779002018075 0.03005348508346633 0.9930626719685369 -0.1138098346598671 12.934755233413947 -0.1739644090173115 0.11731621435976224 0.9777658940580292 171.41060280599348
0.989734380464009 -0.011573206893035618 0.1425732092715419 -224.64243299889287 0.02807149699959416 0.9930673188576166 -0.11427284786879106 12.854733122839056 -0.14026719181097266 0.11709642361733544 0.9831918969731266 172.09383322880294
0.9940253325487693 -0.011852015126769982 0.10866313193387492 -224.60930933062735 0.024676835766774957 0.9927834000920804 -0.11747385059759047 12.764217889373008 -0.10649184181087415 0.11944817483437359 0.9871391865633464 172.7887907833981
0.9970137941268769 -0.011903945776928562 0.07653617135743468 -224.5977603004642 0.021139272343543528 0.9924383979836854 -0.12103298523068874 12.67012494331802 -0.07452217505278161 0.12228349217129904 0.9897202084169342 173.48661927201928
0.9989013422171297 -0.010184601976904361 0.04613484421797139 -224.6037993437613 0.01593856492719379 0.9918970369668713 -0.1261576926471466 12.564316885648458 -0.04448189102540498 0.12674834939810717 0.9909636717011293 174.22019394694067
0.9998449576610198 -0.007867618600720008 0.01685781490038875 -224.628251443281 0.009967526161675237 0.9916833362423472 -0.1284312773513238 12.461351911662174 -0.015713189220262977 0.12857342791384666 0.9916021766410662 174.96548572244257
0.9999442910752572 -0.006294017044034029 -0.010371073820954708 -224.66764647604336 0.004929645342395599 0.9919597853588225 -0.1265734116464538 12.36474891637581 0.011078037611078617 0.1265096664778908 0.9919300530687982 175.7234578676581
0.9994220373892412 -0.00461942498140746 -0.0341993619990797 -224.72459015854832 0.0004394625322071623 0.9926429123894085 -0.12119763586367853 12.272491544772505 0.03450120832996681 0.12110707130644321 0.9920659488508228 176.51742553398492
0.9985400571357983 -0.002115561335920884 -0.05430325314237469 -224.79694555982843 -0.00426964880273278 0.9931168652155232 -0.1171763604726936 12.18251911984772 0.054170895582837414 0.11723125922239037 0.9916529613065609 177.316158784626
0.9974485615858285 0.00022008014836005327 -0.07163692004507233 -224.88051256295813 -0.008505170378850416 0.9933030770474581 -0.11535287828846455 12.091074908502874 0.0711251730323031 0.11566185069587052 0.9907655535194617 178.1116222563513
0.9961586628961142 0.0007180871351481765 -0.0877673523530326 -224.97021563396515 -0.010993741497684131 0.9931284278272381 -0.1166381053396773 11.992515667162538 0.0870738450005743 0.11714889486482148 0.9893166106095121 178.89536373593936
0.9948491619960831 0.000407305955207041 -0.10154127062564643 -225.0677316929889 -0.012763587516631725 0.9925785446500567 -0.12105519781272765 11.886598227263272 0.10073151311696067 0.12172176811491811 0.9874664730277394 179.68277678859738
0.9934711134367562 0.0009235068895727228 -0.1142359236491543 -225.17642850353678 -0.015037103910262493 0.992339809622664 -0.12273841278280334 11.779476858972856 0.11324041818108532 0.12364912856699731 0.9858700985833887 180.48647211947485
0.9922962440232066 0.0010617126344238529 -0.12402958372052082 -225.29616369638174 -0.01636746246176469 0.9923554005557753 -0.12244181071768101 11.672959145423082 0.12294430616641505 0.1235229717437453 0.9847230267815029 181.33328852292829
0.9914754165173519 0.004194804147820777 -0.1303641975031034 -225.43424687179038 -0.01956046761334791 0.9929768408123372 -0.11680385202182783 11.57109412351841 0.12895157317501837 0.11835251681330461 0.9845893421172871 182.24460281929683
0.9908867238375699 0.006582410269762955 -0.13467087031665156 -225.57309321570975 -0.021819413179994716 0.9934864330668154 -0.1119742577844897 11.466994797746363 0.13304914867910597 0.11388668907872854 0.9845715484219176 183.18835881087765
0.9907417139930383 0.009031034030036683 -0.13559375123047113 -225.71185101290214 -0.024173985444592462 0.9936031247400184 -0.11044403619931091 11.358665758589321 0.13372148203291795 0.11269368870669422 0.9846178941608784 184.14765924231278
0.9910040254358234 0.009770327643762617 -0.1336150148573132 -225.83299111006838 -0.02543944809480848 0.9929309204612725 -0.11606520112897814 11.236786842530725 0.1315297234342517 0.11841452975446996 0.9842424947857791 185.07978115080957
0.9914095020247196 0.009458970880529553 -0.13059629096757877 -225.94530189246834 -0.025545988604198402 0.9922096682705622 -0.12205403840458783 11.109257439496185 0.12841745091171822 0.12433596600558576 0.9839231819405767 185.9927181786967
0.9918997248648754 0.010219239817383045 -0.12675864381069477 -226.05751962841518 -0.02599590693564725 0.9920274002422594 -0.12343161840790111 10.982993033073676 0.12447939484203827 0.1257211009991297 0.9842529918411601 186.9149018089293
0.9923882435173633 0.01012787388586945 -0.12288779390814179 -226.16693876352002 -0.025291206053723404 0.9921671386630511 -0.12245390723978417 10.861164716325337 0.12067747200426367 0.12462401538101493 0.984865984337757 187.85187448048242
0.992968885233735 0.009953787845305633 -0.11812060076660602 -226.27050952810905 -0.024558854794211427 0.9921400910653235 -0.12282590372483333 10.733712469369731 0.11596188719439791 0.12485732347811536 0.9854030439925632 188.79085440917234
0.9936781543093891 0.010013022213666881 -0.11199516520262028 -226.3670202222408 -0.024099723739126253 0.9918637553949443 -0.12512864522946965 10.600166169308777 0.1098235445956832 0.12703071956898912 0.9858286561883477 189.73653312829862
0.9943702927593097 0.011064139912523651 -0.10556844077066618 -226.4637078229799 -0.024349604695843657 0.9918249471133399 -0.1253855967187612 10.468189733698036 0.10331062878721867 0.12724381970762924 0.9865049593365885 190.7095639535397
0.995010765775897 0.010366498356050673 -0.09942492802726095 -226.55058024009648 -0.022321786629898414 0.9925528722645299 -0.11988114996543063 10.34479186227715 0.09743439618447612 0.1214957430886153 0.9878263228101101 191.69673804937307
0.9954102766739011 0.01088642148411876 -0.0952873227196449 -226.6414464314095 -0.02134007814132088 0.9937880444152728 -0.109369556647949 10.232122630340749 0.09349765374373596 0.11089485621267016 0.989452928679347 192.7163064729664
0.9957978558895333 0.009226577540900057 -0.09133081299943019 -226.72491857768006 -0.019017296673923885 0.9941032282600611 -0.10690266840249088 10.116211378512096 0.08979899420934206 0.1081839177202639 0.990095281448772 193.73138118808762
0.9961095567841818 0.008337762737747825 -0.08795506438900544 -226.80469002300623 -0.018267183358314905 0.9934787664025615 -0.11268291486429774 9.98663925580316 0.08643512284164186 0.11384460945735747 0.9897598123688777 194.72961509187783
0.9964928646152479 0.009177557587766269 -0.08341538702932261 -226.8840487180739 -0.019280359803009264 0.9924673330628732 -0.12111217165340062 9.845653565144193 0.08166874152527263 0.12228884236128114 0.9891572591589315 195.71820338280176
0.996810368545454 0.01180260100245082 -0.07918578690678647 -226.96553344263955 -0.021579097762287287 0.9920945620904413 -0.12375041221445549 9.707327921546105 0.0770924720301109 0.1250575798693622 0.9891784277012371 196.75668489867388
0.9969432230265589 0.01466758425515855 -0.07699918114129783 -227.04473996864456 -0.023898330089363897 0.9924599283227854 -0.1203465878389533 9.58060275534479 0.0746468231652532 0.1218119801401323 0.9897702452744952 197.78353660613917
0.9969621394127421 0.01867694739059266 -0.07588039927827522 -227.12440064840726 -0.02756365359561993 0.9926716141982376 -0.1177889984097486 9.454198326947306 0.07311790983534061 0.11951542131688855 0.9901642122786174 198.81359544144638
0.9968217659235875 0.024229645871369422 -0.07615486802565542 -227.20474584539716 -0.03314512283120707 0.9924688724650299 -0.11805817934686576 9.327429197235073 0.07271443003377653 0.12019982068895387 0.9901109183789406 199.82617817539978
0.9967808834056427 0.02480155361676206 -0.07650334402738075 -227.27846058340478 -0.03408228703760025 0.9919008280384908 -0.12248026657173046 9.189298958812694 0.07283951419744826 0.12468587925954203 0.989546437273633 200.84027772676467
0.9968022862884847 0.02134798454022308 -0.07726440585997221 -227.35293717611108 -0.030879384774922043 0.991775617640996 -0.12433176885503114 9.054349390232892 0.0739682101826792 0.12631251713151476 0.9892563916820041 201.85076266737846
0.9966404329395994 0.01908040822070935 -0.07990304109053979 -227.43244895696088 -0.028931617735503345 0.9918772893303569 -0.12398867693058718 8.923163107999988 0.07688166435282712 0.12587627531803608 0.9890898816950988 202.8598917549121
0.9962963640604804 0.019789782314798793 -0.08391762941334356 -227.52451855977756 -0.029818330269122784 0.9923448087143404 -0.11997136233976294 8.795617320523837 0.0808948283955265 0.1220219093249008 0.9892525945033763 203.89967448571204
0.9959705193089575 0.01905266951894585 -0.08786588826596914 -227.6161830778779 -0.02944521500521654 0.9925298529675711 -0.11852397342685866 8.668911460978595 0.08494500805280167 0.12062637612777774 0.9890841116056668 204.92914971126945
0.9956785499121499 0.018139715785021673 -0.09130198604283021 -227.70834536233315 -0.029030672890749995 0.9924381329401661 -0.11939113652052309 8.54007107389852 0.08843954274305815 0.12151833624945986 0.988668518660109 205.93551892610773
0.9955289523832238 0.017281672490538864 -0.09308012944699176 -227.80033090112505 -0.0285837140545643 0.9921979579030247 -0.12147823939725179 8.410040882304687 0.0902481300933068 0.12358826529432304 0.9882484880224567 206.92335411314372
0.9952017940146695 0.01865984050981936 -0.09625629221676808 -227.90309022966673 -0.030098252779927278 0.9924807545730648 -0.11877072386290718 8.287593019466348 0.09330984857868628 0.12109050529152268 0.9882732886676906 207.92859384284677
0.9948703225792168 0.019822523277217226 -0.0993987481092858 -228.0074980382288 -0.031374682575391624 0.9927659181508934 -0.11602496718053437 8.16880951723944 0.09637328887173872 0.11854115433439534 0.9882882809958925 208.92679983352465
0.9947224125590685 0.017160239483664907 -0.101357159348281 -228.10485140748233 -0.029042595670536245 0.9927308109372575 -0.11692992842329968 8.049217728093994 0.09860729003067127 0.11924921809684619 0.9879827872104545 209.89034013772974
0.9944975370411483 0.01838810187880433 -0.10332671640816898 -228.2033687125322 -0.03097528353077861 0.9921168142300825 -0.12155243405510337 7.927436025778095 0.10027024615205665 0.12407681918792159 0.9872202147674467 210.79867939837834
0.9943480927432653 0.019757248500753603 -0.10450617697232605 -228.29981925483546 -0.032957285133720725 0.9914833033507809 -0.12611532559154598 7.803880885675552 0.10111760382762475 0.12883937681760482 0.9865235038887736 211.68772022433194
0.9940091745471011 0.021071996347789466 -0.10744048831761857 -228.3995402777639 -0.03445852190191414 0.9916637891005353 -0.12428297913480645 7.696060155306439 0.10391914182738489 0.1272331175446046 0.986440930670109 212.55184255505844
0.9936879262117895 0.02156246760705734 -0.11027445200342 -228.49988313352438 -0.03516501503440706 0.9918089520695207 -0.12291704487468727 7.590547232024269 0.10671399082954683 0.12601159534963252 0.9862992911431623 213.40890420706188
0.9932879406772132 0.021265910811732958 -0.11387677208603342 -228.6001660459415 -0.03526176915185107 0.9918794765600767 -0.1223191465701511 7.486400998243886 0.11034394049490473 0.12550633248741422 0.9859644076201649 214.24244798177227
0.992765093032006 0.022471842691462626 -0.11812610429887105 -228.7048757414138 -0.03699813325186388 0.9918260803985577 -0.12223938846836228 7.383615707921704 0.11440689413229592 0.12571825549249 0.9854743420253622 215.05135338879512
0.9921275121652087 0.024233202936948334 -0.1230327801714566 -228.8140052005603 -0.03916780936578753 0.9919623994498998 -0.12044400993159371 7.2902836889443146 0.11911841583726962 0.12430756086715201 0.9850949355399204 215.8335736054804
0.9914456740550578 0.025512112848051053 -0.12816538494876736 -228.92564005291723 -0.04101345903035337 0.9919672320848709 -0.11979029317825504 7.198241886487524 0.12407329113489157 0.12401486138291659 0.9845204755868241 216.60008127858345
0.9906650012724403 0.02643410057011375 -0.1338899047077205 -229.03862965215058 -0.04241415773814021 0.9921315171745454 -0.11792949475692531 7.114565688999923 0.12971238860529571 0.12250007339804814 0.9839835165385369 217.33347029299316
0.9898175507017289 0.027416742697088173 -0.13982941736790547 -229.15514788272387 -0.043926439704734414 0.9922495573942407 -0.11637197662033694 7.034267470128694 0.13554854018624635 0.12132180883885614 0.9833428724015157 218.04876756953124
0.9886628292192492 0.028004855977547493 -0.14766517696039871 -229.27362350735916 -0.04548708932353507 0.9921803310339075 -0.11636274823498305 6.955014963467718 0.14324521078153352 0.1217530921846102 0.9821979972453159 218.73004695072595
0.9870718269146217 0.028005331153880715 -0.1579515385929778 -229.39669830893598 -0.04663657749676744 0.9922280645086125 -0.1154968848166503 6.8814081129615 0.15348306865157874 0.12136253819423025 0.9806989133497467 219.38168463607587
0.9848959844834512 0.02791946248410116 -0.17100930092677735 -229.52480629726188 -0.04812373828189522 0.992196843002536 -0.11515420816607014 6.809476268133265 0.16645323840215487 0.12163711576458877 0.9785466271835253 219.9911987325691
0.9820097513561818 0.027329256521758945 -0.18696048950754116 -229.6579456372636 -0.04974241061510297 0.9919892321850148 -0.1162509531104943 6.7372917383458475 0.18227919413671168 0.12345182976144578 0.9754950165929924 220.56084287883206
0.978351944635439 0.029536105552149933 -0.20493722694180083 -229.8059407599102 -0.054585770901269634 0.9915674845121167 -0.11766613896834258 6.665790206199521 0.1997268261534652 0.12629800635025612 0.9717066467205794 221.10969371497677
0.9739501020142515 0.031131891891968935 -0.22471289051062915 -229.96487421876319 -0.059463615508324213 0.9909554856819504 -0.12042669173311119 6.589366087575345 0.21892403848059092 0.1306445302256987 0.9669846674671555 221.65269731558075
0.9681909785067709 0.032254738938288466 -0.24821407698346112 -230.140146397308 -0.06410196861799576 0.9905591220342022 -0.12130615354527229 6.5130216590336145 0.24195052217457888 0.13335095285680443 0.9611102123533126 222.19298368367438
0.960882048109092 0.03125476391902879 -0.2752713123834882 -230.3281912273441 -0.06648532821433403 0.9906105416201673 -0.1195932023149579 6.441467818078617 0.26894110895725576 0.1332091082285967 0.9539296966169877 222.72566320991848
0.9523078036719853 0.03196721227097782 -0.30353444845517086 -230.54260924482236 -0.07069633434851183 0.9905729530276418 -0.11746916273980243 6.376285107800943 0.29690973935483156 0.13331787727175706 0.9455824723866104 223.24646594669997
0.9423765080804193 0.03407315677657629 -0.332882161817773 -230.76934878669078 -0.07646173123595623 0.9904260225073408 -0.1150735040654175 6.313206079359981 0.32576596840833044 0.1338875748308458 0.9359522764133015 223.74527728426344
0.9300511292737679 0.03810319104724821 -0.3655104148480162 -231.01652741519894 -0.08444189439557212 0.9901712960037548 -0.11163487110356471 6.254284590635197 0.35765585630351887 0.13468296325624415 0.9241203248944179 224.2247577353785
0.9152710390877796 0.0417607489249853 -0.40072398746085763 -231.29497163890258 -0.09258429886144126 0.9898126312253183 -0.10830727574291232 6.194307854977046 0.39211019733016544 0.13622386810665307 0.9098064347920356 224.7112228808837
0.898404751069136 0.044915169792764637 -0.4369164345109685 -231.59110886900461 -0.10080402912183924 0.9893053334447048 -0.10556929243841448 6.1354605868889145 0.42749326985697683 0.1388793416283973 0.8933179743691466 225.17774231453936
0.8791628718766162 0.050089655715556805 -0.4739281971618172 -231.90968178001737 -0.11099632637843938 0.9886494814813156 -0.10140708566059993 6.083881863846399 0.4634603375175296 0.14175016315648256 0.8747378153776662 225.62869417677638
0.8587301848809136 0.0555803341168394 -0.5094479082026863 -232.24336597444386 -0.12073349659271243 0.9880765140877724 -0.09570499959295548 6.039103136749431 0.49804488312952955 0.1436848983925757 0.8551961279113675 226.0651078707023
0.8373678434737494 0.05849347574875008 -0.5435419603401391 -232.5982609127294 -0.12733229923396072 0.9877974904926463 -0.0898576953551419 5.993059817830924 0.5316434837792816 0.1444468474372815 0.8345925949927906 226.50408065171297
0.8150851182141976 0.05913117292471759 -0.5763536791420698 -232.97633210369477 -0.13172560255121402 0.9876551981033697 -0.08495379108951864 5.945448891806366 0.5642055715724948 0.14515752573516982 0.8128074395860926 226.94153650990427
0.79104628768552 0.058802975826507904 -0.6089594546288556 -233.37541807573785 -0.13539741654520004 0.9875301103483631 -0.08051876452325765 5.89833669243622 0.5966211074686383 0.14613820253505275 0.7891395022048305 227.37070537097284
0.765267050357594 0.05972475133627562 -0.6409709214900847 -233.79081958024653 -0.14042248067655952 0.9872128356883138 -0.0756616010850094 5.85550852617888 0.6282455238157063 0.14790063103262086 0.763863819952704 227.77493878197134
0.7370079215613287 0.06306255376567589 -0.6729690968252141 -234.2293467581254 -0.14769156192807095 0.9866203000132793 -0.06928743526463799 5.820851871924496 0.65958456370558 0.15044971337822766 0.7364567196753358 228.15816211615385
0.7074301564902671 0.06523721443213408 -0.7037983013392614 -234.70321232719982 -0.15270555421574597 0.9863379785632473 -0.06206310097790227 5.789233798751568 0.6901229427222262 0.15137170868819083 0.7077233099127166 228.54645315474838
0.6761105022574342 0.06573331613043613 -0.7338927790197769 -235.21572981009416 -0.15540757457357388 0.9863444166057481 -0.054822772314820155 5.759219276460301 0.7202564903669444 0.1511112216035369 0.6770901528070762 228.93868361495512
0.6424784848685786 0.06511344238340341 -0.7635616029754946 -235.74645420201296 -0.1579009805533977 0.986266912634665 -0.04875225938528979 5.731068980749926 0.7498902206401324 0.15188162846347453 0.6439343552445049 229.3076362462392
0.6069194858451109 0.06309154646093464 -0.7922831614585838 -236.27909062589282 -0.16095934882959792 0.9859606316617078 -0.044782180798344916 5.700553899310795 0.7783237650638751 0.15469650510511 0.6085522206834995 229.6361413540776
0.569001101656687 0.0610221942889387 -0.8200971317309419 -236.82693065407724 -0.16477657496830594 0.9854952970760937 -0.040992178216707614 5.673490925969068 0.805689692163979 0.1584500138880883 0.5708011232196903 229.93068475334204
0.5290502762691768 0.0584613440312413 -0.8466007644056163 -237.3928372067414 -0.16733499899982776 0.9852396166468349 -0.03653062015090609 5.647163887765362 0.8319582901675678 0.16098512188487724 0.5310225747537286 230.20362432776696
0.48691345648735196 0.0555355497756287 -0.8717088348805994 -237.96762281570997 -0.17005230804811386 0.984924343877675 -0.0322347133593505 5.621470014548637 0.856766694080955 0.1639245590307699 0.48901574405821047 230.44603555346873
0.4439649373570345 0.056395571986458344 -0.894292998372215 -238.5629745598113 -0.17698044093050105 0.9838927785552174 -0.025811340838321525 5.6098506922824605 0.8784221351648598 0.16972465130532036 0.4467939702432514 230.65609573873937
0.4003438318713145 0.0590083329976713 -0.914486994572583 -239.18301606380146 -0.1848366391437659 0.9826297148747749 -0.017508261994298197 5.6108719572486345 0.8975592354587265 0.17603298451654506 0.4042968486069542 230.84186156148067
0.3561346109811995 0.06159486908530451 -0.9324257571072609 -239.81927929639554 -0.19067354013362456 0.9816374012482648 -0.007976997150505025 5.620278039478845 0.9148030409011731 0.18062275722758098 0.36134028985589606 231.0079668014442
0.31324383614160234 0.06341285982280044 -0.9475755928898576 -240.5058421557363 -0.19626663181565127 0.9805663279095975 0.0007444221185442176 5.635115150830181 0.9291988465334942 0.18573728154733538 0.3196036113404328 231.16473794557405
0.2711102952397059 0.06560357119418705 -0.9603325914026237 -241.22994055148237 -0.2003912962853041 0.979677644164778 0.010356940050442836 5.656305109646813 0.941486039776662 0.18962733620469213 0.2787486763437839 231.3100000893023
0.2305799306105841 0.0663186957602195 -0.9708131494885222 -241.97353936457148 -0.2036867032760293 0.9788779361441005 0.01849561687464503 5.679626405780049 0.9515243367202572 0.19346996975312514 0.2392197354018952 231.43397706399088
0.19204606634570248 0.06464734117013973 -0.9792762696900424 -242.71224717836535 -0.20686696172044217 0.9780908531079564 0.024004578278377122 5.702371524085635 0.9593634675221643 0.19796299052943478 0.20121428712304945 231.53030995923058
0.15840515667468918 0.06190866503579715 -0.9854532720790459 -243.45507214367558 -0.20808193626407515 0.9777276300188935 0.02797973175783586 5.724130110817296 0.9652277953826667 0.20061616866971443 0.16776189918722745 231.61052287569171
0.1282542759684115 0.0609949202926272 -0.9898855704139227 -244.17685155262234 -0.20731968924011 0.9777196805222419 0.03338809453583236 5.750345342758337 0.9698580339597027 0.20093393481386712 0.13804520483904956 231.67535061872113
0.10322079726270418 0.06114536095109913 -0.9927992016397785 -244.89491140829406 -0.20698513848023703 0.9775952066493558 0.03869317587694802 5.781977752148825 0.9729127786287141 0.20149393953722505 0.11356810308898366 231.72728042273934
0.08458760772177168 0.06391268598897334 -0.9943864359515616 -245.65467333160572 -0.2066388931832071 0.9773872642613002 0.04524642026976328 5.82385988181142 0.9747833614373284 0.20164464597277573 0.09588564893982428 231.77685931925353
0.06913088834262233 0.06610261009289604 -0.9954379306341593 -246.3864607007772 -0.20586773999216593 0.9772875677443251 0.05060426047574464 5.868080814663513 0.9761642974930896 0.20142308343105964 0.08117332713125529 231.8181047399171
0.057661444237156814 0.06681411561997877 -0.996120504436489 -247.13846653480152 -0.20436589040809475 0.9774353099631259 0.05373505763977364 5.911945918495529 0.9772242816016893 0.2004674091102792 0.07001911691428388 231.85931407344285
0.049162724425388965 0.06697249546924379 -0.9965654533874376 -247.9131682671453 -0.20410224698980642 0.9773851754739702 0.0556187225930774 5.956665151905545 0.9777437222980883 0.20065965862975915 0.061724458409014124 231.89468525432338
0.04305405646949673 0.06638185013079723 -0.9968875120366327 -248.71598855376374 -0.20325042077364208 0.977522556331864 0.056318311071949664 6.000236079554657 0.9782091555406337 0.200185860150011 0.055582825440448236 231.93494215283366
0.04057395816401135 0.06562498060106847 -0.9970415019921186 -249.5469443118858 -0.20346778792272127 0.9774918872228047 0.05606253975547453 6.04387180668646 0.978269870099982 0.20058393405068148 0.05301767327820899 231.9743323355687
0.040204339480647264 0.06544843699406788 -0.9970679846001514 -250.3687133829661 -0.20386596488687087 0.9774158189679583 0.05594222648865906 6.088586639038055 0.9782023251635988 0.2010118013534024 0.052643449268866147 232.01330902002624
0.04067741141407622 0.0654410642589984 -0.9970495112323589 -251.2073721212736 -0.20365684870305578 0.9774650717088821 0.055850785644793434 6.132357097214307 0.9782263392684534 0.20077649092268723 0.05309281230784083 232.05932382835726
0.04102147414113177 0.06521350452064666 -0.9970500910186438 -252.0557339927715 -0.2034838261138124 0.9775166504875968 0.05556826889285201 6.1737320283352854 0.9782476862924068 0.20059688743623247 0.0533735179318639 232.10633920393488
0.04173296225872113 0.06462141714266312 -0.9970592224501464 -252.8902938260343 -0.20222476102523212 0.9778151946166588 0.054914065209943984 6.212928904723043 0.9784790126436478 0.19933100342129914 0.05387958774246009 232.15481643324298
0.04216283817818046 0.06410236151613871 -0.997074728246181 -253.75354593613508 -0.2014628854578452 0.9780040909279732 0.05436094373529943 6.253048964142563 0.9786181346465855 0.1985738571068095 0.05415417180907119 232.20435475200256
0.04233119777629509 0.06406082491271438 -0.9970702129995289 -254.6420674285609 -0.20131554817627692 0.9780377410646934 0.05429511661243558 6.2966522212088005 0.9786410898007843 0.19842003453246507 0.05430229550237523 232.25415687630257
0.0424747627588679 0.06430184759037871 -0.9970486350055143 -255.54122204687448 -0.2006618556290862 0.9781586934367724 0.05453923780829912 6.341934111222893 0.9787695933461729 0.19774542447192917 0.05445444020874454 232.30567795499553
0.0426922423861603 0.06419050052488955 -0.9970463562321158 -256.4843594678265 -0.19985631492477127 0.978329462035602 0.05443190189495209 6.387569930982503 0.9789250579621056 0.19693450858319897 0.05460039263313203 232.36030615399198
0.043248711305372355 0.06315948284169748 -0.9970881600723756 -257.43151699941416 -0.19791970201354037 0.9787787844932169 0.05341895934760056 6.4300752740043805 0.979293970631925 0.1950254399027689 0.054835888883311354 232.41750318254884
0.04343239416731073 0.06253893623561234 -0.9971193433324285 -258.3902236668438 -0.1967943134653396 0.9790372051227677 0.05283692097612636 6.4728998523702606 0.9795125727515113 0.19392489622121617 0.05483367112360523 232.47469778615962
0.04398763579347604 0.06209456774285045 -0.9971227633681553 -259.370573119606 -0.19509628220598474 0.9794012553773025 0.0523884264432481 6.516899975330994 0.9798273973444136 0.19222291815962023 0.05520039412926781 232.53426674049186
0.04411976292468341 0.06187272766237894 -0.9971307308875452 -260.3599946201789 -0.19453467861736912 0.9795244115262498 0.05217681897126466 6.561010649014941 0.9799331655757056 0.19166677996555184 0.05525729320110781 232.59283443354096
0.04448599553161529 0.06062106317685933 -0.9971914814351297 -261.3619793178303 -0.19218398557914962 0.9800500510904008 0.05100953618870559 6.603871628749441 0.9803805304440336 0.1893671456499457 0.05525346805951094 232.6534635948204
0.04382524768341369 0.05903801597927843 -0.9973156287850953 -262.3478213009575 -0.19145544690757407 0.9802636495266154 0.04961966066821345 6.64609269699118 0.980552844515791 0.18875905817992014 0.05426779488378682 232.7091162019398
0.04301950473720259 0.05617013895412927 -0.9975163918998118 -263.3465680021701 -0.18922720826770684 0.980821736577277 0.04707367098926719 6.685820034663989 0.9810208276001808 0.18672438944116254 0.05282786497980919 232.76507168651403
0.04114834102644106 0.0556899020313311 -0.9976225190921543 -264.3707994746004 -0.18847492603564697 0.9809709401629273 0.046990566986377824 6.72754574576146 0.9812464167366963 0.18608513562417964 0.05086617051272667 232.81803476659826
0.03716201502206033 0.057919395345267764 -0.9976518668348209 -265.4050471004505 -0.18745198111688693 0.981019079420378 0.04997509054623656 6.7770632513069415 0.9816012176044769 0.18514679752019958 0.04731878747089723 232.86685658245216
0.03199712743557502 0.06119321366831008 -0.9976351218163046 -266.4630524413698 -0.18726872028453592 0.9808317435353364 0.05415988613643072 6.833211793777301 0.9818176900842769 0.18508525555792155 0.0428486950077093 232.90834304579514
0.02582842400948629 0.06226815981437162 -0.9977472223551874 -267.5442862867068 -0.1869255709237926 0.9807723066550399 0.056373590167294506 6.890892552832464 0.9820645425251779 0.18504094456608247 0.036976645592487374 232.94557173069512
0.018900770373500166 0.06101343844180685 -0.997980466609744 -268.634821382451 -0.18737340275370273 0.9806849876406457 0.05641079224155314 6.945219899792617 0.9821375045238315 0.18592117895790758 0.029973829263577962 232.97242771184227
0.011838621001608155 0.06123336305994081 -0.9980752721708975 -269.748608914297 -0.18728898181472273 0.9806115068265036 0.05794411182751931 7.005814080914925 0.9822638882880219 0.18623498954603415 0.023083027778805453 232.99292271162847
0.0052843241175825765 0.06406370297584348 -0.9979543292014785 -270.89888551407427 -0.18779824990405672 0.9802701133604989 0.06193815843202105 7.076013828581699 0.9822243356174319 0.1870788655971253 0.01721624553871065 233.00503334345294
-0.0011391469834264832 0.06704455818167127 -0.9977718421919977 -272.06148517641105 -0.18803173305720838 0.9799556932535919 0.06606600136751871 7.151244146803636 0.9821930440045749 0.18768005607934382 0.011495414047546398 233.01129850817136
-0.0083265480643225 0.06573575718418602 -0.9978247109634045 -273.2146595155144 -0.18738972235090273 0.9800739608000991 0.0661340659907019 7.219791502313927 0.982281250580735 0.18752470238470864 0.0041629300595920765 233.01189771819259
-0.013470001546808379 0.058414102450042145 -0.9982242134954611 -274.3669189782634 -0.1877694099634492 0.9804016881472397 0.05990873661478758 7.273421763533901 0.9821521358151395 0.18823461129261046 -0.002231815415296339 233.0037224473785
-0.01879657626185078 0.05248763115872411 -0.9984669887705735 -275.4850324756231 -0.18847358707510384 0.9805486593354913 0.05509760492551572 7.321749021784689 0.9819296164575196 0.18921212340819904 -0.00853278366167451 232.98907439609548
-0.025291050515960457 0.052865682684092544 -0.9983036047124846 -276.6117557341096 -0.18845868977048463 0.9804603790841135 0.056698893480363374 7.379809756702582 0.9817869402477148 0.18956473311585276 -0.014828128150926469 232.9676059425346
-0.03189578474072948 0.05470709017252579 -0.9980152084726183 -277.7404179948528 -0.1883369281041493 0.9803019999323288 0.05975888719738075 7.444097107961373 0.981617983993631 0.18986089090482727 -0.02095838160316982 232.93916976100584
-0.03771259410406195 0.05450320188480786 -0.9978237629506432 -278.873714416248 -0.18854057728666296 0.9802069163176984 0.060670270236227605 7.506854314934848 0.9813725046438053 0.1904099544955733 -0.026684222306319227 232.9046826303486
-0.04328072334026777 0.0545612774895287 -0.9975948143023539 -280.0030018191622 -0.18986370480337195 0.97987894968212 0.061833116397743956 7.573350586393809 0.9808879596303963 0.19207476297245957 -0.032044450116587256 232.86075284480538
-0.04876650892557245 0.05431902064729908 -0.9973552472492251 -281.13863512013614 -0.19159097231835365 0.9794867259804259 0.06271739232217305 7.640976413561678 0.9802946430435223 0.19413427826803215 -0.03735272189575276 232.81071777616577
-0.05344380378737646 0.054310300192068374 -0.9971162039917464 -282.24953604358944 -0.19306450533076214 0.9791352658732747 0.06368254863495416 7.708194045957997 0.9797617132843809 0.19590259848326122 -0.041836617520092934 232.7577750647914
-0.05774899549340592 0.05511566234048115 -0.9968320297767307 -283.3656355167764 -0.19351776259612263 0.978936441227191 0.06534067283076457 7.778327417182758 0.9794280296496958 0.1966693936938125 -0.045860023766366644 232.7025534928918
-0.06145960236033274 0.056814655737670285 -0.9965144697595825 -284.4904490146272 -0.1943944439235864 0.978596295811279 0.06778574277942936 7.852485903039043 0.9790285008035103 0.19787449573126326 -0.04909283870371789 232.64285274224505
-0.06260277291486191 0.05688205464250033 -0.9964388956366417 -285.58494600121463 -0.19512287037609993 0.9784279142966436 0.06811666778406168 7.9232571454165415 0.9788107683871459 0.19868426120670982 -0.05014678533989356 232.58458834262368
-0.06295738597684798 0.053711712814883655 -0.996592354684354 -286.6735341926478 -0.19792195133313906 0.9780630248835086 0.06522025258227347 7.985928690844817 0.9782259607732803 0.20134538165817978 -0.05093882358860407 232.5261854813162
-0.06283863825990953 0.052251957417140164 -0.9966777913940369 -287.7145053365525 -0.19996265197131105 0.9777371154072199 0.06387016696842077 8.04444391854765 0.977818641476114 0.2033034620732798 -0.05098409920880575 232.47330215267635
-0.06292878222038266 0.0532961608786355 -0.9966169758819755 -288.8019989071544 -0.20035290757565463 0.9775871712001114 0.06493328567017849 8.109906658993038 0.9777331641432131 0.20375266212769405 -0.05083305734993677 232.41902548040278
-0.0633138933787295 0.05651534534045463 -0.996415414339529 -289.85670079023095 -0.20127884559393158 0.9771734951594943 0.06821759706656824 8.179993179722526 0.9775183968377634 0.20486722874290914 -0.05048656816856741 232.3644817295372
-0.06329679637796053 0.056447159990632156 -0.996420062560871 -290.8771657393958 -0.20151067429433175 0.9771294522037908 0.06815931174106046 8.242369567379805 0.9774716469851916 0.20509436845064744 -0.05046767964003571 232.31508917535893
-0.06360659698929122 0.05301713664907357 -0.9965887892515474 -291.83932516208813 -0.20287937554532878 0.9770659588218162 0.06493120307923693 8.293780250480145 0.9771684478762124 0.20630812819099126 -0.05138475954757261 232.26630342562228
-0.0634241156939214 0.05036363411965609 -0.9967377423272152 -292.7370557442397 -0.2046522693807728 0.9768617288860577 0.062385565572122936 8.341057766396796 0.9768105308627659 0.2079321633227168 -0.05164279859242637 232.21958426481962
-0.062310449899787415 0.050276178900399045 -0.9968120808822295 -293.6513081462676 -0.20547925930561564 0.9767053871342545 0.06211058138032665 8.39252146639738 0.9767079253176781 0.20868554101887404 -0.050521838046355794 232.17519170070184
-0.05909152934118315 0.050233512006620615 -0.9970102327714325 -294.55339908314903 -0.20698499878518256 0.9764284995671401 0.061468368630040154 8.442948356049188 0.9765898383293288 0.20998943995167718 -0.04729468044636913 232.13419947618505
-0.054134800508268424 0.04897255249876196 -0.9973541889069696 -295.4666697377685 -0.20836068493635582 0.9762727740142064 0.05925075946792433 8.485487396312783 0.9765843723928553 0.2110078352936298 -0.04264024937057885 232.10103623730646
-0.05006083802751998 0.045844156532280474 -0.9977156033068607 -296.3407184054745 -0.208478450136065 0.976477553034455 0.055332572376292175 8.524127446377898 0.9767766365168261 0.21076306835971673 -0.039319634111643256 232.07374758483027
-0.046699293748110875 0.043293209552997355 -0.9979924176265642 -297.232550054939 -0.2067180782264817 0.9770312349967484 0.05206073117473259 8.5590022523395 0.9773171825842399 0.20872504787245227 -0.03667106244201714 232.05133472509908
-0.043573253995345965 0.04296990226327773 -0.9981477308887305 -298.14974788298076 -0.2066560817102432 0.977095233104178 0.05108900956392879 8.594753014653804 0.9774744082635809 0.20849054508054848 -0.0336891983051989 232.02871273386262
-0.04153619243465205 0.04294170750994003 -0.9982357411623548 -299.07506460389055 -0.20698565029063723 0.9770482464827046 0.05064694090593334 8.632852229449622 0.9774932120130949 0.20871541568417096 -0.03168857455381275 232.00505690945457
-0.03998547822558284 0.04285315946994392 -0.9983031023164234 -299.95739650191143 -0.20672910931429728 0.9771246077438549 0.050228298529713125 8.667792698702982 0.9776123240161 0.2083778849165489 -0.030205805174327156 231.9864647813039
-0.038392174436593776 0.04155251300241052 -0.9984206239429687 -300.80052123044175 -0.2071050807572791 0.977125806682259 0.04863377880120698 8.697068644836413 0.9775966394179882 0.20863633731730716 -0.02890218297817406 231.9683450125102
-0.0346505385576373 0.03940783931933881 -0.9986444584429742 -301.636174381984 -0.20827194924087603 0.9770156690831748 0.04578485200577064 8.722927870619921 0.9774888007421475 0.20956733436767347 -0.02564024064869291 231.9531286320972
-0.030718694089114085 0.037302119187872664 -0.9988538524228692 -302.4877025576411 -0.21075039814124194 0.9766125539586743 0.04295693362775674 8.74850727069275 0.9770887391812014 0.21181964823445718 -0.022132604749690827 231.93875585705476
-0.02697753156489339 0.03831868190068609 -0.9989231073936936 -303.36739135042257 -0.21099023618533966 0.9765511145970228 0.04316241735920345 8.77924435409871 0.9771468603777322 0.2119190924852305 -0.01825380628181589 231.93045180746475
-0.02300798794481296 0.04296506251684845 -0.9988332315108048 -304.3212636372644 -0.2084970581401591 0.9769174726086735 0.046828740963824673 8.817425384453614 0.977783181034608 0.2093231216603304 -0.013512397416976612 231.93064741214351
-0.019410997571931002 0.04733489492702239 -0.9987121474372092 -305.2650505671316 -0.2063637856409583 0.9771964794249584 0.05032988646548237 8.857716056765817 0.978313909800436 0.20706672501403012 -0.009193957818842365 231.93371252884387
-0.01570637939607652 0.04736955782935613 -0.9987754642847255 -306.1580471826131 -0.20413787073164558 0.9777022514365191 0.0495842671719339 8.890454998172961 0.9788478458988409 0.20465813351929135 -0.005680099202550786 231.93939291518848
-0.013594174438983638 0.04585632714578948 -0.9988770414726265 -307.02128035183495 -0.20249371440519576 0.9781396660762731 0.0476640104644267 8.917956907492858 0.9792210200360139 0.20290568035269047 -0.0040052541607715104 231.94523717626603
-0.01080332622931665 0.04394044004606241 -0.9989974323566109 -307.8558706772993 -0.20023534114988165 0.9787211526706342 0.04521775718643145 8.942479399633276 0.9797205489054563 0.20051412813800595 -0.0017688672629134735 231.95356094709373
-0.007645247807727441 0.04277731500251491 -0.9990772780827217 -308.6804734851851 -0.20044566631856964 0.9787585348556727 0.043444849708577905 8.964931829082518 0.9797077455505318 0.20058360235258135 0.0010979923681607045 231.96202965361638
-0.005977659411902108 0.04221893228315254 -0.9991123373852596 -309.5255578126203 -0.2004194068527552 0.9788027490532719 0.04256333631823479 8.988603065592871 0.9797246614893405 0.2004866558286048 0.0026168342192959414 231.97239247964723
-0.0049814661947503985 0.04129981113802991 -0.9991561620400664 -310.3711455271101 -0.19989234453480087 0.9789576299852545 0.04146501431629796 9.015184470165337 0.979837761691322 0.19992110859279622 0.003385043251828121 231.9824522515331
-0.004216985781995318 0.04101415979982348 -0.999171399355257 -311.2226035813839 -0.19934150704229983 0.9790880646569556 0.04103475551005708 9.043186469335208 0.979953591198831 0.19934053310059965 0.004053111797625262 231.99163362926407
-0.003316315326794299 0.04089595684404075 -0.9991795291212433 -312.0903644477699 -0.19810869500897071 0.9793502126581131 0.04074556917302015 9.071395552706118 0.9802067784336538 0.198072505171663 0.004860112250155824 232.00200198317248
-0.003150926761756111 0.04106505158881616 -0.9991729665137677 -313.00340578391933 -0.19821321783254758 0.979323261471395 0.04087832738358091 9.103675242944796 0.9801859689276146 0.19816964152381167 0.0050598546206561965 232.00840011996715
-0.0030011676004141905 0.04112524933343475 -0.9991708415475825 -313.87965986249054 -0.1975974147889967 0.9794461582468337 0.040910933469829006 9.134011125806229 0.9803107334076437 0.19754802810914665 0.005192673104690821 232.0154857678516
-0.0031932595464845338 0.04111755539195036 -0.9991707153780804 -314.7697444064368 -0.19688120606662846 0.9795895066216089 0.040944754110006205 9.165607132316627 0.9804546307861239 0.1968401171971681 0.004973217718399811 232.02024372287337
-0.004435137537060364 0.04197645790332774 -0.9991302378206914 -315.63876913054895 -0.1962871264248289 0.979662856121004 0.04203363007024776 9.200284811500456 0.9805694007214523 0.19629384036517544 0.0039005038526736236 232.0223018343123
-0.005474927094599308 0.042397753357086176 -0.9991071877611535 -316.5168179788568 -0.19630104917328003 0.979633093817379 0.042651205606538234 9.23591360584977 0.9805612477805036 0.19635045397926404 0.0029652754174632695 232.02204642133538
-0.00659618428970592 0.042574987566715884 -0.9990929208922695 -317.4031653279863 -0.1965162806068294 0.9795728832160187 0.04304460336874106 9.272091736410081 0.9805112979461827 0.19661318782680479 0.0019111636907783302 232.02030564086027
-0.007508765933994808 0.04201565918638055 -0.9991101061670017 -318.26643278236105 -0.19677616634865572 0.9795366887299625 0.04267577746430334 9.304648955077775 0.9804525906808292 0.19691282744989708 0.0009185415686031289 232.01808675522838
-0.008196246127473886 0.04019974237216597 -0.9991793232441811 -319.13502133682204 -0.19864434164398814 0.9792298782695946 0.041030821951192765 9.336879106102106 0.9800704442807104 0.19880898931263036 -3.453605213095748e-05 232.00996451756214
-0.009172986290352226 0.03822618118442131 -0.9992483193022844 -320.0019431000137 -0.1989892356105034 0.9792313072115019 0.039291041659180855 9.36510734950037 0.9799921336991539 0.1991914638136673 -0.0013698371771670656 232.0057189533564
-0.010186311291180417 0.03608983260033261 -0.9993182252219972 -320.84838560861687 -0.19931929531408735 0.9792383603824066 0.03740009539815781 9.391126231738967 0.979915148546701 0.19955574635485213 -0.0027752234942864185 232.00008888248107
-0.010691310214763003 0.03400319020129717 -0.9993867627075151 -321.70430268675875 -0.19997648332932047 0.9791770330134659 0.035458033874092555 9.415377030459384 0.9797763489284113 0.2002242436289754 -0.0036621630001642826 231.99329763416065
-0.01080781883798421 0.030476124576649992 -0.9994995297728337 -322.55674448012127 -0.20220085208051464 0.9788380997601801 0.032035638498317774 9.436395624154581 0.9793185217264395 0.20243704857622213 -0.00440973496565551 231.9851386934372
-0.010788285413219375 0.029963723685536528 -0.999515005621975 -323.4071328538112 -0.2025129677201476 0.9787896114774094 0.03153126239754893 9.45877878401051 0.9792541728571665 0.20274629597500243 -0.004484645324780656 231.97996209483193
-0.010764292639811643 0.032146026086487936 -0.9994476284821009 -324.29653109582705 -0.20246550304461983 0.9787290711601708 0.03366344737379534 9.489490054220965 0.9792646180888271 0.20270688587461494 -0.004020271931046621 231.97729250348024
-0.01076015261573115 0.03581669169680876 -0.9993226161934039 -325.20577475599515 -0.2030694447797773 0.9784730968190027 0.03725867929318629 9.525667549956623 0.9791393107362237 0.20332386155252974 -0.003248491340169803 231.9730066032489
-0.010692828417481629 0.0362734801639078 -0.9993069842410999 -326.1260103422806 -0.2033338107525422 0.9784018502310989 0.037692745280082304 9.558116011271666 0.9790855872477006 0.20358683839967134 -0.0030794283123455734 231.97025133611527
-0.01086918916455905 0.0330084995055448 -0.9994186972183009 -327.0146771699736 -0.20410003814284441 0.9783591501590067 0.0345348170860739 9.579843661776563 0.9789245349888079 0.20434747491011798 -0.0038898667404379935 231.96681186728165
-0.010805716620967165 0.029896490119598326 -0.9995169836636701 -327.8980646706029 -0.20395816466016745 0.9784918177734724 0.03147481527943952 9.598419981522156 0.978954636292616 0.2041905341183902 -0.0044687246283575096 231.96514366673767
-0.01077374801727717 0.0271553839058057 -0.9995955887890868 -328.78847624871673 -0.20516038978792533 0.9783229148567504 0.02879089843609485 9.615995147994173 0.9787037236596069 0.2053782399516997 -0.004961997757390018 231.95998384652418
-0.010522988666100106 0.026849202667620933 -0.9996063544638703 -329.70044343548585 -0.20549580468015666 0.9782622055316037 0.02844195630045708 9.636879921017133 0.9786359279673845 0.20570501417963655 -0.004769987739117895 231.95543405939063
-0.010511002309643525 0.026991427251999857 -0.9996026579327012 -330.64769847359554 -0.20619643362247334 0.9781107352987448 0.028582218958806103 9.661787166280847 0.9784888161904101 0.20640562555412026 -0.004708456891938792 231.94848065943967
-0.010452492365697143 0.027134701985519094 -0.9995994098660952 -331.59831153583764 -0.2065437388943945 0.9780336697566279 0.028711849819361087 9.686128995779956 0.9784165008845142 0.20675150405118037 -0.004611322253752276 231.94335542233839
-0.010192514691071105 0.02668051444769278 -0.9996139653096957 -332.5539968512849 -0.20702639372494655 0.9779455779359643 0.028216422204787022 9.705890865594947 0.9783167794491079 0.2072249520669111 -0.004437427547198588 231.940422518233
-0.009564045447392807 0.024653783663475766 -0.9996718409934111 -333.5238783864501 -0.20763865231379766 0.9778740809472455 0.026106131117774337 9.72037578352543 0.9781930295971264 0.2078109800181626 -0.004226433837465458 231.94000404389337
-0.009088102891890475 0.023628844463632934 -0.9997009575892133 -334.4947707861519 -0.20856853077840729 0.9777048006779396 0.02500841135960608 9.735369837776911 0.9779996275529579 0.2087242799980404 -0.00395038174961019 231.93816013351775
-0.008937399258195165 0.022641379758287155 -0.9997249478141141 -335.4763588084804 -0.20870267984921306 0.9777009967557212 0.024011908248420692 9.749611004431912 0.9779725403864695 0.20885076471654662 -0.004005838070027485 231.93694286796728
-0.008915099413670604 0.02067158286765669 -0.9997679867520456 -336.4459963571248 -0.20790711657489563 0.9779161120938864 0.02207714956857358 9.761435313331653 0.9781422755531745 0.20804648407161047 -0.004413414830095688 231.93670407832087
-0.00884151017662885 0.0184723014580166 -0.9998117442535479 -337.413658742002 -0.20742817184017895 0.9780644490399496 0.01990810256210398 9.770271925249693 0.9782445027963437 0.20755577023016222 -0.004808789382355096 231.93648666861185
-0.008511203190306986 0.017771990430448255 -0.9998277366556964 -338.4087446766148 -0.20766923235094292 0.9780288092893689 0.019155026498877264 9.779981579259308 0.9781968590326482 0.207786630605365 -0.004626013234300502 231.93559874519502
-0.008175584485043602 0.01765466872120372 -0.9998323754019044 -339.4189295764855 -0.20735684057409082 0.9780982488303314 0.018969272124199753 9.793607398069758 0.9782656091116211 0.2074678175089119 -0.004328535749677812 231.9364045441743
-0.007439595585655024 0.017635001576827868 -0.9998383596399912 -340.41695810077766 -0.20555821187419424 0.9784811486044647 0.018790667646095393 9.806773198438393 0.9786506819655587 0.2056557173996276 -0.0036473464349980173 231.93932358743237
-0.00698862700519324 0.017229344076649687 -0.9998485713571902 -341.41243007374254 -0.20550649248148642 0.9785012012403153 0.01830076142426201 9.816246214264643 0.9786646050223355 0.20559423373568153 -0.0032905837806984123 231.94117789279596
-0.006419792535191585 0.016816755700534026 -0.9998590542124604 -342.40251558368413 -0.20579160630553225 0.9784504282657553 0.017781272405821943 9.82481419226809 0.9786080626704391 0.20586814505636125 -0.0028139604686481605 231.9428598840374
-0.0058899445065969825 0.016509732146673645 -0.999867258017794 -343.38406888729173 -0.20521361284717501 0.97857906542326 0.01737034745476108 9.833081065936137 0.9787325940550616 0.20528010925346388 -0.002369096157220562 231.9464487770092
-0.005456565182175304 0.016801006197977197 -0.9998648193539035 -344.3722600974637 -0.20517922094711333 0.9785825646877006 0.017566550578912578 9.844637261072515 0.9787424105464628 0.20523883472970164 -0.001885873180592642 231.9484604261105
-0.004937968479368653 0.017409406312846907 -0.9998569601779628 -345.350207371772 -0.20576378031202897 0.9784510385372086 0.018056123235166706 9.857529071718144 0.9786223891233728 0.20581497303291793 -0.0012426517437030948 231.94919687086934
-0.00406156177539668 0.01733649297015694 -0.999862200842637 -346.3212699063472 -0.205743519803113 0.9784598980551413 0.01780433981759371 9.867259191887657 0.9786311878108582 0.20577873421371223 -0.0004005055105554226 231.95383010825213
-0.0032130542852988548 0.017263971385259903 -0.9998669112960868 -347.312864672375 -0.20583414440262476 0.9784457388236368 0.017558454764469867 9.876806375226089 0.978615773500694 0.20585390916107857 0.00041660347749596484 231.95860842412796
-0.0025636661618474448 0.016135133193184326 -0.9998877848648425 -348.3000309847323 -0.20660279366508055 0.9783051628283992 0.016319179562621453 9.882211876050215 0.9784557435401874 0.2066121373346645 0.0008322956112828046 231.96363190406763
-0.002292491664501976 0.013820218371626928 -0.9999231533449479 -349.2708748693112 -0.20810515088240814 0.9780226446415685 0.013997098113685153 9.885441441520147 0.9781381317595034 0.208111918869917 0.0006408945613411518 231.9666670111623
-0.0024602326148198896 0.010674857822481607 -0.9999611165695479 -350.21788330558553 -0.2082881831111935 0.9780223569500236 0.01095534424819389 9.885289824627222 0.9780989204913502 0.20829785649430352 -0.00017591189804632324 231.97008033554445
-0.0025625815983696116 0.011725591965023357 -0.9999492898980475 -351.2136273501839 -0.20856666785805436 0.9779506356327154 0.012004431564984978 9.8935017144871 0.9780396038028465 0.2085775954901196 -5.373521317347189e-05 231.97117183842144
-0.0023969366698470135 0.013348318471509609 -0.9999293167125393 -352.21419671133714 -0.20884606694436061 0.9778709115745179 0.013556783047677368 9.902769857050398 0.9779805770977719 0.2088544261215474 0.0004506422047117257 231.97420148121213
-0.002134419689326333 0.013441218449691306 -0.9999285868552243 -353.1705979449915 -0.20915918015235596 0.9778032837704881 0.013592648733734872 9.909997444197572 0.9779143543196964 0.20916398220186574 0.0007310274303878165 231.97714797577777
-0.0017090373562689888 0.01177366151200875 -0.9999503499928066 -354.1090085434619 -0.20801466458411558 0.9780694010119694 0.01187453997916359 9.909905250998998 0.978158730614701 0.20801572670121984 0.0007841268243320221 231.9844808575559
-0.0014617156092085954 0.011830077179185551 -0.9999503495739502 -355.0897633515033 -0.20788354343874935 0.9780978597680864 0.011878127681697838 9.917252631264121 0.9781874109731603 0.20788101490997068 0.0010365401206589083 231.989006343934
-0.0012495404694517346 0.012693415180066735 -0.9999402679764319 -356.0749852354009 -0.20807885335625928 0.9780464656608376 0.012678183451415193 9.927311462926557 0.9781463416581819 0.20807253331524211 0.0014261863985609428 231.99231580139173
-0.0009174490498403407 0.012411576631466074 -0.9999445070573056 -357.0179147502014 -0.20823971831460997 0.9780172519773384 0.012332541198722112 9.93161635820056 0.978112909108281 0.20822934207100222 0.0016945603810562802 231.99646438807602
-0.000754787148609601 0.01075715553994259 -0.9999638775672134 -357.9340077711378 -0.20816342719323352 0.9780526258529161 0.010680869801130166 9.930746329761165 0.9781291808884666 0.20815382196469298 0.0015080595387730504 232.0012944124293
-0.0005208952761205833 0.01057324069458936 -0.9999659152669075 -358.8459106970454 -0.20860384608369745 0.9779612834963416 0.010451454619765186 9.93385921600927 0.9780355095981582 0.20859194398260097 0.0017032753037504842 232.0038721095844
-0.00043291403292217677 0.011347691588462945 -0.9999577169451253 -359.79253734931933 -0.20910305600794518 0.9778471248285261 0.011189138218209868 9.941052653153173 0.9779293246931077 0.20908846332440975 0.001956853901212789 232.00630163872074
-0.00033006143398906114 0.012635893814358864 -0.9999422522438186 -360.745442023452 -0.20957470914333312 0.9777314319888922 0.012425993049525762 9.949556442267774 0.9778285205057815 0.2095558817890015 0.0023327036175843315 232.00928634220205
-8.908583654838073e-07 0.012401828094058515 -0.9999453171114133 -361.70798765077456 -0.20996443273732307 0.9776515799401019 0.012127380484543435 9.954509133116215 0.9777448581814298 0.2099422784370405 0.0026102637012201174 232.01356599136227
0.00032913731889096487 0.011560263743525596 -0.9999552776399613 -362.6196545384234 -0.21029379614306493 0.9775912831530243 0.011234507682578481 9.95609210011803 0.9776740062788453 0.21026995004660734 0.0027600257014334714 232.01822388542402
0.0005179805269219192 0.008095874608806234 -0.9999883519657521 -363.52984449525763 -0.21022319015874857 0.9776393633311975 0.00780816601359019 9.9534069659034 0.9776886405550048 0.2102063212692237 0.0022149549794948497 232.02295689911318
0.0006855819506483423 0.0050431127726415295 -1.0000082081990747 -364.39273280983485 -0.20929633844448112 0.9778576352491017 0.004790146597823492 9.947831116911452 0.9778871094532509 0.20928441550383356 0.0017324502761261 232.0278186330574
0.0006443188783879637 0.003981315208805075 -1.0000129360617207 -365.2543718715771 -0.20939750485365408 0.9778403428185766 0.0037603357433871943 9.94384960673018 0.9778653643743758 0.20938768232481988 0.0014700471204426645 232.02997970361372
0.00023428426851291207 0.005104374212557774 -1.0000081325390824 -366.15850354216127 -0.20969836490729438 0.9777707880574138 0.004943853394356839 9.94715958462208 0.9778014559868086 0.209688565874284 0.0013058386945140798 232.02941737140472
-0.00025069225122036315 0.00789723589573696 -0.9999899959780357 -367.0473145448926 -0.2101695892500905 0.9776511325428162 0.007775505329316391 9.954713563852803 0.9777000909862396 0.21015915082275727 0.0014209556018348704 232.02847347083735
-0.0007308488059156188 0.009445786991497807 -0.9999763933150628 -367.9430891717141 -0.21061244294975487 0.9775415342396555 0.009389746877786504 9.962347599114809 0.9776047133349567 0.2106039720460536 0.0012812180015827472 232.0271347898654
-0.0010379243519143804 0.00947779306911808 -0.9999762267991419 -368.8570496016841 -0.21089644216676556 0.9774800351717718 0.009485007593614368 9.968059549668457 0.9775437899164222 0.21089025236129466 0.0009908937838894844 232.0254302447277
-0.0013281245063667603 0.009407350592902375 -0.9999765966094226 -369.75553543875753 -0.21076069350561008 0.9775095760200133 0.009477115258724139 9.974207640392482 0.9775727698715628 0.2107570636264673 0.0006912210368035885 232.0262852704405
-0.0017847928650473602 0.009102107153872236 -0.9999785634724856 -370.6439159194561 -0.21031533170619832 0.9776071965858251 0.009275299394822622 9.979316388515327 0.9776674986533666 0.21031622836292746 0.00017626974032098567 232.02596578206285
-0.002960753736668026 0.007873528026316417 -0.9999860924486382 -371.50735352655164 -0.21074470529938263 0.9775232900136765 0.008322029711503821 9.981360488027468 0.977572140499866 0.21075546226643443 -0.0012282478546486936 232.02163032156284
-0.005112660299170245 0.004535987720929124 -0.9999979109042639 -372.35652086658666 -0.21000203073903675 0.9777026833906501 0.005510174257520857 9.980521401717352 0.9777227525410167 0.2100190088792858 -0.004039663779349522 232.0160214625197
-0.007133863445218596 -0.0002728049653593972 -0.9999959434085981 -373.19670358014 -0.21104314898830326 0.9774932882452391 0.0012404622314485005 9.974603101077058 0.9774860798092571 0.21104039182672446 -0.007024291202475269 232.0045178138531
-0.008586782356721773 -0.001051283559490531 -0.999984348847734 -374.02892753842724 -0.21207136184813627 0.9772714118612504 0.0007949854027120309 9.972213055572748 0.977252272471134 0.21206396131976604 -0.008607789745913216 231.9914369127909
-0.01093428676618231 0.0004170474646613049 -0.999961339880789 -374.90710368161905 -0.2133547056659924 0.9769880539230532 0.002742222752903248 9.97638480336365 0.9769490200298099 0.21336606604366967 -0.010587335913236752 231.97556505136674
-0.012760817941870341 0.002398023216683062 -0.9999367944722953 -375.81394403628144 -0.21375016265848437 0.9768921353103167 0.00507238020138425 9.981544013967458 0.976840394208114 0.2137910296983829 -0.011947027680661287 231.96122346540307
-0.013545053152415545 0.0025329058657779383 -0.999925984832033 -376.7084081611016 -0.2128380508225343 0.9770893604738013 0.005360153124308348 9.983329653907408 0.9770285791714028 0.21288498041441317 -0.012689346344507156 231.94916181085503
-0.014597648889413476 -0.0006440845826947809 -0.9999140764024032 -377.57755422056135 -0.21230565110843008 0.9772166495214516 0.002471915202908493 9.97730801184158 0.9771292384970741 0.2123136879015595 -0.014395553096642416 231.93679131721808
-0.015483969699691881 -0.002752634903388706 -0.9998974136917073 -378.44528326265635 -0.21182127351381458 0.9773248373771355 0.0005915582965875918 9.970084344402478 0.9772210006668116 0.21179870191364467 -0.01570939794833243 231.92312894851054
-0.016028354647785712 -0.002945398967165732 -0.9998884547092036 -379.34579226392566 -0.2113730111067716 0.977422562486466 0.0005105280214486135 9.965617005816545 0.9773096641683255 0.21134751111682026 -0.01628245260034912 231.9081109837771
-0.01635950194043636 -0.0020555512233724786 -0.9998853498783437 -380.2615617150326 -0.21126704398358961 0.9774445428645129 0.0014487674322821473 9.964704691588945 0.9773271535530843 0.2112562740000258 -0.016418111935760267 231.89237528257647
-0.016596124812323962 -0.0019073264532523905 -0.9998816041686417 -381.2049119676347 -0.21203340271878102 0.977278096263723 0.0016570035091276094 9.963394069942641 0.9771571061421915 0.21202585089433426 -0.01661691064387764 231.87358544997565
-0.01677025607478356 -0.002005533463159397 -0.999878225653786 -382.14238628950903 -0.21225347437279604 0.9772299906021217 0.0016019998444737399 9.959539091138765 0.9771063966129581 0.21224473008132697 -0.016807677514051288 231.8570210012897
-0.01708882808149298 -0.0018904345982054302 -0.9998732337183581 -383.09041223664207 -0.2125592191896948 0.9771633684608854 0.0017874949221593464 9.957125166095553 0.9770343320849048 0.21255312136867666 -0.017093981609281272 231.83893169435945
-0.017320650645161563 -0.0025091186238296154 -0.9998675466713253 -384.0126593840138 -0.21349605285223255 0.9769594916625232 0.0012497124048637552 9.953563363570238 0.9768256122398495 0.21348013251715595 -0.017451288638702406 231.82143311462605
-0.017584030833336598 -0.003927103248692513 -0.9998585066287752 -384.91281942906147 -0.21443476088935456 0.9767547361101495 -6.214655662259861e-05 9.94669779349134 0.9766152297929003 0.2143941017870553 -0.018011536465090627 231.8047523283726
-0.017902747205119775 -0.004705353841313566 -0.9998495423410222 -385.81481937634726 -0.21495406980875426 0.9766402963786739 -0.0007442201593771998 9.939501186591391 0.9764953466895778 0.2148990103400877 -0.018489999347272162 231.78737646949438
-0.01811454010627055 -0.0044264074876042845 -0.9998467078161881 -386.74949510952763 -0.2154673299036298 0.976527066793938 -0.00041615674378697254 9.937180386648896 0.9763778717240781 0.21541748018853382 -0.01863715268475599 231.7679832431157
-0.01853738512863764 -0.003114068889350157 -0.9998436886152225 -387.67294297754864 -0.21641669292170726 0.9763163250018458 0.0009753549072377677 9.937107377411852 0.9761595468830283 0.2163922754341323 -0.01876645565990776 231.74733125996636
-0.01892729165673649 -0.001762452781394416 -0.999839655785051 -388.605421745429 -0.21635682030628645 0.9763271049285738 0.0023784623105851336 9.937185289860818 0.976165051748624 0.21635865159444145 -0.01885466110401365 231.7291526236856
-0.019294638176958857 0.0009515403432358955 -0.9998338907835971 -389.5378465011999 -0.2149451808237729 0.9766289261875766 0.0050815738485639386 9.940486114450453 0.9764701954289289 0.21499860567355186 -0.01863348030348456 231.71156422587714
-0.019403295400691415 0.002419350360645272 -0.9998295231089555 -390.4760147289089 -0.21354466342064657 0.9769274858398017 0.006512188992255014 9.943788181822255 0.9767752380407559 0.21362589150824526 -0.0184332912728011 231.69490215706335
-0.01971790500588669 0.0017088371457933567 -0.9998247724826517 -391.39286203851873 -0.21394475674942376 0.9768439137062156 0.005892976324873312 9.941802583421534 0.9766813985166357 0.21401474160691178 -0.018890055332977797 231.676512679877
-0.020130187624532832 -0.0021215059952083178 -0.999815889594728 -392.29026763457597 -0.2142886783714753 0.9767837077237613 0.0022458551076810526 9.933081633300947 0.9765977398695342 0.21428568578662083 -0.020111860407053886 231.65984819018453
-0.020274095872941152 -0.0034760279187250527 -0.9998089493100951 -393.19262685295456 -0.21560002363547653 0.9764970048460622 0.0009810791394562453 9.925374190920202 0.9763059353650949 0.2155700123833418 -0.020541435091897268 231.641424726101
-0.01961001690069633 -0.003179956112197969 -0.9998230869456264 -394.1135954234965 -0.21603354869506888 0.9764010243977036 0.0011359453269712638 9.920983168701948 0.9762234981857102 0.21600900175765478 -0.019828716066503146 231.62647298724258
-0.017736401977771085 -0.0023892043746873573 -0.9998602087353544 -395.04260496127847 -0.2166265003072802 0.9762691814565866 0.001514099025631265 9.916073726681965 0.9761278338035765 0.21661464608011874 -0.01782762471358311 231.61449012652966
-0.014438224667209718 -0.003000355351240998 -0.9999117579129367 -395.93595777443204 -0.2172716764886854 0.9761269338861408 0.0002125770897049822 9.903507030938027 0.976038950573105 0.2172470955487317 -0.014739968935749007 231.60741618159642
-0.011536632618331096 -0.005064334107951016 -0.9999412759950836 -396.81860565909045 -0.21690969394655238 0.9762044450599778 -0.002437521502118051 9.885835136438914 0.976157860035687 0.2168604934052792 -0.012355239947346145 231.60521724856022
-0.008782576702581125 -0.005515015519796318 -0.9999672464308617 -397.7059018340431 -0.217252481206293 0.9761257190092248 -0.0034716342347173392 9.8696909334117 0.9761109297530375 0.21720601675772397 -0.009765434763553566 231.60306708834085
-0.005598142825756299 -0.005689877119863578 -0.9999891947834574 -398.57332086796595 -0.21667967916647735 0.9762496535164683 -0.004337948118803291 9.857334193940254 0.9762617427952655 0.2166440697675162 -0.006692479485726562 231.60539448637144
-0.0020902850804540205 -0.005963084056063129 -1.000001021059897 -399.424913379767 -0.21658955649891803 0.9762648690202042 -0.0053650528027035065 9.84173345500347 0.9762958607668781 0.21656943663365064 -0.0033265665671798955 231.6096285524359
0.0018251519147332268 -0.00623681880981631 -0.9999996589384907 -400.2841392421502 -0.2160156628383916 0.9763846025149321 -0.006480110672298281 9.823212216556255 0.9764231167608417 0.21601886234224132 0.00044048208117782517 231.6183833941263
0.005943099701721558 -0.0060147817293198565 -0.9999849960354171 -401.1321104079117 -0.21625411729213437 0.9763265443576143 -0.007154226929825284 9.8075481160719 0.9763537326787212 0.21628520191510184 0.004507311181406761 231.62719821281289
0.01017104776488385 -0.0021835233481293116 -0.9999668775737808 -401.97791329169775 -0.21272082613425752 0.9771194371722363 -0.00429354755600283 9.79665583940037 0.9770949424606687 0.2127488202817127 0.009479168156933794 231.6473515518891
0.015432233522280774 -0.0008056967576475986 -0.9999014687959775 -402.8221452067108 -0.21269803517198776 0.9771250962226813 -0.0040667861056439426 9.784081985748221 0.9770308375003459 0.2127316158624218 0.01491314881359644 231.66739398125955
0.02365432469849541 -0.002749186651743754 -0.999737054992916 -403.6421971709435 -0.21481794581036873 0.9766387031382062 -0.00776508048118546 9.762649220060649 0.9764018441039679 0.21493683900596067 0.02251625185569302 231.6937298568301
0.033556785226197025 -0.0064787539423744375 -0.9994362804199503 -404.4228565168076 -0.21756524707046213 0.9759661517208434 -0.013628115666129469 9.737212062457699 0.9755031909976002 0.21789165830183865 0.03134595474516176 231.72748546778138
0.04550556968208719 -0.010199262080970056 -0.9989325597076721 -405.1620800340075 -0.21367228479306635 0.9767224027689313 -0.019702788221196636 9.703890690143922 0.9758795572400959 0.21433247554128593 0.04227215951422003 231.77938800987363
0.06133233001411274 -0.010769964044193567 -0.9980796277611595 -405.8588965111862 -0.212808995344497 0.9768237357205344 -0.023614500504451668 9.671098689136286 0.9752012322089233 0.21384021353600807 0.05762423252095734 231.8417475685611
0.07833261777911452 -0.01042127278881173 -0.9968930215656849 -406.5473165358543 -0.2106653053857415 0.977207032694401 -0.026765630188679796 9.637297007000875 0.974448642058556 0.21209905889996888 0.07435715072495987 231.92063070877978
0.09446708544039298 -0.010507822171540651 -0.9954927893041824 -407.20462427008187 -0.20950884453111454 0.9773559430266469 -0.030194494754218457 9.60110120445447 0.9732663626071104 0.2114087313383773 0.09013179580444813 232.00529046385043
0.11111748231315123 -0.009476805349445887 -0.9937827813220429 -407.84970405711533 -0.20625096433295215 0.9779788805978451 -0.03238467975263805 9.56654901283022 0.972203088147312 0.2085586468472117 0.10672085322629478 232.10381724813612
0.12883853457354358 -0.007696334292741358 -0.991657149508636 -408.490988328207 -0.2017430222229984 0.9788711248553292 -0.033805083182984655 9.532459780240677 0.9709619655235621 0.20440642943503262 0.12456796911514105 232.21555906600673
0.14737372792693282 -0.0070090634830182975 -0.9890775178334493 -409.11796799173135 -0.1970356607285657 0.9797400438413109 -0.036298310717653944 9.497034363362824 0.9692912302944615 0.20022394625722675 0.1430109666868672 232.3368917915927
0.16664060352241983 -0.007361703519116273 -0.9860113132284218 -409.70344383075525 -0.1933288395101166 0.9803342616000353 -0.03998954246694727 9.459455324468447 0.9669134945797017 0.1972795703158393 0.16194455755870862 232.46349036151784
0.18812718659836977 -0.009493523608786521 -0.9821198815900425 -410.27210184981016 -0.1903052720076514 0.9806653757724904 -0.04592984755242574 9.421016413231364 0.9635653067635 0.19553443270244222 0.1826875650530383 232.60271348725414
0.21144273517500012 -0.013247377371058057 -0.9773215750843087 -410.81686897439465 -0.18872265608808098 0.9805534267455553 -0.05411801604363806 9.375308209378417 0.9590309890695418 0.1958768237204909 0.2048355237676729 232.74942083858124
0.2366145035529068 -0.017025143301076916 -0.9714758233191298 -411.33875652016565 -0.18515545782968196 0.9807489540689154 -0.0622812690223743 9.323966004815214 0.9538322691531852 0.1946018344669732 0.22891157043304705 232.90896724954365
0.26523216330321864 -0.021255058382383018 -0.9639714165624587 -411.8502020657509 -0.18027472581785156 0.9810487896622001 -0.07122983256316996 9.266510662927335 0.9472147163712921 0.19266318466465687 0.2563789955841757 233.08603131053292
0.29762325640395987 -0.024336883579521885 -0.954394441225247 -412.345870906442 -0.17396888181379103 0.9815696808299252 -0.07927762527556999 9.206458898274967 0.9387316010610245 0.1896207654378229 0.2879093114866121 233.28534224711197
0.33268447974653864 -0.025447156304148573 -0.9427164188033934 -412.8461063685484 -0.1672388436779198 0.9822145934133608 -0.08552835242521133 9.147203674798261 0.9281236529088698 0.18610379049474346 0.32251660935764315 233.51203246783336
0.3682588898447333 -0.025931543527477226 -0.9293833622735617 -413.32935502596655 -0.16160153327189383 0.9826245538403641 -0.09144626496985364 9.087360821005465 0.9156041386780776 0.1838566122083897 0.35767432311211966 233.75367890509602
0.404639626289538 -0.026939781024663514 -0.9141015109437788 -413.8068074050325 -0.15812493313414386 0.982463432535236 -0.09894680959308448 9.0194362924848 0.9007347935527632 0.18457100408307459 0.3932883179509842 234.01369017202137
0.44103616259834383 -0.029772417697355405 -0.8970185206041438 -414.24963259543074 -0.15277907584413833 0.9823874747229613 -0.10771920748683496 8.945592530504937 0.8844241464631628 0.1845451552532536 0.42872347997873184 234.28604033860694
0.47734775241396854 -0.032018773881824905 -0.8781545267166478 -414.64883317826155 -0.14572648087471687 0.9826290516012818 -0.11503890440065298 8.874866733930471 0.866580768973586 0.18287551244044975 0.46439338527474366 234.5619997160105
0.5125958216340198 -0.03453728366722507 -0.8579591259000909 -415.0392104134679 -0.13660734728038007 0.9831990672480435 -0.12119266088124629 8.803550319958104 0.8477276791242149 0.17931803771243338 0.4992690375015569 234.85881871367457
0.5455103095921926 -0.03678997786722502 -0.8373204955818806 -415.4177603539836 -0.1287632510534794 0.9835112894041341 -0.12709798875654846 8.73062314971719 0.8281875719406333 0.17714073610966372 0.5317822642882174 235.1631315286533
0.5780826841978701 -0.035442938428463605 -0.815232413902445 -415.794783607848 -0.12643422877924398 0.9831149760033103 -0.13239175873796166 8.656872936255434 0.8061568745858693 0.17959795392866224 0.5638451753802202 235.48345829010117
0.6087643039391217 -0.032327887818558984 -0.7927182989093808 -416.14082348894897 -0.12793323541487864 0.982108490092616 -0.1382925304616915 8.582380333432715 0.7830025653262525 0.18559359641672052 0.5937407865839697 235.80546477853883
0.637677372061381 -0.032838714616820155 -0.769629841930025 -416.4995649447682 -0.12543894418450938 0.981344086552503 -0.14579951062618837 8.494398091653752 0.7600557345347071 0.18950528695921012 0.6216660023089131 236.15850089762716
0.6660676683584935 -0.038243169217793506 -0.7449378040933131 -416.84006561028906 -0.11482913548398997 0.9815387195638089 -0.1530564238748758 8.400892727912781 0.7370342107858725 0.18747706081043228 0.6493833076975216 236.53049536876242
0.6934473199698599 -0.04398367101149294 -0.7191921033110122 -417.2071325136997 -0.102313978320898 0.9820261044862493 -0.15870423506514142 8.299374929729122 0.713241049049085 0.18362705344838393 0.6764866503312311 236.96268550790634
0.7219782949892944 -0.04623175534689836 -0.6903991887715992 -417.5321125149239 -0.09291336750810768 0.9822679032571503 -0.1629344570024119 8.20663805444811 0.6856845543037511 0.18177313668616404 0.7048837519665306 237.37705740044754
0.7505666307405191 -0.04190373594407492 -0.6594962993551557 -417.8543854439959 -0.09294393743802315 0.981389133532324 -0.16812998529173373 8.10664191561787 0.6542623994031634 0.18747946300822224 0.7327059994055296 237.81710053145991
0.7792228644136675 -0.036387073925734155 -0.6257229459541312 -418.16970136376983 -0.09255306559395253 0.9807053390607786 -0.17228237879723096 8.00072225163024 0.6199134273642476 0.19214961202303243 0.7608231205459421 238.29452955567507
0.8068325623556307 -0.03506526289672992 -0.5897737515432314 -418.4753936770967 -0.08579739488855996 0.9807171072493582 -0.17567685280962594 7.886830054022894 0.5845560457959944 0.19233361876651342 0.7882690467064727 238.80953108203803
0.8328138878230373 -0.03631362500933211 -0.5523977847636985 -418.7558651474931 -0.07610632273158754 0.980876338955588 -0.17921458096752965 7.770474961839645 0.5483368601356898 0.1912839089597399 0.814126962017825 239.33634252927348
0.8571073983834522 -0.0373245531939382 -0.513824573857444 -419.01676051347147 -0.06712768687457776 0.9807939620506305 -0.18321491720160124 7.649109422644368 0.5107887005953952 0.1915175521245881 0.8381421991910833 239.87978346400456
0.8802216722170624 -0.03828485822843632 -0.47306007570717024 -419.2507608215761 -0.05814149333339742 0.980551405159864 -0.18753358221774005 7.524056107374655 0.47103365647077183 0.1925663650971648 0.860878622335447 240.43642165673583
0.9006609484430745 -0.039142420879141826 -0.432804154370906 -419.4692561206385 -0.04867602547747778 0.9805974299705191 -0.1899714215211699 7.39667680922454 0.43183676559925427 0.19215781931891326 0.8812825270770421 241.01699729986024
0.9180938294864361 -0.040620491383805316 -0.39432882064074803 -419.67676400484777 -0.03882186501115703 0.9807575417176354 -0.19140869122130075 7.264947042857682 0.39451019630023876 0.1910304120048162 0.898852103429658 241.6281233053737
0.9325991565239627 -0.04127173518245836 -0.358604218152092 -419.8720971020985 -0.030741345901524605 0.9807685026545918 -0.19281559947730156 7.1278393655309396 0.35965952355134606 0.19083442747213708 0.9133964979222143 242.26093998076092
0.9448811436414717 -0.04117697362699868 -0.32487870482222303 -420.05989506341473 -0.02378089799127424 0.9808328661305271 -0.19347340008131725 6.983949568039833 0.32661196725356856 0.19052600815149026 0.9257917518200778 242.9295192965139
0.9549852308344349 -0.04176922033856447 -0.29377009836355145 -420.22864909105084 -0.01648899864258107 0.9810592674652683 -0.19308470025715105 6.841004933868322 0.2962643393006574 0.18922782090107587 0.9362082707452851 243.60489725546637
0.9635581928849205 -0.04179458562032341 -0.26429246179079535 -420.3876749658682 -0.010129484642415504 0.9813372464681055 -0.1921074586047662 6.694697125182147 0.2673825940361355 0.18777474131765515 0.9451521594167719 244.30770436517025
0.9708486573019893 -0.04191759831384742 -0.23608808918167773 -420.5290281633573 -0.004047423511181193 0.9816126759191477 -0.19092062424204267 6.5489766504977425 0.23974330603769786 0.18630127761883764 0.952827589448892 245.01655469475662
0.9767121939847971 -0.042373885631147815 -0.21042657787543717 -420.6560214307612 0.0018364803556455123 0.9819517021977746 -0.18920194229911746 6.4022896820327135 0.21463972063368503 0.18440081013316117 0.9591618283450654 245.74119226317214
0.9811526730437152 -0.042106769078168724 -0.1887016758702625 -420.77483497153315 0.0058426809356756215 0.9820257749308864 -0.18873741211110243 6.250638401004348 0.1932505124872995 0.18406903676572348 0.9637625095596631 246.50786044987086
0.9844351831209698 -0.04338095566129838 -0.1704333634014218 -420.8802712646115 0.010553769841773768 0.9819427557143927 -0.18896412168040463 6.0923272569961 0.17554671732652521 0.1842156436680464 0.9671159293139049 247.2783696275162
0.9869980668148424 -0.043441890697638326 -0.15488446225492086 -420.9833963067386 0.013464245588859324 0.9817930683336946 -0.18955597140216443 5.924415879146448 0.16029267220177407 0.18499724216608235 0.9696119236893167 248.0734647496087
0.9889775921866163 -0.04567131979391672 -0.14099054368815575 -421.0800964913494 0.01814049368522693 0.981500847580053 -0.190675555785144 5.750370390083259 0.14708446008147752 0.1860075179849166 0.9715101914298253 248.89070598905084
0.9903730886026395 -0.04788018120920602 -0.13003741017287143 -421.1732632788726 0.022389699121339673 0.9813877895495428 -0.19080770800980348 5.573271429564043 0.13674649880158718 0.18605088800334615 0.9730111071937856 249.73386893453986
0.9913247081392668 -0.04944651963661752 -0.12194869750654909 -421.2665838030508 0.025512604984058825 0.9813712740690623 -0.19050069212518178 5.3920375644202165 0.12908997189187452 0.1857285383913474 0.9741180015159294 250.60665010857747
0.9919848309718471 -0.05103629330619732 -0.11576786944745357 -421.36143656984143 0.028268666457897183 0.9813223901432404 -0.19036376797586105 5.204468302111653 0.12331440909300163 0.18555721093045272 0.9748985874563493 251.5100356259477
0.9922100416780018 -0.053630186811225035 -0.11262390309182745 -421.4547206671261 0.031160008047696978 0.9808166035581095 -0.19250692981354617 5.010150213048952 0.12078091629054188 0.18748978190062712 0.9748459785898803 252.42926599003118
0.9921660391839934 -0.05663402357652804 -0.11153434888458334 -421.5492961281906 0.03398275970110861 0.9801556744961165 -0.19537233122133593 4.813394063298661 0.12037902659608017 0.19004363567487279 0.9744009965194997 253.35349896631575
0.992215989942722 -0.05732983983735585 -0.11073235550023872 -421.64715228217904 0.03443268706037644 0.9794990876751787 -0.19856006087435646 4.609924720287947 0.11983883197826738 0.19319379829859024 0.9738480717723618 254.29442868702122
0.9923142481452456 -0.05722609299364159 -0.10990211613198331 -421.74540051762415 0.03428254960148919 0.9791537294953346 -0.20028127998238035 4.405979229381098 0.11906547600542665 0.19496661039363972 0.973589570611477 255.23355752006157
0.9923733893555085 -0.05756683090063787 -0.1091919289225212 -421.84352695066383 0.03456103513504483 0.9788100997934687 -0.20190742842784973 4.199096724806892 0.11849440788262636 0.19658564421633629 0.9733339898141848 256.1799286628194
0.9924032882500595 -0.057785691191946 -0.10880377678024819 -421.94542961885116 0.03487780424618592 0.978839375173971 -0.20171242343634838 3.995647414082616 0.11815061075537006 0.1963770094318015 0.9734178621604437 257.13508600008424
0.9924286238908299 -0.05763804016978634 -0.10865329154066977 -422.05080552136894 0.03484692828370951 0.9789850289492191 -0.2010110128932649 3.789954665539961 0.11794894433557035 0.19569444495484065 0.9735797228934815 258.1102985548826
0.9923882914480902 -0.0590799101486815 -0.10824556053097174 -422.1558475077634 0.03677820560611647 0.9796342345955541 -0.1974713538683876 3.5877911502159585 0.11770098285753444 0.19197853315786648 0.9743490636404553 259.09650926832217
0.9923144627153306 -0.06055875985073403 -0.10810673751279608 -422.26085165940276 0.03846350616485265 0.9798990100492524 -0.1958301368523317 3.3859768972470428 0.11778615620614695 0.19015808874968665 0.9746958256078414 260.0834043991985
0.9922716124828058 -0.06106434573567758 -0.10821639401586992 -422.3657493944543 0.039238124604659995 0.9803552860131766 -0.19337773424993546 3.1922485767212656 0.11789214611599969 0.18762801467478857 0.9751733259177151 261.0566522121564
0.9922099030812576 -0.062203201215611105 -0.10812950284339017 -422.4744858639581 0.04037028357641963 0.9802928039482228 -0.19345964474291705 2.9829517755156028 0.11802557318105043 0.18757846845860723 0.9751664807914319 262.08612149063356
0.9921564206276958 -0.06300189893265541 -0.10816051316958855 -422.5773630437786 0.04092908970363323 0.9799028637879422 -0.19531049778075105 2.77435515254885 0.11828503012870205 0.18934256381553366 0.9747942100718342 263.0781469973929
0.9922203805704467 -0.06218435314512846 -0.10804936079077014 -422.6817176469427 0.03981057226160814 0.9793984296228906 -0.1980530592243332 2.560250170611763 0.11813259555032087 0.19220153434791984 0.9742531308996955 264.07601367621623
0.9922617811970382 -0.06168293498246051 -0.10795677531727306 -422.78931094739113 0.03931059545343087 0.9793804675809785 -0.19824241359984615 2.3472280632519276 0.11795236905389156 0.19245527630599457 0.9742250281407256 265.0845957821813
0.9923386736270575 -0.06037515974974001 -0.10799141607784543 -422.8992112396013 0.03803790758182703 0.9794729027620559 -0.19803552571403987 2.1382550939510985 0.11772467626229573 0.19240090427094247 0.9742635331461919 266.08610548469113
0.9923722494926766 -0.060397485848949446 -0.10766709782609246 -423.0022974675278 0.038085950750575456 0.9794076232637281 -0.19834729049808472 1.9280598735554406 0.11742309942087431 0.19272436136518467 0.9742358043259559 267.0785602590483
0.9923911358958707 -0.06037241814974073 -0.10750542349402349 -423.10521803473705 0.03805348682293867 0.9793425480484312 -0.19867427847360034 1.717683418107445 0.11727249772237049 0.19306230161087612 0.9741869769686259 268.06767705203
0.9924014645453167 -0.06023767112238934 -0.10749224672270125 -423.2104147872444 0.037969008078031816 0.9794244299026368 -0.19828882704078207 1.509237098963309 0.11721861013246977 0.1926909304037976 0.9742670389794136 269.0639301969747
0.992426912281514 -0.059223957818200425 -0.10782675804041138 -423.3203334823073 0.03709683915082782 0.9797837185869306 -0.1966765999688133 1.300975201838228 0.11728875737094313 0.1911772684753618 0.9745568531404954 270.0732797420047
0.9924142322793248 -0.058626517205740414 -0.10826871686800191 -423.4293992915538 0.036718834399868845 0.9802898080227095 -0.1942107306593245 1.0946815897773012 0.11751460065122216 0.18875212332307867 0.9750022880815016 271.088133797637
0.9923985749493572 -0.058515006705482674 -0.10847121779558021 -423.5367427764104 0.036753875215067844 0.9805891326820578 -0.19268710400420122 0.8922815025874762 0.11763485960257777 0.18722590625791927 0.9752821286589883 272.0918091764226
0.992394704154804 -0.05780922352327002 -0.1088879788453089 -423.6461568122987 0.03602582671205849 0.980695678594367 -0.19228315804541102 0.6912600492057717 0.11789602562307153 0.18688780659440146 0.9753155841132947 273.0881931545512
0.9924198619523267 -0.05652619399178009 -0.10933091840958596 -423.75463239644984 0.03461645559091004 0.9806529555778426 -0.1927587120846223 0.49067445649547325 0.11810588586937582 0.18750276324646503 0.975171950993746 274.07044263344557
0.9923980799922262 -0.05592105521302724 -0.1098421965686965 -423.86569099515884 0.033962746473962836 0.9807439981862898 -0.1924142381176721 0.28959334883596666 0.11848154746145001 0.18721029188873659 0.9751827201340908 275.0680663813836
0.9924034678175492 -0.0551313528042652 -0.11019673184497877 -423.97776495434925 0.03326696871711281 0.9810132906350862 -0.19116124993005904 0.08865639403246459 0.11863790836583536 0.18603224215806308 0.975389278078666 276.0741968834391
0.9924016230565285 -0.05379331688166276 -0.11087200202062843 -424.09060363871305 0.0321484871496273 0.9815759438885346 -0.18844404395205966 -0.10336566304249689 0.11896099641676933 0.18343671508596046 0.9758413558160018 277.06491896782325
0.9924245607423463 -0.05217591571228491 -0.11143952703402797 -424.20304757427823 0.030675657085402777 0.9819859136223674 -0.18654245882674222 -0.2926135201751129 0.1191597262668734 0.18169969330264388 0.9761420680672499 278.04612373477914
0.9925067783451894 -0.05088779981643488 -0.11130143443593261 -424.30840487085464 0.029350890617363564 0.9819073185943463 -0.18716602810887534 -0.48310422013123566 0.11880658263697244 0.18248575722486177 0.976038181259909 279.0035610846231
0.9927014146896348 -0.049833359287295716 -0.11003304268469644 -424.4007880365103 0.027927496507748152 0.9809609930025954 -0.19227511593202742 -0.6707376386645988 0.11751427516051417 0.1877876441393466 0.9751883313135009 279.89374355557914
0.9931349825935941 -0.04855063822831418 -0.10664471346122453 -424.4877788947079 0.026506191838286203 0.9796371363744636 -0.1991050744708275 -0.8629046727373428 0.11413433663096 0.19490024916287063 0.9741938832253056 280.7551121507023
0.9934202469824125 -0.04781002366898748 -0.10430064997047646 -424.5659963260493 0.025636532684222037 0.9785798349393662 -0.20435078310675295 -1.0438858842552903 0.11183172170848071 0.20032070706026894 0.9733617407842282 281.5606605632584
0.9936143446693931 -0.04741000714561886 -0.10262001922306943 -424.6471423362544 0.025643823867169676 0.9786909405825288 -0.20381650092878956 -1.2204415940545834 0.110091482192036 0.19987192767422202 0.9736523422431353 282.3833743889954
0.9939645948298862 -0.0459714827516008 -0.09984783370555578 -424.72429647734236 0.025282260654076856 0.9796270306763794 -0.19931464405943772 -1.3879879800418204 0.10697132183742446 0.19557584433420488 0.9748718924834271 283.19725780933175
0.9945146882575314 -0.044868395855729576 -0.09474064632899955 -424.790193950639 0.025585957761655915 0.9803555415770966 -0.19566029451063902 -1.5517973032359995 0.10165338469127298 0.19215134635824987 0.9761211915799138 283.9931622572713
0.995185996477576 -0.04528392839850677 -0.08719452129150695 -424.84040875430134 0.027494533209788768 0.9803766092164453 -0.19529600665466 -1.713902075979477 0.09432216460643925 0.1919468463662967 0.9768971824620261 284.757653854202
0.9962237038109782 -0.045003837113445994 -0.07457888750626156 -424.8775379430623 0.029690000403332292 0.9803826828373162 -0.19494626822309355 -1.878751191032911 0.0818842645116284 0.1919843791476059 0.9780112863182816 285.5377561973009
0.9972766048579566 -0.045576334822781714 -0.058401288307067575 -424.8914209795517 0.033562463691441134 0.9807961788377088 -0.19221783547196777 -2.027375084820914 0.06603559165846042 0.1897228493111127 0.9796496593097437 286.2654826290956
0.9981712840849675 -0.0464791975142569 -0.03926086671454787 -424.8898709312443 0.038267392610461866 0.9813062861177289 -0.18870253359952108 -2.176655339394095 0.047293455787679656 0.18684352247503042 0.9812855079630965 287.01153464909123
0.9987755582063865 -0.04808879457577248 -0.013502523465915926 -424.86424729560747 0.04473074365299243 0.9814667969017424 -0.18643138884696586 -2.32026078023962 0.022213540482937222 0.18558806212018936 0.9824111472333239 287.73158435228294
0.9986415204245452 -0.04977613545714955 0.016866726221534657 -424.8111451606835 0.05203863587525635 0.9813066857205374 -0.18537369233299608 -2.4638668943287008 -0.007327908031030998 0.18598863034220275 0.982559017483438 288.4382640929074
0.9974222862821733 -0.050428022336753385 0.051503819694408745 -424.73035302990405 0.05917708188536425 0.9808271597576188 -0.18576911945520977 -2.6114953203058353 -0.04115187400324115 0.18832721809450148 0.981278335064797 289.15311961486657
0.994694551003508 -0.050285924489695044 0.09000186803722485 -424.614533784587 0.06642391336646336 0.9802259628152818 -0.18649098457666863 -2.754670560959416 -0.07884775480398819 0.19146908829929496 0.9783609230668079 289.87645409571076
0.989993175322389 -0.049289237189678106 0.132402407596699 -424.4668363065483 0.07358549166066689 0.9799112891019489 -0.185454800370887 -2.8917502765206127 -0.12060491993915123 0.19333118017320558 0.9737273502249456 290.5618330681385
0.9828772628846073 -0.050327327028342556 0.17738601517119434 -424.2826093937842 0.08316919367470889 0.9796203258948798 -0.18292428584789944 -3.024958169365105 -0.16456784756401577 0.1945345190479367 0.9670269282914677 291.2365736440164
0.9735012120524764 -0.050927817778769986 0.2230423752371112 -424.0645335594901 0.09246042040947637 0.9793350927947476 -0.1799655374559274 -3.1553458458872914 -0.20927072757675902 0.1958087812432139 0.9580877560696105 291.89918291451875
0.9618668216455906 -0.05373731547449182 0.2682745558791039 -423.81355186991925 0.10389363366911684 0.9788285330592619 -0.17645069709458944 -3.2823000285856936 -0.2531152901817963 0.19758367496192797 0.9470802151890243 292.54742660655376
0.9483410417233955 -0.05489634494823808 0.31254186623438257 -423.5381568053436 0.11319774668463783 0.9786603661878238 -0.1715932437870522 -3.4008614732542752 -0.29645484083868645 0.19809765839113527 0.9343124624331108 293.17799936267994
0.9328036391179869 -0.055674906883784556 0.35612497633055984 -423.231650705585 0.12180015256830534 0.9785826455794913 -0.1660594950987072 -3.5158843992776614 -0.3392543038454176 0.19826649229981888 0.919600584797959 293.8007668891101
0.9151812228914609 -0.05599613982787768 0.3991921957884088 -422.8967612654691 0.12970265833644956 0.9785590704974017 -0.16010102760472392 -3.626853272449629 -0.38167019929930557 0.19828754562500098 0.9028164089728379 294.41338828778254
0.8956313770054695 -0.05545773328691675 0.44137963895549703 -422.53471857802015 0.13685512333465402 0.9784419333592471 -0.15477529958769223 -3.734793382902469 -0.4232828962015042 0.19901644154828735 0.883907035900857 295.00643029501765
0.8738543059346027 -0.05128493127142948 0.4835237918496038 -422.14359125982566 0.1417741788305707 0.9780997300414648 -0.1524921093808019 -3.8473423195121583 -0.465115732746642 0.20179707700657618 0.8619817868150664 295.5832158834444
0.8498208230842688 -0.048916400211718704 0.5248418302451444 -421.74031926709057 0.14887753479902266 0.9774338649233405 -0.14997264935124163 -3.950455448069839 -0.5056636290351643 0.20557699511045513 0.8379199020227845 296.10698447801553
0.8236037401451001 -0.04556569525439576 0.5653743984247861 -421.3151645998746 0.1539627153532434 0.9773182686783065 -0.14552703765150354 -4.047599298937916 -0.5459209829367674 0.2068927545625526 0.8119318170798374 296.6121192197488
0.7952626648420004 -0.04630796879863042 0.6045331282021039 -420.8613866256128 0.1623354175732795 0.9769521123742215 -0.13872498008330666 -4.135627850476802 -0.5841769626013706 0.20844971593111156 0.7844447365848176 297.0977792068091
0.7657397729548201 -0.048264757697242575 0.6413737973696607 -420.370009202378 0.17017116307739516 0.976863263079087 -0.12966511402208775 -4.215311287412957 -0.6202770866068354 0.2084229065200697 0.7562299825339822 297.5829663184904
0.7351881623337386 -0.049850327674966416 0.6760631369092849 -419.8396297620513 0.17700446037646528 0.9768280623365945 -0.12046405765349856 -4.292677775097804 -0.6543920440725078 0.208219338758353 0.7269691597713559 298.06738050034255
0.7027614388122454 -0.04936439335182005 0.7097446574806008 -419.2914036545705 0.18193888610033399 0.9769048809362559 -0.11220949418439796 -4.36735055137056 -0.6878130672334929 0.20797585497920626 0.6955052889541623 298.5252229844219
0.6696267284654245 -0.050396318040781166 0.7410184692007911 -418.68577545548675 0.18829569502640586 0.9766357409539788 -0.10374092359266188 -4.439347992748535 -0.7184761141388993 0.20898769518498408 0.6634639893720118 298.98843765249916
0.6371242902883507 -0.04911776892115572 0.7692257991667378 -418.102583933036 0.19200142718934834 0.9766393480701818 -0.09667290115937759 -4.505214068436501 -0.7465067588495825 0.209274549025337 0.6316646453548707 299.3958812966833
0.604605913775985 -0.050190812395084834 0.7949723448108413 -417.4930821130634 0.19869962274537872 0.9759826367353089 -0.08950570227565953 -4.568289179673986 -0.7713854564161359 0.21206579554952745 0.6000510980022354 299.785113144782
0.573088900826808 -0.05108499785274987 0.8179289433623317 -416.8741258007799 0.20321022677838046 0.9757599767776564 -0.08144443513208763 -4.623978706050318 -0.7939399408655191 0.21287583303117233 0.5695715648521298 300.15414043660405
0.5426419245149433 -0.05053273248732173 0.8384715139079327 -416.22462572662903 0.20615232847535625 0.9756881832910204 -0.07462082416582438 -4.678255752601084 -0.8143139267383985 0.2133349034442469 0.5398605063732477 300.51520552017496
0.5127797667498264 -0.049444444703083505 0.8571234766943333 -415.55039870381046 0.20869857641232492 0.9755904420029472 -0.06858257846323665 -4.73057457994654 -0.832808174844142 0.2140374362158561 0.5105756118439437 300.8620576364179
0.4843456443822469 -0.049170277639658574 0.8735217355169173 -414.85773555489675 0.21349660733354328 0.9748955015660424 -0.06350760558318623 -4.781233328441122 -0.8484671066574644 0.21724296074355995 0.4826776242378913 301.1917284143996
0.45816824927090494 -0.04762320644586516 0.8876160781971776 -414.1416097618103 0.2195095971567564 0.9737149213893284 -0.06106909073368954 -4.8323055327940665 -0.8613740613837169 0.22280977618463627 0.45657271955189765 301.5111949811818
0.43158606893873724 -0.04966809035182969 0.9007303082035851 -413.42271894610207 0.22421630323178898 0.9730718180158368 -0.053781953747939225 -4.872751010206882 -0.8738007709256529 0.22515967884182908 0.43109424620374437 301.8135185519023
0.40862617240679056 -0.051716041235349064 0.9112621770900239 -412.66600248901307 0.2265798167083079 0.9729046942152378 -0.04639362761975532 -4.908524788354596 -0.8841689432743639 0.22542097184518545 0.4092660695869747 302.11909198130974
0.38843857274694044 -0.053623240586473 0.9199396543177963 -411.8835794765944 0.230186747333783 0.9723200686216985 -0.04052446294100835 -4.942168881115338 -0.8922998531306409 0.22748870474480293 0.3900241672014936 302.4163348453227
0.37075075730602014 -0.053213648418365345 0.9272328086745271 -411.08279521751 0.23290114593174438 0.9718001337029268 -0.03735924228795928 -4.979251313599981 -0.8990939792553244 0.22979414956114513 0.37268336570853045 302.706938913531
0.3549958896977476 -0.050506820768294464 0.9335285005087804 -410.276212907745 0.23437270445069933 0.9714765922044689 -0.03657148607941616 -5.019428165391022 -0.905050996738627 0.23176553857319737 0.35670183574076186 302.98788989364743
0.3403343529349981 -0.04897619883875079 0.9390538882731833 -409.43538395982284 0.2355532326297899 0.9712591562564757 -0.03471940287613963 -5.0596547469211455 -0.9103614528126469 0.23300248467348894 0.3420836934856815 303.2690691027427
0.32791960033996537 -0.04869113898151795 0.9434753865170856 -408.5850891918893 0.23575009271425593 0.9713107674702195 -0.03181628689880414 -5.094637182372508 -0.9148560678423102 0.23284674517614637 0.32998504651945887 303.54480890001736
0.3173658647953451 -0.0489780191991872 0.9470628423033458 -407.69973017320933 0.2358585193167846 0.971378149554438 -0.028807446285819657 -5.126518424536403 -0.9185427748053158 0.23250465860745215 0.31982877274533045 303.8228459895183
0.30952976527887127 -0.049529238537938 0.9496244177975959 -406.8243611590254 0.23594776722591293 0.9714299128264766 -0.026245471276326614 -5.149993717222574 -0.9211904344676684 0.23217486129875972 0.3123671767964398 304.0944946489742
0.30300452609872314 -0.05110395617034643 0.9516432976175911 -405.90723837953794 0.23628748113001918 0.9714277552301172 -0.023072298093254763 -5.173359647397402 -0.9232707093194831 0.23184183932137495 0.3064166857433728 304.3739295985716
0.29744109946084435 -0.052106851451051456 0.9533426725950315 -404.98223377761735 0.23749415471607305 0.971180125310632 -0.02102034841383204 -5.197214648015154 -0.9247692958126176 0.23265529359691114 0.301238449768979 304.65170780054166
0.2936736156415775 -0.05274016885380848 0.9544751823142507 -404.0718956540165 0.23943478426904505 0.9707242654956879 -0.02003594914864106 -5.22137408792463 -0.9254728359328006 0.23440843410113107 0.2976984357513827 304.9217044597159
0.2914006393583337 -0.05240950331008629 0.9551899360769067 -403.1446435056623 0.2405834578589884 0.9704377341003873 -0.02015327523556581 -5.248396305126413 -0.9258937122686492 0.2356653296048387 0.29538947286489586 305.19410964317643
0.2890619837921931 -0.05237472574918899 0.9559021292187575 -402.2036446696253 0.24122501311536806 0.9702859555975328 -0.019787322144101224 -5.274640254324533 -0.9264598979920265 0.23629705512596944 0.2931013228603326 305.46902940626586
0.2864796228450126 -0.052823060503220415 0.9566542808217785 -401.2403055362194 0.2412496088187344 0.9703017412570195 -0.018672228292245942 -5.298427959525901 -0.9272551694125251 0.23613136077264657 0.29070970060720064 305.75166489245953
0.2830943935707337 -0.05319823932656515 0.9576405873303531 -400.2471988930471 0.2412443048666308 0.9703267719338929 -0.01741717606709295 -5.321864699891021 -0.9282957637808424 0.23594610096438812 0.28752220423221075 306.0388312954523
0.2789838838070766 -0.05299529946184454 0.9588574830502682 -399.24865156163526 0.2413343391871789 0.9703186716167829 -0.016592857068745717 -5.347392361043713 -0.9295160457359879 0.2360241545307333 0.2834872789847913 306.32073102468195
0.2735289182011221 -0.051636244678843694 0.9605020993502477 -398.24646512039743 0.24021790284549524 0.9706018991248156 -0.016233625810599252 -5.374386135562017 -0.9314248482772295 0.23515959372752152 0.2778858238577654 306.5999426004749
0.2682111779876019 -0.04925829466782795 0.9621251641008286 -397.2522185817177 0.2384165225959624 0.9710367640991698 -0.016753483898767737 -5.401742869636456 -0.9334319704317862 0.23386957890466112 0.27218120690202674 306.86999536439623
0.2628326604485352 -0.04750250574611657 0.963696544431704 -396.26261230480986 0.23691671258229513 0.9714040808376875 -0.016737584177080673 -5.428654573399287 -0.9353420166432731 0.2327045406003527 0.26656508798652156 307.1325792492003
0.25722752362300266 -0.046719026452815685 0.96524588508391 -395.2473852899597 0.23638642866321055 0.9715461871793095 -0.015975132791633546 -5.4545972385445625 -0.9370329318440477 0.2322699619519889 0.26094635666827676 307.3943588811609
0.2521710443566649 -0.046612508833838176 0.9665843620038418 -394.22041499761787 0.23611059279590604 0.9716329595574854 -0.014747241386447538 -5.4772886267566365 -0.9384757217682101 0.23192945627126832 0.25601763121150267 307.6552381284203
0.24694832168670222 -0.046744397271902466 0.9679257239762719 -393.20119260953214 0.2360319220570289 0.9716733425063693 -0.013298432819582956 -5.497714764207861 -0.9398835252757219 0.23173531686728904 0.25098040099370195 307.90835853086094
0.24175177793137326 -0.0469763586179799 0.9692254017636689 -392.1673595325026 0.23610333745025885 0.9716755622098506 -0.011800283095093862 -5.516589329992161 -0.941215494507271 0.23168025448589138 0.24598967798268767 308.15928845708186
0.236783227947339 -0.04706030357211885 0.9704474141867718 -391.1270171831923 0.23600940290943312 0.9717147518182321 -0.010467359352749579 -5.53041565906497 -0.9425018889134464 0.23150401833528947 0.24118634600194247 308.4097387854274
0.2321975611473594 -0.0476628275710856 0.9715256032747822 -390.0785370816833 0.2362095377085285 0.9716826092976921 -0.008788538744753683 -5.543223767416491 -0.9435919493456834 0.23151466416737634 0.2368746663554662 308.65574158609456
0.2281977642320799 -0.04936935882311723 0.9723877480268053 -389.0359245716559 0.23679129576230631 0.9715606056597539 -0.006246465083704979 -5.553583062980555 -0.9444214966284742 0.23166873947067831 0.2333920974519114 308.8946807188078
0.22487855386511382 -0.05118443291248786 0.9730670232704661 -387.9695757245708 0.23705485880500493 0.9715092186975495 -0.003685952022434245 -5.562070231822387 -0.9451512499175253 0.23148899819447435 0.2305987910941316 309.13634058673017
0.2216834699731855 -0.051173759446107636 0.9738002802650296 -386.91295866187534 0.23715889919845848 0.9714858753165669 -0.0029409241783989316 -5.572168183473853 -0.9458790593988076 0.2315867501508905 0.22749272839833287 309.3725052803259
0.21858467807441517 -0.04734434409053671 0.9746943569348033 -385.86695157256617 0.23611083116005416 0.971728569675553 -0.005754240192135076 -5.589057016642009 -0.9468624349624626 0.23138284336443576 0.22357737073464756 309.600038916069
0.2153564559861876 -0.04160102905237955 0.9756751967244763 -384.8317356659867 0.2342773265842207 0.9721353825869802 -0.010264918448076022 -5.6111583875806 -0.9480572100031868 0.23077803230813868 0.21909526230257328 309.82248365924687
0.2122310288447757 -0.037909788076808434 0.976510084626596 -383.79473901342425 0.23235468693022135 0.9725672445274002 -0.01274660416281416 -5.63519183720678 -0.9492344252724781 0.22959058149950173 0.21521106859133968 310.04137233443294
0.2085604654030078 -0.03703145497298386 0.9773340912300427 -382.7592422803933 0.2307286545958667 0.9729592545332015 -0.012375436569680815 -5.6556257657161995 -0.9504437674421771 0.22806877303779055 0.21145869181348195 310.2594256801837
0.20625596222533366 -0.03751370114415717 0.977804966886247 -381.72533909926125 0.22899457140019794 0.9733860352097365 -0.010963888293656762 -5.6718726128168635 -0.9513656581332598 0.22616223199039062 0.2093508385587869 310.4758744886373
0.20279331941429735 -0.04023912959125464 0.9784208407948218 -380.66094322149326 0.2277464643210127 0.9737142353398794 -0.00716288640222152 -5.683250608295754 -0.9524095180934272 0.22427344455693032 0.2066208610128921 310.6935510079714
0.19842955995303754 -0.040029518552342096 0.9793238320480852 -379.59490010008346 0.22651206551779338 0.9740094635380249 -0.00608757084804905 -5.695696704892381 -0.9536225993777123 0.22302582274095292 0.2023333697248347 310.90671919972965
0.19291982760221899 -0.035384184068238914 0.9806024109213805 -378.5400351130055 0.22269269548905746 0.9748700845943604 -0.008639077507762336 -5.714607852477362 -0.9556497803072598 0.22002930046064906 0.1959461843035347 311.1114997918887
0.1872562856744414 -0.03272236585290123 0.9817920135551321 -377.48425402059854 0.22064748664599393 0.9753265526813151 -0.009581474857264016 -5.734948220388505 -0.9572496160770455 0.21841371834181683 0.18985064468319202 311.3048385317397
0.18185329704250153 -0.03339820247010614 0.9827843008807379 -376.42562581573645 0.21997702455294862 0.9754962427882963 -0.007558212465188119 -5.74783895119736 -0.9584450936767954 0.21755418809639634 0.18473859635602752 311.49439678793607
0.1756734872256599 -0.03350307112555103 0.9839044803424861 -375.34549102163896 0.2198085461319268 0.9755452452450074 -0.006032345141306168 -5.760996188078172 -0.9596357941167393 0.2173200128895431 0.17873624355168755 311.6778069820436
0.16943127719586776 -0.03339351971312393 0.985002406038419 -374.2917527138411 0.22040046117975043 0.9754184648901424 -0.004847185268729921 -5.770633038527565 -0.960621944826917 0.21790601204562696 0.1726209566412836 311.84855095472125
0.16331375558011918 -0.033888716481241456 0.9860182524569713 -373.22971854564855 0.22092929175826628 0.9753058057031484 -0.0030763704482668153 -5.777349192574645 -0.9615593811590994 0.21833224725590689 0.1667624957345526 312.0143000151387
0.15739013834869314 -0.036181460128183254 0.9868993701592985 -372.16017745597753 0.22152671118162157 0.9751748616567787 0.0004179256043977519 -5.780747764701483 -0.9624093624290649 0.21854826661929527 0.16149265008784952 312.17423315927346
0.15139734164268565 -0.037779312457125534 0.9877765892800022 -371.0700746735434 0.2229945233578808 0.9748355534246302 0.0031012903391950176 -5.782350203083353 -0.9630313658624313 0.21978878781995034 0.15600671278874859 312.33119096427475
0.14532072230767526 -0.03630683567939052 0.9887441365255198 -370.01165001530234 0.22653353849579735 0.974021138079417 0.0024668844274078824 -5.788079424773652 -0.9631418178740566 0.2236147160227678 0.14976482880087374 312.4742670227345
0.14032459521151833 -0.03141022240590778 0.9896330792966828 -368.9763646448771 0.22992955817867508 0.9732268349532983 -0.001717842779912676 -5.79966544821722 -0.9630781409673165 0.22777640802998805 0.1437844605178065 312.606806353311
0.13752651987505887 -0.029336623245765227 0.9900896776251017 -367.96007796266 0.23225318296344213 0.9726709189082723 -0.003444911774552773 -5.810919168363162 -0.962924643986463 0.2304150730172199 0.1405760669182111 312.73719844676765
0.13645825257441901 -0.03318050243597322 0.9901161892886773 -366.9359522894727 0.23200518812682103 0.9727359832601868 0.0006180606612410252 -5.812905166310485 -0.9631363510516951 0.22961747306037006 0.14043022644655792 312.8768539288076
0.1360126139038195 -0.03843826576233949 0.9899874151908279 -365.89740499973436 0.23525027539028673 0.9719413501498445 0.005412062628245277 -5.8082174275283025 -0.9624119758517117 0.2321483795306845 0.14123322883807735 313.01768423164884
0.1364132147926237 -0.041833773732953564 0.9897947314651897 -364.8451731624635 0.23674217495180158 0.9715576884610417 0.008430528541373971 -5.802397540426344 -0.9619896908843774 0.23316583804470783 0.1424313393709031 313.1649653917744
0.1375292812598883 -0.03632429890980824 0.9898577538898494 -363.7830637533716 0.2399094499686745 0.9708142108765421 0.0022879621803154676 -5.809613488183045 -0.961045649263264 0.23715114058474263 0.1422241324118427 313.3061005812189
0.13945001301426446 -0.031153403266950357 0.9897653238078168 -362.74606059692627 0.24163740077869952 0.9703818546913332 -0.0035063690167201262 -5.822790944320407 -0.9603357054278109 0.23964282245983157 0.1428418594586377 313.4491273354827
0.14391295248025635 -0.02755905026542753 0.9892329173210977 -361.6778261953274 0.24809791157766167 0.9687135434059391 -0.00911052797091416 -5.838525458284562 -0.9580272926317851 0.24672717904540448 0.14624212607098894 313.5940032441625
0.15056877280714195 -0.027813018953116903 0.9882345943695025 -360.6522951580684 0.25158783172381116 0.9677922680185252 -0.011099502361689379 -5.8524397844900005 -0.9560920099954715 0.25028820746414593 0.1527110889784239 313.75023178625304
0.1558425464969792 -0.028563623851237896 0.9873952126076097 -359.59915828774524 0.2513217717273618 0.9678545019565898 -0.0116732754012651 -5.8682638646412375 -0.9553163328813438 0.24996226905873262 0.15800601693194644 313.9193381419682
0.16081086610186285 -0.03104813029513292 0.9865233939679965 -358.53604983693975 0.2503724998463205 0.9681156308929442 -0.01034896325774509 -5.882032847152913 -0.954742526838998 0.24865158862189365 0.16345152615486844 314.098194821565
0.16684746643323128 -0.031328625241925714 0.9855118482707922 -357.4964220377886 0.25007747280155723 0.9681783186660967 -0.011565765584724785 -5.898660723769471 -0.9537841380284917 0.2483729778479447 0.16936673453611825 314.2790587639276
0.17401797699193652 -0.027935524295238764 0.9843727215432897 -356.45167032411257 0.25119062369711753 0.9678106328783618 -0.01694510831118701 -5.924349816507764 -0.9522087227162712 0.25020295429295936 0.1754280403028953 314.46381110209757
0.181584160085438 -0.025910531619643948 0.9830603172962897 -355.4460816243918 0.2519248040532732 0.9675395338701382 -0.02103737683116852 -5.953192261577409 -0.9506002431711656 0.2514664425164078 0.1822119826127384 314.6493404862656
0.1882619239840881 -0.028463423797268593 0.9817328052574085 -354.38700636482054 0.2519854401342528 0.9675398920539588 -0.02027523080111419 -5.977560284507826 -0.9492844864346126 0.25118833356909626 0.18931783930054147 314.8584362157902
0.1947525420006653 -0.030890461046532793 0.9803923391271506 -353.33769722829675 0.2522306775244432 0.9674892283985808 -0.019626428239259332 -6.000845019471554 -0.9479088547418499 0.2510961842684366 0.19620689416969772 315.0725677245105
0.20129350546192395 -0.028920071565774023 0.9791304586838078 -352.3084720263587 0.25133123779750155 0.9676467563014015 -0.02309413219461287 -6.033001514427504 -0.9467805267362077 0.25072373536388093 0.20204392720393272 315.28751114930907
0.2079718072573549 -0.025527974535706897 0.9778280023908442 -351.2856854726655 0.2502332704682606 0.9678026612165607 -0.02796072410364296 -6.071262205430456 -0.9456271774120723 0.2504889612509751 0.2076581202913498 315.5068642201061
0.2146921212742746 -0.025899907217634084 0.9763646735670204 -350.2536266083478 0.2500424787468446 0.9678117256793409 -0.02931398027333077 -6.106922393642278 -0.9441746171832982 0.2504148545502622 0.21425233228692483 315.7366413739196
0.2202257900008292 -0.028063096229122023 0.9750714215832238 -349.2120216345585 0.2494829334642665 0.9679805502196428 -0.028493649275572613 -6.139682934162555 -0.9430469488980453 0.24952727005636688 0.22016985410847761 315.976391859799
0.22529817920699255 -0.029185879766308494 0.9738791946482197 -348.15881276794033 0.24821662266964756 0.9683087762300169 -0.02840907841007719 -6.17407418925506 -0.9421829262581863 0.2481220192196812 0.22539671463763541 316.2254744331716
0.22879861749380057 -0.02927048372914185 0.9730600784020574 -347.11857764630713 0.246563299726844 0.9687183037660154 -0.02884056029872823 -6.209344198244515 -0.941773535805785 0.24650810188839203 0.22885246277442006 316.47538799050426
0.22992027003423648 -0.028355861099190516 0.9728228391622111 -346.0812333594981 0.24519954164550237 0.9690380868417198 -0.029711027779886115 -6.247320850227276 -0.9418564943183555 0.2453554147007651 0.2297483922562721 316.72412088904406
0.23046608027222087 -0.02613622984652964 0.9727555304501682 -345.0660708020237 0.24323368444296967 0.969474100961098 -0.03158463451192124 -6.288297626443523 -0.9422328248616006 0.2438745246464342 0.2297823389411243 316.96684060501
0.2308992045485627 -0.024598365613787674 0.9726926696837788 -344.0669876866602 0.24278751713255728 0.969534651257606 -0.033120041998686824 -6.329902069646153 -0.942241553658619 0.24379370264788405 0.22983122710643772 317.20140543151996
0.23163217255451826 -0.025730029879736285 0.9724889439666127 -343.0392159773309 0.24203975089243246 0.9697593307630767 -0.031997596426443474 -6.36709148608983 -0.9422539801983517 0.2427811398925705 0.230849456410143 317.448332648989
0.23320294292349333 -0.028856561546425297 0.9720257411388474 -342.0025874689815 0.24097742812288242 0.9701176320005074 -0.029019356927631253 -6.400450913673008 -0.942138693889181 0.24099216740587726 0.2331822665976702 317.7011197160339
0.23381894639478823 -0.031034771705124975 0.9718108608176069 -340.9740008035157 0.24019081358167152 0.9703767675618393 -0.026806550993290622 -6.4300973001983115 -0.9421876670096914 0.23967737128329325 0.23434105520255397 317.95066614850384
0.23398985993541305 -0.03100919389164289 0.9717707184344213 -339.9127382856769 0.2393571012160176 0.9705866861590217 -0.02666803481164154 -6.462271880499893 -0.9423575374983683 0.2388297928875071 0.23452387709327954 318.20675859321113
0.23381699908051792 -0.030455084405202167 0.9718301784316578 -338.87192182253375 0.23863072327039878 0.9707565571837701 -0.02699750867004585 -6.49665253930619 -0.9425849605073959 0.23821062870285628 0.23424054944208014 318.45426891885967
0.2336474181406221 -0.028504400720849053 0.971929625091899 -337.8349801943407 0.2368037902973858 0.9711622502841838 -0.028450317987646346 -6.535045387237505 -0.9430873998558514 0.23679366755457823 0.23365343028175897 318.70159392388166
0.23346620226354584 -0.027219941544217537 0.9720100113036176 -336.78548013492195 0.23604317181094925 0.9713160302645937 -0.02950023637955986 -6.575115649131673 -0.9433230323964538 0.23631327050320083 0.23318842790529745 318.9479376240716
0.2332413213232217 -0.02668370634244327 0.9720788525848649 -335.74476583338435 0.23513293973626376 0.9715292163693718 -0.029754952132413658 -6.613069300482828 -0.9436059496212884 0.23549750160799487 0.23286874369521063 319.19484367615405
0.23257126773472148 -0.02580037205009055 0.9722632043956568 -334.7117278195772 0.23372563561148102 0.971857102696082 -0.030124621040284714 -6.651442244270669 -0.9441208701784898 0.23423856120134892 0.2320501694349058 319.43740183617626
0.23109443520693093 -0.02521728942739384 0.9726302281480967 -333.6834437279478 0.2325033727991218 0.972152463132141 -0.030042657028922917 -6.688979450301005 -0.9447848597077535 0.23307222450481307 0.23051632695282945 319.676574869765
0.2286825561532631 -0.024606607410442613 0.9732157408467547 -332.6625703325463 0.23167212051181474 0.9723564540442863 -0.029857831878373244 -6.726858555948604 -0.9455755330999506 0.23228461225631034 0.2280559337299667 319.9084334195395
0.22651175608376303 -0.024970133515901 0.9737138877519148 -331.6278177852259 0.23137725849852725 0.9724555414927613 -0.028891667470401367 -6.76248328313771 -0.9461700721514414 0.23182901684081203 0.2260445400078159 320.1409467316118
0.22567074312089477 -0.02468475325360468 0.973916828362312 -330.611561714523 0.2313372563103592 0.9724633893443256 -0.02896183875189444 -6.799705313996646 -0.9463813212179107 0.23182888482287936 0.22516084550591178 320.36484664926473
0.22513901311590048 -0.024481447855777574 0.9740445393221041 -329.5951631712718 0.23170849621092385 0.9723696488815469 -0.0291222565489805 -6.837321183375068 -0.9464164876054145 0.2322404026314138 0.2245854245200547 320.58880185211734
0.2250599136579439 -0.0238289873472211 0.9740792513164098 -328.58266524247665 0.23138332624622987 0.9724303372166876 -0.02967720268798518 -6.876566515456215 -0.9465152935161174 0.23205429761210025 0.22436292916693307 320.8148916599326
0.2248659164493688 -0.023105053625259362 0.9741414949485879 -327.5896171242548 0.23144674829350773 0.9723938683503512 -0.030367259999051002 -6.916188092383843 -0.9465461701762807 0.2322798999626654 0.22400010880334764 321.03503607014926
0.22450206485554852 -0.02196486952827587 0.974251783392528 -326.5941235522297 0.23099179407513865 0.9724720871764977 -0.03130886009005446 -6.956900308565938 -0.9467434770804857 0.23206250106897292 0.22339019087899206 321.25586493529875
0.22433432109087942 -0.02161955642737722 0.9742980138025499 -325.58809692545265 0.23053134938856998 0.972574896693581 -0.0315038086754348 -6.995604358653152 -0.9468954718654098 0.2316630616120692 0.22316045040590696 321.48174171688765
0.2241243842727014 -0.02038583972650162 0.9743729085386292 -324.57298499662596 0.22902762024259155 0.9729029249624552 -0.03233056183337329 -7.034246724235771 -0.9473099261931204 0.23039381976663376 0.2227149023917401 321.71088967714314
0.22345682328101327 -0.017069978441868323 0.9745895703136701 -323.59550904676627 0.22848001814746657 0.9729264727358213 -0.03535076112289068 -7.07695702366919 -0.9475995681464982 0.2305631143496814 0.22130189089933786 321.92411487435135
0.2224834288694183 -0.012853599369363783 0.9748768678158293 -322.59714570579166 0.22814663350996664 0.9728557620657524 -0.0392449514299729 -7.126178347173456 -0.9479088043815357 0.23113580661013192 0.21937160485562496 322.1364725699251
0.22126631441721148 -0.010468500810427238 0.9751828538461246 -321.60841135803116 0.2273231523769568 0.9729705965677533 -0.041138982117729886 -7.1768708989833 -0.9483918611053024 0.23077369361113786 0.21765970264224166 322.34551005550475
0.22002098328499461 -0.009448856262148355 0.9754747991964107 -320.605501571304 0.22619665820900023 0.9732136144305039 -0.041597157039070846 -7.227409113641647 -0.948950853665119 0.2297906781647196 0.21625907403339456 322.559243146076
0.21886173884968096 -0.009075757264217483 0.975738976364395 -319.6382192890463 0.22598406926621267 0.9732609966522812 -0.041640946162433246 -7.275291905351931 -0.9492693061115377 0.22960429856922102 0.21505516412758519 322.76164626417625
0.21706328827738128 -0.008592042176190083 0.9761450696003118 -318.6573220051824 0.22557408512076976 0.9733581613773982 -0.041597714143503405 -7.324264090356887 -0.9497796783720678 0.22921153917055756 0.2132129679470935 322.9658236282929
0.21475726076858426 -0.008335114616480656 0.9766573633342829 -317.6688414030126 0.2254367278486016 0.973404073807081 -0.041268813107849606 -7.373037384554825 -0.9503367576646008 0.2290261943914552 0.2109191075706599 323.1688865122081
0.2129767965077389 -0.008413509343182623 0.9770468229167114 -316.7009429891872 0.22525511109830132 0.9734696371524402 -0.04072371425039592 -7.418595170502509 -0.95078100508387 0.22874728981304737 0.20921556055200244 323.3682430203929
0.21105731618380846 -0.008356269979444369 0.9774636245833643 -315.729407429495 0.22507641461841185 0.9735292485091389 -0.04028214141538917 -7.464369625212966 -0.9512511836247105 0.22849492629000032 0.2073453124235961 323.5657067435172
0.20863885240085875 -0.007483474075530431 0.9779898516769072 -314.7932422198041 0.22474162861648198 0.9735976065016969 -0.04050095563520828 -7.512052279909862 -0.9518638033760379 0.22823426882096837 0.20480595949943875 323.75005749500593
0.20607856690880716 -0.00499255429600666 0.9785486981680717 -313.8755760282983 0.22510584378469867 0.9734307529030861 -0.042445571950669454 -7.561429514554561 -0.9523356241818113 0.22901326510248768 0.20172083318890408 323.92465650742963
0.2038145750496231 -0.003159776052211454 0.9790306711937435 -312.95384242397074 0.2248420839099824 0.9734376215183597 -0.0436718747473793 -7.612175377648771 -0.9528853848078042 0.2290172041410231 0.19910467705318133 324.098906614037
0.2018317585074389 -0.002060505165890768 0.9794443983124469 -312.05248393648384 0.2253395565620909 0.9732900132593396 -0.044393890241607774 -7.661640003891367 -0.9531900504643798 0.22965662230144443 0.19689848943711974 324.26602933735626
0.2008908797082953 -0.0020600756186016666 0.9796378411150548 -311.12860287195406 0.22514105740872772 0.9733480593917897 -0.04412820366544214 -7.708587125871384 -0.9534356417084604 0.22941062525058903 0.19599400545520615 324.44171877611683
0.20015912172216915 -0.0032203592792462666 0.9797845254986426 -310.1991634586309 0.2247753875018676 0.9734951865230095 -0.04272554225329221 -7.75257599909901 -0.9536759876867421 0.22877237119854063 0.19557111275545702 324.6195750950794
0.19964630233681888 -0.0043785141381384104 0.9798846148869212 -309.2982616432135 0.2247492506383979 0.9735563533589999 -0.041447357482908516 -7.791230475192555 -0.9537895307057818 0.2284921738809312 0.19534429659922875 324.7931161172785
0.19938507485775991 -0.003957705778787206 0.9799395621928497 -308.3891879404439 0.2235238553481983 0.973833976997022 -0.041552672166084416 -7.833237223181501 -0.9541320882567272 0.22731367658662635 0.1950460230347617 324.9713525273802
0.19898694638275827 -0.0026867837950462475 0.9800247079387996 -307.5188380498904 0.2229861573337839 0.9739112824359778 -0.04261184413169152 -7.87893139560105 -0.9543410031978778 0.22699986027265162 0.19438835154918316 325.1351513568392
0.1986158030576636 -0.0018568327361295576 0.9801019300421885 -306.6774443818511 0.22263104004318843 0.9739632990216613 -0.04327695839258261 -7.923329523812962 -0.9545013030326669 0.22678543718197003 0.1938514139636017 325.2941743854304
0.1982796894699693 -0.0014144405492684856 0.9801708522427188 -305.86594189382953 0.22222085641458061 0.9740446380917994 -0.04355382474843664 -7.965594590105881 -0.9546667918527458 0.22643919672991558 0.19344114667204929 325.44902413839844
0.1979656544235509 -0.0005382895286253564 0.9802348902604952 -305.0489476241103 0.2218924897404882 0.9740863385713755 -0.04428384327812489 -8.009652676808692 -0.9548077648736351 0.226262105093456 0.19294924351925002 325.60377606221084
0.1977514940289549 -0.00048248074570986775 0.9802781946773129 -304.25024082947095 0.2216767216789863 0.9741372086994894 -0.04424529745259171 -8.049618751338055 -0.9549024370961234 0.2260432344097664 0.19273808904789555 325.75858085479376
0.19773216826433473 -0.0009347754497556623 0.9802815204350178 -303.449248987531 0.22168852948409457 0.9741544111534008 -0.04379340072003285 -8.08786568516524 -0.9549032612188039 0.22596498426320755 0.19282334938626863 325.91427347317637
0.19799197791157178 -0.0021087851163108734 0.9802273099200499 -302.652309638407 0.22121941224644567 0.9743143327727101 -0.04259285199032532 -8.1241316877174 -0.9549583087985976 0.22526703483080393 0.19336724347650358 326.07145362454276
0.19836072323156442 -0.0036335179479952667 0.9801483945865098 -301.8625267197718 0.22065177067158967 0.9745093823201315 -0.041048415541899086 -8.158653102767897 -0.95501335220029 0.22440283879538794 0.19410033513734903 326.22844707587194
0.19838700688398028 -0.0036486384592959854 0.9801428161994 -301.0595278419963 0.22035608005867896 0.9745791068081684 -0.040979615158957955 -8.19569211157255 -0.9550760864988205 0.22409900671093508 0.19414213066694874 326.3873048592455
0.19831177998550484 -0.0030643213205724207 0.9801604378532022 -300.29456824665317 0.21982064264275947 0.9746808739095669 -0.041434367481258214 -8.233471403057216 -0.9552154996488601 0.2236651319549916 0.19395842130961066 326.53854552244695
0.198225147640722 -0.001879555183969655 0.9801810055092265 -299.5516028964217 0.2194351784559902 0.9747213292333888 -0.04251427321259876 -8.272224424901506 -0.9553219420824 0.223502366206574 0.19362075531621023 326.68378093116064
0.19822625836056165 -0.0004969937527734389 0.9801827185446174 -298.8142510775823 0.21913182641663 0.9747313887828019 -0.043827991894151264 -8.311557413452332 -0.9553913912250448 0.2234658100231914 0.19332028705780946 326.82746230972447
0.19816205669065767 0.0002683140111311536 0.9801956179553634 -298.0970234572292 0.2185724652844968 0.9748281145198013 -0.04446095478259736 -8.349565055558493 -0.9555327601876753 0.223042914138697 0.19310955739139501 326.96907295393885
0.1980439695370448 0.0005160745740309824 0.980219873171692 -297.3866410603015 0.21833847554880886 0.9748730598407446 -0.044633318272444024 -8.385679154789402 -0.9556115225618992 0.222847774586136 0.19294861475609934 327.1090773608631
0.1979444044980506 0.0006658826449761584 0.98023989872014 -296.66863529729517 0.21816287321638686 0.9749082819672622 -0.04472364099888299 -8.420470431954346 -0.9556722789542493 0.22269333924687518 0.19282599042597504 327.2493470699656
0.19790541025299177 0.000853970889651679 0.9802475589129099 -295.9580030090588 0.21812194281696148 0.9749094561723783 -0.0448935280119444 -8.455209938639943 -0.955689574758019 0.22268709452573388 0.19274703476247781 327.38912013321567
0.19782473236540787 0.0016213590532219192 0.9802628389448572 -295.26183659389466 0.21804369857933653 0.9748932814787521 -0.04562206292652687 -8.492327023598305 -0.955724264806353 0.22275440087700038 0.19249781369385793 327.5254316892219
0.1979040809701262 0.002014515274600876 0.9802460511711237 -294.5665377368412 0.21779958196804303 0.9749309039636489 -0.0459822451213149 -8.529034272174298 -0.9557633476101884 0.22258633397731964 0.19249764433781794 327.6638118099611
0.1979167654616664 0.0027622756313507614 0.9802418744089358 -293.873999220186 0.21792314591528023 0.9748667350507959 -0.04675378912318166 -8.567019326268715 -0.9557329372909357 0.22285979819325002 0.19233402475602013 327.800046542335
0.1981489305810847 0.004054028105544768 0.9801905764212459 -293.19795211107026 0.21795528061176428 0.9747942824328275 -0.048098605200349066 -8.60579793853937 -0.95567753174336 0.2231574666012298 0.19226427727985995 327.93330706249816
0.19818756992887201 0.0044057844609189005 0.9801811342002523 -292.5397849049341 0.21791074618797648 0.9747866608650476 -0.04844829924414975 -8.642389905417186 -0.955679489854052 0.22318275436220422 0.19222432609889317 328.0644646880224
0.1981923374347705 0.004594512795701369 0.9801795655206598 -291.9079169246054 0.21772689302740997 0.9748204807421206 -0.048600028396693605 -8.676875593072824 -0.9557206725211966 0.22303237705365797 0.19219532934013667 328.1911496775163
0.19811807307467952 0.004960915999402302 0.980192746762394 -291.29366717113663 0.21779078489446843 0.9747883781451072 -0.04896017944149936 -8.711439897148933 -0.9557215176970357 0.22316566440067306 0.19203642846019192 328.3132832542824
0.19809339381382146 0.005419696735549376 0.9801952806862616 -290.686961589566 0.21758859564437422 0.9748127085790267 -0.04937033527471296 -8.746437040414055 -0.9557726467305534 0.2230481068695095 0.19191831943525714 328.4345121096704
0.19804140777986565 0.005550844218893145 0.980205153298553 -290.0876279305532 0.2176426945029756 0.9747941056045889 -0.04949946336681609 -8.779667384064975 -0.9557710430402511 0.223126218455674 0.19183530481344188 328.553818636214
0.1979970311687675 0.005737256435910015 0.9802128125642524 -289.48155704939904 0.21744637780636883 0.9748306452424147 -0.04963461379392792 -8.813664004345638 -0.9558245684702166 0.22295980315747393 0.19176036879009098 328.6756360754643
0.19787051369037167 0.005735240307921722 0.9802385016543845 -288.89019736342215 0.2172496196389913 0.9748783664402897 -0.04956398931607059 -8.845658243490771 -0.9558955386468533 0.22275227685628787 0.19164795343369406 328.7940765892812
0.1979380899986609 0.00572458036746905 0.9802244897857499 -288.2989786736284 0.21701178074026883 0.9749330206367773 -0.04952086365467142 -8.877975396716158 -0.9559350436211709 0.22251068119814205 0.19172890704548987 328.91339147200125
0.1978513667937931 0.0058614961465789876 0.9802413546088641 -287.71307668957144 0.21691730770143844 0.974949345546579 -0.04961818268796808 -8.911250080570474 -0.9559749467720803 0.22243669873973762 0.19161817289752892 329.0296224930233
0.19772954361954825 0.006107920858297539 0.9802646476126071 -287.12186304238327 0.21675088257368125 0.9749769906893425 -0.049801727280370064 -8.94575006208518 -0.9560382973454963 0.2223090282415805 0.1914521152827299 329.14678458849863
0.19767605435270297 0.006371524103765579 0.9802737691032165 -286.5529279027727 0.21662887657093421 0.9749925637631578 -0.05002723059487657 -8.977999715886506 -0.956077146030835 0.22223321118818806 0.19134676011192261 329.25722957386154
0.19753029369408331 0.006612521350296273 0.9803016145258768 -285.98649210763097 0.21649885260944302 0.9750123536724907 -0.05020739928936132 -9.010502991814974 -0.9561371187866846 0.2221400075986546 0.19115700801181518 329.36776697760524
0.19739026973987708 0.0072199926773721616 0.9803256684863888 -285.424194848089 0.21613441615178147 0.9750674639211009 -0.05070654962830299 -9.044643210489198 -0.9562489411615446 0.22187948051622183 0.1909022571355823 329.47790397888076
0.1973500429997627 0.008241219506853787 0.9803259500117402 -284.87084767033247 0.2155820328454413 0.9751429379956569 -0.05160306683851085 -9.079542934317857 -0.9563823464320231 0.22151292810874815 0.19066146764965783 329.58674900503166
0.19748316470509125 0.009884055647337 0.9802839402901663 -284.320447270343 0.21598404703101395 0.9749601823662745 -0.05334780357747681 -9.11542801436948 -0.9562641314322924 0.22224928158455695 0.19039719216587853 329.693633627132
0.1974932301834531 0.011570772165494519 0.980263448719332 -283.77599524812746 0.2161038172455247 0.9748391322346363 -0.05505154058585716 -9.151782527793483 -0.9562348139830515 0.22269906546630752 0.1900175608547931 329.79942219149393
0.19747988069143518 0.012637402837116642 0.980253245231546 -283.235458795218 0.21574067279222378 0.9748634656421256 -0.05603733410093884 -9.188513284092329 -0.9563197648260469 0.22253468631339188 0.1897833801378381 329.90593462263575
0.1975385690664031 0.012788342008230319 0.9802393485578815 -282.7055599713598 0.21541464649904496 0.9749297518298817 -0.056136244476988666 -9.222232364306395 -0.9563811956413457 0.22223492511132553 0.18982532905470217 330.01286440967505
0.19772212864738845 0.012483430176163808 0.9802057924058308 -282.14669719557253 0.2144291815040927 0.9751729371414845 -0.05567965216362412 -9.255536284252665 -0.9565644373828577 0.22118162291337204 0.19013047863518365 330.12856107623776
0.19771095422784776 0.012347676140888282 0.9802098423512419 -281.5913613756172 0.2141961568219599 0.9752348509973209 -0.05549582634054233 -9.288979552563823 -0.9566191081715737 0.22091739499450452 0.1901634251420816 330.239810551407
0.1977168547935855 0.012564965691685352 0.9802057723161741 -281.0311772460531 0.2139681311754626 0.9752749113977647 -0.05566805422496959 -9.324713378058307 -0.9566688836807771 0.22072731794452688 0.1901335230760004 330.35201506687514
0.19765731568280853 0.01292401651334478 0.9802131255013775 -280.47607402568127 0.2135336879815428 0.9753553408259253 -0.05592531825915848 -9.360651898943775 -0.9567781697824055 0.22035041293306432 0.19002030242393583 330.4631326483394
0.19755293313390843 0.0135878385094372 0.9802252480797468 -279.9194134686178 0.21309794347552305 0.9754187392991565 -0.05647526787789497 -9.397922386018047 -0.956896983867831 0.22002866637724441 0.18979530642988057 330.5731815729812
0.19753991754649247 0.015005392726621793 0.980207134535931 -279.3638898997191 0.21209807431713038 0.97556585725132 -0.057684749475447814 -9.436679225861864 -0.9571219033733334 0.21928292501994062 0.18952461654116132 330.6835023828398
0.19745657073043307 0.015488202004000187 0.9802162117308663 -278.8288749650627 0.21178714363156742 0.9756097116144137 -0.05808483343723866 -9.472717494661206 -0.957207696552481 0.21905395254841334 0.1893546555502711 330.7896720891777
0.19747816376905003 0.01541057208126218 0.9802130703999399 -278.28428570875866 0.21163252642478608 0.9756494123532756 -0.05798174094575723 -9.507104181653942 -0.9572372029756661 0.2188826281008762 0.1894025368414995 330.8989307571326
0.19747923304286347 0.01570024102968968 0.980208550531327 -277.73908634197176 0.2112770718884657 0.975713538644764 -0.058200288985384756 -9.54204997816393 -0.9573158178381903 0.21857638894493867 0.18936029196031465 331.00550231835086
0.19755322709833167 0.019153123982063234 0.98013171221123 -277.1986234332865 0.20858299177045914 0.9761144707206653 -0.06112284797709205 -9.581367590737715 -0.9578908965379941 0.2165014355873748 0.18883409373974935 331.11441352333094
0.19759939973113536 0.024756367994885595 0.9799971976898076 -276.6364391196969 0.2046138355279606 0.9766413177582628 -0.06593500643456868 -9.626016886356652 -0.958737266012911 0.2135371742922163 0.18791266820775368 331.22988473741486
0.19776056615985665 0.03036981099663197 0.9798077038301009 -276.09315411845125 0.20193319373130383 0.9768411972334552 -0.07104198409664098 -9.673182940396233 -0.9592727311373532 0.21189219472123383 0.18704192754881296 331.33779048356473
0.1982403457678548 0.03495543387309323 0.9795571759780728 -275.5597219755899 0.20090086042056227 0.9767179637142668 -0.07551883496040708 -9.721365738386842 -0.9593898897793183 0.2117519967341704 0.1865967332178659 331.4413123104724
0.19859559283705347 0.03828223110215613 0.9793603634582205 -275.025903780777 0.20067915524258245 0.9764984926866 -0.07887119097265716 -9.770342110668654 -0.9593626608287397 0.2121877167592117 0.18624072212014942 331.5447976332909
0.19863043905520192 0.03946070898171762 0.9793066921015274 -274.4998437903806 0.19953440300751915 0.9766554063876577 -0.07983182239431631 -9.817858579951004 -0.9595944081597829 0.21124957294296182 0.18611425867589806 331.65023116562685
0.19889129066449218 0.04042156134707551 0.9792145134068877 -273.9617042730189 0.19623647739089015 0.977292644106572 -0.08020705710064815 -9.86284406973821 -0.9602203910588178 0.20809718455452883 0.1864373951242243 331.7622468284401
0.19904603031379794 0.04069738368818657 0.979171248793018 -273.4183176313292 0.19496392128921336 0.977542043990613 -0.08026819955885904 -9.907946344076239 -0.9604472877715305 0.20686719247859692 0.1866364135634743 331.8730222425498
0.19909956538218102 0.0403860407719871 0.9791730928594203 -272.8718074825616 0.1945982529197984 0.9776450361597866 -0.07989777424592102 -9.95256858508494 -0.9605102962599483 0.20644004458340803 0.18678475996164215 331.9821901508171
0.1990151738944477 0.03989490998678192 0.9792104674597168 -272.316729784573 0.19513536157713124 0.9775710401702609 -0.07949372826679274 -9.997827007323794 -0.9604189728078826 0.2068859829844723 0.18676164818656762 332.09110858735164
0.1989005600680748 0.04043535112458742 0.979211420124636 -271.7908961539561 0.1949171487188025 0.9775757710789588 -0.07996607429970393 -10.045817011227369 -0.9604866863913695 0.20675709211374824 0.18655434244348823 332.194051337913
0.19878775336473475 0.043281562341147786 0.9791125751135824 -271.252160736536 0.1942437956760876 0.9774863282112709 -0.08265242218052325 -10.097882719447147 -0.960646321131367 0.2066036697290695 0.1859006860448317 332.29627605778643
0.19852040165238696 0.04518926624511039 0.9790804609953903 -270.70415109718493 0.19382167421728094 0.9774191023794135 -0.08441780407972736 -10.151123871299951 -0.9607866881017225 0.20651250875660193 0.18527472574218157 332.39885170006664
0.19808358387341612 0.04639142573657646 0.979112863599505 -270.1737008773932 0.19446156428395087 0.9771853921001474 -0.08564726513063564 -10.20253330028353 -0.9607477370145528 0.20735208850308548 0.18453851657801296 332.4957782236423
0.1973003197313175 0.04756764831172214 0.979214687525654 -269.651165089544 0.19502832309697668 0.9769742727489609 -0.0867604589291297 -10.25398050813667 -0.9607942058041568 0.2080792256995955 0.18347582808545715 332.59001556973305
0.19633519812995598 0.048143687390837415 0.9793805881271672 -269.14074797550944 0.19508971343878811 0.9769285291081994 -0.08713835731176421 -10.302688992393167 -0.9609793789103085 0.20816229936740469 0.18240846579602962 332.68039593371464
0.19569667677587255 0.04804778140319674 0.9795134779252584 -268.6271490551129 0.1948967866770793 0.9769916252176364 -0.08686862853277054 -10.34856134934667 -0.9611492500932056 0.2078912331688066 0.18182444652707677 332.77382692881844
0.19514501803483125 0.04780987073678738 0.9796355125610806 -268.08753188781867 0.1949717882193803 0.9770073443615594 -0.08652670575655873 -10.396887456011829 -0.9612466132816823 0.20787407436214836 0.18133102294574807 332.87119368270794
0.19451110443803918 0.04782471480846842 0.9797612005707735 -267.5511020696625 0.19495630126435778 0.9770217300921875 -0.08640187941653596 -10.446764204302559 -0.9613786969777887 0.20780419456131022 0.18071220767420285 332.9678078074756
0.193907209717969 0.04772804045163295 0.9798854234829449 -267.0181838908668 0.19490484394832394 0.9770525271107353 -0.08616519588796914 -10.495601888021142 -0.9615106348351292 0.20767964317927967 0.1801498814139072 333.0637910537557
0.19353245311976844 0.047280846870701984 0.9799810997774158 -266.47951312762285 0.19478312486377639 0.9771250862182855 -0.08561584544446194 -10.543598942391109 -0.961611010137671 0.20744049448408883 0.1798905457055377 333.16210893359516
0.19311708660062377 0.046903709414711246 0.9800809549987883 -265.94348226123975 0.19511196324748453 0.9770946993380657 -0.08521180022901402 -10.591517951455497 -0.9616281226191933 0.20766844711209895 0.17953686022267257 333.25921228620393
0.19232126698185317 0.046264544532751715 0.9802678263112006 -265.40513709106136 0.1967254640610417 0.9768151318040407 -0.08470340895805663 -10.639337938416979 -0.9614585250658064 0.2091207335588184 0.1787556817104234 333.3557586983124
0.19168952503738804 0.04425105563681219 0.9804844546707977 -264.86084523405583 0.19705553150689878 0.9769265108999154 -0.08262174890210572 -10.685052821645373 -0.961516987774123 0.20903401498037488 0.17854136642068366 333.4556237514073
0.19095211177106441 0.041654001073799164 0.9807420365438794 -264.3058398873616 0.19672605616131122 0.9772266967890759 -0.07981322835283453 -10.729726396938284 -0.9617311528003232 0.20816441710917552 0.17840367323681758 333.55796340216705
0.19033265326187562 0.03952201981472255 0.9809507350446841 -263.75793968869 0.19643611681395776 0.9774712168762387 -0.07750171692693715 -10.772872073060666 -0.9619130222384769 0.2074317502764962 0.1782757088689425 333.65775103821335
0.18972748742687218 0.03732197238848712 0.9811543538364351 -263.2099246253051 0.19623727065440133 0.977695914529186 -0.0751425776013993 -10.814568803897108 -0.9620736221721927 0.20678268431539515 0.17816642616807754 333.75753760808067
0.18916845763495949 0.03498358904522795 0.981348647915843 -262.65341933753217 0.19636789074855407 0.9778532926749975 -0.0727170495125202 -10.855534644430524 -0.9621574734270402 0.20644830748657533 0.1781039535491611 333.85920658160506
0.1884846308954393 0.03368380556246748 0.9815259127535528 -262.0991007961351 0.19766275101011804 0.9776815551472383 -0.07151472578661135 -10.89638986815927 -0.962027034240282 0.20747798982749635 0.1776143858905765 333.95885569577973
0.18749426086464824 0.03318472354131257 0.9817324399657292 -261.54170755779563 0.19926954259157456 0.9773854721076707 -0.07110002794119755 -10.938413401724207 -0.961888830504835 0.20894732899664437 0.176636004305335 334.05733290046544
0.18680572482126806 0.03324781396754326 0.9818618513655718 -261.0097464424833 0.19961651444133122 0.977316425091023 -0.07107753565007968 -10.981074254850196 -0.9619512881837762 0.20926085342179343 0.17592578884416515 334.15112047739285
0.1862672625832537 0.033453173199312694 0.9819574573230339 -260.4825880367079 0.19927819710683994 0.9773838484079306 -0.07110388743991346 -11.021153868083124 -0.9621260609118233 0.20891447321613832 0.17538222809237222 334.24302395702813
0.18495307609392608 0.03372192627809606 0.9821966246682898 -259.94331400197535 0.1988501193807972 0.9774779714196359 -0.07100996541888818 -11.0631389215701 -0.9624680398633308 0.20843080446307102 0.17407610613446545 334.3363918978753
0.1828899022184987 0.03384873088047207 0.9825785357996695 -259.3985038822809 0.19884335725519142 0.9775025081370592 -0.07069051965548043 -11.106311953144596 -0.962863745776341 0.2082952164172009 0.17203884432975103 334.42732225638923
0.17912097234605034 0.03372175805102792 0.9832768424746812 -258.8474494483037 0.19986207226191743 0.9773491221420422 -0.0699321643446682 -11.149546840092116 -0.96336133945311 0.20903337881643472 0.16831809825361024 334.5136639895827
0.17287126082814533 0.03337217139755116 0.9844065920146765 -258.2879591785889 0.20234159104818966 0.976928930162117 -0.0686571775435662 -11.19288021916255 -0.9639852785662071 0.211042426371319 0.16212439299294804 334.59503558752414
0.16589006872353287 0.03345631832076211 0.9856042082945535 -257.72753791906825 0.20418066065818563 0.9766255133510569 -0.06752311342813179 -11.237620881920785 -0.9648239996080911 0.21242997030763644 0.15517537676877316 334.6706166963358
0.15831581861808477 0.033911351456126 0.98683398273504 -257.17177448706184 0.20502288914440206 0.9765232368312373 -0.06645328596594811 -11.282131585795955 -0.9659174982740255 0.21283130158757377 0.14764047753258314 334.73915399158113
0.1501124375423722 0.03432427946558013 0.9881006960690059 -256.6119246928544 0.2054362618911922 0.9765248744625922 -0.06513704858331362 -11.325074430039484 -0.9671384033293758 0.21275686357030196 0.1395311179192378 334.8027426412938
0.1408342382450534 0.03459585876044432 0.9894564867840399 -256.0542862882223 0.20629946595255302 0.9764507021293615 -0.06350928116121143 -11.366110561770947 -0.9683496662538558 0.2130557218848897 0.13037452284388257 334.8584870650754
0.12958647328376888 0.03705504082119802 0.9909033943163423 -255.50372975530684 0.20925368945236816 0.9757992309743599 -0.06385961584517717 -11.408590155181422 -0.9692862173981355 0.21561240280803057 0.11869066166561024 334.9029543673146
0.1161692831950769 0.04013187514817296 0.9924463096779317 -254.96784890272153 0.21314528434801866 0.9749228152093233 -0.06437694371744948 -11.448709739794115 -0.9701391988852679 0.2190007140577065 0.10469652819774987 334.93486702786987
0.10059698761491577 0.04268999496825893 0.9940390445828682 -254.453015853332 0.21543618306495113 0.9744668220828961 -0.0636558974050052 -11.48557565982627 -0.9713724684262176 0.22054220936317687 0.08882594725105664 334.95640578378715
0.08329666921631096 0.04774429404464974 0.9954082458929836 -253.95326498053373 0.21715639456602828 0.9740030162439559 -0.06489377232153122 -11.522784291075785 -0.9726259844547644 0.2215514384013791 0.07075783757875657 334.9658563026587
0.06454746356948124 0.0531827227253098 0.9965240965694558 -253.46500429557256 0.21933984894336855 0.9734281901427685 -0.06616167620849783 -11.558720248373747 -0.9735603648704161 0.22283485631687958 0.05116196163445194 334.96356055290426
0.04488097846664835 0.05512637545756328 0.9974978065277286 -252.98615702435671 0.22282838577518027 0.9727938580790635 -0.06379143077110144 -11.589267133698387 -0.9738729057582493 0.2251207893214063 0.031370943875024815 334.94885676746907
0.025665286565842788 0.05459001555752838 0.9982064936535527 -252.50955674931325 0.2255323537939749 0.9724738413545613 -0.0589862489327682 -11.612913581981605 -0.9739461777423133 0.22662863721848509 0.012641479880698674 334.92431868547135
0.006004495427294088 0.05399860648947347 0.9985508138965618 -252.02648429626882 0.22900847721644885 0.971954494935964 -0.05394271867648305 -11.630313454382057 -0.9734551326126495 0.22898753465564953 -0.006535079272842539 334.8884738002696
-0.012899272709769753 0.05390484913499749 0.9984906153840861 -251.57304108014765 0.2313606578640903 0.9716352622178734 -0.049470993150122634 -11.646077253381913 -0.9728316525116374 0.23036022190141497 -0.025009677682153373 334.84577749578807
-0.030227400035764282 0.05325131682614478 0.9981513464371629 -251.12500946921153 0.232445268358307 0.9716028904796238 -0.044800632138894306 -11.659745556722061 -0.9721885901122757 0.23064841123109253 -0.04175189345261453 334.7975285013499
-0.04679094569243793 0.052909757532612504 0.9975305333838956 -250.7012791731777 0.23280859545566257 0.9717003855198163 -0.040624148836796437 -11.672073125354736 -0.9714464631803548 0.23031865004904156 -0.05778916851764253 334.7450973422216
-0.06371628560964869 0.05310827647764749 0.996582121808005 -250.29554046509892 0.23296924947156647 0.9718108673327432 -0.036898374919480094 -11.683569873463789 -0.9704449870106282 0.2298074468971351 -0.07429733541271608 334.6882950567199
-0.08155108017729475 0.05373170803809639 0.995247826669908 -249.90476393560505 0.23343547670191753 0.9718271647028554 -0.03334416951709977 -11.693178776438398 -0.9689964190875351 0.22959262502607852 -0.09180105099048326 334.6245957633709
-0.10055063256944329 0.05405894481141196 0.9934904519532407 -249.52076456083168 0.23341334055951485 0.9719638948412671 -0.0292691731640674 -11.69911902528475 -0.9672151462563148 0.22893650554712142 -0.11035404465420968 334.5544372595951
-0.12128577076583222 0.053623256929034864 0.9911967486398884 -249.14211149268172 0.23336462239550831 0.9721190490021652 -0.024041363893817697 -11.700517304452813 -0.9648465388479002 0.22837990411930548 -0.1304218559898972 334.4743266996422
-0.14484974611196288 0.053362470447892 0.9880422543453762 -248.76603505904527 0.23335489251188105 0.9722464199892978 -0.018304279601266692 -11.699353911640491 -0.961593170870991 0.22789872117753762 -0.1532857787965429 334.3830112417153
-0.17145015111983933 0.053067902699729205 0.9837910569329266 -248.3915479597773 0.23413546733457913 0.9721611219044266 -0.011641941874628612 -11.695235158607096 -0.9570172598806168 0.22833002127024346 -0.17910607049922286 334.2786512186737
-0.19910652994926692 0.052784750749786134 0.9785837692102743 -248.03315430413443 0.23499114182297987 0.9720132325654596 -0.004623198938498617 -11.687504927076361 -0.9514365568934251 0.22902367263048126 -0.2059419726444917 334.1654744907497
-0.22665185132171356 0.05255308057693071 0.9725852548907665 -247.66210713839263 0.23496421001552661 0.9720279395989017 0.002228435755001026 -11.67782209272185 -0.9452590017403921 0.22901361308858434 -0.23266445577974157 334.0374850866348
-0.25460344858310563 0.05401946790874911 0.9655639640936079 -247.30281214994082 0.23500040523500687 0.971992140409535 0.0075820576611986355 -11.66864290898257 -0.9381070008403807 0.22882408021584735 -0.26017142633142143 333.89913551363236
-0.28151878580906853 0.05898688484683467 0.9577695955258392 -246.95613264991982 0.23403808935863507 0.9722132817403623 0.00891006031355161 -11.661488367895231 -0.9306266939515903 0.22664864977203558 -0.287505413914088 333.75370908762335
-0.30889830590200273 0.06488459670181275 0.9489083425711358 -246.6344155780125 0.2328066079526269 0.9725057697484848 0.00928251011158469 -11.65532440584517 -0.9222124762994278 0.2237648372118853 -0.315514638677589 333.60331964504576
-0.33702838891547776 0.07175511713701552 0.9387856688333657 -246.32668124191375 0.23223374688981585 0.9726452036278271 0.009025004098630936 -11.649927403681946 -0.9124535121833979 0.22104474313746922 -0.3444763712356862 333.44281724338526
-0.36628877940151466 0.07900944099346553 0.9271711864284913 -246.04314821159267 0.2305415275516005 0.9730557933644096 0.008153452594868072 -11.640874092917663 -0.9015406057161566 0.21672288051788074 -0.3746377810722096 333.27156264163625
-0.3970116973801837 0.0856264961060996 0.913841401123714 -245.78881353828348 0.22942689132322278 0.9733163011753643 0.008468481965834142 -11.633357448182572 -0.8887268299185593 0.21300712417658002 -0.4060660401091278 333.09911344946096
-0.43022028107254606 0.08915954220725125 0.8983413171076199 -245.5222872236194 0.22841938025453545 0.9735057795377379 0.01276670815093521 -11.622535491416683 -0.8733973732805219 0.21067681072698247 -0.4391910405248407 332.90876210044183
-0.46525362577683305 0.09127750742595135 0.880490462795818 -245.267208459314 0.2293828918713147 0.9731506421469712 0.02031833836077613 -11.60680473112953 -0.8549902584471635 0.21140843712949592 -0.4737027194036413 332.70569915510333
-0.5012155766054626 0.0926024777778846 0.8603853506016258 -245.0133420747759 0.23113016365369476 0.9724869535200462 0.029971657388078284 -11.583152395702944 -0.8339339401784407 0.21386910708300744 -0.5088321287426268 332.4820443212273
-0.5369541217606395 0.09442293947837917 0.8383436063405829 -244.74514497386775 0.23379430754865288 0.9714752095330834 0.04032148565654138 -11.552440969470982 -0.810618859437063 0.21763642644604322 -0.543716382737403 332.227752026333
-0.5728386197180729 0.09521833727177981 0.8141529205541236 -244.477263008673 0.2351140104996068 0.9706072461694902 0.05190514898203646 -11.513753842532216 -0.7852755387550255 0.2211377191107629 -0.5783911923228788 331.95441062619705
-0.608044753525533 0.0950556217364808 0.7882267699502145 -244.23081960368242 0.23428640188934396 0.9701018870543078 0.06373691081881622 -11.470171459126098 -0.7585973454832472 0.22341130242282836 -0.6121382483269369 331.6787120703576
-0.6425437655300099 0.09463647573375245 0.7604189798648124 -243.97919979551216 0.23225213414825932 0.9697426345105913 0.07555752981112379 -11.420801827731003 -0.7302554671310879 0.22514344613673679 -0.6450841115371421 331.37660209719826
-0.6766208836763519 0.09521563707822761 0.7301874898955264 -243.73043795876538 0.23034763591400334 0.9692326368299825 0.08705732926290374 -11.36687015887881 -0.6994273107281441 0.22708711250390004 -0.6777378977915036 331.04949366955367
-0.7091853338402423 0.0967911130602437 0.6983864587020471 -243.47563352914094 0.22966706404199264 0.9682460646364582 0.09902114898511821 -11.306003316107635 -0.6666200168451241 0.23060602332534175 -0.7088969003785025 330.68867675431125
-0.7391803091893036 0.09703975998756656 0.666522655172519 -243.22472455002531 0.2267036945630633 0.9677004658304079 0.11052216815412214 -11.238863615734413 -0.634262947365574 0.23278416805924942 -0.7373048998815291 330.3126694373498
-0.767878398059251 0.09630516440343827 0.6333597542318422 -242.9843231830595 0.22042764185005592 0.9680153198123449 0.1200472565157867 -11.171740347127885 -0.6015346893450354 0.23177694146987712 -0.7645469003724374 329.9258863512896
-0.7940934520511561 0.09584909530690684 0.6002373591839754 -242.7472907235495 0.21332230015462228 0.9686495148886141 0.12753274044503068 -11.103552670744405 -0.5691897612508431 0.2293020754692793 -0.7896454756895386 329.51724572731683
-0.8170020206136154 0.09935520648537154 0.5680606869530812 -242.528461019443 0.21043110066115803 0.968512834782834 0.13324627085623686 -11.035698783724621 -0.5369295383988557 0.22838523905380353 -0.8121844681995742 329.0975142926948
-0.836482292012621 0.10475692425186187 0.5379404483699779 -242.31714542103757 0.20978977773172625 0.968028419049535 0.13769953718473416 -10.966064637954318 -0.5063111879453406 0.22802239488741124 -0.8317156747455118 328.66478186360087
-0.8542602665325558 0.1083877237639334 0.5084763103446961 -242.10045830605648 0.20698706680594697 0.9681017400456764 0.14137686818488596 -10.887586864906222 -0.4769279033239702 0.22600539788720433 -0.8494453502917656 328.1995210922533
-0.8705281025511498 0.10866340872156607 0.480031374102918 -241.90172629411032 0.2008053056880318 0.9688941801353962 0.14482269036909828 -10.813115353395824 -0.4493573015941562 0.22244977258148346 -0.865268954779536 327.74556499851093
-0.8849747966264686 0.10783582090978196 0.45304199500783393 -241.69800757958927 0.1954617192143772 0.969019397895171 0.15115610079114505 -10.728741978474227 -0.42270129478480123 0.22230651697716683 -0.8786348523693654 327.2601984928308
-0.8982121947044756 0.1081405114057993 0.4261173307875276 -241.50154765291083 0.19217030432417295 0.9683704784995696 0.1593133854954442 -10.633351266066384 -0.39540657035300597 0.22496876888571374 -0.8905830266504255 326.76108319121937
-0.9100204852618722 0.11059840519456514 0.39960900517233466 -241.3045571081657 0.19048505066018454 0.9675828372114389 0.16598381795760975 -10.53141144324683 -0.36829268186877784 0.2271524094629249 -0.9015864649155034 326.21926708098573
-0.9209421942035808 0.11246317426628469 0.3731946832167233 -241.11787145831886 0.18766579955368978 0.9671455526950696 0.17164614378967497 -10.427948546740563 -0.3416254175546338 0.2280960698770866 -0.9117895906720482 325.66182705077034
-0.9303089353557745 0.11169985499160852 0.34943609432173295 -240.929179482219 0.18219781525698445 0.9674437653342487 0.17580651188327864 -10.318360589838926 -0.318417871742829 0.2272046094984882 -0.9203716503991225 325.0678193909473
-0.9379591510468887 0.11276033106490074 0.32798553685756016 -240.75194705842833 0.17897005392047696 0.9674229823441425 0.17920263619359136 -10.207182900564051 -0.2970893783363367 0.22676832472328656 -0.9275826462849918 324.46652791419353
-0.9432873119260556 0.11535269390299761 0.31138438994580286 -240.56422507320013 0.17872441913115908 0.9667028817379316 0.18328769807098028 -10.081261554056558 -0.2798690051469372 0.2285286389546784 -0.932493358027172 323.812811394455
-0.9469004147465735 0.11842743141797758 0.2990195132211089 -240.36793341112468 0.1798631148827873 0.9657682235372921 0.18706263297763617 -9.946500527920666 -0.2666258517302591 0.2308958209743474 -0.9357850863117553 323.12029516380835
-0.9490978380033681 0.1216062851885915 0.29066015961889696 -240.17179877170292 0.1814571019286382 0.9651503902557282 0.18870302264892985 -9.81446954229141 -0.2575791384973881 0.23182370677303177 -0.9380866662201426 322.43294871386234
-0.950674271805862 0.12389594430942487 0.28447544146705606 -239.9728837331376 0.18256849684765608 0.9646948308172767 0.18995568420278358 -9.68138388161682 -0.25089317850168147 0.23250584819825845 -0.9397282871902269 321.73758622824414
-0.9512807599090646 0.12220576114015037 0.2831754056767599 -239.75445496086758 0.18050237171606587 0.9651021205367022 0.189860292049311 -9.540836619560732 -0.25008685079370313 0.23170792568995463 -0.9401396055181849 321.01045822119926
-0.9513720358191036 0.12249687484792818 0.2827421224396296 -239.54456334004502 0.1806132461528169 0.9651376154859157 0.18957294192222848 -9.402909656720244 -0.24965866839869008 0.23140500312653267 -0.9403276379999149 320.2929867520551
-0.9512538380487117 0.12295831226397821 0.28293949315339184 -239.32528231131406 0.18105402716710783 0.9651115414952447 0.1892850042377079 -9.260747109087772 -0.24978974123504866 0.2312689646349081 -0.9403263382165946 319.56076366651706
-0.9505928311044008 0.12685232795025153 0.2834406221205489 -239.0953144557323 0.1850342093757716 0.9644271976251677 0.1889232607812054 -9.108840579936517 -0.2493882589535734 0.23201884820995622 -0.9402483003762662 318.7929019258405
-0.9502400499391653 0.1266402793889112 0.2847158191856862 -238.85994643517836 0.1851197733743894 0.9644246633572314 0.18885292928111586 -8.955775690366435 -0.2506663995672824 0.23214583129180555 -0.9398773126510407 318.02556623397777
-0.9494623060629945 0.12476488602144578 0.2881199772565353 -238.59587294091153 0.18437426486236594 0.9643468166320892 0.18997684041467794 -8.786257444323066 -0.25414062743708526 0.23348126963779844 -0.9386132643993744 317.1929921751921
-0.9488554169560619 0.12214463498896883 0.2912261121459723 -238.324318045949 0.18258857855546537 0.9646207753596041 0.19030970400981934 -8.615640368207274 -0.25767299261184956 0.2337343782884573 -0.937586746944061 316.3509364467955
-0.9480009150668737 0.12095732845891 0.29448630125544006 -238.04541236561565 0.1821706764054292 0.9647266427367986 0.1901740344186599 -8.44110502431267 -0.2610913014407688 0.2339151348252258 -0.9365951180605369 315.4842913828691
-0.9469193071555949 0.1229662360156514 0.2971222973551597 -237.77409340790348 0.1843723578280959 0.9646679863082993 0.18834084525900308 -8.272175214933677 -0.2634600953273498 0.23310778147656563 -0.9361327723696523 314.6253666516387
-0.9462677676331284 0.12113316148239486 0.29993731566186826 -237.4780303470043 0.18334574019625907 0.9647767697367261 0.18878537847662277 -8.091774889884 -0.26649951536639377 0.2336166583047428 -0.9351448812774166 313.72778465768323
-0.9457594373349644 0.12143956318817482 0.3014135477470566 -237.19186168265117 0.18319505331061975 0.9653738104156268 0.18585738185386788 -7.92223676847959 -0.2684014634464242 0.23097689251741982 -0.9352569897386354 312.8406880549622
-0.9449136036647211 0.12156559954807533 0.30400401311774394 -236.91038274076115 0.1823538343386802 0.9665934200610389 0.18026104770409115 -7.76605818550798 -0.27192993929779513 0.22575061564820018 -0.9355136935329564 311.9838304018471
-0.9439899546771509 0.12209829681005688 0.3066493734948298 -236.62992042001562 0.183205222085424 0.9666529194749967 0.179075048243399 -7.60710912675846 -0.2745541633672273 0.2252082120400742 -0.9348779069184446 311.12784002570197
-0.9424293307835332 0.12457585755745047 0.31043136669410565 -236.33453911575035 0.18716685062972682 0.9655890417693656 0.18071171808568542 -7.434208184070784 -0.277232133732815 0.228393748136559 -0.9333137721338108 310.23675818476204
-0.9411655936916856 0.12419151193578226 0.3143925332871323 -236.03130137553995 0.18894875035233602 0.9645006108466612 0.18462607489652416 -7.256719503369393 -0.280298779590273 0.2331511522348572 -0.9312188928872123 309.3453862776091
-0.9402900974483016 0.1268995536510061 0.3159256236107712 -235.72893523376374 0.19323277599863756 0.9629366231291758 0.18831636780630803 -7.075115335280834 -0.28031540145705636 0.23810279142234875 -0.9299599207616802 308.44495127362035
-0.939958098468698 0.12529648929731868 0.31755033687779155 -235.4144790529973 0.19309509046800413 0.9622624584812367 0.191870591198389 -6.887027847772073 -0.28152230338305695 0.2416510611946067 -0.9286792659240849 307.5274163358168
-0.9400350857054458 0.1253365708449284 0.31730649416220674 -235.10938672993728 0.19361242469523857 0.9618002612461292 0.1936587330518139 -6.700065532654373 -0.28090914138725215 0.24346383399481297 -0.9283915430841295 306.61619142843193
-0.940296403476166 0.12301086890191439 0.3174434599330659 -234.79401087305143 0.1920047723318957 0.9616311808215817 0.19608502553749227 -6.507471205682767 -0.28113886566423707 0.2453117016215371 -0.927835346819566 305.6914155320284
-0.9406698645200786 0.12247952382705402 0.31654122108470795 -234.4801086987186 0.1912374037593641 0.9617708507342494 0.19615036149174073 -6.315125034920889 -0.28041149406853444 0.24503015755326496 -0.9281299768727506 304.7508599619693
-0.9410247865480196 0.12062011000338572 0.31619982960738674 -234.1565087658197 0.18896524857257918 0.9624075244725004 0.19522783290794743 -6.1202744311301975 -0.28076041897606435 0.24344797836106066 -0.9284404771262986 303.8000055150665
-0.9411457809640357 0.12086636490179513 0.31574450221223593 -233.85106370324863 0.18913860715690944 0.962344022909499 0.19537171982989104 -5.930401120934634 -0.28023649403568357 0.24357528474434492 -0.9285650404747116 302.87961851099703
-0.9412033267117051 0.12000381455331416 0.3159012671486481 -233.53736139482538 0.18931513996425856 0.9616195805206904 0.19873715608176504 -5.731995320700202 -0.27992323104093375 0.24684001753792878 -0.9277972322706313 301.9436928697435
-0.9414648773190274 0.11875947859867048 0.31559237538073437 -233.22304677404082 0.18760107919054145 0.9622003407147643 0.19754806185049448 -5.541799366679592 -0.2801983205984219 0.24517335086405131 -0.9281565987921888 301.0104497209046
-0.9417642851200888 0.11831852107180736 0.3148640151550183 -232.92197010913483 0.18497285417403414 0.9640331402339036 0.19098078422535048 -5.373419567086797 -0.28093853961379384 0.2380837007931614 -0.9297769732531688 300.1171390898395
-0.9420065861549413 0.11905703133518912 0.31385820324771774 -232.61751841375798 0.18268956357787108 0.9662455860193699 0.18177489627767507 -5.214315577826447 -0.281617718548169 0.22855550484921455 -0.9319592677044191 299.20715770986754
-0.942490961433424 0.11619245700525706 0.31347776497137525 -232.3131471561982 0.17904353584975646 0.9673061895758746 0.17975213295142942 -5.049960668502857 -0.28233830863690673 0.22552458592337726 -0.9324798709598371 298.3152736680353
-0.9423980616577614 0.11451476830040626 0.31437358605383403 -232.00715001615382 0.17749726651827324 0.9676194527017293 0.17960020884374253 -4.882331957701039 -0.2836222209428424 0.22503901712406843 -0.9322077390027429 297.42578782791674
-0.9416623945008654 0.11226496882349205 0.317373557882819 -231.6890196128674 0.17671781487333335 0.9672842116057959 0.18215616381783956 -4.703443821443021 -0.2865360007658225 0.22759910994500093 -0.930693678736745 296.5057965079986
-0.9409353209086572 0.11071672231860807 0.320061328263978 -231.36579047761165 0.17639289154512572 0.966984422009871 0.18405214492346195 -4.521282020112231 -0.2891121571794556 0.22962169571799068 -0.9293989805272682 295.5737818594785
-0.940159888824292 0.11034714766284767 0.32245893750113686 -231.04382627014493 0.17717332814904418 0.9665062458814946 0.18580672263598724 -4.3379052024850555 -0.2911507012803858 0.23180318490762652 -0.9282204977587059 294.6453942934329
-0.939022283620865 0.11122694111217203 0.32545634608414065 -230.71890049032322 0.1795561586498085 0.9656347712953741 0.1880356292696515 -4.151748403248877 -0.2933527718639189 0.2349914462908 -0.9267242839854591 293.7177457257925
-0.9378535630788313 0.11227642466209217 0.3284525353843581 -230.40362153614845 0.18096516093937046 0.9656476259355145 0.1866149177749492 -3.9781418195684646 -0.2962126441106714 0.23444034016498605 -0.9259541103388562 292.82438849964586
-0.9369032381684725 0.11365629614582148 0.33068159088739474 -230.09774596055365 0.18117567243898203 0.9666660334628436 0.18105398474418138 -3.8204163380136924 -0.29907609544289465 0.2295262805958356 -0.9262640421383965 291.9649448839381
-0.9359733981933206 0.11467950444002996 0.3329543041231726 -229.79321108659715 0.18093721581447347 0.9677726718866536 0.17529010531997205 -3.670058599755562 -0.3021173568620759 0.22429559868484353 -0.9265588814215473 291.11693321862316
-0.9346865777809187 0.11735092857780834 0.3356280990344534 -229.502480041574 0.18305238139859548 0.9680938813364042 0.17127555964726085 -3.526933520656364 -0.3048156501647116 0.22151162347188438 -0.926345357135013 290.30705035443066
-0.9335486892165955 0.11711619841727172 0.33886162239496054 -229.1920717141439 0.18363748326921311 0.9679695709661849 0.1713516971677183 -3.371377545005863 -0.30793522447650823 0.22217818377153142 -0.9251532579290787 289.46478965024
-0.932365379040539 0.11459922462462738 0.34295437234364856 -228.86924996565455 0.18299792669240908 0.9675883965531131 0.17416560063499345 -3.20893253472943 -0.3118750637959392 0.225131573806862 -0.9231169856653656 288.6183820690169
-0.931344579894611 0.11218468114950897 0.346509010196806 -228.54982764144307 0.18202835974713444 0.9674347448834166 0.17602654913495652 -3.050087799088312 -0.3154724712901291 0.22700121083243244 -0.921435283778331 287.7892904021287
-0.930463306205769 0.11499710262222518 0.34795177160918594 -228.25512961368034 0.18485194975960373 0.9671465493811293 0.17466163174652063 -2.9048965411722207 -0.3164299498834111 0.2268210954197131 -0.9211511926182977 287.0075721102286
-0.9297462398623104 0.11682114572526416 0.3492591387438187 -227.97229937311428 0.18626289087324835 0.9673028455066848 0.17228083753991077 -2.770034096612176 -0.31770866389305275 0.22521671718302402 -0.9211047501143451 286.2635762262156
-0.9293791956873235 0.11652383608812122 0.3503340211993769 -227.689273946889 0.18603953671804868 0.9674421252863211 0.1717391149473104 -2.637107691822325 -0.31891151114291644 0.2247716808734962 -0.9207975853809219 285.53374740006797
-0.9286823799998676 0.11487249871053652 0.35271912660114974 -227.39538576906463 0.18515732862824277 0.9674935902613344 0.1724000408118625 -2.4974180509899098 -0.32144492188104495 0.22539831228045462 -0.9197629490868643 284.7936216152959
-0.9278003860030346 0.11737204459041882 0.3542131999744992 -227.12822367000217 0.18771443176554672 0.9672182502701503 0.1711722634432673 -2.3706416470043377 -0.3225061480391752 0.22528932255568868 -0.9194177044579999 284.1056295274776
-0.9274453005402317 0.11642806129067491 0.35545214050336005 -226.857211033478 0.1868792496823033 0.9674635962413561 0.17069725643789457 -2.2464204417552747 -0.32400845444621545 0.22472359222384358 -0.9190275146990989 283.42958333470136
-0.9275456646483298 0.11121858025322455 0.3568557966979567 -226.58154849056297 0.18164592416743328 0.9685359865427923 0.17026476001637267 -2.1217749472368164 -0.3266863877122721 0.22273435165309177 -0.9185637040373349 282.76017196546985
-0.9273970800560625 0.10932092741894507 0.35782757990977293 -226.31705095888384 0.17980859879045996 0.9689285805493124 0.16998148479280584 -2.000703745244231 -0.32812218760511236 0.22196518244779234 -0.9182383444324113 282.10919005412717
-0.9270401966849477 0.10968261507178946 0.3586407430757612 -226.06927497817844 0.17992400654092675 0.9691353856438726 0.16867530845496811 -1.889578340893308 -0.3290658459676199 0.22088081077523897 -0.918162012843744 281.48657037379314
-0.9270779894605724 0.10972912062868105 0.35852953537877563 -225.8383256820398 0.17924737020847048 0.9695974046817583 0.1667299435820747 -1.7880075315253676 -0.329329694747358 0.2188208840290726 -0.9185612062651451 280.8986509226448
-0.9281076352167411 0.10546393330118554 0.35714379364195215 -225.60117547437903 0.1744733875077332 0.9704537869839424 0.16681433812195148 -1.6800238761013793 -0.3289936041547703 0.21711751279798752 -0.919086717086107 280.2996278975676
-0.9296849217849743 0.10285614075791154 0.3537854794668525 -225.3761709694373 0.17164511841517766 0.9706055850960462 0.16885161489782502 -1.5726466287263456 -0.32601420403648784 0.2176882263623758 -0.9200125193727008 279.7106414626918
-0.9311258224410093 0.1020663939932015 0.3502061450271135 -225.16564642323814 0.17088522677734627 0.9702662054143424 0.17154990667359038 -1.4672126257514932 -0.3222792125509202 0.21956360241745385 -0.92088229127275 279.13812323266836
-0.9320696133134178 0.10396393168165197 0.34712456145061904 -224.97076164995588 0.17226792157838655 0.9699340525315634 0.1720464146599351 -1.3680261345560698 -0.31879681552009026 0.22014165571694555 -0.921955852896493 278.59544492340973
-0.9322177917156409 0.10752641433065856 0.34563980046252446 -224.78652243057897 0.17520606068054498 0.9696128849721096 0.17088676485832405 -1.2772711744734857 -0.31675760126687796 0.21984577136980812 -0.9227293556681875 278.08648115247803
-0.9324784819769149 0.10982273543346348 0.3442117409843374 -224.60970538937252 0.17669126561294007 0.9696250630862614 0.16927936834152513 -1.1932548949120265 -0.31516135234708276 0.21865235395142332 -0.9235589450564163 277.5970692702511
-0.9331298446687112 0.1098468512281038 0.34243354900839024 -224.43100774271875 0.17485122833328273 0.9706830440302582 0.16507310775778852 -1.1139337371988327 -0.3142573385934598 0.21389330790026 -0.9249798744771163 277.10881034544445
-0.9332715947967014 0.11014232327838237 0.3419529216354909 -224.25674768303773 0.17411118040351806 0.9712794115414148 0.16232759469647673 -1.0372334855609056 -0.31424893504423296 0.21101708435835545 -0.9256440963066421 276.633494185395
-0.9332821817199469 0.11009429497055156 0.3419400256743316 -224.08828829923024 0.17399014867917373 0.971334740103157 0.16212787513010615 -0.9622029807609636 -0.314285308398306 0.21078918484630868 -0.9256840128005505 276.1877318468281
-0.9332737371395597 0.10993494462371703 0.34201436541310204 -223.9168018680287 0.173913810862753 0.9713130920996044 0.1623393954626148 -0.883500327921771 -0.3143526462222289 0.2109721690267238 -0.9256194412697442 275.7374413098773
-0.9332789792524905 0.10958133786611847 0.34211381910140587 -223.74830853520766 0.17348307205993393 0.9714324983586434 0.16208567007390132 -0.809706801674122 -0.314575383063375 0.210606133729162 -0.9256271908289244 275.300237761749
-0.93286339015275 0.11076359611058749 0.34286489615359994 -223.58255854933228 0.17424590688171798 0.9716105953103398 0.16018829156313566 -0.7384473296213012 -0.3153842935656014 0.2091604478919738 -0.925679376473464 274.86598740494236
-0.9322711227389476 0.11099668680854281 0.3443971747858746 -223.4196267947142 0.17393370169866976 0.972103693754369 0.15751356232956512 -0.6718668872763278 -0.3173030124748629 0.20673193503831572 -0.9255698343956628 274.44835110093106
-0.9317605695401192 0.11165255312592091 0.34556505366472656 -223.25285711262114 0.17285450091775034 0.9732353054758739 0.15160371275345544 -0.6100058529880794 -0.31938567766673 0.20097514960461096 -0.9261212085457596 274.02239320246167
-0.9308139093974466 0.11336693766919965 0.34755283338696535 -223.09795181061796 0.17296980617212016 0.9741496681167401 0.14547469572199948 -0.5567831535455607 -0.32207297785507255 0.19551039290640002 -0.9263602348594472 273.63055304866566
-0.9296990358761733 0.11633092688264306 0.3495518824450933 -222.95093012865647 0.17475340186218644 0.9745711560259861 0.14043410213427177 -0.5062098294370394 -0.32432321717454415 0.19163155707175866 -0.926386183024676 273.2563672935781
-0.927921566348933 0.12027753216053963 0.35292261347250625 -222.80446186129728 0.17915356858912315 0.973964644222575 0.13908990517595937 -0.4514590227913243 -0.32700182479307305 0.19227658555503108 -0.9253100536944963 272.8863956954765
-0.9258966945421361 0.1224875596658145 0.35745217538758006 -222.6398925637353 0.18258128652046268 0.9732833108428358 0.13940338125367763 -0.3882065008674359 -0.3308240904712174 0.19432169982680364 -0.9235222397718633 272.4856011257947
-0.9242732452018814 0.12170821516329844 0.36189000700949064 -222.4592623890804 0.18354493214668668 0.9727847605784753 0.141599096815049 -0.3182468650859766 -0.3348048938882003 0.19728449227808853 -0.9214568088850187 272.05591413621136
-0.9229288392850751 0.11971548435923303 0.3659610664774257 -222.2641974295236 0.18369156498678035 0.9722258057645403 0.14519819222684163 -0.24000448696401872 -0.3384127338680275 0.2012170876869315 -0.9192851723733294 271.59592794946485
-0.921351927501234 0.11770082146384156 0.37056013395894993 -222.0585952807142 0.18432646737135877 0.9714172486538709 0.14973640960100346 -0.15564810831642023 -0.3423424549391492 0.20624926164185656 -0.9167116520608781 271.12583453127183
-0.9195020963952144 0.11727509447006285 0.3752613931148008 -221.84625628855946 0.1864683807988264 0.970401717894538 0.15362029342759975 -0.06863251015572452 -0.3461361848706328 0.2112139502746859 -0.9141534051230841 270.6413254215808
-0.9171014294607371 0.11992692782015582 0.38026609938385986 -221.63973669774697 0.19066172386258307 0.9695192041563083 0.1540460513271894 0.012044983529644962 -0.3501987749855205 0.21376332719916258 -0.9120112358903009 270.17335718493246
-0.9144973995423461 0.12242513802400043 0.38570192297671924 -221.43982961607014 0.19383816845615834 0.9692225893295713 0.15193355682371734 0.08470871152841682 -0.3552281659932684 0.21369193969485642 -0.9100806949034088 269.7265576003228
-0.912785744090679 0.12207096801560018 0.3898466545993521 -221.23180505458342 0.19391448099146755 0.969437294068001 0.15045943925177344 0.15734181360401137 -0.3595629603284084 0.21291937225606208 -0.9085583519774294 269.2708053558527
-0.911490450462256 0.12051297186030975 0.39334580002404385 -221.00865205296458 0.19298993415545312 0.9696763225582364 0.15010685451059308 0.2375948470177024 -0.36332555530697314 0.21271788831533078 -0.9071069286487793 268.79102021552814
-0.9106612518635778 0.11878562949941941 0.3957847636887183 -220.77923943948005 0.19212200563940482 0.9697097066894479 0.15100233207823685 0.32298885112042686 -0.36585639632458977 0.2135359368005971 -0.9058965105786425 268.2955993472126
-0.9102186138847792 0.11755075955624741 0.3971692142176234 -220.53675705980547 0.19163600769217043 0.9696203903703448 0.15218929728985892 0.414873467476386 -0.3672101661477742 0.2146223467847505 -0.9050918007579994 267.76653777795514
-0.909937684921099 0.1172649527099445 0.39789747295211353 -220.2950456318808 0.1916420712167191 0.9695704781986391 0.1525004823825192 0.5055683478779847 -0.3679037009258261 0.21500493651862598 -0.9047194322302526 267.2356702354245
-0.910010181838723 0.11701230586375388 0.39780612842863633 -220.0563993859166 0.19118711209840303 0.9697232246076869 0.15210061419470025 0.5915820453024381 -0.36796137482723845 0.21445393007904776 -0.9048268767327757 266.70196888112747
-0.9103706626432864 0.11684349698801946 0.39702984942212877 -219.81785236511197 0.19038274873273428 0.9700463349158086 0.15104424974775113 0.676955029547406 -0.3674858199465903 0.21307917021936768 -0.9053443017543484 266.1553396693549
-0.910930347242521 0.11680675156882159 0.39575450813771207 -219.5774699740161 0.18922675512730197 0.9705773520354835 0.1490729609776593 0.7616590710066865 -0.3666944139335935 0.21066761873890424 -0.9062289324658389 265.59959695431036
-0.9115225814213318 0.11671981310146115 0.3944147055279701 -219.33708921447146 0.18854949910068433 0.9708055608375346 0.14844492561784578 0.8469906235433148 -0.3655703610590239 0.2096627485056068 -0.9069160444428314 265.0381441875234
-0.9122559414878155 0.1161595342693069 0.3928811978222135 -219.07987108949257 0.18799843191058688 0.970750813181709 0.14949673532429159 0.9443259485760671 -0.36402104585414485 0.21022531901572367 -0.90740859155631 264.4361176760015
-0.9131838672615228 0.11737296751213469 0.3903572780330779 -218.81490297077366 0.18996000086060238 0.9698622183046479 0.15274817436335572 1.0501793754352418 -0.36066120794682327 0.21362453735968148 -0.9079562162168434 263.8016680596712
-0.9144168427447219 0.11749203748672407 0.3874226567771642 -218.56380013632628 0.1896259185718301 0.9698187620493358 0.15343621314301115 1.1506856749611485 -0.35769900271630944 0.2137550090825374 -0.9090964134911107 263.18911305843324
-0.9169465306956788 0.1157875655326299 0.3819185737381949 -218.29050654637825 0.18661824350720696 0.9703359151642191 0.15385343457988931 1.258327928242796 -0.35277185536497724 0.21233332528873186 -0.9113521039454715 262.52521134196206
-0.9205402558667495 0.11523381294695738 0.3733442571890998 -218.02207704628955 0.18288449423455358 0.9714842702618022 0.1510622594957095 1.363149639100889 -0.34528736611909416 0.20732297397718222 -0.9153631408293856 261.84001078029587
-0.9242661145819107 0.11496156534779443 0.36410801612169114 -217.75647080960266 0.180266419584961 0.972033378762775 0.15067376021653614 1.4704408062139414 -0.33660016181520036 0.20488462074584238 -0.9191399430753746 261.1310472720562
-0.9285035125364454 0.1153595835120753 0.3530330398167107 -217.49788588095726 0.17874620338901165 0.9720339493530592 0.15246986408145133 1.5846661216419082 -0.3255679401537307 0.20465770447229734 -0.923155719838235 260.39792426155185
-0.9331530320065299 0.11570591684420696 0.3404361278912524 -217.2449934119946 0.17712054838638705 0.9719075410985151 0.1551504415333767 1.7051330651156045 -0.31291713643212565 0.20506256476758877 -0.9274307607550196 259.642542556598
-0.9373216501304673 0.1177888403463838 0.3280435327084811 -216.99603234410918 0.17709175737127497 0.9715962562085196 0.15711937248389019 1.8273338117469575 -0.30021564368207204 0.2053509518473734 -0.9315564301288188 258.8641353108495
-0.9417166067295816 0.11817051838355949 0.3150623148958807 -216.75140912703873 0.17505163339179028 0.9717007342815361 0.15874985834463898 1.9517822111690237 -0.28738334257187576 0.20463537123439623 -0.9357515575193588 258.0654916293822
-0.9455887405726762 0.12125052058784072 0.30202500734085785 -216.51983388075212 0.17570115714062579 0.9713607308825667 0.16010878121877778 2.078730862894006 -0.27395847971844267 0.20444874619842354 -0.9398102186914231 257.264168394348
-0.9487399890544804 0.12285497305595332 0.29130391884139706 -216.27928894836995 0.17574784923563266 0.9708875281332212 0.16290470621839528 2.2200960453581895 -0.26280621483550337 0.2057354815622666 -0.9427098400391976 256.40981024147277
-0.9510345434989205 0.12431159659219455 0.28308892422949034 -216.0499037296405 0.17658563415542325 0.9699932107547679 0.16726841945301069 2.363831898579582 -0.25379739688627106 0.20905234565902844 -0.9444470475372684 255.56916522940452
-0.9529020721477293 0.12379126147068305 0.27696930254518215 -215.81061138684407 0.17547081286637112 0.9696703389066763 0.17028578760529245 2.5153884883546507 -0.247485560055166 0.21085073077960398 -0.9457215084958501 254.69458242678508
-0.9543280318205133 0.1251667953729491 0.2713833335726566 -215.58513690050995 0.17574097307716624 0.9695283904947665 0.1708106792685986 2.6555982365372226 -0.24173069463436395 0.21068772074985648 -0.9472450822586459 253.8571988324162
-0.9553605913050179 0.12505419533772608 0.26777642016966235 -215.35585989387417 0.1749152918776757 0.9696063151968614 0.1712132569707054 2.798405433873742 -0.23822333745005872 0.21039376983076574 -0.9481980243149095 253.01124631492317
-0.9557592751847107 0.12633528658081347 0.26574426537342355 -215.1256652679119 0.17593416383158375 0.9692963658593966 0.17192310924280038 2.947787066949417 -0.23586157262915375 0.21105586220279274 -0.9486411807059323 252.15882908018548
-0.9561000938321765 0.12528175863518118 0.26501650660985104 -214.88517590268674 0.17556248309860353 0.9687415057394311 0.17539677573166038 3.106981588789113 -0.23475492711448925 0.2142087494503778 -0.948208991317159 251.28475210917907
-0.9561262383636722 0.12621064836377519 0.26448140619965 -214.64220740083675 0.1771373331229122 0.9678941797199402 0.17846392405558395 3.2752402008764907 -0.23346257997135716 0.2174684342865765 -0.947785926357 250.39306132554913
-0.9559062713347773 0.1294123019572584 0.2637288164602256 -214.39444910226862 0.17928142853059764 0.9681855550294867 0.17470406506071326 3.438051147267759 -0.23272646427108665 0.21426765979720783 -0.9486959130348138 249.47030231879842
-0.9558729785766384 0.13080377197762122 0.2631617688502811 -214.15387068083817 0.17910283598738827 0.9692740864832817 0.1687477069895379 3.5851341921257913 -0.23299976863553387 0.20841991822532074 -0.9499302439821652 248.5723345560584
-0.9555390038042106 0.1336723644991554 0.2629320987158072 -213.91130154344938 0.1807070919364861 0.9698535675427511 0.16362765938998594 3.731871262199389 -0.23312961822262418 0.20385200712375626 -0.9508885881928038 247.66864488852661
-0.9551497141552233 0.13279684473949033 0.2647838510291468 -213.6533370896146 0.18091353610252497 0.9693384448237784 0.1664274988142785 3.891535559236397 -0.23456063735200164 0.20685201032311737 -0.9498881111483647 246.75182011886227
-0.9546054798811381 0.13332734746495842 0.2664723763076092 -213.39323251256104 0.18270309452057445 0.9683893791305617 0.16995686855608313 4.056631771430297 -0.23538594748388664 0.21091329896023653 -0.9487899526341854 245.83022325041617
-0.9542536588321177 0.13371576298918106 0.2675363879614998 -213.1305183815214 0.18375794712778867 0.9678917969893488 0.17164634653970656 4.223156787362868 -0.2359912614759664 0.21294216388238638 -0.9481862148932141 244.89985547307867
-0.9538991228567373 0.13296881128234517 0.26916595045594516 -212.85996721250794 0.183691068527615 0.9676777469969158 0.17291822895566833 4.393200540006271 -0.23746990352955932 0.2143757469602294 -0.9474934655241585 243.9526913245083
-0.9532130659783942 0.1311338340453261 0.272476275763006 -212.57625140433862 0.18302809867558278 0.9674942864805688 0.17464083020387555 4.569002833378347 -0.24071453855905545 0.21632650838118114 -0.9462304819867033 242.98131192025963
-0.9521744046836517 0.13487136013986523 0.27427596369866536 -212.3015743997624 0.18778392532348884 0.9661958677227175 0.17676490228466504 4.747762572210362 -0.24116063383886516 0.21980161251361685 -0.9453154153949219 242.0175490829096
-0.9514809182426227 0.13626629455296882 0.2759882253807052 -212.0174699111568 0.18939010453108454 0.9660345206432994 0.17593050209673647 4.923961003329975 -0.24263776787505315 0.21964999016126552 -0.9449727334887215 241.04053896124526
-0.9505148735104534 0.13962396557960305 0.2776322161965692 -211.7371880709829 0.19184801511551625 0.966480908932218 0.17073794272139456 5.090406899115805 -0.244483574490665 0.2155379660806383 -0.9454430227311807 240.07077952386638
-0.9485460184444934 0.146706342731449 0.2806976807737188 -211.45795978556495 0.19851763817402454 0.9659682925485747 0.16594860753669072 5.2560850751678405 -0.24679604574686811 0.21311956580890734 -0.9453906929203979 239.09021387681952
-0.9460839658171171 0.15106415014164273 0.2866338765545202 -211.16701066224746 0.2037294431165139 0.9652681689105193 0.16369305705940285 5.421209690544396 -0.25194729801325016 0.21324930792707422 -0.9440017824591892 238.1211470511633
-0.9439186191092267 0.1514935203605225 0.29346616287186006 -210.85961221145465 0.20600042325072193 0.9646318903050652 0.16460038625919532 5.59071784767421 -0.25814761943712083 0.21580927630829147 -0.9417424496556555 237.1466760248431
-0.942139492985375 0.1500882577255924 0.299835931029826 -210.5397334125306 0.20619105502370916 0.9645125665700953 0.16506101286046523 5.75967376036934 -0.26441840050521026 0.21731973213895442 -0.9396528817744797 236.1676463455966
-0.9402556341532102 0.14973806757145702 0.30586509490721686 -210.22230685918103 0.207360597535872 0.964205944929123 0.1653868487783535 5.9271830640164715 -0.2701487989324897 0.21891585052515528 -0.9376502256083613 235.2064611670404
-0.9395455070246034 0.14531116594229965 0.31015164610963286 -209.8907637660276 0.20260994490923007 0.9659247432289804 0.16119251333995496 6.083438778131375 -0.2761566015573856 0.21427289297946195 -0.9369722516426926 234.24577605634383
-0.9385646284414786 0.14397792965701903 0.313722242205533 -209.56342341461362 0.20039671309659104 0.967306765559569 0.15557429404325354 6.231694869564918 -0.2810628093377605 0.20887115852982208 -0.9367331529649098 233.28651254950316
-0.9366918019047825 0.14343390394642364 0.31951498087138924 -209.2331292346837 0.20126764015846235 0.9670764276490681 0.15588298181373994 6.38781234555093 -0.28663283372530285 0.21030803116896798 -0.9347215422945832 232.32894597142135
-0.9353378695716138 0.14042231917925962 0.3247740647998683 -208.88150974866286 0.20044364843942358 0.9666936930170835 0.15927987781277844 6.555242846812629 -0.29158741432428936 0.21406530086134554 -0.932332483715228 231.3480697980666
-0.9340822108801011 0.1388768230359777 0.32902520427509224 -208.53739698890368 0.20142460186568537 0.9656630758629302 0.1642178321330861 6.725219528829575 -0.2949183556792662 0.21965248680027907 -0.9299823420733644 230.38535608516753
-0.9334360562984719 0.13638734181584147 0.3318878972162569 -208.1884864896531 0.19934778457489874 0.9662002383707451 0.16359057346339978 6.887454271900427 -0.29835547863910417 0.2188481920263558 -0.9290752596050472 229.42798882924288
-0.9334701280135671 0.13547244003754796 0.3321671308015765 -207.85469726951897 0.19782080121844914 0.9668526230925328 0.16157749366640572 7.0412052321331124 -0.29926433196044533 0.21652292640902993 -0.9293276552807598 228.495897959129
-0.9338364120895657 0.13264015162721082 0.3322810340994257 -207.52731842750228 0.19414933385872216 0.9679891347390626 0.15920929117594831 7.1880218084358365 -0.30052377279157644 0.21317312402040903 -0.9296956057237634 227.5942760873531
-0.9335824419521543 0.13472175962297822 0.3321565979941238 -207.20818424058623 0.1962291423574709 0.9675940742178226 0.15905994989181707 7.33941753300126 -0.2999608333743504 0.21366001319023664 -0.9297655275656517 226.68764856496904
-0.9327821148293846 0.13922531815918163 0.33254718037545683 -206.89420927440514 0.20024455331583862 0.9671487293245691 0.1567466352130558 7.4849820567859195 -0.29979641636788384 0.21278680699015445 -0.9300187857715543 225.7940577094168
-0.932125885156188 0.14420061370353232 0.3322673989212108 -206.58890741957356 0.20485025765572293 0.9664278023059788 0.1552351655879146 7.627924343318715 -0.2987246123052141 0.21274924924139707 -0.9303719698183665 224.9155850947677
-0.9314341511835339 0.1480504547187123 0.3325136898424053 -206.28402368629182 0.20912518523008444 0.9653982275390223 0.15593743412122393 7.772716633002218 -0.29791891067812504 0.21476786857682337 -0.930166450162798 224.0491046862318
-0.9309518341132631 0.1485906103653129 0.3336215318448758 -205.98655088906395 0.21014701044556527 0.9650773532960444 0.15654779898032017 7.91128436645211 -0.29870643946591313 0.21583339647522287 -0.9296670609403802 223.21919541080155
-0.9310485265352623 0.14590960103697498 0.33453343588230844 -205.69579829347495 0.20758459246722175 0.9656327736857446 0.15654252178276315 8.041598561574025 -0.30019261181012735 0.21517831872551643 -0.9293401153411114 222.427881546532
-0.9312441407724293 0.14516963216262538 0.3343120995606497 -205.428695651359 0.20627976453017677 0.9661542080363023 0.1550434434804502 8.159493268037664 -0.3004869870167136 0.21333072265815278 -0.9296716593446919 221.67706050424133
-0.9315823184705172 0.14408122804152054 0.3338406309419739 -205.16689330486236 0.20479367918587216 0.9665916746617332 0.15428573050305738 8.276849309621516 -0.30045549408452454 0.21208402768539616 -0.9299673134448893 220.9437618228895
-0.9322890973675592 0.14060669530057857 0.33334884940975157 -204.91590607962962 0.2009420957308602 0.9674639701880371 0.1538824449849708 8.389034253465852 -0.3008636660040879 0.2104327846476531 -0.9302106372842205 220.2493144246251
-0.9328223713622031 0.1384644232336446 0.3327540024395127 -204.6745934833361 0.1983879433597984 0.9680852879887216 0.153289181346604 8.495877061948061 -0.3009067060656453 0.20899219925819623 -0.9305223383670983 219.57371657925773
-0.9331587857246875 0.13665247248277484 0.3325593743198793 -204.44147755983877 0.19631672807222675 0.9685781479121679 0.15283965048177725 8.59837643967905 -0.30122118875173265 0.20789633314633946 -0.930665223484277 218.9276432636529
-0.93331824895928 0.13588516872621773 0.3324260360032519 -204.22455158838815 0.19567694364696836 0.9686159902127434 0.15341863109952641 8.696943942773796 -0.30114314385384044 0.20822211083021944 -0.930617596665414 218.32405583974963
-0.9335023283905863 0.13514821215169098 0.33220947965365905 -204.01813051838502 0.19488754829774782 0.9687623439083015 0.15349791624841 8.788893531883014 -0.3010843552172897 0.20801939622523005 -0.9306816285125081 217.75140744399783
-0.9336672518585819 0.1341429063975033 0.33215469671687514 -203.81917857323666 0.19448674903042212 0.9685197856564487 0.15552416891621704 8.882120912766501 -0.30083321844241856 0.20979269584766644 -0.9303649480220342 217.1972518424521
-0.9339824839234588 0.13069959456462113 0.33264160385323016 -203.62256556514916 0.19156470615908894 0.9688351603279903 0.15717789500565246 8.971156887851949 -0.301729023990346 0.210508973506074 -0.9299131306266795 216.66695832395143
-0.9344899837830494 0.1266417424689514 0.3327858448707329 -203.4360504406798 0.1874026332005766 0.9696419215290446 0.15722027172114683 9.05537290920648 -0.3027696378757788 0.2092707960748441 -0.9298541131729722 216.162514056072
-0.9349540735826598 0.12268578178724016 0.33296431748087574 -203.25230324371194 0.1830854838191849 0.9705913019179224 0.15644495034708233 9.136310510582891 -0.3039760163273522 0.20721477191175847 -0.9299203660605028 215.67117807643706
-0.9349989369659006 0.1231887349438957 0.3326522247499004 -203.09308460001895 0.1830537464544918 0.9708340407269123 0.15496925883102708 9.20587235076078 -0.3038567465437233 0.20577425636695748 -0.9302789653448023 215.2207829278038
-0.9344589773867 0.12849877372026955 0.33216037410305965 -202.93956559039134 0.1868730561383216 0.9708695377365326 0.1501123712087244 9.2692349981045 -0.3031925637171664 0.20233042737310505 -0.9312505220924323 214.77761639062433
-0.9338038227376707 0.1337936679212708 0.33191104200704813 -202.79019001944104 0.1906968809288734 0.9708849593741812 0.1451199076956266 9.32811399663218 -0.3028285426286145 0.19879251835310274 -0.9321302448944938 214.35474889435523
-0.9337535347837017 0.13529564342803385 0.33144353856428427 -202.6417098576962 0.19050529441431355 0.9716686325764602 0.14003630986091306 9.381497079680052 -0.30310425852676426 0.1938856429220905 -0.9330735657390075 213.94302896263184
-0.9343985433926099 0.1298602375510499 0.3318002350081139 -202.4700508973694 0.18395579829309608 0.973352354742666 0.1370702420920097 9.443709450223478 -0.30515564769616915 0.18909934958216157 -0.9333875234730551 213.51292700641946
-0.9345162034303085 0.12708563896475963 0.3325418623624987 -202.31120714756042 0.1808756867817324 0.9740767875972638 0.13601822372581887 9.502684119361653 -0.3066323550192796 0.18724449869938628 -0.9332771563125417 213.1017231148434
-0.9334861852003923 0.1302752885976832 0.33419658604736596 -202.15963507714304 0.18486832549366175 0.973191085329305 0.13698855525369727 9.564683140207693 -0.30738792219037697 0.18964372865445123 -0.9325438841680823 212.67990046923416
-0.9322434582871636 0.1351503541352463 0.3357269525920766 -202.00712965616336 0.19107206162396176 0.9716500361610638 0.1393959996198303 9.628589118147202 -0.3073666617505752 0.19408325734052642 -0.9316371251586659 212.25782019347983
-0.9313769760138919 0.1405492916155739 0.3359151600469251 -201.85781941923156 0.19653499294091287 0.970649095576719 0.13877370845946013 9.687638291629684 -0.3065482429366006 0.19525378130318372 -0.9316622159265385 211.8521619870723
-0.931078333014517 0.14165885549096857 0.336275812061297 -201.71336525440873 0.19730164037590503 0.9706957448663162 0.13735041802392353 9.7394573767314 -0.306961400120483 0.19421584613370016 -0.9317427667146685 211.46987450715704
-0.9310982199498526 0.14122231563317084 0.3364037070268944 -201.5708590061854 0.1966088409874997 0.9709496456283445 0.13654517846117475 9.789805939513473 -0.3073444280089082 0.19326068744830102 -0.9318144098333068 211.09276868516193
-0.93077366275911 0.14067236658381058 0.33753017806609775 -201.43015369603137 0.19625547610840444 0.9710312735819112 0.13647414844622474 9.841321322979415 -0.30855063868280835 0.1932524710332583 -0.9314172331174928 210.7263101087202
-0.9286071975883458 0.14305750008026596 0.3424592856423779 -201.27909011960782 0.20029430241978918 0.9700066647389299 0.13788586587277407 9.900473912231396 -0.3124585796228279 0.19661816523615694 -0.9294079258990581 210.3397542484781
-0.9260992704648783 0.14661625902699446 0.3477049703097855 -201.1218853149238 0.20524802511143184 0.9689434471782291 0.13807527861965746 9.958922908254124 -0.31665894046991094 0.19922094045916577 -0.9274299001669281 209.94956451534824
-0.9244229497788573 0.14540929420900797 0.3526369624852802 -200.95551046660563 0.20477583895059479 0.9691744573226901 0.1371518554797948 10.014037373765133 -0.3218200580886475 0.19898180268974708 -0.9257028352301548 209.55667650530586
-0.9228677962776914 0.1425293008670964 0.3578464640573085 -200.7741603456216 0.2024793933693554 0.969835722989117 0.13587996190858112 10.072941276713735 -0.3276814939568323 0.19783995899128276 -0.9238880403169162 209.14010738629847
-0.9201181728135045 0.1431023222646058 0.36463344990083524 -200.60580984352245 0.20414164969748305 0.9696714502398841 0.13455906838529547 10.128656675751225 -0.3343151811155961 0.1982314910759977 -0.921424037204134 208.7445818782916
-0.9170622063858064 0.14782801526366074 0.37040219187416956 -200.42907111504817 0.20998733743864192 0.9685950612727767 0.13331079961859585 10.189257023536507 -0.3390590087564174 0.2000183637973999 -0.9193021257825476 208.32608195621432
-0.9142783585753903 0.15085518904155265 0.3760214262020997 -200.254069488688 0.21352596986686528 0.9681717944141239 0.13074005764663563 10.243633256822886 -0.3443269117941314 0.19980741861664425 -0.9173880700653052 207.92324975370045
-0.9129277087344413 0.1519467055370642 0.37885343629267726 -200.0785283620712 0.21332792604559278 0.9689169585365636 0.12543571247474936 10.290296544832744 -0.3480146797208323 0.19531780525749803 -0.9169638013136744 207.526098173162
-0.9124952197895323 0.14994208041169582 0.3806898590463638 -199.88510450968155 0.20976229326761506 0.9703089010351135 0.12059527144080905 10.338764237756608 -0.351300966238786 0.1898812251995999 -0.9168523438786453 207.1016016485209
-0.9112472636761595 0.14617410686149399 0.38511828136376813 -199.67662222827278 0.20630302945733522 0.9711850520030383 0.11950466368207234 10.39646737747255 -0.35654903181858943 0.18833377848059932 -0.9151437355459255 206.649777949302
-0.9091028622399815 0.14478385811028952 0.39067118148220015 -199.4648178136288 0.2064200386626004 0.9710428202452211 0.12045481066078517 10.459221294786438 -0.36191486639421955 0.1901326406040286 -0.9126619447894856 206.18545904953612
-0.9061861104719636 0.14651192469914345 0.3967559262278173 -199.25108860594347 0.2092930721980147 0.9705318562402548 0.11961093944164158 10.521276419627764 -0.3675362336143841 0.1914124396604994 -0.9101445980466206 205.71415765106136
-0.9033947465407567 0.1483338352210787 0.40240492891833995 -199.0300125658392 0.21192167226003666 0.9701426173648716 0.11813059473212012 10.582571327546384 -0.3728639954858022 0.19198144933396386 -0.9078547812382043 205.23255914033712
-0.901400506667668 0.14889291506528285 0.4066480562782022 -198.80414566912012 0.21327618773536272 0.9699085709080957 0.11761307902695872 10.644619683355499 -0.3768963000069003 0.19272935625499799 -0.9060293612226556 204.74713017540148
-0.9010726737328857 0.14692539100294175 0.40808804511818214 -198.5614354388862 0.2111639537646152 0.9704640531266752 0.11683898186263249 10.708728555483088 -0.3788647064172436 0.19143822892877507 -0.9054815517454815 204.24023526148002
-0.9016811621765833 0.145221990090267 0.40735354983213373 -198.31463053309773 0.20729608373527653 0.9718238657004048 0.11237683601048336 10.767840266875563 -0.3795527705435286 0.18575529028472984 -0.9063768843990101 203.71719351344888
-0.902429484002184 0.14346321362308526 0.40631863337822066 -198.06899453928494 0.20307863827691502 0.9732792154784596 0.10737060807962748 10.823374370383666 -0.3800543003002397 0.17939330342600515 -0.907447760747562 203.19061032313812
-0.9029604077353893 0.14307081494218857 0.4052767965720664 -197.8391223029306 0.20054191007311714 0.9742935356918178 0.1028439834590627 10.874513505277811 -0.3801412091118394 0.17412347812936782 -0.9084378822920107 202.68343338710744
-0.9032572010999753 0.1423729963100006 0.40486041352607666 -197.60671072801364 0.199633592522874 0.9744972493763376 0.10267791255524387 10.930249751575214 -0.37991318126346885 0.1735522391365197 -0.9086419209246371 202.16866392222602
-0.9042281657197548 0.13985128594328605 0.4035717616525942 -197.3491774374672 0.19809843124648485 0.9744380074837828 0.10615682189894812 10.999098068454353 -0.3784053199104728 0.17592058480191178 -0.9088159278147058 201.5931681065061
-0.9053668186222023 0.13612806619655285 0.40229065072889564 -197.06610658794852 0.19628790346490055 0.9741387438885122 0.11210074428621501 11.082747724496663 -0.37662270836040446 0.18044077586482113 -0.908670501923206 200.9580292675318
-0.9067330616356922 0.13047945015303827 0.4010842030379626 -196.7730308080293 0.1933201495842388 0.9737619056058432 0.12023954558573527 11.1751338550346 -0.374867271075496 0.1865463135745271 -0.9081639443480795 200.29996730499315
-0.9084647200915947 0.12747038998295077 0.39812303607696614 -196.48616817837012 0.190955825291896 0.9737647701247018 0.12393840422758702 11.264752750582769 -0.371875134359867 0.18860123960008493 -0.9089695119810302 199.6360174252303
-0.9112498173069471 0.12546923744738078 0.39235198998801535 -196.18837365306447 0.186616292682187 0.9748946807363901 0.12164339297236713 11.349697335444535 -0.36723468604826015 0.18405061029612474 -0.9117845919909362 198.9353949670997
-0.914580933314189 0.12505515739462744 0.3846584490004608 -195.90660998136926 0.18363751767176537 0.9757393417057793 0.1193839827902558 11.430047833223567 -0.36039230510170944 0.17980780290906792 -0.9153544799378324 198.24322637870293
-0.9186012283993715 0.12690642859692863 0.37433260385960493 -195.63749001173207 0.18158249105948585 0.9767140652764168 0.11445153809205211 11.505247005992373 -0.3510867026890887 0.17309178818430931 -0.9202522918482267 197.54551177122292
-0.9225859701874363 0.13143987603843257 0.3627902281000769 -195.39060099114187 0.18313729031747947 0.9767272983118546 0.11183151711049027 11.582600730862731 -0.33964355159696497 0.16959892684825228 -0.925183888927332 196.8560899489298
-0.9272360008213537 0.13266314909373494 0.35027428431244423 -195.14404553254536 0.1814913131364626 0.9772077400238754 0.11030826278266477 11.659475085247648 -0.3276524286199884 0.16583770841752216 -0.9301766057676616 196.14539490655116
-0.9321354730957068 0.13505014599874735 0.33607176659804827 -194.9146048592804 0.18190796979940732 0.976945389897735 0.1119365110557022 11.737536232998284 -0.31320210266867604 0.1654578824373735 -0.935208542080666 195.43071278966545
-0.9372040234851223 0.13612121816901035 0.32121274024196567 -194.6921156225437 0.18109833580342957 0.9768073854356778 0.11442413779113406 11.819629577936007 -0.29818301918838175 0.1653937816718656 -0.9401160203013446 194.69840886100965
-0.9421079914814245 0.13698226134938513 0.30614721464201994 -194.4811337715468 0.18082996604640036 0.9762320337928343 0.11964004183309511 11.912232675657217 -0.28247787999060714 0.16805848122635816 -0.9444832801420417 193.95105366494298
-0.9473017687797431 0.13688616050909003 0.2897235350470703 -194.28139873449103 0.17954280576337586 0.9756633233567545 0.1260472244882055 12.012087923734915 -0.26541452199932636 0.17140655678426836 -0.9488210338295685 193.19606766445787
-0.9526026312982113 0.1347297437330347 0.27286489534092084 -194.0732834915676 0.17645892661601587 0.975090602512053 0.13454968770670991 12.129584043602547 -0.24793566719950816 0.17630578334165933 -0.9526440146666089 192.37254011437298
-0.9572742540213726 0.1349997366973643 0.2558521352939876 -193.8768749364326 0.17469513438928233 0.9747450044126699 0.1392730798084341 12.249768364578086 -0.23058431347597663 0.17800266727335196 -0.9566778676823945 191.52366607202222
-0.9611863257721427 0.1389624453937761 0.23847181456998587 -193.70487070778984 0.1754006176688418 0.9746593189062807 0.13898566027567413 12.357142807727241 -0.21311082976765203 0.1754031838074217 -0.9611991426906856 190.70524861149053
-0.964140615406342 0.14295228186275286 0.2237304673582497 -193.54463110733184 0.17567434245448654 0.975330978144371 0.13383004893043987 12.452960598151606 -0.19907597156577414 0.16831852921910148 -0.9654655756062397 189.88670236129076
-0.9659462157038042 0.14778869928625843 0.2125203785010325 -193.39707353668402 0.17785931524566087 0.9754483031804949 0.13003404059588775 12.546654033696708 -0.18808120943578985 0.16338847483496746 -0.9685122254891694 189.0968138900228
-0.9667552027673423 0.15213441878431885 0.20566688819594614 -193.24107524425756 0.18121416706830593 0.9747345169331846 0.13075587567049674 12.650836748552456 -0.1805742179250033 0.16366236137438112 -0.9698940189468811 188.28725945174182
-0.9664333583046103 0.15615807674519644 0.20415983126024514 -193.08213405378206 0.18567424325054946 0.9734048552192918 0.13435575954117324 12.759854427442383 -0.1777456155030717 0.16773644946093788 -0.9697203740485446 187.49113838078438
-0.9657576723146389 0.16019038308511388 0.20423048728500584 -192.91587730498725 0.1899343426642235 0.9724406547979382 0.13537464961120552 12.870620174813777 -0.1769127647377557 0.1695130546031255 -0.9695634766135461 186.69454132169332
-0.9646557054434315 0.16189838807361284 0.20805252384536768 -192.7376310265421 0.19258574761230926 0.9717268875156458 0.13674602728526414 12.98654679647905 -0.18002801460870918 0.1719646490222179 -0.9685577586311253 185.87937192085303
-0.9636501678432567 0.16088495593163119 0.21342854798020586 -192.54082190763924 0.19320250508710687 0.9711028505006296 0.14026285012352582 13.111348179931475 -0.18469147638897743 0.17638283811658176 -0.9668836038789195 185.03513622965738
-0.9620878727846249 0.16206807369491968 0.21949437142687983 -192.3377786232716 0.19608739136133363 0.9701011895522729 0.14316176952259055 13.242075403294685 -0.18972621893579972 0.1807577794172234 -0.9650991368478785 184.17557162516303
-0.9601808186212725 0.16272318573974426 0.2272275940695522 -192.12702163314998 0.1980695187743278 0.9698055567940767 0.14243555647882633 13.369061696704748 -0.1971856167743306 0.18175432827787744 -0.9634153788998986 183.31616355330817
-0.9577520881997125 0.16743851925900718 0.23395316129535704 -191.91383735262934 0.20292900461936414 0.9696169108682232 0.1367661927305827 13.48599585535124 -0.20394191669786854 0.17844779832764618 -0.9626268971304959 182.44904702194825
-0.9554194354715949 0.1708667842344102 0.24090933851962298 -191.69232969292653 0.2063730919871943 0.9697363705613531 0.13062785129544327 13.59576685685005 -0.21129559445570395 0.17450549566912993 -0.9617633854740298 181.5819945233673
-0.953896790604153 0.16966900138241914 0.24769315935651606 -191.4600588096763 0.20510235155432582 0.9707634831568119 0.12487444661711758 13.698734938061571 -0.21926102216038737 0.16990349238189792 -0.9608037228206823 180.71442767806448
-0.9523329502208896 0.16735754897670493 0.2551704349867828 -191.21403860445298 0.20342172208635972 0.9714813050550737 0.12200882069969154 13.803575564551355 -0.22747090519969582 0.1680838695239769 -0.9592137451630968 179.8371828593938
-0.9499808766940214 0.16792440051711754 0.26343253863374516 -190.96466132018244 0.2052092348384963 0.9712473280057472 0.12087080387482342 13.913198396178304 -0.2355578734391491 0.16886713510393062 -0.9571221603262737 178.95842756089021
-0.9482587897433111 0.16706733198356663 0.27009862398904655 -190.69804400379255 0.20605061813360198 0.9708164968920527 0.12288224457462885 14.030640067307557 -0.24168325011419256 0.17216124248300757 -0.9550058660835449 178.05202819553307
-0.9470006343272439 0.16387060731083838 0.2763971715411348 -190.42043997074933 0.20409802847646505 0.9711524214985449 0.12348272598360785 14.146946385296516 -0.2481853353225934 0.1733334732658551 -0.9531240387610384 177.13948724441624
-0.9455871774211818 0.16125311282165808 0.28270475812730517 -190.13874456146533 0.20193546531479212 0.971913054787599 0.12103205533645194 14.25610455400222 -0.2552445111251436 0.17151730568774753 -0.9515879568766732 176.23409251424277
-0.9436392045937597 0.16076646282870663 0.2894107793845219 -189.850686943018 0.20262984202579645 0.9717932131848402 0.12083316841493195 14.371477364031065 -0.2618179674991483 0.17264902027049883 -0.949595132396623 175.3135101353996
-0.9417542146599606 0.16071146863638644 0.2955176541636459 -189.5584462018184 0.20366256100774577 0.971604142731629 0.12061826325829272 14.487306756954858 -0.26773803255315987 0.17376164613635395 -0.9477398291343863 174.3915289577989
-0.9405305998917451 0.15948479302261728 0.30004447021801145 -189.25741769310574 0.20365718560898546 0.9714309792143925 0.12201547455191243 14.605937358282798 -0.27200947920424584 0.17584861916986416 -0.9461373247840231 173.4584068451611
-0.9397266924266475 0.1580607706019677 0.3032992548725426 -188.94477508011508 0.20334362614976273 0.9712655434071948 0.12384140911731592 14.729211665967417 -0.2750064535921719 0.17803432549079065 -0.94486134931624 172.49928030902413
-0.9391600388183295 0.15922231774140497 0.30444555086550795 -188.6466287723568 0.20379580310860224 0.9715891915679884 0.12051678569451602 14.839379521075168 -0.2766041382101934 0.17521272952216635 -0.944922994643287 171.56968738797684
-0.9394047005938971 0.15747927036443332 0.30459766238056224 -188.34318091403114 0.2007249864280229 0.9727654560536417 0.11610048168533615 14.942598494040785 -0.2780156380874024 0.1701892643205195 -0.9454267460777361 170.64678896558456
-0.9391990982724858 0.15827132183322365 0.30482087137819935 -188.04991738650878 0.20137222156258439 0.9727183345205821 0.11537136958481059 15.050829443522453 -0.27824201362274903 0.1697228954888818 -0.9454438585769097 169.72409059476544
-0.9391677577610644 0.1567441749767876 0.30570596498039343 -187.75352515633796 0.20096519659521048 0.9723904864349393 0.11879347749451874 15.165730322361378 -0.2786423779652642 0.17298690240099454 -0.9447341687594067 168.81146463516444
-0.9392519363599517 0.1565784946675015 0.30553297698091963 -187.46130721708246 0.20103739337180604 0.9722607848865232 0.11973203882836118 15.279171278164952 -0.2783074320920223 0.17386607366205875 -0.9446714414098509 167.89511564908275
-0.9388495536775661 0.16054563852659548 0.30470977487438605 -187.17953729989355 0.2048437408866468 0.971525668561978 0.11924692739463738 15.389260515675657 -0.276885958909497 0.17435673193307125 -0.9449987973635463 166.99362159036193
-0.9384258665549083 0.16425103174284153 0.3040405167014107 -186.90861617100524 0.20762824474366076 0.9713169153708903 0.11609139722466179 15.488394718780677 -0.27624905665472904 0.17205468861916784 -0.9456071560604979 166.12605832969348
-0.9381919615643389 0.16676965777019725 0.3033907086586915 -186.63788892432243 0.20904488178548358 0.9714440832163836 0.11242755681574551 15.583192146018815 -0.27597525697466535 0.16888531697091094 -0.9462583762481049 165.25466083350378
-0.9379778011834605 0.16895275716140362 0.30284318143895833 -186.36108853686093 0.21134653338254045 0.970889007519703 0.11291814203732652 15.685951927828034 -0.27494692770648976 0.16990397388945538 -0.9463752663110642 164.3709257054592
-0.93817728410413 0.16688373039662535 0.3033728807010737 -186.0716966659657 0.2106644398132997 0.9704819641937925 0.11759618622793035 15.79832409873417 -0.27479068550517405 0.17422029548913115 -0.945635649209341 163.46940012919495
-0.9391489009310767 0.1585071898767302 0.3048557787359373 -185.76758390620412 0.20474574509842175 0.9706917104756513 0.12601946554226828 15.922635873132647 -0.27594334169911866 0.1807534113048759 -0.9440730622151918 162.54608693955012
-0.940157037131131 0.15252320907369746 0.3048010907519783 -185.46376953339714 0.20004758489913876 0.9709937850640113 0.13113357622347244 16.052774965540177 -0.27595639274441386 0.18424518486439398 -0.9433939477358102 161.60799488100076
-0.9412438966770817 0.15054110184924252 0.3024227442062582 -185.1628435439826 0.19763346923258607 0.971436543369623 0.13151392604443501 16.179025760145123 -0.27398363263284786 0.1835397652896909 -0.9441059796623784 160.65076464067806
-0.9417266944679764 0.152954210718204 0.2996967661643029 -184.8806084828416 0.1979841002093883 0.9720996031152762 0.12597059976278527 16.289654307939347 -0.2720648866682838 0.17794919912186175 -0.9457298949484636 159.71506851807766
-0.942051761431708 0.15431542291849937 0.29797259263396164 -184.60651868365053 0.19711228268357778 0.9731320860269538 0.11918420769986432 16.38658949286063 -0.2715723399698562 0.1709957629062852 -0.9471532176125483 158.81152437766562
-0.9421752807477402 0.1546832898942385 0.29739119246012724 -184.3392004632551 0.19660398707186502 0.9735647341509492 0.11645947545701535 16.48350256457137 -0.2715127823326874 0.16817763133884212 -0.9476748231648561 157.93990553346396
-0.9419343834459879 0.156409645436855 0.29725072905849015 -184.06797843620464 0.19845867540437134 0.9731477242539266 0.11679682513218838 16.588301090379115 -0.2709982978163771 0.1689909963268475 -0.9476773226598074 157.06418448138652
-0.9418369542801015 0.15668443613133012 0.29741607568371 -183.79842282885872 0.19877530536314628 0.9730819967568264 0.11680583747300459 16.690268575724076 -0.2711063966268276 0.1691151491359295 -0.9476245993766886 156.1991652572332
-0.9421092166132455 0.15572878784649807 0.2970557334861794 -183.5382451750602 0.1973600617530247 0.973521010373756 0.11554150306361778 16.78589143579311 -0.2711948703383198 0.16746399169104434 -0.9478928414702977 155.36407987609644
-0.941676721625437 0.15883852868433812 0.2967801475753285 -183.28221860926743 0.20065476277876612 0.972792376662668 0.11600470979899478 16.88700355969087 -0.27027748500673954 0.16877365838841527 -0.9479226863715094 154.53203070731422
-0.9412297820226491 0.15864817456293606 0.2982943859457582 -183.0179539623773 0.20151134955524871 0.972288986271201 0.11870587741379632 16.991232824685195 -0.2711941555385594 0.17182382104601052 -0.9471125085436598 153.6975540203824
-0.9409139536195883 0.15616025604177267 0.30059502607908295 -182.74306481460303 0.20042762657539673 0.9720598525413111 0.12235893442776918 17.101248574092207 -0.2730874553236148 0.1753616462634542 -0.9459193030733287 152.8494085450976
-0.9407927607695975 0.15460467940758107 0.30177745860815974 -182.4793226395497 0.19949580320789698 0.9720555025531952 0.12390668999913788 17.205293944528997 -0.27418652550351924 0.17675876872290838 -0.9453412571463374 152.03539382797214
-0.940428756138892 0.15571920992597002 0.30233799124760713 -182.23300331434115 0.20034381633935852 0.9720607759203956 0.12248857191581061 17.299299389392772 -0.2748157100317702 0.17574818330269107 -0.945346858801399 151.25985060295602
-0.9403607805158044 0.15714318080045406 0.30181301488670037 -182.00638527545237 0.2000188010263054 0.9728460522310683 0.11664941935533928 17.376829518465023 -0.27528570472332864 0.17004558142914342 -0.9462532761187693 150.53010152232548
-0.9405777966923986 0.15722475515891307 0.30109305602822456 -181.78382872290874 0.19852267389900202 0.9737360708236414 0.11166888813667046 17.450390255147234 -0.275626665073457 0.16479224282661292 -0.9470826290949537 149.8205616640912
-0.9406616975397019 0.1563605169684753 0.3012823243423375 -181.5698841879556 0.19706574961301873 0.974264182590482 0.10962345731338928 17.52004833456503 -0.27638667430292474 0.1624764486629746 -0.9472614787803579 149.15583010700087
-0.9398322509448559 0.15521715437110137 0.3044431500989177 -181.35978492242504 0.19680174700509973 0.9741801306513223 0.1108344193514517 17.59446833083641 -0.27937811324834677 0.16406645342050433 -0.9461091369536517 148.52718930370162
-0.9385415145552111 0.1539966972013197 0.30901069550572974 -181.15048953048415 0.19691075909693517 0.9739474770145871 0.11266797742304965 17.66951903202729 -0.28360895011709014 0.1665766868314604 -0.9444103015299704 147.91884292358733
-0.936947894746931 0.15288290709020505 0.3143535188140145 -180.94590985629316 0.19720876325017805 0.9737073756456981 0.11421015571067922 17.741634203914415 -0.2886269756820029 0.16898798157863235 -0.9424594850126914 147.34391255410495
-0.9355459432232041 0.15168387436043632 0.31907452798377517 -180.74616857851723 0.19667772397268346 0.9738773575485379 0.11367531147724706 17.806439748281537 -0.2934961921414306 0.16908875587491082 -0.940936420267415 146.7948540589427
-0.9342077759166187 0.1497211333540956 0.3238876500204852 -180.54995531401124 0.19540106558029305 0.974184208314151 0.1132505085801215 17.86926557213923 -0.2985702490509694 0.16907267810183504 -0.9393426213430232 146.27162240339453
-0.9326267727392779 0.14855358762800178 0.3289418641941351 -180.36623684392225 0.19501869667117291 0.9743024553881087 0.11289161825454826 17.927346363975015 -0.3037184097680168 0.16942070112228422 -0.9376278962914623 145.7903175741336
-0.930580084243924 0.14834088187453517 0.3347828471004134 -180.19166929275667 0.19550248676835866 0.9743459719609994 0.11167408393783972 17.979654855379568 -0.30962856485283585 0.16935766540032113 -0.9357045370791289 145.33763132278557
-0.9279927555671896 0.14923410161472953 0.341501927914686 -180.03672833631884 0.19661355795111873 0.9744920230287983 0.10840232449356367 18.019301985731875 -0.31661430983561384 0.16772554588016986 -0.9336597037892194 144.93780130998937
-0.9256439214008108 0.14856273280385646 0.3481061535507286 -179.87888568384835 0.19634759123949108 0.9748035083790312 0.10605793971629178 18.058079887427265 -0.32357978931218634 0.16650680908194104 -0.9314875906538527 144.54893759448436
-0.9234935597887334 0.14716811794204285 0.3543540937029592 -179.71603984909933 0.19573820248816437 0.9750240905613028 0.10515320537105423 18.099563136941846 -0.330029354406476 0.16645405953878661 -0.9292312789737934 144.16465854779383
-0.9207971703472596 0.14607181925495424 0.36174779591079026 -179.55377223163288 0.19532005798737148 0.9753038276516681 0.10332246362096106 18.13715905211233 -0.33772229012369337 0.16578085498764603 -0.9265841767938503 143.79706130222863
-0.9174366200174965 0.1466340307887131 0.369965969594512 -179.40293748383436 0.19640685071622574 0.9753874727104885 0.10043275334492661 18.167058897594654 -0.3461341163626361 0.16478980343207383 -0.9236522717922379 143.4605371371312
-0.9138505307897005 0.14751093568921156 0.3783971659885799 -179.25281598585104 0.19763148440972986 0.975488365475104 0.0969913060716889 18.193373977678696 -0.3548157787752919 0.16340401845599375 -0.9205998149674314 143.13500581751063
-0.9102712441952994 0.14692195880282258 0.3871512765078339 -179.0981267922096 0.19730531874894247 0.9758917112486624 0.09353535495378454 18.217765360286066 -0.3640760342981095 0.161515116267767 -0.9173111533769411 142.81546565225074
-0.9066079386886251 0.14576450036979677 0.39608177306501957 -178.94608943654097 0.19590474132175728 0.9765990222229756 0.08898699794673952 18.237413749889967 -0.37384269692039607 0.15825645271855687 -0.9139445140945011 142.51432285439685
-0.9023900335585372 0.14541819699123654 0.4057245927692218 -178.79623095157615 0.19510392396607576 0.9772300846879052 0.08366168684922795 18.25291712756904 -0.3843212973275141 0.15463943538128724 -0.910210436276556 142.2237943938766
-0.8976978765716568 0.14452631520450945 0.4163139827337651 -178.65061887323378 0.1941682424465151 0.9777867579973123 0.07921746155976986 18.265890170384875 -0.3956182069551614 0.15193379724651468 -0.9058158828256809 141.95337632004333
-0.8921646824524925 0.14364081825085515 0.4283414180392849 -178.49475235910504 0.19397054308592945 0.9780817291159916 0.0759954390287122 18.28032467327742 -0.4080378523404501 0.1508715875975297 -0.9004684728580395 141.6746378377369
-0.8860459797044679 0.14260031365117887 0.4411959775806738 -178.33120643951452 0.19401044638018905 0.9782703595838851 0.07341730963585329 18.296819002695845 -0.4211405293929932 0.15063307778128696 -0.8944544877249431 141.396728940666
-0.8790416114999248 0.1416301640125823 0.45529361386556993 -178.1653666077463 0.19430526691825348 0.9784064869544825 0.07077089095152388 18.311527423047583 -0.4354398375750666 0.15066191938404577 -0.8875756007673828 141.13238501359527
-0.8708511476036123 0.1410027032479973 0.4709585569186238 -177.9920669080197 0.19524358519151133 0.9784110947986798 0.06807537063785236 18.325482524992633 -0.4511930083256368 0.15122065733336626 -0.8795767170309124 140.87275631103424
-0.8610655991953187 0.1403726102860293 0.48880153710030544 -177.81437545771848 0.19635416153289534 0.9784045679913347 0.06490122050405837 18.3381756980286 -0.469135772042396 0.15184803924625265 -0.8700298028815738 140.62596368046
-0.8496225672735177 0.13830348793766686 0.5089980592170069 -177.62794018024127 0.19614798782841644 0.9786671708611754 0.06147351797370266 18.349609580975184 -0.4896380335541484 0.15205390559573148 -0.8586221113381876 140.3970187860035
-0.8367777554309281 0.1347364665534848 0.5307673114301987 -177.4074627346122 0.19444609183742873 0.9792208638080427 0.05795898284339918 18.364801869182347 -0.5119295343637843 0.15169005077436862 -0.8455856820784787 140.14999333076977
-0.8230673020680419 0.13126357014884596 0.5526252936115787 -177.20376413031838 0.19255941274781446 0.9798171848559217 0.054044493483585906 18.376201877389242 -0.5343781171315709 0.15088104052248227 -0.8317275116398878 139.9416365480053
-0.8086475792779421 0.12914666229211014 0.5739994644749057 -176.99262340634155 0.19223691048676073 0.980080535178217 0.05029487064569663 18.3864224049641 -0.5560701151648967 0.15100033866151974 -0.8173628523978781 139.72288838495135
-0.7928732094445569 0.12806970475556637 0.5958312322161878 -176.7722621703336 0.19289176414345857 0.9801629669997963 0.04598822444739488 18.39485974608055 -0.5781221684182307 0.1513793198737729 -0.8018453718245913 139.49815676736193
-0.7762227798689809 0.12728898093285837 0.6175279829336311 -176.54449175839758 0.19286489591424816 0.9804178354807259 0.04032457500406425 18.39934763652797 -0.6003026271859465 0.15038570269093327 -0.7855687774298968 139.28181667311173
-0.7583266420996064 0.1273307062891372 0.6393687769262146 -176.3135647438705 0.19335778144033167 0.9805588924138224 0.03404146312128589 18.39966379072595 -0.6226041273475169 0.14942685286206642 -0.7682009249491404 139.07247644722415
-0.7393540443624386 0.1279826815618274 0.6610910503282799 -176.07938945474078 0.1939152275569731 0.9806680229287609 0.027008580588074253 18.39505813424258 -0.6448541703025801 0.14814959785657217 -0.7498748565198857 138.87202876897294
-0.7196186041448867 0.12863123076785757 0.6823987285683422 -175.82763910694698 0.1939048014448994 0.980846249865645 0.01958092366353461 18.38804801914027 -0.6668088894096642 0.14639673883430887 -0.7307741420346474 138.66637477479358
-0.6993092166188506 0.12851379609652702 0.7032184811062235 -175.5722282655641 0.19219752209023214 0.9813072983453103 0.011782655813009933 18.37753114707456 -0.6885585537420247 0.1433817304441418 -0.7109335027359887 138.47963318694931
-0.6772643537101848 0.1281923359759595 0.7245311412368451 -175.29597208617955 0.19010945961869546 0.9817767909752599 0.003988455519618873 18.365012899175465 -0.7108159316178077 0.14042642172247805 -0.6892889947178846 138.2892138989484
-0.6537527733686247 0.12806594995247603 0.7458365657846396 -175.02046806894683 0.18780961033844026 0.9822189173231427 -0.0040441829174248335 18.34864740288462 -0.7330918983767121 0.13741646963876142 -0.6661767699621488 138.11577683490165
-0.6279045016532642 0.12970108719298912 0.7674496810073763 -174.69774866364415 0.18785667165237663 0.9821408026540567 -0.012296092818763153 18.328043948815072 -0.755337750748725 0.13643530810339966 -0.6410528871611822 137.90716645575003
-0.6005391446792144 0.13129661149243357 0.7887835012473343 -174.36749898074277 0.18744489083232346 0.9820768966795231 -0.020770338578383087 18.303170169304725 -0.7773723481861289 0.13536545579700449 -0.6143832724473347 137.71121964136913
-0.5722748611946739 0.1319843711285773 0.8094114601682145 -174.02418046592723 0.18605027946878575 0.9821447200499073 -0.02861809111012765 18.27664193036337 -0.7987354363759389 0.13419929398951067 -0.5866094145973565 137.5247546918014
-0.542259542996644 0.13219329477524808 0.8297860314939457 -173.65815277289033 0.18451736753282133 0.9821945508301844 -0.03590258734107246 18.248138983585267 -0.8197565578271498 0.13362692713724367 -0.5569934245187892 137.3406200820233
-0.5109268587987686 0.13233555233552738 0.8494153481235445 -173.27076435173996 0.1819188147460376 0.9823662107474793 -0.04363371293397831 18.214101269785917 -0.8402103585067822 0.13221647667248745 -0.5259887312946097 137.16625492428147
-0.47871848783636517 0.13228236504011498 0.8679832744270377 -172.867480868289 0.17813849567357798 0.9826768773960626 -0.051522286394613856 18.176487397229746 -0.8597617074672251 0.1299421837344301 -0.493987372146454 137.0140180292643
-0.44525116307132445 0.13046537776850917 0.8858864092924869 -172.45685674882913 0.17175823955979852 0.9834208068449767 -0.05851131527357566 18.13796450449017 -0.8788322010056143 0.12609191655808297 -0.46027468590334647 136.8788788436244
-0.41046005276552067 0.12859641702740887 0.9028013225484458 -172.02816912613432 0.1668967675113184 0.983898002298522 -0.06427609554579419 18.098099075365404 -0.8965290594412513 0.12427761458574622 -0.4253100249031974 136.7488156411843
-0.3754053534938642 0.12683151697868641 0.9181770917240618 -171.55145139635658 0.16361647218903497 0.9841248771425328 -0.06905273774641178 18.054379689982778 -0.9123583186578739 0.12429191722801225 -0.3901946647758946 136.6095999098507
-0.3412672789169555 0.1266030898392933 0.9314359942511392 -171.04876178537438 0.1613323396106394 0.9840927664081918 -0.07465786381916421 18.0039913826485 -0.9260706819627824 0.12477828244329223 -0.3562609308637734 136.4719675878216
-0.3065125334782272 0.12546853654854395 0.943595549599259 -170.51940582521596 0.1582769086339098 0.9842128265482492 -0.07946364729964543 17.951640348007476 -0.9386681656596317 0.1249782700045947 -0.3215294498840299 136.34689057741664
-0.27318429620877005 0.12428920410792675 0.9539329826861631 -169.9701541634254 0.15480361304759435 0.9843950056458343 -0.08393475186182853 17.89609912778606 -0.9494771199937689 0.1247276070803432 -0.2881584699735193 136.23222699682836
-0.24142751556074704 0.12343286768572775 0.9625709357702927 -169.38925492099668 0.152393901297411 0.9844146757733298 -0.08802006519878286 17.836771994974278 -0.9584313660207278 0.12542425087436757 -0.2564717858458375 136.11998065563262
-0.21255604209150966 0.12346190448065261 0.9693518206975221 -168.80177435067162 0.15019086514343521 0.9843475463891775 -0.09244705345498605 17.77382706795515 -0.9655902920225886 0.12592252221989197 -0.22776843408520192 136.01721742834954
-0.18815981902463194 0.12351012838000651 0.9743752329807015 -168.22361616715597 0.14824688656636198 0.9842877733447367 -0.09614753832857753 17.711007000957732 -0.9709381737056884 0.12634199306627478 -0.20350988607584844 135.92519526363938
-0.167569233900273 0.12373478863607427 0.9780984720398669 -167.64020952416595 0.14619711998174856 0.984263670381491 -0.09947648423197143 17.644349511619257 -0.9750127485867648 0.1263110827995593 -0.1830187922630016 135.84167044407832
-0.15031855410088418 0.12404278115554757 0.9808590127272835 -167.05330432275386 0.1459868892191444 0.9840283696056462 -0.10207940821366958 17.577527328697418 -0.9778527140854244 0.1278333926594181 -0.16602341671657864 135.76245387830204
-0.13404122071103047 0.12597079933694724 0.9829703926984313 -166.44510359326372 0.1504868276088655 0.9829928512009178 -0.10546157108154725 17.50836291220684 -0.9795355497626869 0.13377291875367034 -0.1507157280581499 135.68368240300265
-0.11730285397157639 0.1278591556754211 0.9848646880376901 -165.80473870801828 0.1565215058309445 0.9816846353365043 -0.10881244593808535 17.43630578939417 -0.9807366706191596 0.14137383957806388 -0.13516423586498116 135.610350598751
-0.09846153139619607 0.12646390093247184 0.9871062672016859 -165.15644993737305 0.15863431443127934 0.9812249891363469 -0.10989562742769132 17.365525222186438 -0.9824685499750171 0.14575396356424802 -0.11667154095731419 135.55737266775262
-0.07754482195180097 0.12333003534162926 0.9893651747687013 -164.4925002729789 0.15865543622534597 0.9812226247990921 -0.10988829546783449 17.295509999937856 -0.9843371603028 0.14843256845210487 -0.0956526717578958 135.5197710782373
-0.052414531754850384 0.11914923440205002 0.9915257118326471 -163.82495007408627 0.15967566146154297 0.9811047578659844 -0.10946460517215095 17.223001159605182 -0.9858302951769612 0.1525706460880196 -0.0704462751252305 135.50723459213674
-0.024844280533355252 0.11569364520296233 0.9930075410786557 -163.1265815442675 0.15757346104917574 0.9813390851616732 -0.11039977065633971 17.146125591289024 -0.9872476877057846 0.15371484835966906 -0.04260791948041599 135.51295739049965
0.0023898849489778044 0.11296086572520904 0.9936294736693353 -162.388227312668 0.15414351277870314 0.9817036778908583 -0.1119833181343455 17.060033558326282 -0.9880981003908645 0.15341545643216198 -0.01506328361877379 135.53564231668372
0.029471571168802776 0.1116377666218608 0.9933447419597239 -161.66437792529675 0.15046786891142364 0.9819453226610904 -0.11482840039744824 16.970575036756504 -0.988228200261978 0.15283682690201308 0.012144252562603373 135.57854651317385
0.05580930930753436 0.1112375748657872 0.992258406285033 -160.93214210929682 0.1459411912435353 0.9822131491402286 -0.11832719045711029 16.87634341291155 -0.9877704805103293 0.15140143929011624 0.03858520106353279 135.64144446989414
0.08096716427835886 0.11261731780987841 0.9903669418395731 -160.22584626215854 0.14032372318203315 0.9824332500282535 -0.12319448201763364 16.779629233035877 -0.9868420815937186 0.14893306969464185 0.06374476783292916 135.72188720835655
0.10503185739836858 0.11568869447397225 0.9877501017059285 -159.5859625961661 0.13447600887129377 0.9824567053584282 -0.1293752250624773 16.683413822713067 -0.9853874358282207 0.14640344870554267 0.08763434231947652 135.81352279173737
0.1274671791173571 0.11893130640215005 0.9847196595266793 -158.9282078433896 0.12786959775897094 0.9825505564513274 -0.1352285882420039 16.58008987943357 -0.9836181772447582 0.14313926952600728 0.11003778502504585 135.92015985598846
0.14663910918546633 0.12244488757080373 0.9816162988376366 -158.31267516655282 0.12249333359404434 0.9824454093871541 -0.14085439982880055 16.479042061654496 -0.981629050694984 0.14088251523459114 0.12906842926930628 136.027697490323
0.16073183313331463 0.12506527325800898 0.9790767210709639 -157.70144899635676 0.11618185934527182 0.9826673729727904 -0.14460448103511844 16.378619902273453 -0.9801888552815434 0.1369798266078363 0.1434175561207519 136.14399919316855
0.1710249470265933 0.12653879711622565 0.9771425090188465 -157.07525201286475 0.1096880393837765 0.9831301323161731 -0.14652028752386295 16.28058230955321 -0.9791948120327747 0.13222563877848298 0.15426157659438897 136.26794518463547
0.1785050166222294 0.12732046947229492 0.9757011849153443 -156.46210349778275 0.10379642361769606 0.9836446830652005 -0.14735407708445067 16.188158384662557 -0.9785014816332029 0.12756402197047487 0.16237187782855822 136.392688811113
0.18531123274409772 0.12782812120978637 0.9743647372198341 -155.81220719554946 0.10037859279644172 0.9838759884342648 -0.14817378154137148 16.09053591894085 -0.9775921682584897 0.1252499975999997 0.1694939505884628 136.52248727633483
0.1925102638072406 0.12689541011068547 0.9730900495710596 -155.1622358735517 0.09874023334154335 0.9840870669257715 -0.14787094360914577 15.994964422550607 -0.9763670868154155 0.12453626533773962 0.1769190551843777 136.65575615066592
0.19949956883433673 0.12566304778754914 0.9718414070458763 -154.52109379930127 0.09678655064965998 0.9843876647704892 -0.1471606753784849 15.901168571427172 -0.9751588539557908 0.12340619866064907 0.1842241495943049 136.79512388562665
0.20680390352190858 0.12555557733707093 0.9703267769148917 -153.88456187634623 0.09514172237108923 0.9844718246497283 -0.14767034261090672 15.805710854587 -0.9737977478056232 0.12284385152080234 0.19164899957450937 136.93632135753955
0.21413895230297297 0.1269645255523339 0.9685511177837688 -153.2827895699084 0.09242707410511009 0.9844558421143301 -0.149491750380354 15.708213004203186 -0.9724729575821932 0.1215188040175012 0.19907696211428444 137.07425102919436
0.22023759598425321 0.1293653702304989 0.9668643189787688 -152.67417345045985 0.08890759021291518 0.9844004673569153 -0.1519707810800261 15.608524361839597 -0.9714383468532625 0.11941779288018856 0.20530202124387067 137.21647065965675
0.22399284046211626 0.13122956896449045 0.9657499226686054 -152.0486003538345 0.08546850901748017 0.984452083182044 -0.15360141222291984 15.506226888049127 -0.9708880553901951 0.11693344932778604 0.209295812246549 137.36374339590634
0.22530289398060274 0.13405338660730653 0.9650567819532733 -151.42824731229823 0.08309882683528014 0.9842575964345424 -0.15612807776800633 15.402208077193468 -0.9707904631880968 0.11535791665600414 0.21061804948744192 137.50713848287293
0.22742259748390445 0.1351609277030985 0.9644056898981912 -150.7874675685714 0.08122098670344738 0.9842593353093814 -0.15710361940569706 15.295015024197498 -0.9704553589624528 0.11404574404737267 0.21286589227723174 137.6565183904892
0.23003902393399533 0.13491520354703207 0.9638194041068934 -150.1483305968871 0.08075291137673338 0.9843041859083881 -0.15706347386583608 15.190897191746817 -0.9698777951480144 0.11394885141373437 0.2155344869851426 137.80633015488493
0.23227961529189123 0.13457503703341364 0.9633298131674236 -149.46927236248828 0.07982506339835185 0.984425764896721 -0.1567769798875226 15.081126717966848 -0.9694207640811071 0.11330091269390426 0.2179202441218225 137.96886033259122
0.23496492470513405 0.13431004348800857 0.9627150751035037 -148.77521761146676 0.07714627757065541 0.9847281849057832 -0.15621706121028772 14.970045927694478 -0.9689904449308427 0.11096240344460691 0.22101577291864355 138.14095560756994
0.23782802590270052 0.1341716037177269 0.9620311008487357 -148.07030642037176 0.07542307266172689 0.9848938616806057 -0.1560131371958662 14.856275196933698 -0.9684275614976544 0.10965062539197284 0.2241161402345904 138.31500376448406
0.2408350197230545 0.13384637686868983 0.9613278409407244 -147.3481928037449 0.07421384686067638 0.985027596119841 -0.15574557776879433 14.739889505947987 -0.967777209170472 0.10883980761665918 0.2272965653146257 138.49473477257013
0.24322912820048878 0.13443560518551917 0.9606428645816903 -146.6185531732838 0.07191522250907387 0.9851452585490518 -0.15607994763197233 14.62045492156127 -0.967352115613027 0.10703507135143504 0.22994861096765448 138.68000932266548
0.24501105286361835 0.13533424249851772 0.960062928661599 -145.8912256169875 0.06974775366643615 0.9852045178016438 -0.156685211722201 14.499867104410606 -0.967060801107271 0.10533876031895911 0.2319476806225097 138.86560780629165
0.24599964064364188 0.13669503227631866 0.9596173287385213 -145.1362990900406 0.06763536385813838 0.9851926494797744 -0.15768377478803353 14.372948542842066 -0.9669597063167656 0.10368116838433794 0.23311246410775013 139.05798112135955
0.2459423008803334 0.14030346555772177 0.9591113100226227 -144.3851307427981 0.06463803555846388 0.9849130716788611 -0.16066002440091173 14.242084792591978 -0.9671792409873121 0.10149526715252258 0.23316370154633603 139.249561255537
0.24472877916264196 0.14574212330396474 0.9586111586430737 -143.60749555408924 0.06111128566312487 0.9843759963542023 -0.1652677242512158 14.10106105232095 -0.9677162375943683 0.09901499962910242 0.23199917216191102 139.44480128789772
0.2439083091873614 0.1489038322529109 0.9583346831382841 -142.84880716753267 0.059256719838853375 0.98402922970681 -0.16798507024832873 13.961344464109024 -0.9680388678969191 0.09774785068475614 0.23118966078802244 139.62824738004815
0.2435663402689646 0.14900593410248558 0.9584061371717029 -142.05666285097868 0.05872953447064116 0.9840710547689325 -0.167929332188537 13.821358667293302 -0.9681575470003664 0.09717617355209773 0.23093498735357085 139.81853628987162
0.24282055991292958 0.1467490421138612 0.9589436764806357 -141.2321518125364 0.058126640652773606 0.9845364321865596 -0.16539228947731505 13.680474668701438 -0.9683816193931669 0.09588866138929639 0.2305352463868404 140.01651960043955
0.24280695717169584 0.14547774375605932 0.9591408005488006 -140.337306651842 0.05721711536560477 0.984844372753936 -0.1638688486102455 13.5265450525243 -0.9684390030667424 0.09465521022734587 0.23080278055300796 140.23380175033955
0.2432175311265382 0.14787473800741088 0.9586695696676333 -139.49492126063598 0.05650499230641358 0.9844942264039247 -0.16620135450038964 13.372656844744299 -0.9683772677815337 0.09458023466013171 0.2310906008314826 140.43732876674122
0.2442865743736273 0.1494185845227843 0.9581581888696027 -138.6527795483783 0.05568794790003412 0.9842870749592451 -0.16769882543341946 13.218535917376665 -0.968155319215396 0.09431196157093495 0.23212739217248857 140.64436619706058
0.24729355132427217 0.14843919102098801 0.9575389587051982 -137.76483508406375 0.054926584173521226 0.9844812579527954 -0.16680881926074448 13.063355248236515 -0.9674351843620863 0.09383266833611943 0.2353026021257356 140.86798590678043
0.25155927421495183 0.1442153694172103 0.9570734029730519 -136.85585030731812 0.055276792755424325 0.9851038074861196 -0.1629755659964901 12.911186607024577 -0.9663151370687925 0.09388962343351398 0.23984042645530823 141.10256796185647
0.2565506060928359 0.14233797233732484 0.9560290448380294 -135.93249932423345 0.05427354961876402 0.9854373117102797 -0.1612881541109614 12.754818649837146 -0.9650591467954128 0.09325330492769142 0.24508957196670614 141.3457415373247
0.2618486903209125 0.14184614994358197 0.954664881564111 -135.01981605585684 0.05477716869038402 0.9853842451225816 -0.16144249500210486 12.597917328195239 -0.9636067726291925 0.09455511692488053 0.2502518095682951 141.5875142493177
0.26755684184813744 0.1449235986208128 0.9526182587505077 -134.11331342786522 0.05367737115057746 0.9848701885261022 -0.16491403241580146 12.433892899935794 -0.9620994861658488 0.09524567060449972 0.25572952728754467 141.83415009178583
0.2701885362639201 0.14928166162021647 0.9512015274907312 -133.1877237027126 0.0519706667726719 0.9842288562890412 -0.1692349382305671 12.260770795164822 -0.9614574137203661 0.0951477079110037 0.25816899061477366 142.08960428326588
0.27128109618274776 0.15344631110722368 0.950227306155609 -132.273090527435 0.04931353037411964 0.9837210854938706 -0.17294153208608523 12.086046001723869 -0.9612897677690841 0.09376265717633142 0.25929786755918194 142.3458574098509
0.2710722724816955 0.15635927818310044 0.9498124525712581 -131.33507244193027 0.04324983108127598 0.9837666934304942 -0.1742999717399832 11.9096422407164 -0.9616406254427362 0.08831504530244469 0.2599094172870413 142.61442897939162
0.2705403350917198 0.15583020208454423 0.9500513709949001 -130.35167468383452 0.0372437285972164 0.9844034604527462 -0.17207824689793508 11.729942176004352 -0.9620417525449382 0.08192556424447525 0.26051727486266907 142.8920516202613
0.269969994699283 0.15688666877088484 0.9500395757151673 -129.39559615804578 0.032983054637030565 0.9845740636149897 -0.17197016077388674 11.553275378484644 -0.9623573935451603 0.0777500037992909 0.26063099909651727 143.15727097236055
0.2685986866900569 0.15880646770179982 0.9501095261137458 -128.42938776782822 0.029743823579890426 0.9845019817159633 -0.1729713095283426 11.370905908662865 -0.9628465281725972 0.07470788524220251 0.25971245109851926 143.4219359633135
0.26741694209554523 0.1605721684965693 0.9501466571519686 -127.4592642964942 0.02781424922565769 0.9843441295248013 -0.17418768813525487 11.18714709886454 -0.9632333187690775 0.07299650803727897 0.25876372658657576 143.68467170149896
0.26538799392346385 0.16017928838475642 0.9507817596368274 -126.44601120156571 0.025400832659685457 0.9846226736648898 -0.1729784309096132 11.000366396499631 -0.9638609092240895 0.07004530605791251 0.2572380445087047 143.95959768642774
0.2621228344901542 0.15584176341995917 0.9524071658921015 -125.42740635574114 0.02361064921222179 0.9855675234612365 -0.1677739801324542 10.82037539069412 -0.9647994565921006 0.06645256778519482 0.2546598733652346 144.23019965412408
0.25722845362072655 0.15252256229189518 0.9542773197236638 -124.38047876178899 0.02338225185053047 0.986218313409869 -0.16393835874854115 10.635588012710576 -0.9661216011302886 0.06447112246309737 0.2501167581715434 144.49802088561495
0.2506672581407781 0.15383733008561076 0.9558109861908687 -123.35322852446312 0.02345663443004709 0.9860617783193847 -0.16486595943072346 10.446455069845161 -0.9678430732566411 0.06373491368981055 0.24356463030274683 144.74919720942358
0.24241614722178945 0.15725377220256362 0.9573821994657401 -122.33507819147741 0.02362620364010374 0.9855507128823058 -0.16787076732058834 10.2543406116483 -0.9699390204123408 0.06330181673610011 0.23519770694797953 144.98645153556157
0.2328884878232313 0.15891879732726238 0.9594698220204925 -121.31738737257481 0.024311505957851202 0.9853217814390827 -0.1691097230371616 10.061885478824303 -0.9722536220051624 0.06269780563470091 0.22560648684315673 145.21176669386531
0.22111695803380604 0.15816799136525816 0.9623748222968105 -120.26225262899177 0.02821239207183578 0.9853343634304056 -0.16843123284701975 9.867326227406688 -0.9748932435749428 0.06438203849987621 0.21341208825718352 145.42663997404784
0.20762879763750566 0.15582484430587978 0.9657555914768005 -119.17634909977791 0.028987930219840682 0.985840751851025 -0.16530536735440746 9.674109962179527 -0.977832038674865 0.06230547052564726 0.20017245562479952 145.6367664352548
0.19460179785630058 0.15234507640832406 0.9690180206828942 -118.09481514639197 0.032995118807525446 0.986312910645546 -0.16169790337809922 9.486405505837391 -0.9803812011405189 0.0634274764460425 0.18691214723148608 145.82457473739197
0.18096277040013656 0.15257965168441753 0.9716205527502311 -117.00496626157977 0.03588623384437216 0.9862334279998964 -0.16156557944585268 9.292890176703596 -0.9828885503564158 0.06409335957749449 0.1729968687576278 146.0008800372794
0.1682711309410529 0.15545772228758617 0.973443711657407 -115.89825523335676 0.03724621375560022 0.985801760218778 -0.16387707990659398 9.091293082824372 -0.9850906584323303 0.06382080657261131 0.16009253108804142 146.16717141597843
0.15793972072397913 0.1575420067821801 0.9748386617945595 -114.81325988266968 0.040947712972943064 0.9853202799407803 -0.16587747923758525 8.892283804996907 -0.9866532578153512 0.0661039999220652 0.1491710878917905 146.31579790272264
0.1491575787851447 0.15724426728401408 0.9762690537830475 -113.68373769753799 0.045796746402309116 0.9851405103931432 -0.16567757431411476 8.690087927250051 -0.9878062586269497 0.06940983694845879 0.13974079459798547 146.45851621940068
0.14189817075506428 0.15607616973260693 0.9775377344099057 -112.53882678384988 0.05016387416994434 0.9851127275491396 -0.16457461345164076 8.487909774120642 -0.9886636958858787 0.07237801392231019 0.13195736316225837 146.59532701908253
0.13623075454193237 0.15631863040215124 0.978304994745664 -111.42725570306581 0.055264157469812274 0.9847598669235057 -0.16505282345741862 8.290475699975394 -0.9891890341698404 0.0765388396091965 0.12551689679391292 146.72145615004266
0.1341803634284222 0.1571973354795665 0.9784475479670905 -110.29774211036796 0.05889202166653832 0.9843518975985748 -0.16622917400934337 8.093122229244937 -0.9892602099010694 0.0799158064822314 0.12282415984918131 146.8502126750487
0.1339005421863663 0.157168768051535 0.9784902396245264 -109.18231946547361 0.059575390040467885 0.9843048724168263 -0.16626221338417185 7.897875792954334 -0.9892569459192356 0.08054446560624157 0.12243690771451368 146.98233220741474
0.13544008365343313 0.15532802088741526 0.9785722150051224 -108.08589133037871 0.060076274258806364 0.9845539310880552 -0.1645994080095182 7.708927270599277 -0.9890172478696746 0.08107051985322736 0.1240178939422132 147.1183444789093
0.13775661437295506 0.15475712664273975 0.9783392474240225 -106.98274201159651 0.060034924003274856 0.9846211442270676 -0.16421109021746394 7.517730129964721 -0.9886997387762382 0.08134365163119237 0.12634856161837996 147.25794002942087
0.13959640439297552 0.15599992178139796 0.9778809485423542 -105.87489624415575 0.06195893723388441 0.9842248987927897 -0.16586390049769997 7.32187810028401 -0.988323016812838 0.08373063523099779 0.12772992151119578 147.39748731608967
0.14238250514819636 0.1566409106681108 0.977376649289271 -104.76871315226583 0.0625007018563895 0.9840291698055544 -0.16681925268803877 7.1252092477138 -0.9878914148016338 0.08482706129515764 0.13031954170420612 147.54049197000694
0.146154289083483 0.15537665982383095 0.9770217792334348 -103.64491318313694 0.06364119402548306 0.984089934788382 -0.16602811661589714 6.929157388186257 -0.9872673000520839 0.08643275004228032 0.1339417388874958 147.69003750902132
0.1495899635684518 0.15515196507060658 0.9765374644139576 -102.51095157068625 0.06358189914303725 0.9840820715398225 -0.16609752386128362 6.729570503958848 -0.9867565703578789 0.08692479669924617 0.1373450324204919 147.84708987855515
0.15221796545696029 0.15659228668593841 0.9759017624139347 -101.41463381062013 0.0633472626495531 0.983817248352016 -0.1677506527347055 6.5320681799072 -0.9863698903999372 0.08734375374197872 0.1398355207877707 148.00168299816556
0.15521359730333711 0.15584659374930518 0.9755491015408158 -100.26827771274698 0.06264416467779835 0.983961871082651 -0.16716491575378442 6.328887774634961 -0.9859476578341104 0.08704692576022079 0.14296198866664633 148.16730858123174
0.15740455153980687 0.15197682683189764 0.9758081468229988 -99.11889341720948 0.06210187880680973 0.9846321230258704 -0.16337660610690574 6.133215159102876 -0.9856342219918399 0.08630384481506297 0.1455476639139626 148.33792715622343
0.15818149948475385 0.14926687656414564 0.9761010165833717 -97.94423426683566 0.06089304961097606 0.9851757025976874 -0.1605304502654635 5.9360880433437 -0.9855853901714965 0.08481924750040698 0.1467477755139576 148.51470205678473
0.1582321865896412 0.15002204309103467 0.9759770811883961 -96.75034072313314 0.06096370540051566 0.9850443996543814 -0.16130774699622888 5.728937849639533 -0.9855728899065046 0.08501181531873221 0.1467202366217599 148.6866129108415
0.1581679012179378 0.1524227068768147 0.9756158611722876 -95.57199638197106 0.06178447303479505 0.9845742709788847 -0.16384695727873475 5.5197837608931595 -0.9855324465756656 0.08618192214805491 0.1463107355455508 148.85316671800902
0.15760957048425958 0.15457981614118746 0.9753668574317632 -94.38970060042867 0.059992702174061545 0.9843733988710978 -0.16570962498558275 5.307847052329857 -0.985732801881387 0.08462086505425312 0.14587302004784666 149.02466919788603
0.1573022588670751 0.1557896636752441 0.9752232855508188 -93.20503168099893 0.058611506692070194 0.9842892433350199 -0.16669943096126355 5.095503630040402 -0.9858644202904183 0.08337006435386923 0.14570044818427208 149.1963519645762
0.1566911628929182 0.1578763246346564 0.9749860550822 -91.96861357752356 0.05466007395069734 0.9842663730428681 -0.16817096424262282 4.875745124733462 -0.9861886010641508 0.07963233944804493 0.14559696188000973 149.38338615451198
0.15608226749242401 0.15888996053697407 0.9749188899144108 -90.76259459670622 0.0529269806801452 0.9842376384038146 -0.16888956973720393 4.659690073948855 -0.9863798241503096 0.0779488005399741 0.14521343850906113 149.5618514279696
0.15596485450267747 0.1584454978130344 0.9750095610840105 -89.50270171243356 0.05176570844763785 0.9844068534673154 -0.1682599267557948 4.435697028619858 -0.9864598010896879 0.07670297411541455 0.14533206426212036 149.74769643877008
0.1559528017319529 0.1576367461589165 0.9751422703789914 -88.25104963450165 0.05116281056425085 0.9845925186085367 -0.16735345340157068 4.213940508658631 -0.9864929776667517 0.07597843437909568 0.14548628261461438 149.92953779972987
0.15586394874001622 0.1581549037436925 0.9750728874096589 -87.01524234564137 0.051435062265580526 0.9844837105288397 -0.1679099869266716 3.9903996952432848 -0.986493027822479 0.07631258322722116 0.14531197311346594 150.10385947724512
0.15589523476837705 0.16067269609468157 0.9746562723860912 -85.81590195424086 0.05290472554380499 0.9839311084338785 -0.17067067857928817 3.7680723293908622 -0.9864103797949676 0.07815922468306846 0.1448909106449078 150.2707063843675
0.15595235453584388 0.16471133433727714 0.9739720309132274 -84.54068672193615 0.05273310844320037 0.9832275244108575 -0.17472698142454182 3.5266418204415078 -0.9864098905925455 0.07859817007424348 0.14465280694259278 150.4504947178367
0.15600610520642486 0.1674155527334778 0.9735023464740674 -83.24143413018723 0.05282551476746209 0.9827304476165207 -0.1774747087813246 3.275982701498532 -0.9863964528444141 0.07910149972578746 0.14446995698952886 150.63326939830336
0.15650413348391995 0.16683191440779185 0.9735225438015198 -81.96236758104129 0.05471897695971598 0.9826756282193316 -0.17720386019398351 3.0343359341119824 -0.9862147219558264 0.08099205607637645 0.14466576240370735 150.8113876619917
0.15773649521318175 0.1636303317263835 0.9738671777447232 -80.64768915780037 0.05462161204155694 0.9832432115797813 -0.1740592151162009 2.7918489204290577 -0.9860241869050405 0.08063864326066461 0.14615771401615096 150.99888838976872
0.15789254391589413 0.16285783221294406 0.9739713460016001 -79.34200223900035 0.05469605369190297 0.9833722868748102 -0.17330296017984756 2.55077121120128 -0.9859948572248234 0.08062422819344213 0.14636180005820773 151.18540067994178
0.1582674496677504 0.16428745159480948 0.9736704781455716 -77.99524655507491 0.05799981829726293 0.982835096334029 -0.1752678619464018 2.2977753407946024 -0.985746251852263 0.08420103282456784 0.1460243402229128 151.37290563800235
0.15807623845648996 0.16653489994618084 0.9733191650598084 -76.63712873075653 0.056095264946119876 0.982592161147611 -0.17723813492876755 2.038526341294021 -0.9858867047226997 0.0826049523235849 0.14598529918540837 151.5697663469196
0.1575038293360132 0.17076233917965242 0.9726791589087546 -75.37003305014079 0.05342318384908372 0.9820435449055396 -0.18106333556253978 1.7901721170786358 -0.9861267598968131 0.08047105650519885 0.14555564258894993 151.7540555578647
0.1569267489427677 0.17383216478931818 0.9722283089320151 -74.07760550223428 0.04904180496478962 0.9818252822391169 -0.18347016752650827 1.534335974758914 -0.9864462930947241 0.07646060172608703 0.14555242225994175 151.9460827069733
0.15627830304547694 0.17324518563626964 0.9724373122663058 -72.76464428411485 0.04574305984541682 0.9821947514784649 -0.1823408471116372 1.2793928294026657 -0.9867075702987123 0.07296760387289351 0.14557372420253595 152.13898400927434
0.15635568047355905 0.1718132364952436 0.972678945995141 -71.46585227462943 0.04343713106140733 0.9826284859700698 -0.1805592984236427 1.033633232216186 -0.9867994206230606 0.07047129314174605 0.14617924076867878 152.33410535576903
0.1566715957567403 0.17093959922882607 0.9727821774287824 -70.12306200075498 0.04489209648524261 0.9826813168484163 -0.1799154672422715 0.7779832213780528 -0.9866846026366024 0.07184760353077883 0.14628717799296892 152.52638773849017
0.15762932913067534 0.1696549494911008 0.9728522578793808 -68.76408231603662 0.045925545301778 0.9828295898485999 -0.1788423653459199 0.5203875499454074 -0.9864846013549462 0.07285942111089291 0.1471340436557534 152.72342457450603
0.1580125575786069 0.17165743198444325 0.9724387470094029 -67.42834580844631 0.04617199989275961 0.9824357698603179 -0.18093102384106205 0.26003451599198435 -0.9864117092727903 0.07347862845063162 0.1473140631255515 152.9176058412759
0.15830364999233965 0.1715968993991789 0.9724020711429988 -66.11103994755905 0.04566313045025943 0.9824808005933781 -0.18081543471519926 0.005975371491186987 -0.9863887721478822 0.07301637638353987 0.14769734263805204 153.1130829645506
0.15892768856145256 0.172016937005989 0.9722263978284703 -64.76236170465167 0.04191874209619145 0.9826647646401824 -0.18072246967512923 -0.2533615366702127 -0.9864548004723251 0.06946597326898671 0.14896458689231362 153.31884710850326
0.15872422740620626 0.17398762005948842 0.9719089559451062 -63.4543955361949 0.039478992333297366 0.9824685464388481 -0.18233166131993636 -0.5106795916000257 -0.986588158661194 0.06730006955687608 0.14907536833727203 153.5156352096693
0.15930350326639192 0.17382984380426195 0.9718427207587231 -62.17212053496507 0.03842197441486312 0.9825625345308361 -0.1820521680905693 -0.759342910446814 -0.9865370072735405 0.06633154957570851 0.1498490778037327 153.71054037672968
0.15990586910999513 0.17222171910508724 0.97203018034619 -60.84111337146061 0.038196277127389065 0.9828701078061333 -0.1804327708155329 -1.0145204414926003 -0.986448764430669 0.06597008867989453 0.15059078629151765 153.91136247145613
0.16125234752447362 0.16914515323560342 0.972347953536342 -59.480505922204095 0.03872739475071846 0.9833842505887893 -0.1774943818686467 -1.270543441688789 -0.9862088972026436 0.06626768725674909 0.15202469903300742 154.1177485546935
0.16277025974663054 0.1666312952961806 0.9725290514417829 -58.10733175120968 0.03926616243383774 0.9837851680030799 -0.17513873677942174 -1.5257200004542544 -0.9859379708818481 0.06668442114088617 0.15359007160497393 154.32736141671947
0.16391714274716654 0.1652936803592249 0.9725648566105634 -56.719318317047644 0.0385899308687176 0.9840569558031873 -0.17375786494196221 -1.7822034518332404 -0.9857747018071273 0.06600301641251713 0.15492713581799933 154.54242126717182
0.1643325089382885 0.16660191366718155 0.9722711462858243 -55.336584607198375 0.037169222703128404 0.9839116515333031 -0.1748855570343866 -2.043075236653015 -0.9857599674967504 0.06486790382254658 0.15549852626882876 154.75794346227016
0.1646111073827026 0.1686598391535516 0.971869185788815 -54.05786925606882 0.035848708697797514 0.983622369780919 -0.17677807020606856 -2.288028918249261 -0.9857625781474038 0.06392986956688414 0.15587115831856968 154.9572373201147
0.1650662194965567 0.16942634167320342 0.9716585695586444 -52.79023395704621 0.033948499937208054 0.9835991695916797 -0.1772823207635864 -2.528469557153035 -0.9857537320180128 0.06223958958080122 0.15660947497603925 155.15945042500817
0.16614972462143057 0.16788783735435658 0.9717409441584414 -51.5302591696456 0.03282540603038699 0.9839366831352881 -0.17561413253250216 -2.7638460290662565 -0.9856098706246663 0.061066163087877115 0.15797198372138208 155.36107103335215
0.16773945775851726 0.1657060208091757 0.9718422161758453 -50.269387125112644 0.03192099234331372 0.984366561570591 -0.17335770827412703 -2.993165123198888 -0.9853702893186664 0.06009142185921969 0.15982995127049912 155.56549005785476
0.16844401149071203 0.16498042267852248 0.9718439558712291 -49.00177159326903 0.03221434475354936 0.9844704310525458 -0.17271413662387158 -3.2244340119428148 -0.9852409671513853 0.06039080344201588 0.16051557561421595 155.76883427022986
0.16883592393156124 0.16608394295961493 0.9715878885764144 -47.7289258747408 0.03156745877970816 0.9843090068946992 -0.17375074616228292 -3.461981562845503 -0.9851946833376327 0.05999673326880977 0.16094614292007273 155.97490839614974
0.1691708650661486 0.1687587686233718 0.9710683366901635 -46.48266918421168 0.02949818570225101 0.9839476859675758 -0.17614272210465906 -3.7000286203615023 -0.9852012718208665 0.058433678313496516 0.16147960246380227 156.177927471616
0.16910675504362752 0.17072515330359486 0.970736333388667 -45.25317086703027 0.026419726495306255 0.98376862208302 -0.177626532072436 -3.9354885959920356 -0.9852997145203231 0.05567518974283857 0.16185357438567563 156.38076190635232
0.16897345154764964 0.1705522852238032 0.9707897380667286 -44.03327277634222 0.02432488318109342 0.983917413704702 -0.17709939615202236 -4.1653151441423155 -0.9853764527064511 0.05353034256088077 0.16210957256383995 156.5806171408361
0.16837809622731442 0.16756284348540443 0.9714131822192765 -42.797980172356574 0.023406754223349764 0.984512386490587 -0.17388681611568713 -4.3931744523713645 -0.9855001197753687 0.05200684048107443 0.1618499761935762 156.7790352361833
0.16798528670343035 0.16626228317375433 0.9717047769153211 -41.4936662350795 0.023335190200736405 0.984751910855363 -0.17253615185736468 -4.634479216165453 -0.9855691776650107 0.05164922088564222 0.16154574992412934 156.98405967717468
0.16780508794433396 0.16655762549749603 0.9716855059805926 -40.19370453011341 0.02453109146001509 0.9846380324437878 -0.1730215668588483 -4.878133106265395 -0.9855713437717125 0.05286148890936806 0.1611428486555619 157.18736256235718
0.16786970141949828 0.1679341092486435 0.9714374077542185 -38.898710022063554 0.024392657236421856 0.9843988332912795 -0.17439710778895368 -5.123619558980066 -0.9855637868816286 0.05296292350545802 0.16115568072342207 157.39192972151733
0.1675482561765236 0.1709907421901024 0.9709600434251942 -37.64320006919509 0.021503565448469056 0.9840008665554693 -0.1770051442944023 -5.3654482494715765 -0.9856857935443382 0.050527232475951984 0.16119171274778296 157.59558502045462
0.16713678076845434 0.1735398210372116 0.9705775816452198 -36.407473550880155 0.018559404556516775 0.9836839244207634 -0.17908589239722078 -5.606197000264348 -0.9858149917983973 0.04793644709034869 0.1611903582024386 157.7963253533526
0.1670260287472758 0.1722811539382502 0.9708206925064031 -35.16109145388934 0.01700825350094472 0.9839900783117568 -0.17755069338196652 -5.842515704347804 -0.9858615110698614 0.04615866358978214 0.16142325252748657 157.9993244764834
0.1670697588103442 0.17251014368609538 0.9707719453081248 -33.91140155093607 0.015632962762955307 0.9840107864067595 -0.17755892003469007 -6.079885562778161 -0.9858764890263673 0.04483170619141437 0.16170369832763434 158.2037696989997
0.1671373342912523 0.17314691731153634 0.9706466513831206 -32.612697339284416 0.014821755138144856 0.9839300541704996 -0.17807379895771272 -6.329568479037827 -0.9858771686738884 0.044140200749312526 0.16188759498132468 158.41454646419785
0.16710182398925807 0.17300522765622414 0.9706780283658654 -31.315261503283768 0.01537755072539916 0.9839314506570714 -0.17801985182148347 -6.577172269386756 -0.9858748375089621 0.044664799689120446 0.1617587973519098 158.62287418666097
0.16754481415421596 0.1729977554509267 0.9706031116399546 -30.01950155891197 0.014000597678284592 0.9839906839026592 -0.1778058882511374 -6.820078037651106 -0.9858202482336694 0.04337037865071511 0.16244275950250228 158.83983884774352
0.1674881177650007 0.17821655122121713 0.9696682559719401 -28.704822488429702 0.01313811644491651 0.9830588049077401 -0.18295221362088862 -7.082118735751146 -0.9858418850552615 0.043372853163904164 0.16231156035870917 159.05381810892092
0.16728235894729165 0.18312016803713457 0.9687895542063617 -27.426565766024126 0.011881180996790136 0.9821776576447627 -0.187707597069076 -7.344689637012666 -0.9858926177260897 0.04290150021399881 0.16212789337394715 159.26213312668128
0.16723252455822318 0.18416355461077774 0.9686003979614326 -26.123831359072316 0.010353206261389596 0.9820408298936404 -0.18851169988638555 -7.609715771168931 -0.9859183876466552 0.041544479057190255 0.1623250365710384 159.47739512329812
0.16743071692610642 0.1828979356395589 0.9688060970544597 -24.86730828414116 0.01016747448840677 0.9822925137365377 -0.18720632945534363 -7.861127943036628 -0.9858866568721273 0.04118547938971188 0.16260880388219257 159.68221746348777
0.16769426609081184 0.18016239944184023 0.9692730349956693 -23.645142248718873 0.010063049443238124 0.982819256215031 -0.18442646744677127 -8.100914067599907 -0.985842972904898 0.04067219968166267 0.16300263058582465 159.8825804144739
0.16790016511351458 0.179074642271159 0.969438783386661 -22.416972640691956 0.010772539055169032 0.9829944247677086 -0.18344956593071182 -8.34069046782257 -0.9858005291571603 0.04123565733863293 0.16311830002146002 160.0825396474852
0.16787828061715532 0.17937068300655643 0.9693881804443698 -21.1955064693468 0.011427135727935703 0.9829113054161609 -0.18385725919231982 -8.581946042466635 -0.985797350285914 0.04193425699438258 0.162961990908955 160.28097193704517
0.16783560475561682 0.18145971462908586 0.9690071210896791 -19.972898987779843 0.010421334173061115 0.9825559076550838 -0.1858072213781537 -8.828359245511766 -0.9858157256398741 0.04127489785041252 0.16301890790739132 160.4814581967723
0.16759221486134324 0.1825603583047248 0.968842333750949 -18.75840013439431 0.009551331949877817 0.9823823386973898 -0.18676921743729397 -9.074097716366088 -0.9858661137787261 0.04054631837419608 0.16289793701119762 160.68048855451028
0.16738409277572844 0.18332726045508996 0.9687339179422514 -17.575626362095868 0.007894495037078713 0.9823030267214375 -0.18726444921752408 -9.311892488891955 -0.985916446725271 0.038984286335163536 0.16297641529954335 160.87773637541397
0.1673484546998951 0.18253788956616798 0.9688895408461806 -16.40266444487169 0.0068487396896934885 0.9824969811961527 -0.1862903575881721 -9.544420324600631 -0.9859307425951062 0.03780329942865762 0.16317028236562475 161.07297405362598
0.16755692413820514 0.1816128473739245 0.9690274240541752 -15.221491929743653 0.006624592619326106 0.9826817104902317 -0.18532353972214746 -9.777772769055874 -0.98589739545854 0.037464270468388815 0.16345279576394203 161.26747452012543
0.16755468411593788 0.1813951302789431 0.9690685504216326 -14.04607448601757 0.007541923853505171 0.9826880134077707 -0.18525469999833102 -10.010747968748456 -0.9858912549611645 0.03834152722572303 0.16328665523475272 161.45872487249645
0.1675068562774586 0.18156508402074545 0.9690448418554567 -12.85421862155361 0.007240003990907335 0.9826674480067108 -0.18537497700646052 -10.248091797022962 -0.9859013893173344 0.038059921137392594 0.163289808583485 161.65498408476435
0.16729145965463904 0.1818475101177271 0.9690294732514684 -11.664866862457263 0.006824200593151643 0.9826311828410506 -0.18558446040630272 -10.485436031842216 -0.9859415219131099 0.03765210708744023 0.16314538404063766 161.85092818382492
0.16714802079816093 0.18202048146985841 0.9690217553685426 -10.497207793279665 0.006977034324446617 0.9825935048328915 -0.18577985024315705 -10.715809685185237 -0.9859650461023259 0.03780632203921136 0.16296895689054533 162.04145141559601
0.16683090883566182 0.1832444782633993 0.9688457042475345 -9.352473334303994 0.006249600940230684 0.9823879966421236 -0.1868884467644191 -10.94664609708816 -0.9860235881695133 0.03722614063166536 0.1627479869416186 162.22870891030618
0.1666391122515573 0.1836705879729626 0.9687981120900416 -8.209957651718275 0.006374492440349097 0.9823024794480012 -0.18733411412976636 -11.177337386963597 -0.9860551289381428 0.037385359969440465 0.1625195292969531 162.41402635916688
0.166488934313284 0.1836182424816186 0.9688341332674528 -7.078708339837512 0.00637818710062156 0.982313913200564 -0.1872759957064764 -11.403755584547941 -0.9860808482782224 0.03735168002156474 0.1623732539728198 162.59921122942606
0.1663225547172694 0.18305259341711286 0.9689699170950914 -5.970144626887604 0.0067564715783438225 0.9824101387690706 -0.1867583092750867 -11.623928287426542 -0.9861063146356521 0.03760173924949735 0.16216013233523036 162.77955238706568
0.16609015418342926 0.1825949969626899 0.9690962228969568 -4.878849777485248 0.006421178676405386 0.9825125842990746 -0.18623032241718254 -11.840176588062997 -0.9861479306324102 0.03714658887457692 0.16201309728936303 162.95856472987745
0.16592076185152235 0.18158826473358153 0.9693144994174633 -3.8128618995669417 0.006105167037425408 0.9827186134436506 -0.18515158005996576 -12.049786071344553 -0.9861788799909721 0.03663150977725145 0.16194447504554008 163.1332018817805
0.1657943133921343 0.181100404395548 0.969427266903807 -2.747518671918279 0.0057180158053505206 0.9828264797618013 -0.18458869754317583 -12.258681316743193 -0.9862025500827892 0.03613999016562481 0.161911198114413 163.30870145576554
0.16555728136371298 0.18094567162032346 0.9694965731633213 -1.7112299688480972 0.005374677607149898 0.9828701740475541 -0.18436686343650335 -12.46200032912032 -0.9862442679978723 0.03572716607252493 0.16174838933589858 163.47836139883933
0.16519743169647122 0.18247716498268765 0.9692709292132765 -0.7231896402018894 0.0029352695553783526 0.9826660300654374 -0.1855065285980538 -12.659392184621035 -0.9863150572331933 0.033483475576931314 0.1617978102600797 163.64306613351386
0.16496931330610654 0.1824547643038296 0.9693140286714866 0.27578367040695106 0.00281364277224564 0.9826759272519929 -0.1854560245666455 -12.856644192069787 -0.9863534461413423 0.03331511784998515 0.16159751179485984 163.80630763629438
0.16489116825660063 0.17993615667196572 0.969798064991983 1.2698474465259135 0.0025079655119210494 0.983164993946273 -0.18285002163757275 -13.04780841392776 -0.9863677495394252 0.03257587704773572 0.16166340882051047 163.97061403844057
0.1646755329911207 0.17630867862481978 0.9705009697431599 2.261061722523783 0.0026468321586527845 0.9838388647228395 -0.179187811455018 -13.232770387623187 -0.9864034463010416 0.03207015152555322 0.16154716932345237 164.1337883212202
0.16466995881627586 0.17726271461260867 0.9703281010242641 3.2378996106790865 0.004938340665242408 0.9835850291624758 -0.18052964577423264 -13.422487833574905 -0.9863957012654709 0.03451343288097986 0.1610910617182423 164.28918575218856
0.16340805352278054 0.18407936382191162 0.9692708556314598 4.177292932215866 0.0027902290676095733 0.982374693259511 -0.1870455682059545 -13.620093678030589 -0.986613673454625 0.03326294771508424 0.16001443695072312 164.4414038710755
0.16075403273361238 0.19138297256253378 0.9682996591955674 5.081714455973191 0.0028116325138120074 0.9809542804645991 -0.1943576683814982 -13.820238490545206 -0.9870494583850975 0.03396017471211142 0.15715449254862143 164.57970010659974
0.15863337943048333 0.19142271764364424 0.9686416211942019 5.98062284467882 0.006493996159058865 0.9808288770401433 -0.19490153796159607 -14.005007446197446 -0.9873751981342532 0.03720194857502329 0.1543493506579092 164.71199294684078
0.15528670453720222 0.18742649418967788 0.9699646379593513 6.881245287248814 0.006469048083220968 0.9816496163772812 -0.19072670481012924 -14.181411728373416 -0.9879073925752705 0.035885797453034746 0.15122532482751583 164.84745244816753
0.15095433293425506 0.18386430361764153 0.9713293327193767 7.775975095890819 0.006818989072926017 0.9823602060317201 -0.18701880858011588 -14.356966243938967 -0.9885765948134626 0.03484860347897052 0.14703828264001084 164.9750129150869
0.14910786981631963 0.18373626828806017 0.9716387216577413 8.64553055991746 0.011657828293576852 0.982216875278559 -0.187532311099562 -14.529923595518152 -0.9888115775842398 0.03928355000948341 0.14431486454109602 165.09103362311438
0.1455551211428423 0.18183788392737635 0.9725341490815889 9.477190487927006 0.014417150808862736 0.9824970773075449 -0.1858649928799937 -14.69205242206268 -0.9893045104411449 0.04106863031584716 0.14038645224845292 165.20365787150524
0.140827744105645 0.17930367421789326 0.9736995471269649 10.29762676487853 0.016040099648441504 0.9829468749859925 -0.1833338400471342 -14.850831209261676 -0.9899629335308385 0.0414300249907835 0.13555012241433426 165.3099467836244
0.13775039109461001 0.17632651881361933 0.9746830060559213 11.09970983166037 0.016298984633475073 0.9835156396929641 -0.18023499645053231 -15.002297231158902 -0.9903917111598407 0.04070718708785594 0.1326058323728584 165.41355608074085
0.13445613801171966 0.17598950724520804 0.9752038110436662 11.89554342336675 0.016796878352074444 0.9835821192096672 -0.17982454889692492 -15.155225992180721 -0.9908356464732903 0.040552039888841526 0.12929279275766437 165.5125129845465
0.1314373624619375 0.17503444022412526 0.9757869603901135 12.677878532003072 0.017026304497314123 0.9837709517481731 -0.17876709661001391 -15.30322923130631 -0.9912365490725682 0.04010367042732111 0.126324322807041 165.6083910936924
0.12964343658498365 0.17682524272726072 0.9757039560160503 13.44393812243867 0.02101697129431226 0.9832857046026654 -0.18099886096291198 -15.454414042586718 -0.9913962827250793 0.043964606596995616 0.12376044552697996 165.69529545372023
0.12775073715482815 0.1784173280895986 0.9756639482235504 14.170176452292003 0.024123853808615234 0.9828625228676036 -0.18289951637320032 -15.599166568673343 -0.9915714550752859 0.046895346753164605 0.12125756634072402 165.77700039318415
0.12603140652798459 0.18128436461901157 0.9753588507100853 14.872526617386793 0.02874544106630872 0.982106837159463 -0.18625997810559505 -15.74209292418506 -0.9916684151399048 0.051504750331263394 0.11856548041294335 165.85132835854012
0.12457076294619134 0.18275762478940272 0.9752715613363953 15.54255842115812 0.031730608444900665 0.9816795916692842 -0.18801843228941606 -15.877520707066825 -0.9917619472767399 0.05436047747748497 0.11648989454748687 165.92485930372175
0.12285556857596894 0.18437605056620504 0.9751848359798443 16.193735398628174 0.031485980457088156 0.981398107843052 -0.18952495081663803 -16.01260739243643 -0.9919840778954738 0.05398173651406655 0.11476491755544503 165.997265278564
0.12048899641306661 0.18466405471343475 0.9754256141601318 16.82253615145858 0.03164205577160313 0.9813585249598364 -0.18970334046854614 -16.140826125860794 -0.9922693477068102 0.05371436164465808 0.11239985512472837 166.06581876708964
0.1197603099401676 0.18600666977203756 0.9752600282793437 17.425602640862284 0.03194146240025288 0.9810877225986929 -0.1910479381849541 -16.266255950708608 -0.9923479270993789 0.05402385088539655 0.11155423451887497 166.1314559538712
0.11833551343147262 0.18760802679914074 0.9751271306126097 17.991782293534005 0.03133217655399365 0.9808209909038089 -0.1925130501263965 -16.382872752958672 -0.9925382915085179 0.05332659497370779 0.11018821572810145 166.1933182165298
0.11557305336147564 0.18829492942574544 0.9753259013811316 18.555646678161366 0.02980349246761092 0.9807947553957876 -0.19288954456690227 -16.496178463105775 -0.9929108655825132 0.05135352331428982 0.10774205399682331 166.25749937648735
0.11488025607512299 0.18798496019127722 0.9754674293523764 19.109339380426313 0.029021713690320083 0.9809027344028736 -0.19245726108720113 -16.605672025626728 -0.9930141314261997 0.05041162810699259 0.1072314365584072 166.3203040450012
0.11461635103890612 0.1884251033934822 0.9754139349370526 19.640549237995117 0.028025549238821144 0.9808688019649584 -0.1927793210399333 -16.71307478894564 -0.9930736524144027 0.049424732833972064 0.1071433792595914 166.38304483193
0.11454690065610408 0.1890358557128443 0.975303883192046 20.146665083339578 0.027758484321029193 0.9807618852982226 -0.19336113636266283 -16.81724067023892 -0.9930890839780772 0.04921452247212875 0.10709622203339685 166.44143134137855
0.11536547804921991 0.18972414803833554 0.9750738588711273 20.624543195851977 0.025778585754530715 0.980713655781772 -0.19387869175402708 -16.91323496134165 -0.9930479536356069 0.047495644728672286 0.10824996243947453 166.50527986709463
0.1195333569644012 0.18973319784061624 0.9745699908842911 21.081642588222202 0.02464579998018753 0.9807260775318059 -0.19396199180143428 -17.00464209003125 -0.9925835346484766 0.04719675332695132 0.11255373249972486 166.56789395050865
0.12499286355000783 0.18965054044255486 0.9739004843466946 21.540494723774298 0.022154952477504136 0.980808127725428 -0.1938466300365862 -17.094490975081698 -0.9919692566960733 0.045798936089143163 0.11839312263795469 166.63916492782948
0.13151101592928563 0.19038743087369053 0.9728977289497511 21.981660535908233 0.018541652096713598 0.9807655113877922 -0.19444086932143767 -17.18182788175596 -0.9912004005589728 0.04360304745343575 0.12545221729713743 166.71488820673667
0.13768576670134303 0.19091354313962747 0.9719398344266725 22.40523073480981 0.013057266074176104 0.9808385660169023 -0.19451856766745954 -17.264213137458384 -0.990448970211941 0.03946612056453389 0.13255550271764008 166.79648110196553
0.1453378232219783 0.1917015664530367 0.9706697826472409 22.837889257645354 0.008338787904550584 0.9808027009348453 -0.19495869308278052 -17.349645206826153 -0.9894060145131877 0.03642191087833184 0.1409500191224841 166.8834724773534
0.15607968258500346 0.19234477432503888 0.9688729502596015 23.261453268623157 0.004116610760216051 0.9807470999896468 -0.1953728930595598 -17.435198766342793 -0.9877949043414956 0.03447502900133516 0.15228367291681688 166.97525349810957
0.16981133811106147 0.19208537397228873 0.9666123678898434 23.64987397355944 -0.00021899377825227578 0.9808530205168675 -0.19488409484473063 -17.512742521908926 -0.9855358973474095 0.03287472065491879 0.16660272691698744 167.07063308020693
0.186928436120873 0.19172907358508873 0.9635199077558896 23.983977183454453 -0.004290573523489816 0.9809453653748167 -0.19437184544197514 -17.580523534160772 -0.9824234549378777 0.032192421622086624 0.18418967771837985 167.1672347223722
0.2098384178692102 0.1916687230194997 0.9588035713499105 24.321236410409288 -0.008902503943758994 0.9809568936844014 -0.19415667501470701 -17.650432316840973 -0.9777552421267929 0.032198723229775364 0.20754887136262531 167.2781600481573
0.23605790046086203 0.1913876756739196 0.9527440689262638 24.62449802539191 -0.014892223187289472 0.9810359637509004 -0.19338884676163295 -17.712825507540533 -0.9716850380145535 0.03145551379036129 0.2344311500388116 167.4014436577769
0.2642819166954569 0.19139215435682191 0.9453030287937987 24.949923725483004 -0.023772559512758487 0.9811323003815453 -0.19200788475368355 -17.77501148329722 -0.9642126312209329 0.02826501158341543 0.2638450211811554 167.5574213992789
0.2923772941171388 0.19249079269503183 0.9367692973070653 25.21620185956068 -0.033918795585387594 0.9810294000151334 -0.19100682973794003 -17.826984384065312 -0.9557617366481208 0.02406503370728978 0.2933592661718536 167.70684012520857
0.3222343536881041 0.19420610269463343 0.9265653172761226 25.501818333251155 -0.04539014336791338 0.9808008577163081 -0.18979603103494708 -17.885153089301074 -0.9456318078962922 0.01909501253721052 0.32486208984379694 167.87492509457823
0.3552512657295751 0.19592608219178526 0.9140484665132544 25.8057514349082 -0.05683587550471209 0.9805324189385876 -0.18809539926555977 -17.94945574158219 -0.9331026302656014 0.014863511251881742 0.3594701511959674 168.0647182570338
0.3880709063997064 0.19749493759720635 0.9002618894453797 26.078284209242458 -0.06745516589184591 0.980263405310469 -0.1859759027930494 -18.008395877254753 -0.9192190089477644 0.011437704762400351 0.39373276990314077 168.25515987954506
0.4200750087410893 0.19943718245643832 0.8853458098005662 26.350168740698084 -0.07774389417785359 0.9799012674724514 -0.1838579075142196 -18.067763467112194 -0.9042148594973117 0.008396944182206203 0.427135888334384 168.45776354036192
0.4521639453919323 0.201376591507698 0.8689481314955202 26.63261874427689 -0.08684087995436346 0.9795175357000953 -0.18182093304060717 -18.132030286986463 -0.8877595521645285 0.00674570097687539 0.46038877888821184 168.67777445029054
0.4847128539061696 0.204415337314299 0.8504962317017688 26.90763581163136 -0.09642822957896012 0.9788963111768344 -0.18032868251771392 -18.197262749260457 -0.8694045260330623 0.005388719492305667 0.49419340470942663 168.91170140105697
0.5173696985095585 0.20600840993661226 0.8306411499369067 27.20279786751297 -0.10519091903088686 0.9785669617993018 -0.1771861384217929 -18.2657273918104 -0.8493354065362102 0.004288496923559434 0.5279493709503246 169.1728778309614
0.55053815226067 0.20775583207841575 0.8085920496818192 27.495745157439586 -0.11462949250325394 0.978203449347705 -0.17329785264806016 -18.333244945242356 -0.8269666592579927 0.0027119705952965544 0.5623512667411472 169.4546317933812
0.5839383721484628 0.20845100130048844 0.7846273033286144 27.77853144375139 -0.12270738781547408 0.9780571961113964 -0.16852718570810185 -18.398194444408485 -0.8025356336765723 0.0021232668051580235 0.5967013302928322 169.749857900166
0.6169527807579558 0.20881852435031162 0.7588412359373098 28.049486922519982 -0.13101035343227432 0.9779804830163785 -0.16261767276658037 -18.458103439956023 -0.7760852451438266 0.0009048047884161427 0.6307227739081404 170.06247582292815
0.6499426746004716 0.21055695942060926 0.7302848838331888 28.312314981312515 -0.14050693146841217 0.9776076019124149 -0.15682691394051831 -18.517984801516455 -0.7469490629561886 -0.0006876960578268333 0.6649711716294912 170.40014095147336
0.6818613207384099 0.21485600787629464 0.69926937167651 28.543071208690243 -0.15273150437373198 0.9766651521515428 -0.15116958129679592 -18.572161854657445 -0.7154275660175138 -0.0037298642288748803 0.6987627677157026 170.74800952898784
0.7125210256074334 0.21958706439286402 0.6664615375891878 28.757330110892777 -0.16497335954321757 0.975596879771344 -0.14507825296618 -18.623112026596417 -0.6820512440276355 -0.006583037731296679 0.7313565390271622 171.10985373680293
0.7418905026827496 0.22384969311696892 0.6321121412234676 28.983137763669944 -0.17652340392493274 0.9746065138188027 -0.1379687469666889 -18.67556356804064 -0.6469407392905405 -0.009231017600239212 0.7625629343348803 171.5123597977965
0.7691096739491652 0.22605369869311914 0.5978670771083742 29.214096716713847 -0.18538679042962392 0.9740787334958944 -0.12982613497343348 -18.72637789967332 -0.6117136637123674 -0.010991542075638345 0.791077891919727 171.9468896930526
0.7939915868551434 0.22793041288011504 0.5636487510517639 29.41653655192101 -0.19354731588292076 0.9736166262081821 -0.12108521741755324 -18.77014165157142 -0.5763737950394086 -0.012957401153708123 0.817155788406675 172.3708566710944
0.8166216319111722 0.2305104759251174 0.5292158268108056 29.623555897373958 -0.20166947109469008 0.9729836043927159 -0.11262493049172122 -18.815623406235442 -0.5408763476475847 -0.014760601077081659 0.8410431666283248 172.82795584769036
0.8362668852541543 0.23444688278609366 0.4957500831931354 29.814553699490563 -0.20876724624726042 0.9720600292995377 -0.10755184677931909 -18.86496864251808 -0.5071110392429334 -0.013560406931082106 0.8618430139196478 173.28773846050265
0.8537793106241666 0.23603968422853522 0.4641352861364303 30.02314295844756 -0.21298343993919314 0.9717016695875462 -0.10239922954263068 -18.919830097505205 -0.475168247639271 -0.011432700994025205 0.8798881297185643 173.79432386132655
0.8686984181270101 0.23766038384004767 0.4346905366138564 30.227940618909088 -0.2170096336061385 0.9713250575086136 -0.09739645838977927 -18.9735877851433 -0.44537012247406543 -0.009729691712319813 0.8953598291798083 174.3259876762349
0.8821657626739167 0.2372228713351349 0.40691973276097343 30.442736719924273 -0.21877428914133232 0.9714492032917683 -0.09206390449675299 -19.028556457718814 -0.41713868490146777 -0.007813390664980626 0.908874637300772 174.8985648188609
0.8953263271482441 0.23634323184792771 0.3776327599614422 30.654720670641936 -0.22085120128162605 0.9716637924242925 -0.08452771942061868 -19.077729039795017 -0.3869069918658754 -0.007725716932385837 0.9221504023592345 175.51587557257594
0.9079318619978237 0.23509686607266836 0.34707765227566667 30.85371360240748 -0.22293310491674767 0.9719539925292537 -0.07520977932284859 -19.11813986544349 -0.35502261519361256 -0.009094727539266599 0.934876476172174 176.17014556946668
0.9201686033187659 0.22949459053580473 0.3173265271393829 31.03944530956087 -0.22106951048214618 0.9732574287763245 -0.06285029429901355 -19.144067690095216 -0.3232617820669914 -0.012323522943860675 0.9462917078260845 176.83830513733065
0.9300128217121063 0.22958784521825906 0.28712295326257903 31.196892074414873 -0.22456823786191377 0.9731607162173308 -0.05078817900720793 -19.162893889733347 -0.2910748413369208 -0.017250171008708577 0.9566063963278477 177.513268678269
0.9383754419038516 0.2293870324435435 0.2586645064567574 31.351509959148185 -0.22606674592194717 0.973191068604691 -0.042951145863069355 -19.18603505400815 -0.26158036127717277 -0.018176347305751527 0.9650716276539826 178.23307457496335
0.9460153303516108 0.2271578281906332 0.2313637069836628 31.482288092860827 -0.22422890414746222 0.9737721248401354 -0.03926176111183606 -19.212932886761102 -0.23421215546893842 -0.014741608337937362 0.9721345385679049 178.92467320788018
0.9533960151510745 0.2217744177437636 0.2047580708228122 31.59997995563427 -0.21883370167943345 0.9750789463233009 -0.037214242466493186 -19.241189951121825 -0.20790640039055386 -0.009333187185400863 0.9781644289066376 179.62107563608203
0.9587384075252398 0.22092028895772278 0.17913404172934105 31.701179396912835 -0.21856086543166708 0.9752892983284736 -0.033081171341508744 -19.26554692936189 -0.18201361537211408 -0.007440792880170183 0.9833278778548238 180.34568531807585
0.9638636041983596 0.21624086667642667 0.15582211835319149 31.801403832545045 -0.21506268222743838 0.976316341955229 -0.024617301296518818 -19.276297962293025 -0.15745298308840794 -0.009789308124128829 0.9875374920857112 181.11718815116436
0.968605422596001 0.21231332285674384 0.1296155256108945 31.879441259222393 -0.21244727121540866 0.9771123567650271 -0.012991949841652358 -19.27471964525241 -0.12940546767159003 -0.014957805068663309 0.9915380827062388 181.9534714927969
0.9725743694296441 0.20919874379450376 0.10202540595855071 31.93296590743963 -0.20977327340938523 0.9777620704650943 -0.005236393558199093 -19.270984871116955 -0.10085030143965709 -0.016314938963021376 0.9948267953995048 182.7672298807114
0.9754713895008806 0.20699035442204577 0.07539780252917641 31.97215023929289 -0.20783099633126137 0.9781854909123311 0.0033241742121948937 -19.260581458482697 -0.0730633595725012 -0.01891789134554426 0.9972068324762472 183.6265856991571
0.9770213552509767 0.20693962771102775 0.051766719568300104 31.994080399333924 -0.20784855841027172 0.9781054257172276 0.012674307317956952 -19.2406618366021 -0.04800899356585141 -0.023147998148262378 0.9986376841665948 184.52784385487547
0.9761479741572029 0.21509671921528775 0.03071343757382605 31.987342220417826 -0.21575069940227798 0.9762774354958315 0.019630759637877606 -19.213439062762294 -0.025760939657439415 -0.025794221003603526 0.999394029754677 185.45584962254742
0.9747743077063005 0.2231066136424909 0.01064998141171829 31.96582886724336 -0.22330501868081737 0.9744979524776405 0.023228998834199155 -19.18764002958318 -0.005194525666287746 -0.025026218443038914 0.9997320121135855 186.39503159004164
0.9741631692830541 0.2258761526110092 -0.007807658350578218 31.933911965633804 -0.22565992820152977 0.9739733659094322 0.022465302467898907 -19.172305948205693 0.012680229258573407 -0.0201278451963603 0.9997758626202078 187.3428574979271
0.9732589763010668 0.22869280741896683 -0.023284404306913142 31.89141975756105 -0.2282426883645314 0.9734115902755959 0.02064781448295426 -19.160727129369597 0.027389016902575627 -0.014786094620756543 0.9995750424057104 188.30642856109625
0.9721304757925859 0.23198388859708285 -0.03495685537744303 31.83956332132396 -0.23137298826292002 0.972669577505504 0.02078922894658897 -19.145413793117086 0.03882635060130683 -0.012126490552361554 0.9992326923800212 189.30311939471034
0.9709179778530865 0.2354716696485796 -0.044132850306369445 31.78145907372204 -0.23456118223616676 0.9718074656202281 0.024954243112266006 -19.118509598541067 0.048766760353424005 -0.013881272158594662 0.9987739719205118 190.35488095833566
0.970552844145216 0.23584554351720197 -0.04980464498420089 31.71703706219968 -0.23451479108857665 0.9716373152265856 0.031227813711772433 -19.08120003166355 0.05575895958630119 -0.01863284991561852 0.9983308595081203 191.45777662145989
0.9700102362217412 0.23670992963435203 -0.055903790088970576 31.648300332317675 -0.2350727553262014 0.971394972560945 0.034412189377889944 -19.044477169276043 0.062452378759549544 -0.020243256922427174 0.9979032334089019 192.57069350916356
0.969548123145868 0.2374822752011288 -0.06046279350418672 31.576828203401902 -0.23561106658364517 0.971185718203269 0.036570116170879685 -19.006637238467878 0.0674074764313005 -0.021215270315201217 0.9975606035701831 193.67136438269284
0.969225547534337 0.23821309177076835 -0.06271031906732755 31.504144936288007 -0.23598880425857705 0.9709197066933654 0.040935636601245703 -18.962647868489707 0.07064048744166793 -0.024881414060076545 0.9972519926668556 194.78926833549266
0.9689968493351364 0.23898324113867636 -0.06331267809481503 31.427053733401703 -0.23672834401965204 0.9707296138939889 0.04117364570813265 -18.91985120051339 0.07130192989611948 -0.02491382512792195 0.9972042208463588 195.95951199084064
0.9689956758339021 0.23884283117822383 -0.06385767149697695 31.35871868156843 -0.23675454773856958 0.9708264888180783 0.038659713513326026 -18.88853063030397 0.07123087397367173 -0.022346680991682848 0.9972700264989991 197.06643094367115
0.96898978815243 0.23881990122443902 -0.06403577231301776 31.292669504844987 -0.2369319704429904 0.970893353344141 0.035787633833338835 -18.859731870947762 0.07072121888986704 -0.019510113994242243 0.9973658548062699 198.16451369871004
0.968944907719793 0.23910764308221064 -0.06364114405017486 31.222779436287897 -0.2372414443852257 0.9708247846729379 0.03559960919557435 -18.8267665385131 0.0702993143724705 -0.019400091392211088 0.9973980611007115 199.29559138614954
0.9688984196963129 0.2395116983682748 -0.06282801341585559 31.154621170180018 -0.23753300566503724 0.9706839836126288 0.03744634689391381 -18.79082199042284 0.06995779631611752 -0.021362180348510423 0.9973819886137621 200.41956675620855
0.969206507438048 0.2383965732398902 -0.06232125808647186 31.089361890473857 -0.23640628927793114 0.970947628002782 0.03774285943191143 -18.756511830607153 0.06951130935511077 -0.021851777237490703 0.9974025392523246 201.54629958923044
0.9691970186673307 0.23853933364317043 -0.061920219490038626 31.022831547671515 -0.23659246246138546 0.9709216165638366 0.03724802016414109 -18.725138787138597 0.06900782994769768 -0.02145541794225933 0.9974462086154137 202.6844801049571
0.9691469166321965 0.23883881568187507 -0.06154838222180046 30.955440000671107 -0.23691011674271523 0.9708494573030539 0.03710728439927475 -18.69217134254073 0.06861980768646198 -0.021385631035382265 0.997474430551214 203.8278637500748
0.9690562794258981 0.2392664021921825 -0.061315131255146815 30.888217576756798 -0.23737438743870837 0.9707532667506512 0.036655680909409835 -18.661115044775674 0.06829526405026173 -0.02097133165746546 0.9975056277151201 204.96995352646226
0.9687442023868139 0.24041213084026658 -0.06176826750845639 30.823709714537543 -0.23875252914392484 0.97054139530199 0.033155036652917524 -18.63867038927033 0.06792289841680701 -0.01737607013021048 0.9976007598837302 206.05458330588516
0.96891186813999 0.23968474348316704 -0.061962473456514 30.763403770027775 -0.23818406042189813 0.9707601179868167 0.03074704593892116 -18.619019890438917 0.06752358378256544 -0.01503730323135265 0.9976657333727752 207.12049692779127
0.9691702730361671 0.23875372788462346 -0.06151749293824145 30.700479163782507 -0.23727423257497376 0.9709907436835411 0.030513253380548448 -18.594899052755846 0.06702141690603447 -0.01498075045999228 0.997700579017247 208.22092553229746
0.9693439469518413 0.23843645976211514 -0.059991763256228806 30.639132590521744 -0.23680050014532839 0.9710176457815606 0.03323272249483405 -18.5655687145227 0.06617991905970445 -0.01801220498175715 0.9977066913778514 209.31934042106082
0.9696433981759313 0.23759459307425584 -0.058471813810516686 30.581615290041363 -0.23583271570644893 0.9711703692727289 0.035570667415649404 -18.5345402505432 0.06524035129904426 -0.02070580533990017 0.9977163177075616 210.4017032518425
0.9699179712630186 0.2366231860482165 -0.05784832215825175 30.5247083890285 -0.23486707812765306 0.9714008934493489 0.03565503480788737 -18.504723176089506 0.06463354812914966 -0.0210000351146954 0.9977496130390267 211.49167581383577
0.9702156710805584 0.23541860717112997 -0.05777265980696763 30.469382831052183 -0.23379965595389737 0.9717344207988993 0.033523741070717546 -18.481860498037424 0.06403473056396537 -0.019022432642380478 0.9978279670665436 212.57888162680163
0.9700323615418985 0.23611707237387705 -0.057994804384808106 30.413521303531905 -0.23471522065790978 0.9716257966347001 0.030081153855056032 -18.4648951352877 0.06345435901298553 -0.01557202351228062 0.9979241564613857 213.61302599203944
0.9702497347511034 0.2353643427442977 -0.05741445312634707 30.36000781930875 -0.23400618160685838 0.9718142088491379 0.029511491256141494 -18.44488977716853 0.06274458432414017 -0.015202659025989768 0.9979747032415438 214.6660226617791
0.9702881797730493 0.23558469412687766 -0.05583623292571829 30.30268291497591 -0.2340533932491363 0.9716999924037063 0.03271816567391215 -18.411591874094135 0.06196634940531086 -0.01868196016350169 0.9979640882894139 215.75612521089383
0.9702824780290921 0.23601981448808027 -0.054072442368884595 30.247914380673777 -0.23432927464522196 0.9715210464796982 0.03589835310711848 -18.376230606178137 0.06100775331207672 -0.022165297774780685 0.9979518047662244 216.84857994287867
0.9702634467884651 0.2361751621187492 -0.0537328767363239 30.193886726338075 -0.2345033229172438 0.9714858345776854 0.0357180438858972 -18.346629339080657 0.06063895854019808 -0.022059829268933937 0.9979766922149135 217.92850793472792
0.9702037108974647 0.2364361821136485 -0.05366916555611976 30.142970659735457 -0.23483742946974318 0.9714479566866324 0.03454232990958409 -18.323715363000407 0.06030662844646817 -0.02091415623740984 0.998021672843038 218.95768711954733
0.9701634123707268 0.23672031444892117 -0.05314433421238858 30.09111532914854 -0.2351507243703035 0.9713824827595876 0.03424594044265025 -18.29733245213532 0.059732938975031895 -0.020731754272744787 0.9980599194734829 219.98658170346593
0.9699984714931263 0.2374727488751243 -0.05279510720630474 30.037044793445677 -0.23592083313764212 0.9712013956011003 0.03408722074044608 -18.26901887537799 0.05937218034241218 -0.020613469375608286 0.99808396353387 221.01123784728208
0.9696329896652173 0.23900692152148856 -0.05258468935039562 29.98252039053318 -0.237504647044659 0.9708407313396612 0.03335377736407313 -18.243161263748846 0.05902577536347074 -0.019856491415038324 0.9981197904780035 222.0283117410066
0.969788924755646 0.23828848299921004 -0.05296227507136588 29.935918792847076 -0.2369182619632499 0.9710622729441147 0.03097685899070267 -18.225814387736243 0.05881350976992348 -0.01749755274666736 0.9981759377404136 222.99156147207862
0.9692614953467359 0.24027885250649295 -0.05361884277896178 29.883707135699915 -0.23910892896675928 0.9706315906888509 0.027444680829040814 -18.210482385344633 0.058641214031803675 -0.01378455348393813 0.9982445263637129 223.93063390529707
0.9692828966315999 0.2402791865991334 -0.05322944734632956 29.836668503204127 -0.23912247327928626 0.9706320247734017 0.027311266026939913 -18.191288888707277 0.05823119866901721 -0.013748150163698769 0.9982691123562094 224.86571794502888
0.9692522570039906 0.24062249813841038 -0.052226345155027575 29.785832768191153 -0.23925955359062892 0.9704830487286534 0.031125932524831267 -18.162248118867808 0.05817727324776294 -0.01767765902432953 0.998210094410784 225.8387427526665
0.9690985287116465 0.24154552256971804 -0.05079415294488659 29.737017375621726 -0.23992813783320308 0.9701480948116332 0.0360167166041297 -18.127251703934043 0.0579806258816754 -0.022721610323945922 0.9981184021894379 226.8180248371613
0.969015423442115 0.24211652853333088 -0.049652318946595074 29.69352600832926 -0.24037997553731666 0.9699384396337433 0.03856445996167336 -18.09552012131322 0.057499891085976335 -0.02543859033637965 0.9980806190003044 227.71719323339443
0.9692733547849934 0.24114483740383114 -0.04934581070597177 29.653332656452253 -0.23946067136013596 0.9701971283514839 0.03776780353071267 -18.071275519612968 0.056985842670668946 -0.024795176583320134 0.9981262975746065 228.59650484987137
0.9695791805107119 0.23982117845352507 -0.04978785452252804 29.61599184406732 -0.23830636842504738 0.9705998575963808 0.03458639862868137 -18.053905018443434 0.05662192991712707 -0.021673932633645185 0.998219589249006 229.41901394576723
0.9691832902066502 0.24129834403833078 -0.05036006259696048 29.57526978989244 -0.23996464098540168 0.970305891683371 0.03121556837699976 -18.03835640736883 0.0564008028478113 -0.018173410077915907 0.9983027283470797 230.20798398093
0.9690315509102619 0.241999055736844 -0.04991965371771261 29.538837321008717 -0.24076386873540295 0.9701581550697398 0.029609777246818014 -18.02256334794312 0.05559932797009383 -0.016678304493472334 0.9983737363415732 230.968014029993
0.9687735627007565 0.24370976060383387 -0.04649092262111379 29.504069242606285 -0.24262331402404458 0.9697448866811894 0.027917301666779044 -18.007023594555495 0.05189219957362178 -0.01577012389264898 0.9985881150378434 231.72646842797258
0.9688943083890642 0.24450873771305065 -0.039224020924593685 29.483751906510513 -0.24363129752798268 0.9695469991266883 0.02595834688686997 -17.99646490831648 0.04438090582996004 -0.015598863059660645 0.998953016297899 232.4479615309009
0.969032397324722 0.2454963498724113 -0.028032438742351572 29.478155411950198 -0.24491311335643465 0.9693019612161482 0.022840282932219527 -17.9910493196125 0.03278343243852815 -0.015271988333496467 0.9994055850887544 233.15383053945982
0.9691141828564274 0.2464190341091032 -0.013233084547711913 29.49033455277719 -0.24615735054306645 0.9690706551924985 0.018975446408953874 -17.990912792597992 0.017504267984991138 -0.015136194980093642 0.9997921403638006 233.83055830918425
0.9689538127844328 0.24734679848189742 0.005192170806918606 29.521325330456413 -0.24740118682092607 0.968835139345275 0.014236180111979867 -17.99633339055311 -0.0015043377191914092 -0.01508298748034514 0.9999449852382256 234.46149089761906
0.9682868177412787 0.24834141283592157 0.028743315621373652 29.569925486272417 -0.24866214696332228 0.9685844010920174 0.007950682382111666 -18.006968003028277 -0.025861003692147336 -0.014850286543793438 0.9996154752419358 235.05831932037367
0.966716160714424 0.24997618087797377 0.05522714966064552 29.636013184646547 -0.25037174591795597 0.96817640053105 0.00016837601493070384 -18.02400473572444 -0.05342225198400295 -0.013994351060465865 0.9985338746171848 235.63836886800456
0.9638784652454999 0.25220606173979004 0.08607341734187654 29.721276971070377 -0.2523821519928583 0.967611731654389 -0.009061155968468725 -18.04639842405869 -0.08556521319373278 -0.012993710523577014 0.9963078253495139 236.18805458182345
0.960106884206755 0.25172822122923655 0.12209567326535746 29.829397529890404 -0.25134721523737585 0.967741007351551 -0.01880137223890421 -18.072414578081553 -0.1228841451387106 -0.012641544933636478 0.9924007599931878 236.69270370411712
0.9552223524882959 0.24957859358237938 0.1591867122810149 29.957603400542393 -0.2482678637053752 0.9683010290601263 -0.02842061162522131 -18.10147781618352 -0.161228029639098 -0.012377458169257982 0.9869001980024484 237.17674564989616
0.9487992577595405 0.24758944080342182 0.19636338237462841 30.099002288157145 -0.24490884536652463 0.9688187005281285 -0.03823347134417972 -18.133124397330338 -0.19970084283670275 -0.011819942898410237 0.9798466632041389 237.6288718163115
0.9400931502524456 0.24705392746567656 0.23509161611691098 30.25610237683005 -0.24240520188405612 0.9689656479242754 -0.048963409464699084 -18.16937456646107 -0.2398861466218635 -0.010962050666315809 0.9708005485954824 238.0563756477797
0.9282750454562673 0.24851168847316712 0.27681456122295994 30.429976057871198 -0.24124164909234436 0.968597625411388 -0.060606711434574065 -18.20990278880309 -0.28317716716862884 -0.010524258153415029 0.9590718653617261 238.4591018809767
0.9150125400221965 0.2485477374345991 0.3178915642534691 30.620406513180715 -0.23826353385749682 0.9685904222271354 -0.0715170176050296 -18.25379361087702 -0.32567572708427084 -0.010307535126620849 0.9454882245003193 238.84181873312247
0.9007725689838898 0.24715201434561593 0.35721653251743823 30.818350806491527 -0.23371208332765347 0.9689460232807872 -0.08108086865631609 -18.296899459995497 -0.3661561704919488 -0.010454956666185957 0.9305586287010488 239.19153053798146
0.8855221932172597 0.24524135548768441 0.39469683040753933 31.045241066097564 -0.2281901038480325 0.9694357013146965 -0.09041491472084073 -18.34834335350981 -0.40479979448797526 -0.010006006138450152 0.9144155524829845 239.56173103186487
0.8692578601144451 0.24374378182926063 0.43018379144852525 31.24476487783004 -0.2223215382422783 0.9698279722256853 -0.10028934810455384 -18.394594870944395 -0.44164219443746877 -0.008466360952411512 0.89721738633882 239.83610558861574
0.8512188805988362 0.2438977412933269 0.464777938963971 31.452226100359034 -0.21767357265904497 0.9697984552765873 -0.11027189451151757 -18.444095091627116 -0.47762899218981525 -0.007308777811916852 0.8785986786063681 240.10766073579748
0.8321294439467366 0.2441279199056056 0.49803664790711344 31.661526958828382 -0.21270624943849942 0.9697487074105001 -0.11997467439441331 -18.49528387146395 -0.5122526164513278 -0.006105443699645859 0.8588821926196077 240.35379794631243
0.8117861034399485 0.24299712027392076 0.531069190874451 31.874074127243578 -0.20552116992389105 0.9700445503599436 -0.1297134652715233 -18.548457285323405 -0.5466737373037766 -0.003850973764621521 0.8374078482453331 240.57919140136806
0.7915075808954166 0.2406661643392126 0.5618488203345989 32.08579616306436 -0.19683604901227292 0.9706320290103037 -0.13848780142523107 -18.601974997210586 -0.5786710436604421 -0.0009821475647351 0.8156331674138598 240.78471070604817
0.7732881621906609 0.2380028430623649 0.5877569866736355 32.29254448463906 -0.18731124458315504 0.9712825247557553 -0.14688142699410825 -18.656108798218305 -0.6058295307583202 0.0034841036883281034 0.795661137765248 240.97333694502507
0.7556512041959698 0.23450786683523134 0.6116173073739152 32.4966579943348 -0.1769379545055332 0.9721035363535321 -0.15413358583135767 -18.709853269072493 -0.630693859748411 0.008248848723927508 0.7760639893222953 241.1475449079606
0.7379918830728812 0.23194627854648575 0.6337565320223946 32.68766360958274 -0.16848912832978055 0.9726889056267174 -0.15980300992286914 -18.75835049834581 -0.6535067415429705 0.011148150869096521 0.7569164998968922 241.30619175485336
0.7215010221776481 0.2335608133745346 0.651892222553485 32.854847190826185 -0.16451247627915552 0.9722828117492957 -0.16628447746439684 -18.800504316610496 -0.672653817540532 0.012726043088658417 0.7399267457417128 241.44005687970125
0.7040459313032739 0.23864723056499096 0.668912964662296 33.00483221081687 -0.16311876534632874 0.9710301427784674 -0.17475964811466174 -18.83821147400206 -0.6912333411156776 0.013922826622787743 0.7225780092202575 241.55485107639478
0.6854394096521311 0.24306825669119642 0.6864164547417684 33.1532702381972 -0.16178983668790892 0.9699366011824019 -0.18191911668417615 -18.87405893920602 -0.7099917809480288 0.01363592256799206 0.7041594241750314 241.66110968636215
0.6674443808327662 0.24523164084281818 0.7031756845108168 33.301914017052674 -0.15890407066481663 0.9693975058645998 -0.18725886376070408 -18.90842144083794 -0.7275707129154199 0.01324384125649976 0.6859880670333637 241.75796471299995
0.6484661481257403 0.24639829271690863 0.7203164721930329 33.462139969660974 -0.15599125621855386 0.9691233434909943 -0.19108756873251734 -18.94393843130045 -0.7451512098686999 0.011547212334655981 0.6668805780571068 241.86005040766628
0.6291548679449389 0.24711942665793257 0.7370019962847701 33.62084279833075 -0.1526708086235941 0.9689580139285462 -0.1945756436570371 -18.978770618553753 -0.762199513776511 0.00989602110411728 0.6473535782524253 241.95250451012657
0.6095705017937602 0.24804217891879662 0.7529774447427677 33.77829698153226 -0.14926314305192176 0.9687360038014982 -0.19829135250178687 -19.01374724449988 -0.7786131485814639 0.008477246665095077 0.6275378960020795 242.03758542730515
0.5898047118057171 0.24703360756897355 0.7688829779597959 33.98472884770503 -0.14203464088995152 0.9689775539263141 -0.20237830262984094 -19.065983460594857 -0.7950166539080952 0.01015211308596551 0.6065965286462764 242.14565398485792
0.5697523243882265 0.24524197344622006 0.7844199868946662 34.141877951944984 -0.13247932217109362 0.969385587224037 -0.20685553701289336 -19.107050915049765 -0.8111271086658244 0.013933257345164726 0.5848008255384619 242.2050063028339
0.5497710433850774 0.2426689815979985 0.7993369193038199 34.322570384034094 -0.12186757383331992 0.9699585121426186 -0.21065922787187422 -19.15420298548277 -0.8264365770927288 0.018397222539981946 0.5628305058133446 242.27712412922523
0.5287789362936132 0.23905260296141315 0.8144461632666572 34.51833701637046 -0.11147146189460999 0.9707895614742097 -0.21257903169802042 -19.20166217303062 -0.8414662107333055 0.0216158884034346 0.5399827455088094 242.354091308164
0.5089491951026622 0.2347570008332179 0.8282122303819259 34.71462609222817 -0.10212262620866264 0.9717891531338296 -0.21270782806763097 -19.24659501987955 -0.8547752531014806 0.023674501616389756 0.518567506648726 242.42678895026685
0.4892678335488114 0.23209045447133314 0.8407297255307296 34.90787581990083 -0.09396551531585831 0.9723813144796609 -0.21376006233478886 -19.291690982569595 -0.867114581471895 0.02558237651217814 0.49756573618026684 242.49523780119574
0.4701385098568009 0.23104468795262892 0.8518585441317308 35.07991395518718 -0.0857469442732234 0.9725425596907197 -0.21646368372513305 -19.33493966766348 -0.878474352026298 0.02871940266676313 0.47704338720871226 242.54766637002146
0.4521222462479303 0.23150040041287034 0.8614335325276677 35.2474753237979 -0.07806574082221189 0.9723197216493633 -0.22033689397442585 -19.379498333025083 -0.8885897734822283 0.032366583212300536 0.4576821447697067 242.59820714009055
0.433351002515732 0.23133781557332808 0.8710711630901586 35.41959735629005 -0.07044949246194675 0.9722548698021308 -0.22317184146552385 -19.423428947485707 -0.8985246624940467 0.03534122296847468 0.43762802889667024 242.6461826721894
0.41607760402589844 0.2314070599021661 0.8794347508691607 35.600345755493144 -0.0657181448704075 0.9722249646761041 -0.22474019506804113 -19.46623661818005 -0.9070084332673333 0.03571064829630861 0.4197315577828401 242.69741588193915
0.398205052539052 0.23162091945375002 0.8876148061474736 35.789901821089785 -0.06242426200323574 0.9722193452690705 -0.2257027894494313 -19.50891902196046 -0.915227670253837 0.03446282948112833 0.40160442300261706 242.75020588772995
0.38056343756877703 0.2317786339889866 0.8952796629268155 35.979954149480164 -0.05823594665195528 0.97219008029321 -0.22694451432134338 -19.552000251501493 -0.9229767872068038 0.034224979388358424 0.3834808863522087 242.79588663103715
0.36453058304119274 0.2291243084201145 0.9026045894710805 36.188933766713305 -0.04932841900505433 0.9726705090996838 -0.22699766837523533 -19.602038618645427 -0.9299415121764056 0.03821911848959267 0.36587360740922054 242.84161950662707
0.34899023642535504 0.22657029770699366 0.9093665323757857 36.395835036785066 -0.040407576386859455 0.9730928841119494 -0.22694965996152247 -19.651373013130495 -0.9363123355134509 0.042453479156178975 0.34875839976532 242.88473934453546
0.33438382875131517 0.2241203555166866 0.9154414913174339 36.60831201105079 -0.03217831620152033 0.9734842671762585 -0.22658577632883575 -19.701621378261155 -0.9419444343557245 0.04630477325349409 0.3327324688922313 242.93008336983058
0.32067417704254936 0.22312578721367812 0.920575294748695 36.82456134928472 -0.026960222983681417 0.9736385465338636 -0.2266042528287494 -19.75232291920589 -0.9468630828216967 0.04784292675321852 0.31823971677785295 242.9785220755652
0.30765388402844396 0.22333623851515844 0.9249571466195879 37.07633013411175 -0.024271612464397522 0.9736118768135961 -0.2270199348894142 -19.81022227052988 -0.9512458207863043 0.047389242991176084 0.3049600588395621 243.03781168646188
0.29640354932345175 0.22444056643794993 0.9283574950160479 37.28111622270794 -0.022467722810597997 0.9733881016804872 -0.22816241520630462 -19.85805155474327 -0.9548556954650311 0.04676585622069893 0.29356218494919717 243.08458082228768
0.2863746901885606 0.22629104145627055 0.9310520531832382 37.4815087185628 -0.019924881343542856 0.9729279739638957 -0.23034932813417902 -19.90753441379091 -0.9579677691446833 0.0474110967958194 0.28313479683333287 243.1276007305351
0.2776393535717968 0.22971373605789963 0.9328577262306744 37.67910970476845 -0.013345976114728458 0.9718430374443341 -0.23535087103801375 -19.962056561171245 -0.9606500190827253 0.052888618902543226 0.2728916602002556 243.16393638986162
0.2687918310421494 0.23276513220660225 0.9346908854912488 37.884625853281555 -0.0061488396617577845 0.9707796065723001 -0.23999299234157428 -20.019904154862523 -0.9632364649175357 0.058756837492914965 0.26237294607647244 243.19895457394244
0.2572408668686083 0.2337011688917807 0.9377027318287491 38.09013124144465 -0.0009282001644465446 0.9703987013291617 -0.24160431551500122 -20.07118479221851 -0.9664044160783478 0.06127610100594169 0.24984733473488505 243.23607188956518
0.24541798562531567 0.23455749912909848 0.9406536677502033 38.308145841801135 0.0005988128824455817 0.9702739144947173 -0.24210818530267073 -20.123838652131862 -0.9694751462946335 0.059976575485146 0.23798601685445891 243.27808544780575
0.23425619012188895 0.2358643675171317 0.9431690778284006 38.52716549703828 0.0007485343970428074 0.9701017586055208 -0.24279462636166624 -20.176510981300307 -0.9722320175000988 0.05757814949371164 0.2270800093724331 243.31922306882117
0.22389325003799368 0.23689066391077038 0.9454265681833507 38.73566524949085 0.0027641771376129844 0.9698766202227153 -0.24368007614089932 -20.22925631934133 -0.9746678080850486 0.057167220409190034 0.21649795355849083 243.35221310477365
0.2153381753450957 0.2376450581964889 0.9472226804760153 38.941175463105786 0.005711470951218462 0.9696379110200756 -0.2445759282498476 -20.28266375973311 -0.9765808000273866 0.058072218663925354 0.20744684265398955 243.38391449354182
0.20910399938719704 0.24006228148546357 0.9480097397738512 39.154775115430986 0.00992453400208883 0.968852114871546 -0.24753800721646507 -20.340768127180215 -0.9779013560958429 0.061165391144321284 0.20021241114047753 243.4209359633628
0.20485194904310916 0.2451501610270737 0.9476358957939147 39.38296404329587 0.012681338799336844 0.9674041574908736 -0.25301445344793305 -20.40727940382928 -0.9787693007247258 0.0638434381701434 0.1950699082968979 243.46354740826985
0.2036195305177649 0.2499202131819846 0.9466556108333952 39.62006172339571 0.012604906117336693 0.9661449891392002 -0.25778542678269245 -20.47714483010675 -0.9790278800023414 0.06441834014525806 0.19357904539277432 243.51410663193323
0.20316069059517877 0.25348310200721075 0.9458063201879969 39.87102988266988 0.010813403769797102 0.9652930602672662 -0.26103711060756896 -20.551173861357647 -0.9791447934759564 0.06325529841378585 0.1933719278123206 243.57266370187943
0.202881022291401 0.2536008073566506 0.9458348324487572 40.13674111505386 0.01067367848700684 0.9652745852854283 -0.2611112732024027 -20.626935561005247 -0.9792041235937007 0.06306555062744887 0.1931323430389551 243.63090093913587
0.20270350468856954 0.2523093187214782 0.9462182213855159 40.43138243041503 0.010606126723532401 0.9656377473682691 -0.2597683907815404 -20.707368087995427 -0.9792417633149124 0.06268715623385115 0.19306536401190022 243.69466440124697
0.2026860921445318 0.2518711689803173 0.9463388949093141 40.73889539648441 0.011050236568571865 0.9657301394729964 -0.25940771509861377 -20.79206149585645 -0.9792406807245058 0.06303125219233079 0.19295983759809637 243.75620403751074
0.20236191187726812 0.2518963368684403 0.9464013983731554 41.02370643471717 0.011158989923345077 0.965721492502196 -0.25943314415204377 -20.872003148653892 -0.9793060701355409 0.06305560087338084 0.19261785875918155 243.81490124852
0.20206537602407426 0.25168552273879724 0.9465206381428878 41.33736630568271 0.010894237785942344 0.9658013695648728 -0.2591467414051487 -20.958596208606533 -0.9793703651151215 0.06267157988622608 0.1924164904501192 243.8815954938678
0.20185188545695706 0.2505640550378797 0.9468638521114563 41.67354111406484 0.00972597902366449 0.9661853066690949 -0.25775930101728844 -21.04907044743789 -0.9794270421148769 0.06123392445026626 0.19259245479965606 243.95582989204485
0.2016960194145498 0.2499701380287787 0.9470541378618693 42.0265048966237 0.010091665362610263 0.9663268740741271 -0.2572153986086751 -21.14518926850489 -0.9794560230673284 0.061432396173734506 0.19238454882672554 244.0287190275168
0.20108602239292245 0.24963674629969257 0.9472715337048606 42.37604533067919 0.010162420983854756 0.9664233569641286 -0.2568504047658209 -21.24117635329822 -0.9795806721314559 0.06127130878663493 0.19180015831014943 244.10054889693674
0.20014340255354693 0.24942974732325587 0.9475257703509117 42.73991941365044 0.010805681414023438 0.9664555791423337 -0.25670455960171756 -21.342588501299527 -0.979767022690301 0.061612287493741744 0.19073697240049614 244.17261931791046
0.1997334294564924 0.24954289987763872 0.9475822303447852 43.09923546097245 0.010964147344087611 0.9664213558324087 -0.25682417999356427 -21.44455871697763 -0.9798485409244765 0.061681357563775754 0.19029360429130518 244.2458657501633
0.19930043598753702 0.2494782138787826 0.9476903587135975 43.475238535908204 0.011146618849514723 0.9664346592778259 -0.2567658602231887 -21.549896578904065 -0.9799347662663345 0.06173268629816336 0.18983291295302035 244.32173036659913
0.1985123449910343 0.24816314990235577 0.9482008031589947 43.87390549965283 0.011615884541337974 0.9667737809221604 -0.25546501208428934 -21.657992748145553 -0.98008917375581 0.061722770363639365 0.1890368908157441 244.40041150906092
0.19828756893989086 0.2460368822445115 0.9488019642161446 44.28960665140558 0.015390939999691575 0.9671047873081436 -0.2540086510324296 -21.76945597711951 -0.9800827940175304 0.06496541102337894 0.18798103837491698 244.48021262556296
0.19720315622444634 0.2451396695206936 0.9492602814680019 44.69919401509035 0.019107243321161007 0.9671121360731963 -0.2537285983489938 -21.880524444409474 -0.980236367710357 0.0681695652168885 0.1860365525275117 244.55833514856195
0.19535569609557663 0.24371754685665922 0.9500082213715872 45.12116897469948 0.022771885495464075 0.9672665715336776 -0.2528371637802691 -21.99409055171255 -0.9805283002305504 0.07102271042325785 0.18341400057243618 244.63632259616796
0.18940477916383594 0.2436434428134173 0.9512314157631968 45.57971202414577 0.024310463786497417 0.9672890529398547 -0.2526065323353129 -22.12196081825998 -0.9816582055527624 0.07096578903505762 0.1772889998636546 244.71470090586564
0.1814411055555653 0.24550092729473016 0.9523052065153482 46.06581544087123 0.023467983654176947 0.9670044446888534 -0.25377171496597317 -22.258149356432536 -0.9831815681284427 0.06838969084088589 0.16969622090821254 244.79545752927822
0.17345654503059324 0.24682876321114816 0.953448910854914 46.499898174960684 0.023107841373983615 0.9668203274160775 -0.25450455230903446 -22.378682519126333 -0.9846304135116549 0.06617408309210111 0.16200101193797503 244.8615069571278
0.16595709306251397 0.24721312249098146 0.9546830157169841 46.88818429485588 0.025033396858501193 0.9667223087806168 -0.25469281015668127 -22.48483364427477 -0.9858751995963956 0.06616348636321295 0.15424942937919578 244.911723286609
0.15933592812217712 0.24858458571254136 0.9554545013835355 47.27987098940672 0.030039575513759843 0.9661323971714101 -0.256382947605634 -22.59398442343775 -0.9868271139627083 0.06954855445473357 0.1464758126652425 244.9581145522688
0.1527511052166378 0.2521149919462562 0.9556048572974191 47.69715831996974 0.03603192465584083 0.9648709845564932 -0.260330082986482 -22.71299200494643 -0.9876674454367141 0.07419403471439363 0.13830451325952856 245.00541524445973
0.14541982909648887 0.2553431320478452 0.9558914675319322 48.0931616271019 0.042506920961922094 0.9636395635046021 -0.2638901649052274 -22.827242049669955 -0.9885163762789455 0.07900276368700923 0.1292820199743838 245.04483233327153
0.13820418789157454 0.25572908731932587 0.9568584365285814 48.52666726298186 0.04571331694130819 0.9634353754397167 -0.2641000348578355 -22.95099386734935 -0.9894081537574227 0.08023688985347248 0.12146417115354427 245.08786878096703
0.13134069163168904 0.2558568115416839 0.9577901870828588 48.993274459016334 0.04658620440515547 0.9634815579676406 -0.26377660484474236 -23.082621489281955 -0.9903017825880622 0.07926039190330976 0.11462859406194385 245.13554130367493
0.12499036463811428 0.2564137726624457 0.9584911457194464 49.483581935260176 0.04688672577814068 0.9634436224083007 -0.2638634850221153 -23.223192664341127 -0.9911093996151041 0.07791681635587186 0.10840228098025655 245.18485291577588
0.11975240318855822 0.25649579000121325 0.9591378520712233 49.96029941556926 0.04793503445099319 0.9634523959724385 -0.26364477166764927 -23.360299520885018 -0.9917058634493743 0.07754453228314567 0.10308411550981483 245.22972850964
0.11597685177399258 0.25509128649877455 0.9599760268015797 50.463214150802564 0.05066712174737384 0.9637032362280483 -0.2622131166859813 -23.500333306532955 -0.992018749039362 0.07904606165062032 0.09884598236812005 245.27504167763732
0.1158204688614394 0.25445455831124186 0.960163935466169 50.981047687581736 0.05492994994505923 0.9635325171324527 -0.26198316743430466 -23.643054955165788 -0.9918104149533911 0.08308129114476664 0.09762310321310043 245.3255042600208
0.117887800917204 0.2554700862970185 0.9596427577911897 51.494988772869846 0.0614598749466252 0.9626348738292296 -0.2638267559638556 -23.787302794472694 -0.9911838839742115 0.09007815885427758 0.09778516451503459 245.3797554156816
0.12292571235766846 0.2576643232924094 0.9584233592760412 51.97923944065981 0.06603088674691016 0.961466985369984 -0.26696161566939564 -23.924608502202236 -0.9902776340505577 0.0960985928615432 0.1011786362043405 245.43884464304605
0.13257205942763314 0.25844353831323813 0.9569268575081461 52.46284444170118 0.06483496737788631 0.9611023738281866 -0.2685638195768625 -24.064558581585324 -0.9891117111983232 0.0976430593083474 0.11066225161459102 245.51344358150897
0.14775310313930148 0.25813318224508336 0.9547843992548848 52.97805426386417 0.061235579264062256 0.961122850332358 -0.26933331446484293 -24.214391230490204 -0.9871877850937484 0.09825811193682137 0.12620514054530357 245.60886102454833
0.16555098678466096 0.25831772863516256 0.9518091139226947 53.50151055382087 0.05540668320764235 0.9611487375999775 -0.2704992018107038 -24.368998298250776 -0.9847043346550993 0.09751457879758194 0.14481038510343838 245.72260101625412
0.18322009020528723 0.25738986070775394 0.9488181702500715 54.058341223662936 0.04965254550248606 0.9614842785808253 -0.27042317270440924 -24.530973884535303 -0.9818776070131509 0.0966548434396921 0.16338711212227947 245.85259900177164
0.19952929607046122 0.25509960460162207 0.9461433394239613 54.63428920592796 0.044137949551542585 0.962221377533832 -0.26875192111340684 -24.692812580615723 -0.9789577191465549 0.09538123743160687 0.1807357410118558 246.00024095968712
0.21326303811039204 0.2539486117373024 0.9434531138561988 55.18645795769666 0.03684776137817911 0.962872926122697 -0.26751409896962125 -24.848298974782438 -0.9763600333963618 0.09181152895021782 0.19599169858119497 246.14962209501553
0.22415100853504927 0.25613917224294624 0.9403319305023116 55.740939805235904 0.02746767361036975 0.9628219902483438 -0.2688219129853268 -25.011420697635774 -0.9742276669486625 0.08608194367016232 0.2087858282569744 246.30534467388827
0.22997144975478404 0.2615112954733512 0.9374443828183503 56.30460167817947 0.01891926126468837 0.9618600714635532 -0.27297286132025356 -25.18135117681846 -0.9730742994556935 0.08050825279371707 0.2162562811993935 246.4619639319194
0.23063879414069363 0.26817986276335626 0.9353938587909264 56.88216306200251 0.016415844146450392 0.9600831201365648 -0.27931543610602794 -25.365351295187217 -0.9729616920180298 0.07977261334985038 0.21703378771855347 246.60235025583893
0.22936733794344014 0.27385942190864027 0.9340601864918805 57.46630518019605 0.014773992343642519 0.9585349792405983 -0.28467281712966486 -25.553495285830888 -0.9732888444853983 0.07909089929421885 0.21581414761259435 246.73633316411633
0.22514321859529257 0.27411186425061157 0.9350133642276929 58.12375990288122 0.016375305202628622 0.9584325895077385 -0.28493010718987516 -25.761467173536218 -0.974249586841063 0.07945771282195802 0.21129935569756164 246.87638070880325
0.2194597672342975 0.2720609934654157 0.9369615114444669 58.81988968437127 0.016815473301380307 0.9591576081740931 -0.282454029562515 -25.97488816915529 -0.9755384198839977 0.07773937969236444 0.20592530319609237 247.0211617871706
0.21244165811029259 0.26734136337581743 0.9399324448259633 59.53536692896193 0.018939407368589425 0.9605627590255353 -0.277499154358444 -26.186149964984928 -0.9770518130835257 0.07675077330995322 0.19900365716466098 247.15528053751623
0.2053744517904116 0.26320988308699744 0.9426658694178166 60.27248118168461 0.02142609020566951 0.9617388836429434 -0.2732122612578857 -26.402925466410473 -0.9785106813999542 0.07630555439750597 0.19188066133432588 247.28698262702977
0.19814402642966705 0.2620732153262304 0.944528093347604 60.98641502947888 0.02626203403108977 0.9618496926903952 -0.27239798435750157 -26.616761363799398 -0.9798824744563339 0.07877597183921982 0.18370574354668207 247.40754436965145
0.1897576046222993 0.2647739764869416 0.945496562524054 61.702453397327304 0.028170511749518845 0.9611098754610184 -0.2748088959628781 -26.839033516296674 -0.9814884481104119 0.0787787801085584 0.17492245957507913 247.52592097282164
0.18086944395156893 0.2708029462936505 0.945531102883034 62.41356206373579 0.030267802502554304 0.9593805946164894 -0.28056813937142916 -27.065470234214796 -0.9831031522852237 0.07936184500836505 0.1653293640359214 247.63622844657579
0.17279231763401945 0.2759702433863783 0.9455474926824678 63.102790968333494 0.03216199712786949 0.9578761602955187 -0.2854547497770803 -27.28705548503881 -0.9844949193878836 0.07973168114468591 0.15664128502467883 247.73813331522044
0.1664007376126285 0.27639369077873527 0.9465699654531681 63.795528992622 0.03376311511628432 0.9577753936478469 -0.2856093312420956 -27.50705942966106 -0.9855419665757718 0.07948109870425625 0.15004592861635607 247.83808062805713
0.16217698071611397 0.2747137220713813 0.9477910144752864 64.52125356547369 0.03375549842354266 0.9583818557980249 -0.2835678415569319 -27.729652022512116 -0.9862458608524187 0.0779774784869671 0.14615748388291203 247.94627730771901
0.1590189147631685 0.2724028810000181 0.9489923927480002 65.24947835937913 0.03358741498415865 0.9591564533694217 -0.28095686652495216 -27.945896898410023 -0.9867659963480999 0.07654781193181198 0.14337775783335163 248.05192030099025
0.15788122454928877 0.2716838750220633 0.9493881445465663 65.96852379825309 0.03402620362398101 0.959360834048195 -0.2802045962972466 -28.16111039479206 -0.9869338086006715 0.07653929654312577 0.1422236626190613 248.15331760255938
0.1566764926919357 0.2711290625354591 0.949746338443167 66.7139446462727 0.034081167649241385 0.9595475888538506 -0.27955770804363955 -28.38452025900598 -0.98712392300502 0.07616469401848355 0.14110114816272498 248.2599225085043
0.15532501451242955 0.2691822253594802 0.950521830538919 67.47793099223006 0.03414457396681958 0.9601437530390972 -0.2774951575563623 -28.610892373096927 -0.9873351665423518 0.0755529600009531 0.13994618121080785 248.36710868642268
0.15432997783095487 0.26705374994882314 0.9512838639641202 68.24359878990191 0.033498654096670855 0.9608330445892923 -0.2751774412247117 -28.835553837700484 -0.9875127814599274 0.07433006182660847 0.13934226667884855 248.4777457089429
0.1535921855046535 0.2673042412935903 0.9513327846843022 68.98766187888192 0.0338763549993826 0.9607482261242941 -0.2754274882495315 -29.059076661324934 -0.9876149171978054 0.07452651464154686 0.13851100918916598 248.58039499999842
0.1526676758229142 0.2719580131200733 0.9501613474707011 69.69844598813884 0.03305271899877994 0.9594710329634414 -0.2799418597095382 -29.27950125839114 -0.9877859883533896 0.07413891271302411 0.13749469098946643 248.67932858562193
0.15217781491157956 0.27764736568320103 0.9485935379265722 70.41957541865912 0.03223810208315183 0.9578490476212278 -0.28553634059508964 -29.50868394208874 -0.9878884777942845 0.07402863873362668 0.13681584013025322 248.77940810733077
0.1515851206172547 0.28229727936026405 0.9473148548407345 71.13011006303425 0.0311093877501308 0.95653475413785 -0.29003111190797504 -29.735658038168655 -0.9880156504160182 0.07343031717962778 0.1362178987143217 248.8802835623452
0.1513298490652697 0.28169951443937036 0.9475335112123812 71.89040187514215 0.03097619206873745 0.9567328499756325 -0.2893900161072678 -29.969819955532447 -0.9880587698779073 0.07313975859309713 0.13606008320048002 248.98962061719152
0.15130654595287465 0.2802928193051552 0.947954269785175 72.62974918703274 0.030452680248539463 0.9572006195131572 -0.2878958150448442 -30.19542618721651 -0.9880788712531716 0.07242411541972153 0.13629877815142846 249.09873814362072
0.15135555260713376 0.2803183634591838 0.9479389597889581 73.35525985152357 0.029747839262256544 0.9572428824590377 -0.2878277019808101 -30.418893158278774 -0.9880926661952378 0.07175926187130112 0.1365491482967632 249.20686655698395
0.15132151335603658 0.2822416891177243 0.9473730200248612 74.06691190718234 0.02800891450396432 0.9567825263031399 -0.28952719732601795 -30.643223614419256 -0.9881486618241352 0.0703421983362577 0.13688081008491873 249.31360931448916
0.15127230485375026 0.28256116108298207 0.9472858230421976 74.78021196050959 0.025264141465168116 0.956877808178025 -0.2894653754773879 -30.861700533100773 -0.9882302521872828 0.06771600201580427 0.13761469762951356 249.42480876484487
0.15138031266564014 0.28031644687358 0.9479351121608047 75.51044788111982 0.02444233087907523 0.9576139033324418 -0.28709075650203864 -31.081732327246307 -0.9882341224499224 0.06662461836012985 0.13811636787312467 249.53422913065904
0.15198110362685266 0.27764129628786177 0.9486258750587201 76.24354577800985 0.023556758757673844 0.9584669309113898 -0.2843049748178928 -31.300633858305183 -0.9881632024574538 0.06555028640110298 0.13913244727419075 249.64589406288434
0.15210039439315615 0.27764976578896483 0.9486042893872251 76.95751192244872 0.021862761662099096 0.9585732890158489 -0.2840827285711462 -31.51430211730076 -0.9881837241379956 0.06394289420615541 0.1397329482784769 249.7562729315235
0.15160224051120272 0.27988190720574185 0.9480276225815201 77.67040066777624 0.01723965092203553 0.9582010315029743 -0.28565178782913087 -31.730999747265436 -0.9883517537400759 0.0596438109028708 0.14044420100046734 249.8723795042049
0.15261146366944287 0.2837388083504288 0.946717938521413 78.35314866943868 0.016190413822389754 0.9570751033412537 -0.28946209131690237 -31.946840613357548 -0.9882139117735367 0.05949769134143867 0.1414709846742534 249.97652737573645
0.15445686480434814 0.2890304641200085 0.9448162559103835 79.00054747836903 0.016754214424069686 0.9553706460904045 -0.29500757240471154 -32.15897912718578 -0.9879181023412356 0.06139059057348025 0.14272494030990546 250.07359642748534
0.15631760496329253 0.2937191918941998 0.9430633485827375 79.6501831085198 0.015068293792885712 0.9539623669604523 -0.2996210885240935 -32.373672448383005 -0.9876529762818623 0.061041447649600615 0.14469865881592223 250.1776187351386
0.1581605153399108 0.2954630075816533 0.9422112413236013 80.31033200597842 0.011611368037888928 0.9535804818178688 -0.30098730141943836 -32.58871084912745 -0.9874062833552796 0.05853964273505934 0.14739129127861286 250.29128060272078
0.16190180102199422 0.29484987906281773 0.941767717340503 80.99051682723592 0.01091964087246088 0.9537464817222935 -0.3004873630971129 -32.8064669826744 -0.9868078664172797 0.05892813804922189 0.15119676696118578 250.40393827474173
0.16567816527524223 0.2950183259182952 0.941058137848537 81.64588481891147 0.012974822600602327 0.9534928562190232 -0.30121074564781875 -33.018926472712835 -0.986155918418126 0.06210927368213371 0.15414835265142102 250.5125931826976
0.16743712843216205 0.29874329876451644 0.9395709043954796 82.29000125017373 0.014857192715704279 0.9521335167684276 -0.305395815191303 -33.23505971665052 -0.9858326662418241 0.06508934070237411 0.15498660478020268 250.617392864042
0.1672654180525096 0.30422382848953905 0.937840887418959 82.92088808214073 0.01334987194247288 0.9504376053955935 -0.3107013207034502 -33.45281050143914 -0.9858832141655312 0.06448490432795197 0.15491703000583235 250.7223483860868
0.16715828670272775 0.30554484548771466 0.9374299458640416 83.56747147802382 0.013434567974550891 0.9499950229978833 -0.31204547258359827 -33.67409247878326 -0.9858995793745409 0.06475000088828128 0.1546985629504712 250.82714649106285
0.16727079876581308 0.30496240635161853 0.9375995504062018 84.23947565094352 0.01649969894162137 0.9499804596301322 -0.3119427246212865 -33.899287208424404 -0.9858339073938034 0.06764397643988129 0.15387608070520883 250.93464812840372
0.1672296317526613 0.302035663846114 0.9385542374528609 84.94028726196684 0.019529930006779096 0.9507396946562516 -0.3094461563694227 -34.13133902904747 -0.9857861951273791 0.07007388498046091 0.15309720931167461 251.04504835726033
0.16682432168846886 0.2992041922474533 0.9395330791989377 85.64000273999297 0.02038863453268697 0.9516171665177198 -0.3066818396334948 -34.36114196183341 -0.9858378255809855 0.07031334094743599 0.15265656151645662 251.1561002247009
0.16626718080187208 0.2972761781520425 0.9402433854359047 86.30786280415877 0.020149748300804834 0.9522737585116129 -0.3046520497027886 -34.57955586781812 -0.9859366884440801 0.06959480457658142 0.15234593193103174 251.26336255630972
0.16604763437212655 0.29783213306928047 0.9401064622931588 86.98089446207602 0.020461036296182553 0.9520763862267684 -0.30524703624253763 -34.80549899676816 -0.9859672328092899 0.06991643595290592 0.15200035877296564 251.3688076046809
0.1666141389428891 0.3009040735639748 0.939027377474881 87.6732644750468 0.02278719419487172 0.9508909549690399 -0.3087579944882806 -35.03927062729725 -0.9858207734755706 0.07283667570037188 0.15157928928135955 251.4742601011272
0.16769470661251204 0.302933839406713 0.9381821911627088 88.37227282793286 0.027144246622364497 0.9498605296729029 -0.31156568988812344 -35.276057620016495 -0.9855276360034358 0.0777097956381319 0.1510676905461756 251.57997778133648
0.167492639545521 0.3033356930958975 0.93808830895556 89.04891428404213 0.027589617302408092 0.9496964223623063 -0.3120240526733944 -35.50576352890989 -0.9855492714616773 0.07813845854631653 0.15070259916731074 251.68657352852276
0.16724952072576726 0.30327194214709924 0.9381522010515753 89.75393331489734 0.027425011930372598 0.9497370350148912 -0.3119150124291606 -35.74312180250388 -0.9855951993506809 0.0778915640443346 0.1505302434913187 251.799470882268
0.16742166508462586 0.30067385711568795 0.938957332511632 90.4526625705536 0.02693002154015061 0.9506311287309676 -0.309222895951542 -35.97265933818392 -0.9855795160351447 0.07705181798066886 0.1510635227336262 251.91397852270902
0.16802330589835443 0.3017007728070423 0.93852041507344 91.15524400943477 0.02854735782142424 0.9501481159902859 -0.3105585531700301 -36.21065283004252 -0.9854314263508751 0.07896823785835667 0.15103886002065342 252.0261068075199
0.16784956753967065 0.3014982593012692 0.9386165345339458 91.86269458737559 0.024641802471649384 0.9505248651529946 -0.30973906930958567 -36.44438933263653 -0.9855661983480889 0.07511371087453161 0.15212035389879236 252.15054692542856
0.1672190206890576 0.3025139628202711 0.93840237383408 92.57906308156124 0.022786869856085322 0.9503446695629703 -0.31043334549339635 -36.68523991574545 -0.985718211115683 0.07328851481559773 0.15202693412782675 252.2699064659504
0.1666991737347011 0.3035374109403505 0.9381641441809605 93.25021576041833 0.02225192225223865 0.9500579429442427 -0.31134839158691496 -36.914262602095114 -0.985818285416886 0.07277232384704783 0.1516241937860896 252.37614040498673
0.16648816622670962 0.3042764949869739 0.937962331528187 93.91008887053698 0.02292153238428899 0.949768320861206 -0.3121842986057138 -37.14023674923804 -0.9858393398597659 0.07346985896759856 0.151154806888332 252.47855427349458
0.16460596101189723 0.30680403336127804 0.9374708528382312 94.57649343394745 0.021558517961413635 0.9490707053121438 -0.3143948597619443 -37.37219686247366 -0.9861856483143262 0.07195709398618036 0.14961288745379703 252.58274968682534
0.1637096330455192 0.3064728112253255 0.9377359975083827 95.24853680235326 0.018029603677728497 0.9494537359611138 -0.3134590963651312 -37.598333755548005 -0.986405508984051 0.0682187366370808 0.1499135510979641 252.69608776624398
0.16477214393285516 0.30512833149734403 0.9379885232273436 95.94364990005 0.02189850812738454 0.9496027647256067 -0.3127616251052458 -37.83145507901605 -0.9861507166556863 0.0720710771281923 0.14979073258737105 252.8039561883466
0.16538527052805255 0.3050805238373606 0.937896225863174 96.62374280463344 0.026122064506011972 0.9492855269020581 -0.31339978854220646 -38.06212096128214 -0.9859452967824613 0.07632778072184573 0.14903296865486396 252.90726831117996
0.16524340614136376 0.3054538072798342 0.9378000071088174 97.28340605252134 0.02703296996587933 0.9490938193532598 -0.3139039052791747 -38.289481228819504 -0.9859450835146074 0.07721851603724358 0.1485783497445565 253.0087656340483
0.16447391746433834 0.30588592528341735 0.9377945157913526 97.95837399203387 0.022943872906550918 0.9492806805954529 -0.3136645891477218 -38.51692199749269 -0.9861775226402089 0.07310272862375387 0.14911785811954692 253.12467172850688
0.1638208232795743 0.30644495416425416 0.9377263340769448 98.63880315251163 0.0213376309525915 0.9492275783132191 -0.31393948184715875 -38.74601054451867 -0.9863226108171164 0.07143516203176367 0.148968405717352 253.2355351490809
0.1645388912425621 0.3063494250320543 0.9376318254170566 99.30427914438276 0.02225013586358404 0.9491758991293509 -0.3140339317121704 -38.971738540404246 -0.9861832354280216 0.07253003941507506 0.14936389979674894 253.3410189794904
0.16637446557446672 0.30734967054986756 0.9369802809362775 99.96890274885834 0.027573006100599647 0.9483845452661307 -0.31599486219934103 -39.199585450865044 -0.9857404310893707 0.0784052659221252 0.14931636282377977 253.44172699818168
0.16708652083561967 0.31257593377919707 0.9351226041267491 100.60135618916986 0.02853964797916943 0.946507325176447 -0.3214894559672486 -39.4277763435365 -0.9855924178293779 0.08040095856960293 0.14923197778873762 253.54061468979108
0.16707545200757143 0.3181052840181087 0.9332576697093286 101.24190753862278 0.02686407170012964 0.9447249448724554 -0.32683158166050535 -39.66140759432595 -0.9856410578545673 0.07967312333953878 0.14929926447151523 253.64544843556237
0.16680232732251088 0.3189021937762963 0.9330343044829384 101.90006791279296 0.024507065228991046 0.944641263070224 -0.3272585401885325 -39.894438243898314 -0.9857487536594239 0.07744989889165986 0.1497576790575475 253.7589015381181
0.16691780678789522 0.31687157244241604 0.9337052765111479 102.58670118721486 0.023415422435750156 0.9454329955070344 -0.3250452085858245 -40.13240843391413 -0.9857562285561151 0.0761158208392956 0.1503946033718524 253.87354363498858
0.1673248308162664 0.3132345972585251 0.9348593434893989 103.30845929276445 0.02340068096743774 0.946681737783586 -0.3213913634822175 -40.378562617418396 -0.9856880154208483 0.07565029532102997 0.15107848803315857 253.9918329568347
0.16774795272230048 0.31067731656355063 0.9356365311131801 104.0315465564935 0.02340158659762771 0.9475459067064655 -0.31883441145126235 -40.62594041418399 -0.9856157990108967 0.07537652368397915 0.15168361775114522 254.10941995538093
0.16734549012962902 0.3112465199456967 0.9355196578221003 104.72494920050418 0.022577212905501777 0.9474250878403968 -0.3192532289325239 -40.86897308166893 -0.9857037528642102 0.07454449499240647 0.15152495421154083 254.22284412158982
0.16630448832328637 0.3158547767106287 0.9341594435773072 105.4059763692832 0.02020683553188244 0.9460443773980808 -0.3234778012963051 -41.11414783764954 -0.9859314029286398 0.0726695894483213 0.15095386287105683 254.33500647980748
0.1665540279204608 0.31921278818956095 0.9329730558131568 106.08900025347376 0.021715554381609794 0.9447550646912193 -0.3271283684800544 -41.362632188355995 -0.9858576631024297 0.07474197064013606 0.15042539610377334 254.43960066411788
0.16723537958109644 0.3207883710851884 0.9323105925559891 106.73718763803873 0.02422464154614838 0.9439878903951786 -0.3291593417971333 -41.59836085353059 -0.9856837725887544 0.0776289887903065 0.15010189006062558 254.54078289293662
0.16688808748386755 0.31872163647149365 0.9330812723014613 107.39388091013271 0.025359166279783553 0.9446347513768126 -0.3272117140716905 -41.82999312547744 -0.9857139113980281 0.07826648654565635 0.14957053648481433 254.6439896081623
0.16609058407977922 0.31615716425928236 0.9340948608532158 108.0778066655668 0.02265136767591499 0.9457610873167984 -0.32414122685168184 -42.065366449454096 -0.9859143690575843 0.07499178535985021 0.14992483157005168 254.76032028162535
0.16576173568897656 0.31383214940510246 0.9349369565385893 108.77360511022746 0.02193357834317852 0.946627375028637 -0.32165262101413167 -42.30521128910988 -0.9859862617259791 0.07382073770474361 0.1500352499646645 254.87304454809902
0.16673713314766522 0.3162930473542313 0.9339338499752431 109.42342158938222 0.025025601140943696 0.9455132654112504 -0.32469000121591707 -42.53672461737289 -0.9857481707947997 0.07750674652414716 0.1497409194506125 254.97193279281294
0.16635750762152537 0.3202619817648432 0.9326482775585323 110.08625379778069 0.025013298329333942 0.944135609212081 -0.328675979060553 -42.77861888638084 -0.9858129421692174 0.07800271134703687 0.14905700060539948 255.0752678297662
0.16496545565259366 0.3240655073858918 0.9315814972811014 110.76617618715854 0.02282112945973401 0.9429973934291085 -0.3320857037511376 -43.02895051828087 -0.9861002224451928 0.07603865452881052 0.14816994146619727 255.18478380226358
0.16495288800161315 0.3233696423508507 0.9318255788956445 111.46857484713469 0.02389045038582368 0.9431623468966178 -0.3315409156534025 -43.28085537157559 -0.9860767333432324 0.07694610051017357 0.14785553115597275 255.29351856932456
0.16528042629055298 0.3193541642246825 0.9331511364856543 112.16672670607302 0.025683759320484705 0.9444314577918554 -0.3277722794820798 -43.524346656551764 -0.9859766808036398 0.07813651220830417 0.14789729730624485 255.4034593095653
0.16492585220057487 0.3205004793710236 0.9328207512622464 112.87453474248754 0.025597851605536088 0.9440447004195234 -0.32889098304592684 -43.78272989216252 -0.9860382388097113 0.0781162177834153 0.1474968678372691 255.51301678878178
0.16340502262827722 0.3250301897710559 0.931520458421585 113.57488338884936 0.023420007507576994 0.9426492375935203 -0.3330299702636947 -44.043206367924085 -0.9863457773738046 0.07623034622956443 0.14642474492832822 255.62343259562704
0.1647880296116175 0.3279318743341656 0.9302590688656375 114.26011809922338 0.02741592686521497 0.9412471639461895 -0.33667040212618465 -44.298063391359264 -0.9860128292960573 0.08097881058359889 0.14611899595880828 255.725512060081
0.16601014509738218 0.32988564968336453 0.9293504843753526 114.94468015439249 0.031581982743644564 0.9401473467396109 -0.339368047807604 -44.553377035076025 -0.9856830671874001 0.08568500802176239 0.14565879062458623 255.82865325439369
0.16547297762855723 0.33078890555038487 0.9291251372277863 115.61332666999088 0.031244478512481716 0.9398634271973518 -0.3401849999612642 -44.80490192398836 -0.9857842356622926 0.08531715836846557 0.14518984929654838 255.93191668352267
0.16429564161869367 0.33577325445216577 0.9275446972891317 116.27274952587615 0.029029493422002367 0.9382513847132292 -0.344799769635642 -45.06041192921382 -0.986048991493991 0.08357106074949301 0.14440637930947445 256.03545521709043
0.16409794684641968 0.3404673557452996 0.9258669967727938 116.8908374879021 0.028084022361348417 0.9365794874865057 -0.3493928729174401 -45.303328540454196 -0.9861091624976541 0.08333253360953104 0.14413243960479824 256.1310339838944
0.16475179538844464 0.3381333882858168 0.9266057064331255 117.57119660437833 0.027355822879069836 0.9374974600522028 -0.3469807416371741 -45.55733951204129 -0.986020663836944 0.08250952187847412 0.14520769696373287 256.2406252531194
0.16538397397988552 0.33419124311473847 0.9279223107679815 118.26515318563195 0.02562922653598599 0.9390871156806512 -0.3427889517771109 -45.81060730969244 -0.98596111403055 0.08046957839375578 0.14674809046098655 256.3569129094465
0.1661520008537565 0.3303225385314611 0.9291687990726203 118.98738971937611 0.024544441133092343 0.9405714354748815 -0.338774325030258 -46.07209843899544 -0.9858595072870386 0.07908956280504031 0.1481731170811417 256.4762260579372
0.16680616871458384 0.33008581302334583 0.929135839042857 119.69015346187776 0.02541511706761838 0.9405678868363235 -0.33871929307333404 -46.333128783407105 -0.9857268496126256 0.08010993187676563 0.14850645330988882 256.5891673965587
0.16663342130969205 0.3351597282996497 0.9273486931850489 120.36184849606411 0.02534011777016222 0.9387139623278657 -0.3438297779499236 -46.592442218689825 -0.985757775589621 0.08078807873568197 0.14793113761698146 256.69501839353177
0.1668435709248697 0.33948602931017396 0.9257353795330455 121.00925230150531 0.025836615861317715 0.9370503274680886 -0.3483011552277023 -46.84467933190268 -0.9857090036647058 0.08202525196426065 0.14757295256104633 256.79632309864814
0.16764361720922996 0.338589437750431 0.9259191419168199 121.73021348311393 0.025148822630594127 0.9374190718437936 -0.34735732407378495 -47.11623367374078 -0.9855909995656935 0.08151333393530631 0.14864064413502784 256.9152049248742
0.16909489439660072 0.334695047524354 0.9270703164560542 122.48532083932761 0.025157206593235563 0.938825552377417 -0.3435368263093617 -47.3946711583816 -0.9853427673117766 0.08140810515006386 0.15033380911551203 257.0391040147811
0.171471542824167 0.3282649468454912 0.9289313252390063 123.27377084939307 0.03170109004769041 0.9405522401878008 -0.33823214813386177 -47.682210730405394 -0.9847431412629641 0.08744092048329961 0.15087492303463443 257.1596878678907
0.17221998340969438 0.33208552825492554 0.9274334469194015 123.9617583845403 0.033456010959100044 0.9389682140166139 -0.34243711374842967 -47.94445531864622 -0.9845539552793869 0.0899982453174386 0.1506025486605371 257.27035965177225
0.17207649269145942 0.3422132865590558 0.9237709807520621 124.63431127039944 0.03256387661611226 0.9352527517750087 -0.3525413914363676 -48.22219168731312 -0.9846090074615007 0.09074117376184306 0.14979511237350995 257.378654991381
0.17084298639234252 0.3497194294003965 0.9211853177492539 125.3147003608605 0.03143213492286577 0.9325025059640002 -0.3598538029948717 -48.50442307149059 -0.9848605714613278 0.0904289760546227 0.1483229507893941 257.48851648244215
0.17256464348088493 0.3533354741863868 0.9194831289631723 125.9569312811327 0.03527049603877891 0.9306545048107249 -0.3642564181764949 -48.765512226069845 -0.9844307463101083 0.09528455218872339 0.14813920738554612 257.5889891420098
0.1743335745936857 0.34850589050152647 0.9209917303137403 126.6616854658724 0.03892834829957093 0.9321266505814265 -0.36009648814908024 -49.03973403216807 -0.9839817199024898 0.0986260753388416 0.14893802492315347 257.702079632282
0.1735620379187553 0.3455069179201316 0.922266623213211 127.35815638220767 0.038043303310063864 0.9334109043158161 -0.356849667774361 -49.30831283113822 -0.9841530131480065 0.09701834241811713 0.1488645291007332 257.8157575961298
0.17301731651372199 0.346133004702042 0.9221340441534773 128.04677679005397 0.03591836654145484 0.933396220459004 -0.3571080107946936 -49.579100961016984 -0.9843286820582781 0.09490408054616994 0.14906542321107502 257.9322613822862
0.17476518388329051 0.3530579174427906 0.9191743929852285 128.7053595368831 0.03789203842537129 0.9304207859823557 -0.36459072946775756 -49.85518140564501 -0.9839459036757571 0.098543916486379 0.14923126344934035 258.03291116203945
0.1763010829040124 0.35845193720661095 0.9167906365900339 129.33040814357196 0.04068645933526138 0.927912362333853 -0.37063296028213044 -50.11788124268249 -0.9835605022371241 0.10264079674924363 0.14901184936761525 258.12853953123937
0.1767586932958579 0.3603791455031665 0.9159465529644171 129.95326032504087 0.04279929227152931 0.9268875216662767 -0.37295170338226835 -50.376792047098746 -0.9833886455945159 0.105121002881443 0.14841558905745442 258.2270875811377
0.17655873919256632 0.3572804865512298 0.9171988115746337 130.60055701699747 0.041707670404021895 0.928267527192859 -0.3696289401458086 -50.63591972441569 -0.9834719775623986 0.10351220909330952 0.1489969887861198 258.3348412729329
0.17613047237729268 0.3537228738820295 0.9186590253297748 131.2592652801946 0.0405779338749314 0.9298284469706469 -0.36581182577934973 -50.8937680920084 -0.9835961118286806 0.10170475113180884 0.14942254753823567 258.44430447223334
0.17596473660827405 0.3517126772208592 0.9194622374585655 131.91235434368113 0.0389387064801721 0.9308007756763556 -0.363510360353339 -51.1512755106737 -0.9836920844631399 0.09976482966031858 0.15009770946019088 258.5539412473702
0.17602846171710052 0.3521852980161644 0.9192689860087495 132.56428396793638 0.040536542365128284 0.9304474170092693 -0.3642388058603138 -51.415146253703426 -0.9836162834941784 0.10137765153125336 0.1495137115170062 258.6566756911791
0.1762411113248491 0.35495149064780307 0.9181635707613275 133.21170955434917 0.041788706008024847 0.9292073528842615 -0.36725076262947753 -51.68212269176824 -0.9835255901006051 0.10309069981429056 0.14893662322616497 258.7581291461715
0.17650966277926525 0.35573744951817204 0.9178077571225897 133.83840206549715 0.04492754283191193 0.9285470871000984 -0.3685486196817036 -51.939804097008086 -0.9833391276855205 0.1062846270174283 0.14792013298401901 258.85373615137604
0.17710415592129294 0.35329134984467786 0.9186375999661917 134.47816897054642 0.048542489076708384 0.9291032370532311 -0.3666833557199183 -52.19647127255365 -0.9830602105163451 0.10953122819433943 0.1474032409984194 258.9525653397133
0.17702117752296664 0.3522946811847009 0.9190363839025851 135.1201044889018 0.048000928390358 0.9295643180165609 -0.3655849270486218 -52.454180640759915 -0.9831020241711812 0.10882821511530194 0.14764684966774783 259.05818793138184
0.17664851010853846 0.35272504439969826 0.9189432470635196 135.7409620051767 0.04724508976608892 0.929492940559447 -0.36586547764374333 -52.706788986198355 -0.9832059778689296 0.10804251441184119 0.14753351863936323 259.16058528434286
0.17672339449556237 0.3540673641610931 0.9184124909030917 136.33293379726712 0.04738111603115425 0.9289390097804779 -0.3672520489935497 -52.95149966489891 -0.9831859862071959 0.10841478327338253 0.14739359314946562 259.2534736192794
0.17899211379712734 0.35516443091090555 0.9175490619246289 136.93137485459636 0.053529543807601096 0.9276952918780829 -0.3695435971203435 -53.198143797161464 -0.9824597846621203 0.11525865386677304 0.14704280295386624 259.3424485794243
0.18166180631570336 0.35585120072595616 0.9167578247148322 137.5055158739728 0.060290315133655376 0.9264675763161098 -0.3715765587850945 -53.43505008584276 -0.9815775032198435 0.12277010222665499 0.14685386077216636 259.42875410826105
0.18138696513712715 0.35596012357208734 0.9167695413004691 138.05510342273269 0.06059990150786497 0.9263979291753741 -0.3716976501402751 -53.66213121220401 -0.9816088701060695 0.12297416033360413 0.1464702348546013 259.5174768625345
0.18014131332131905 0.3546478951637397 0.9175226318117454 138.61068099767778 0.05655366458134905 0.927487195608773 -0.3696116054530449 -53.885989476178985 -0.9820793944049079 0.1184685515105839 0.14702683833498753 259.6131278318045
0.1798680882405627 0.35466366171557673 0.9175702978996465 139.1291100810087 0.05610970693648932 0.9275480417959218 -0.36952827967357743 -54.09820715198017 -0.9821553243129475 0.11794797831051332 0.14694046812785458 259.69653428065345
0.18080572359593788 0.35439019456389226 0.9174914950544122 139.62488671569128 0.059959007777384374 0.9271416852797107 -0.3699426419868068 -54.30161339513908 -0.9817555499200966 0.12189636950039219 0.1463880202608651 259.7727431011564
0.18235426690271128 0.3543775224383218 0.9171897774773613 140.08537606812484 0.06504855254003002 0.9264211763324013 -0.3708864038110353 -54.49100477546508 -0.9811448025631843 0.12729145245658743 0.14588948635713814 259.84333453873745
0.18267790392476488 0.3550964497668286 0.9168474817721015 140.5152628800455 0.06730673899976992 0.9258168594372533 -0.3719903561197174 -54.669769880725966 -0.9809322541127834 0.1296611649185551 0.14523037049548668 259.9074219124516
0.18235864860989626 0.35630945878491266 0.9164404107171139 140.9225022080446 0.06669900357574697 0.925421213947834 -0.37308285325985363 -54.841102072033536 -0.9810332926336245 0.12915729223761513 0.1449973687336716 259.9725228684722
0.18168184429788176 0.3573945520462436 0.9161526469264694 141.32886007172698 0.06512352283202555 0.9252214339317799 -0.37385662215171644 -55.0110645996718 -0.9812649511841249 0.12758273729556283 0.14482518290979202 260.0413497106128
0.18144222534165727 0.35697510758269113 0.9163634888345578 141.70728649107085 0.06515950463899324 0.9254000955272255 -0.3734065811048011 -55.16674247100931 -0.98130644571766 0.1274578491727805 0.144650694279295 260.1020514404143
0.18194010573416897 0.3551490021045545 0.916974022534529 142.08514640493678 0.06894507880161287 0.9256172323627477 -0.3721860656356717 -55.3200966976474 -0.9809553551453829 0.1309322977915812 0.1439253790708234 260.16034895670276
0.18274271900379702 0.3539100656052514 0.9172935718071565 142.45213731310716 0.07335055218055522 0.9254779842572415 -0.37169042904069766 -55.46969294984776 -0.9804867534465787 0.13520371098110912 0.1431690587218217 260.2183362270158
0.1827360041155004 0.3540601240633525 0.917237252009041 142.75990502339658 0.0749040155513766 0.9252027159701118 -0.37206736753989633 -55.59904928935255 -0.9803711172046561 0.1366912664746389 0.14255125187079426 260.2690155378637
0.18263033784632 0.3541944868758076 0.9172065968418891 143.05973012604034 0.07458469047084902 0.9251989667770595 -0.3721418581393107 -55.7248539735021 -0.9804153344207551 0.13637034335757395 0.14255574673157917 260.3205042412144
0.1825300759893312 0.3543845093986822 0.9171532037269172 143.3596736880575 0.0735220432660273 0.9252747253803751 -0.37216443512158043 -55.84879844384488 -0.9805140048698613 0.13535839131097382 0.1428395262422623 260.37424127834737
0.18235966729526265 0.35453103046621 0.9171304157118163 143.63009582717532 0.07284094026838503 0.9253187096079639 -0.37218951908117975 -55.960451429131716 -0.9805964382256558 0.13467320120933565 0.14292049492625247 260.42154682183127
0.18185087737967173 0.35541740342411104 0.9168880610184718 143.8847988103236 0.07112932589049924 0.9252202349007402 -0.3727641683023596 -56.066183345471615 -0.9808162652000538 0.13300128613996062 0.14297586891613628 260.46788232407147
0.18191499417344528 0.3564794129297185 0.9164628484597724 144.1006294204055 0.0702890374682233 0.9248977933099728 -0.37372172306775325 -56.15881510311312 -0.9808648305391079 0.1323991802991985 0.14320076103771637 260.50683388305583
0.18280997398899568 0.35921049412238376 0.915217375550826 144.28913900293313 0.06950906330301165 0.9238350082271238 -0.37648587719477833 -56.243645599337945 -0.9807538766040255 0.13243781207565933 0.14392278591997437 260.5448081916467
0.1870839151519374 0.36172064429164835 0.9133629391573261 144.46556616438332 0.0689287026772905 0.9226358211726299 -0.37952022247185013 -56.32527673522493 -0.9799879683245536 0.13395563531496094 0.14768274997099515 260.583317945222
0.19426932020080676 0.3638216396951587 0.9110258056595127 144.62458603884843 0.06597655353328616 0.921752146723775 -0.38218326476107856 -56.401850423655894 -0.9787926484446123 0.134349260442164 0.15506957791793252 260.62400566135153
0.20622729432029208 0.3641982394085035 0.9082425301654912 144.76987030675798 0.06166993127407789 0.9214933249706471 -0.3835234898960609 -56.47467141718308 -0.9766242981324881 0.13510078122223756 0.16758239421086327 260.6701301374321
0.22102281594146336 0.364240599733663 0.9047384898365033 144.91914011870725 0.05450992252735414 0.9215987055984467 -0.3843534971389369 -56.546237980494354 -0.9738094177825184 0.1342646734522806 0.18384538846155932 260.7333377626396
0.23760072512047156 0.36272880943005353 0.9011370357615266 145.05004429852187 0.04716438901553845 0.9222822653762034 -0.38368511484883394 -56.60585852292066 -0.9702825553769562 0.13366186851037762 0.20203283670477923 260.7970822273262
0.25657221255730767 0.36044656626255106 0.8968401356533987 145.18930172536074 0.03855303928432022 0.9233273081325947 -0.3821299410627716 -56.66755891633072 -0.9658208088430671 0.13261620864414753 0.2230096806089021 260.870031967965
0.2807712223938788 0.35862027370694083 0.8902989061541751 145.343036681709 0.0270500111340403 0.9242674986229897 -0.3808423197585581 -56.73701893061265 -0.959458358673164 0.13100869131094028 0.24981307132376546 260.9639311286283
0.3054510900006483 0.3586859951159003 0.8821091677880776 145.4874401277857 0.013005857371327914 0.924704914906573 -0.3805186342017775 -56.80434782765234 -0.9521838426223148 0.12769894526868966 0.27779330780228645 261.07090187399905
0.3304266227712809 0.3598558271733957 0.8725790476527217 145.63726626262638 -0.0020976255111761367 0.9247642026330365 -0.3805914595340473 -56.874728082460145 -0.9438941244752088 0.12392384120209263 0.306328067844796 261.1889272179377
0.3590910849439899 0.36145836192017494 0.8605079030433243 145.7800834540498 -0.02113379471523376 0.9248942269990691 -0.3796936957075314 -56.94365978542027 -0.9331282880207317 0.11815548194834209 0.33976689342117944 261.3262432223479
0.3894760874625575 0.3636458204732459 0.8462515045349492 145.92187189819145 -0.04158332789874739 0.9247861095040467 -0.3782639374879691 -57.01301050443046 -0.9201623726110476 0.11213166112598257 0.3753107157270632 261.47712170524215
0.41798348457667744 0.3671439182552841 0.8310039456082977 146.05026232189365 -0.061608096036568374 0.9240701767425155 -0.37728239251760565 -57.07824451163691 -0.90642839543911 0.10649812762166046 0.40887226486797434 261.6281433426715
0.44555287460838794 0.3712560293155725 0.8146920717572165 146.17664782324357 -0.08210072182602764 0.9230945836008576 -0.3757635455620071 -57.14263654272681 -0.8915480706214233 0.10053281711754429 0.44177535220988023 261.78607422315935
0.4758570953656844 0.374212151209731 0.7959881512366458 146.30601354236842 -0.10145163847977134 0.9223085426487948 -0.3729579020235166 -57.21316407437294 -0.8737171329366956 0.096717394238939 0.4768592154922051 261.953159971288
0.5077573564395644 0.3772408204273165 0.7745601464064935 146.4470535664901 -0.12164309975260437 0.9214399712778905 -0.3690442985757927 -57.29271933859084 -0.852934336848566 0.09316230091610586 0.513764649263003 262.14229969981824
0.53873101980169 0.3810715638365213 0.7514149279967861 146.5796237430858 -0.14287945612236547 0.9202848033346223 -0.36428357309358383 -57.36932145060969 -0.830339335710986 0.08888656036805313 0.550241503947296 262.3411847498109
0.5690210800051151 0.3853592333379788 0.7264877526056578 146.719421759895 -0.16554238246426234 0.9190168633350686 -0.3578338201930002 -57.44756889322254 -0.8055540529135029 0.08334784999211284 0.5867416985737013 262.56585000372394
0.5992849440084371 0.38974591094433575 0.6993045896532197 146.85165028740622 -0.188484554874424 0.9176448503347737 -0.34991872766313786 -57.5229402173407 -0.7780971984931127 0.07789032911307045 0.6234004530450873 262.80671610086654
0.6297513720569523 0.3930384333290679 0.6700789486410752 146.9792986611165 -0.2086673310843942 0.9164635829975001 -0.3414590843187208 -57.602170807932914 -0.7483138071352504 0.07520823334261001 0.6591670578361194 263.055901993008
0.6595882659038338 0.3959254906859546 0.6389504180257529 147.12975613987152 -0.22717756684061163 0.9152969813683874 -0.3326608918616627 -57.69703198471062 -0.7165424128735131 0.07426199381358964 0.6936736907996034 263.3471064451285
0.6881694574081327 0.39875185075165204 0.6062107264367691 147.24730157851326 -0.2449030829306088 0.9140908609902474 -0.32326802535279725 -57.77982325252851 -0.6830388966492827 0.07399828388989668 0.7267140755072721 263.6259236886708
0.7138561937041148 0.4034428254206859 0.5724646844534316 147.36543582258156 -0.2643912875107253 0.9121748694819493 -0.31317273747774543 -57.86597258372902 -0.6485380930880497 0.07220321500236271 0.7578368934237996 263.9303201165399
0.7363577784456666 0.4090602465418826 0.5389983973230615 147.47998924273136 -0.28392038380204354 0.9098553683999819 -0.302646518702428 -57.94935878265405 -0.6142138744654378 0.06982179458300643 0.7861280064757845 264.2503346276572
0.7559913607694874 0.414946000340623 0.5063287519061194 147.59214166395378 -0.3027344367322101 0.9073853474623007 -0.2916259590222883 -58.02757953709259 -0.5804466725675002 0.06718198410620096 0.8116027658414031 264.5816983527304
0.7740633996721997 0.41979613748795364 0.47399322040493036 147.69902239843506 -0.31892075895457006 0.905218711194368 -0.28091068032308275 -58.106793321390974 -0.546994623598319 0.06627454377040586 0.8345870737708092 264.91394049733594
0.7918765263565564 0.4227719132266268 0.44076066768181993 147.80259530411342 -0.33214011221918266 0.9037405158422209 -0.27014512971401244 -58.18920962958717 -0.5125446623697689 0.06752507526876939 0.85607809844778 265.2543850161504
0.8076047896072192 0.42611830420170593 0.4077655347566524 147.90172825698198 -0.3458131173235334 0.9021864409095776 -0.2579055241520181 -58.26900874033182 -0.47778012978174533 0.06727262616410157 0.8759749238767487 265.61767764037864
0.8209449866715572 0.4286485684242658 0.37733823555044177 147.99258027073313 -0.3570939211643061 0.900956021635976 -0.24658580667978433 -58.34537783175606 -0.4456647528028641 0.06768567963998139 0.8927110762668385 265.9769325129564
0.8324258394970108 0.43247123633903833 0.3465692543203555 148.06656567374415 -0.3694512902024461 0.8991568427042463 -0.2346597437410275 -58.41186546834462 -0.4131044498500002 0.06729404120244539 0.908266236982675 266.3357878618894
0.8432084782167175 0.43619148941643504 0.31434004062534393 148.13205635156942 -0.3813335885146079 0.8973373657923885 -0.22228908269920084 -58.47696769309195 -0.37903018368571156 0.06756517587842968 0.9229854714977288 266.71298656180034
0.8525005657966789 0.43928968388112305 0.28344250032572244 148.18767654812504 -0.39128585643721303 0.8956943134123913 -0.21134930096603902 -58.540577890163476 -0.3467218111631347 0.06926564954430393 0.9354770820230607 267.08404634683944
0.8609506175543343 0.44068650658899955 0.2542263639410028 148.23875545294962 -0.3989658566034381 0.8948814580703268 -0.20013625544050426 -58.60167279253813 -0.3156997994552851 0.07087707143248206 0.9462775325494425 267.45600118282823
0.8689971238155785 0.441327025943704 0.2239327597554729 148.28318754128168 -0.40589584735770645 0.8944583530204073 -0.1877079199114581 -58.66212402557277 -0.2831385813655998 0.07222161897269017 0.9564245620892361 267.85451506513925
0.8765670275527578 0.44087725667204003 0.19320614893616395 148.31550155387487 -0.4111131023724383 0.8944695069855907 -0.17592999320506605 -58.71866697932451 -0.2503797937761652 0.07478244943304452 0.9653231260412667 268.2459080503956
0.882030267289645 0.4428416576542031 0.16119496855589638 148.32781999431637 -0.41854428034896735 0.8932976935225304 -0.16395386776211784 -58.76881445203358 -0.21659958366537707 0.07714282026678465 0.9732751484125698 268.64356599528213
0.8849809014335874 0.4482564677828727 0.12627391203476845 148.31461088177142 -0.4296253592527668 0.8904662506676556 -0.15010893754299437 -58.805812512461564 -0.17972830138133586 0.07859048743430211 0.9806388905972698 269.07853182388004
0.8875488145349066 0.45172523444450824 0.09094659927116683 148.29216575581285 -0.43823306317141625 0.88847887495604 -0.13637345005234933 -58.8432768070296 -0.14240544269864985 0.0811799597486539 0.9865401971728949 269.5106323367185
0.8894521418712398 0.45337516755911417 0.05827415233989463 148.26547091054036 -0.4441104332461679 0.8872815645287327 -0.12465210153757339 -58.884977522053944 -0.10821724046474618 0.08498953076746209 0.9905538981918152 269.96226688394694
0.8905981127029661 0.4540617695130344 0.027076278476760016 148.22876305844028 -0.4484198695125987 0.8863868397959591 -0.11523432884928128 -58.92852128395765 -0.0763207435691653 0.09048362124938847 0.993035513374995 270.43210633508477
0.8896634359419218 0.45668097940000857 -0.0034510620143578703 148.17357932964842 -0.45438068242435437 0.8843548773666162 -0.10721713790429147 -58.9610858445264 -0.04590897505588246 0.09695279232433777 0.9942958938939017 270.8644506323098
0.8882859685212026 0.45832111705327694 -0.031006085833902405 148.11585300080583 -0.45905872883657745 0.8831650903375738 -0.09656994199805509 -58.99669020736619 -0.016872701504744656 0.10001314120516887 0.9949094801264322 271.3621059672334
0.887823560109046 0.4574231061853277 -0.05104461782336028 148.06616361581547 -0.460230787600373 0.8835743724670357 -0.08674901891423206 -59.032464987434025 0.00542499939360723 0.100507604857957 0.9949880353230184 271.8585662541962
0.886939522534667 0.4576653092369727 -0.0628748098504003 148.01817147803789 -0.46158789472740414 0.8834466651153371 -0.08062527670036769 -59.0669414807754 0.018651895153221784 0.10052920748057166 0.9948261891555082 272.3501851566745
0.886549823465935 0.4572405569125161 -0.07094775084396213 147.9722489855504 -0.46190337799669495 0.8835812019147076 -0.07727872871519528 -59.10406886567641 0.02735821732817778 0.10127943399061264 0.9945492063829076 272.85512811239107
0.8870243671672294 0.4551344678571807 -0.07818529224253866 147.92332905104115 -0.4604260276916849 0.8846549055968143 -0.073722386968071 -59.13983280680956 0.035618487354271436 0.10138910359186494 0.9942762269311346 273.3984187826816
0.8863950956911693 0.45506205860356846 -0.08540854797019254 147.8683250054783 -0.4609684141459084 0.8846243381990991 -0.07063553405847994 -59.17245341343851 0.04341611740396423 0.10197853464760512 0.9939059957498443 273.9220855178535
0.8858636367584598 0.4544730553082995 -0.09366175343376915 147.80944923693986 -0.4612087304810974 0.88455084474878 -0.06998903880490394 -59.20931217394111 0.051046189795541715 0.10519483687315653 0.9932084706819357 274.4517471412226
0.884327942148506 0.4561528175882575 -0.09980358565722393 147.74238414032138 -0.4634262672950198 0.8835530740908835 -0.06790669677640976 -59.242739137634146 0.057211019045492494 0.10629958177246406 0.9927537590558366 275.0059666789583
0.8834756946762914 0.4568022343209645 -0.10428432212048763 147.67159416047872 -0.4643810416443816 0.8832682686109264 -0.06503319521606406 -59.275274539957586 0.06240934271660355 0.10587899685519056 0.9924857686105348 275.60569759850205
0.8830263845246918 0.4570785081131257 -0.10684472776418355 147.60035475692078 -0.46482966548157023 0.8831455235293868 -0.06347272020438857 -59.31071907025379 0.0653527461339873 0.10570877953338248 0.9923143399357433 276.2157514806195
0.8830057677248933 0.4570071792250057 -0.10731941271824251 147.52814676263003 -0.46481360170835406 0.8831488397611067 -0.06354290496186296 -59.3502564508318 0.06574470986319611 0.10598837591724163 0.9922586758662599 276.8461727402786
0.8828386857580454 0.4572632922258085 -0.1076012499179328 147.45545548572684 -0.4651114917634298 0.8829786695320347 -0.0637213402933959 -59.3936006055858 0.06587722013714471 0.1062986604752597 0.9922165236495927 277.5002864981207
0.8831260788189614 0.4566863064455206 -0.10769454677556048 147.38430313180066 -0.4645819153904411 0.8832166310102577 -0.06428429610981955 -59.43921426175769 0.06576480240723724 0.10680063456893961 0.992170251138838 278.15529611804726
0.8832649482427395 0.4563825050247372 -0.10784486520249574 147.30778473008132 -0.46430916534156613 0.8833443676863294 -0.0645046109135788 -59.48587362739266 0.06583044476327901 0.10704445839475121 0.9921397789933638 278.8457493365574
0.8838750898052001 0.4553061272617624 -0.10739478029716268 147.22889225756515 -0.46313041904082636 0.8840223400052952 -0.06368728127201413 -59.53142959748546 0.06594713796429588 0.10602591053454462 0.9922414262131 279.5721446689986
0.8834721050333004 0.45614097637942846 -0.10716580668866212 147.14279710411853 -0.46383943587856735 0.8837587000506008 -0.06216392822974027 -59.576516266560965 0.06635811890727522 0.10462437725436817 0.9923629078727533 280.3347358610744
0.8836062041987187 0.4559353708176606 -0.10693351542351216 147.05727034770655 -0.4635771802267984 0.8839286604207475 -0.06168840160313984 -59.62573128527586 0.06640056376509432 0.10407710205520938 0.9924174833167416 281.12170701769503
0.8835558289356936 0.4558392257083146 -0.10775691808140968 146.9691652251324 -0.46360398094583244 0.8838768315861818 -0.062227775967054255 -59.67816333623695 0.06688296419783338 0.10493507762005169 0.992294745386857 281.8977955595037
0.8833485139297128 0.45582677372520436 -0.10949483133890804 146.88054229136318 -0.4638787277577818 0.8836258710626645 -0.06372401425312516 -59.73125832312698 0.06771019907335327 0.1070798644798256 0.9920091674385592 282.66126534329254
0.8828360374057008 0.45667281761750567 -0.11010125913723462 146.78446042232832 -0.4647990993319936 0.883133405641877 -0.06384727595081452 -59.78340149349823 0.06808167747406736 0.10753839794665657 0.9919342481077943 283.47835048961275
0.8822701390891701 0.4575582235479757 -0.11095935016327707 146.685419821887 -0.4656997015686513 0.8827395144070991 -0.06271889900910545 -59.83221143375265 0.06925562677296128 0.10700545788964509 0.9919104242379181 284.31425014370984
0.8820474459707276 0.45791895069566313 -0.11124317286825783 146.58568079958155 -0.46589409072419136 0.8828310358037911 -0.05992750091226777 -59.881133374480655 0.07077182415119794 0.10468336455335601 0.9920513298741248 285.17839927194655
0.8816884480279088 0.45826935287308973 -0.11263633067412572 146.48312324720126 -0.4663719188910363 0.8825977939245112 -0.05964542364027132 -59.93331434299038 0.07208378353022886 0.10511595171299806 0.9919110545665131 286.02629548445657
0.8812766785916901 0.4585385974276569 -0.11474362224512369 146.37619911328594 -0.4667670089594625 0.8824778291260891 -0.0583170901266469 -59.98423788654881 0.07452301589456733 0.10494886154300836 0.9917486136641674 286.89875449644137
0.880970340350857 0.4582461597611514 -0.11821369885960005 146.2647367519791 -0.46661749352654197 0.8827426925304253 -0.05543782581029293 -60.03376928749283 0.07895304489775645 0.10399650432153411 0.9915061307603211 287.80015422534905
0.8806433560845668 0.4580479539628793 -0.12137679319694361 146.14784586539412 -0.46660153835216894 0.8828643682245502 -0.05360214098414089 -60.08411608445288 0.08261171845935676 0.10383588958384128 0.991224882206918 288.7159906426661
0.8801475638317297 0.4580812188268125 -0.12479973542536062 146.02580842001353 -0.46702247690695214 0.882624274164666 -0.05389269136289335 -60.13737822598395 0.08546910263490368 0.10571458933398134 0.9907841601366136 289.6312243868242
0.8793862280548306 0.45857512825710484 -0.1283019662067732 145.90184546992162 -0.467727692463539 0.8823626909371937 -0.05202022367879335 -60.18661917316553 0.08935845271526696 0.10575335049122114 0.9904364112074123 290.5429094507443
0.8789807446125472 0.4585607035125585 -0.13110283487407845 145.7767273020639 -0.4677850345391871 0.8824747543470638 -0.04955082843050201 -60.23296044311308 0.09297768526343257 0.10487914298682913 0.9901962156687489 291.4699257835916
0.8783903234247342 0.4591718123363488 -0.13291089336346798 145.64802876437685 -0.4683219318028071 0.8823437238086698 -0.04674028050654682 -60.27666294550266 0.09581602955530524 0.10329831788150991 0.9900919157831085 292.4058689459221
0.8783777714437008 0.4589757753202822 -0.1336694361117029 145.52048401372903 -0.46801752380152567 0.8826050597744798 -0.044825744274613305 -60.32013318204602 0.09740794078259812 0.10193044398615618 0.9900785964116114 293.34260201501604
0.8785410739696603 0.4583591183899986 -0.13470694398504268 145.3943554283332 -0.4674135819046678 0.8829705235970277 -0.04390758522446838 -60.36338015889196 0.09882139806697968 0.10153554055041986 0.9899790595766053 294.25712413632004
0.8783803847279887 0.45853219356345143 -0.13516536545647412 145.26724694038816 -0.4673626992720501 0.8831277349169016 -0.04120802412809109 -60.402998910472235 0.10047751013098466 0.09936467248127184 0.9900326156216157 295.1789749220958
0.8783436103195815 0.4584691370172124 -0.13561547644379812 145.14022224120285 -0.4670821464661487 0.883391648617887 -0.03864848835524058 -60.440344139544294 0.10208692532228336 0.09728713298922087 0.9900740822490068 296.0956750990412
0.8783091366303645 0.45852548199399273 -0.13564834525939104 145.00904656234627 -0.46694323305041924 0.8835466627786628 -0.036730157557970315 -60.478010589225924 0.1030145319023108 0.09559740457028491 0.9901424761266485 297.04232434197417
0.8781266859034312 0.458835487314712 -0.13578130046480727 144.8775651956461 -0.46730401103322955 0.8833410941339973 -0.03707772578854064 -60.52092190961282 0.10293301376092232 0.09600736616846839 0.9901111261337194 297.99291054756424
0.8782685322900616 0.458638509094755 -0.1355318671544743 144.74783328515005 -0.4671518266465109 0.8833935256234333 -0.03775364699612397 -60.56807916584696 0.10241725845192828 0.09646883993439875 0.9901198426884752 298.95690458938634
0.8784224642793069 0.4583222266196066 -0.13560534370884483 144.62015697366826 -0.46697090174974 0.8834346754299959 -0.03901312889391175 -60.61811707764305 0.10192244849062927 0.0975908008034841 0.9900610374761604 299.9055429314154
0.8785450469445066 0.45813304055405346 -0.13545162401968014 144.49639153064578 -0.46693535161359967 0.8833786726395302 -0.040672007379471 -60.66950147735658 0.10102642644052805 0.09897653981780644 0.9900154615499507 300.8335952290076
0.8796523691845209 0.4563022488392353 -0.13443952940129023 144.37372090484982 -0.4652038782005668 0.8841927437246563 -0.04276342999476124 -60.725622662527144 0.09936190734073415 0.10015602702940031 0.99006531385142 301.7848205097017
0.8804929488376861 0.4555080995763972 -0.1316016863755102 144.2550490078782 -0.46431167153857716 0.8845642643219426 -0.04473538593495639 -60.781907887795924 0.09603727136881426 0.10049063499291769 0.9903595531007532 302.7174082053216
0.8815469812914636 0.45446906744397764 -0.12809233629190267 144.1411865890606 -0.4630973625125454 0.8850993748321409 -0.046701904764364484 -60.83980344183985 0.09215423318256633 0.10048645878699623 0.9907289026430077 303.64770863493595
0.8827303577094887 0.45300321022356066 -0.12510472572737513 144.03191771871116 -0.46146729830050737 0.8858661638622947 -0.04828972873439141 -60.89794246265415 0.08895488788407308 0.10035600884467216 0.9910346365730419 304.5695201305284
0.884148479126468 0.4510161300561614 -0.12223577959967612 143.9306966901216 -0.4592879452385785 0.8869320433668615 -0.0494811690334269 -60.95056973454707 0.08610228266050711 0.09988753012541031 0.9913338407767036 305.4572760370227
0.8849179126082724 0.45006905086619575 -0.12014149606999845 143.83001437128743 -0.4582087047461616 0.8874357640895599 -0.05044006024730305 -61.005251475438136 0.08392070855222257 0.09968267522949958 0.9915412850477631 306.344626100123
0.8860861166121747 0.4482988486411809 -0.1181352939676839 143.72919825571566 -0.456343271878648 0.8883201870431944 -0.05177608138142195 -61.06438727423726 0.08173508584478867 0.0997857924205215 0.9917136568257648 307.24794662789003
0.887133328580391 0.4465476486724143 -0.1169031140266679 143.6304019080775 -0.4545548424191633 0.8891711320654937 -0.05289477045495766 -61.12301926472278 0.08033105669464247 0.10006104598656594 0.991800658932004 308.132175732318
0.8871675729746172 0.4467646214332093 -0.11580850596487548 143.52892169914168 -0.4546028713666717 0.8891898364755326 -0.05216034340335372 -61.17575592010632 0.07967658603231088 0.09891933537053677 0.9919678977203917 309.0231724400973
0.8871900102244402 0.4474161755713072 -0.11308634710471865 143.42792170105315 -0.4547355546345023 0.8893016426120826 -0.04898448748429879 -61.22439767940652 0.07865613721624921 0.09487980053905992 0.9924432284121363 309.9334412051323
0.8874582865006893 0.4475708877593468 -0.11033957624662946 143.32934951301482 -0.45437693163178805 0.8896586310995813 -0.0457283085445124 -61.270717102117075 0.07770265149822966 0.09071478411007532 0.992908067975601 310.847725587389
0.8872182060860502 0.4482177886497023 -0.10964284849653194 143.22809888875642 -0.45490440148072003 0.8894261345818204 -0.04499509201175972 -61.3174335718057 0.07735627328985482 0.08979470351390854 0.9930187879231861 311.7636653225778
0.8871155105114187 0.44845380590901623 -0.1095121073623845 143.1273795358099 -0.45515856779309743 0.8892781969141972 -0.04536655797266406 -61.367328081583395 0.07704709554532954 0.0900872960332625 0.9930166330434251 312.6695263718003
0.8871191525370916 0.44846897962352233 -0.10942005747639945 143.0273118295931 -0.4551848808957178 0.8892520222154271 -0.04561647481482914 -61.41639970089328 0.07684969077959633 0.09027015054907948 0.9930153078287157 313.57344550895533
0.8872652364074793 0.44794398251223566 -0.11038093088821406 142.9315655674513 -0.45490406884744833 0.889289050594546 -0.0476426079875489 -61.46728087002457 0.07682432974115416 0.09248131361471372 0.9928134650890252 314.42634940134786
0.8869037002105506 0.4482825605337225 -0.11190015304661573 142.8365231582638 -0.4556409208836983 0.8887301851871848 -0.050913037848269976 -61.51914572669795 0.07663033412234911 0.09613825164470463 0.9924806390120559 315.24853081404257
0.8863857795787562 0.44880335492678025 -0.11389812371116796 142.74198206041788 -0.45667026301621577 0.8879629727422192 -0.054917542102172284 -61.57208030176091 0.07649474433037488 0.10068903268753648 0.9920394142472719 316.0443680769074
0.8867226385238427 0.4476399346954557 -0.11584020849531682 142.65574238222396 -0.4559725511395525 0.888102153998238 -0.05836440994609651 -61.623037347556966 0.07675679701187911 0.10456992168155231 0.9916181547763944 316.7706381987088
0.8870143618826329 0.4468599420279164 -0.1166148910057736 142.5683994401118 -0.45536457391497354 0.8883362791982047 -0.05953663477960037 -61.67221918067596 0.07699381737777229 0.1059091005858373 0.9914576918474743 317.4953336861893
0.8870356217141917 0.4467530043919688 -0.116863213340682 142.48132764865755 -0.4553080927058815 0.888344397682134 -0.05984715890987811 -61.718822518374864 0.07708295462059567 0.1062922186234832 0.991409654278594 318.20956945739306
0.88695696881676 0.446793853866932 -0.1173060548069758 142.39889223709577 -0.4554451608330368 0.8882327624667402 -0.0604658298194383 -61.76348764591277 0.07718461416145143 0.10705357390289666 0.9913201025237349 318.88966833566354
0.8871800208615911 0.4462877610756616 -0.1175451242158778 142.319669298082 -0.4549874705797534 0.8884470080594384 -0.060761787320645015 -61.80536505470905 0.07732066599678154 0.1073848005845015 0.9912736979894146 319.54264533069187
0.8872637385715447 0.4460717490387974 -0.11773233958613892 142.24036289859018 -0.45480129058965063 0.888532998093396 -0.060890643919384764 -61.84576789791356 0.07745259909162075 0.10756776425054966 0.9912434773115896 320.1849865111166
0.8877044106812646 0.4448812570294427 -0.11891118936969217 142.16615865703616 -0.4539337759087281 0.8888030507637197 -0.06337933584932655 -61.88935754234335 0.0774978244899903 0.11023629039045979 0.9909470830734084 320.78663475945683
0.8878291557321667 0.44446822961690263 -0.11952183836515232 142.09463047849448 -0.45368947450410196 0.8888345394028894 -0.0646695580865735 -61.9311614395406 0.0774968376224286 0.11163795601433321 0.9907900757816305 321.35913501344373
0.8879667299397945 0.4442140187013907 -0.11944607348029987 142.0258476647877 -0.4534531556964598 0.8889299645003236 -0.06501393150000159 -61.96990804447153 0.07730422739733601 0.11189029803157155 0.990776978948898 321.91051677786925
0.8881507733049994 0.44388927847804466 -0.11928478730807181 141.95891076749788 -0.45312475787947737 0.889082298033044 -0.06521201712308279 -62.0071936519738 0.07711189933638123 0.11196608838144569 0.9907831856484595 322.44876460284837
0.8886538362718744 0.44295228348518595 -0.11902084188595057 141.89648302109626 -0.45219616689479536 0.8895178340201501 -0.06571643496206268 -62.04385384530402 0.07676670835267474 0.11221697870498601 0.9907815840799858 322.9526002953884
0.8889852429144844 0.4423376800940737 -0.11882906339332185 141.83378762047502 -0.45156818019406564 0.8898273940007377 -0.06583602035331171 -62.07813458435783 0.07662024844013443 0.11218381574162731 0.9907965714853518 323.452451783325
0.8891664917313424 0.44205733508116685 -0.11851313893218823 141.77315655474976 -0.4512175711575568 0.890036864421464 -0.06539446138512162 -62.10963027591737 0.07657747292651683 0.11161915301865072 0.9908633243408627 323.9367468902671
0.8893300693631265 0.441793104110651 -0.11826924572597766 141.71632957609583 -0.45096128174847583 0.8901317243891671 -0.06586251815135795 -62.14403930716774 0.07618201939546108 0.11190600477370889 0.990861305137172 324.3928263022645
0.889339069224209 0.4419485396680578 -0.1176177164266524 141.66297621550348 -0.45112367242720364 0.8899701117146928 -0.06691973683979957 -62.17990976622894 0.07510537967767589 0.11257260915245354 0.9908678388683455 324.8312582360381
0.8898894679398848 0.44192208273015593 -0.11348216400205412 141.61943423503268 -0.4507938362968938 0.8899632262328623 -0.06919350279633495 -62.2152574769797 0.07042112940367448 0.11272986140524642 0.9911937732550605 325.2321584182995
0.8911565408544181 0.4407266396794692 -0.10805819013734855 141.58263224497236 -0.44918322867448596 0.890541466037202 -0.07215697044691843 -62.25216875135966 0.06443320094061264 0.11283894774996346 0.9915887449269902 325.618307866936
0.8928438304068742 0.4381088161902053 -0.10472400662027687 141.54787394818848 -0.44640760145142877 0.8916442292443231 -0.07567662219320717 -62.28851445864667 0.06022636842631165 0.11431489452477052 0.991684078638289 325.98130638436015
0.8944235845520976 0.43571823740440935 -0.10115701409217868 141.51693037177156 -0.4437760172492296 0.892711078041129 -0.0785242950547547 -62.322129656830775 0.056093839672739704 0.11512290639464082 0.991832891648202 326.3201306028193
0.8954152321541526 0.4346608481507174 -0.0968429737137484 141.49167439340508 -0.44234584362439344 0.8932157009357922 -0.08082580324732289 -62.35482004751809 0.05137406812255765 0.11520866223370109 0.9920787345358031 326.64998695166616
0.8961951537813854 0.43391736731232367 -0.09288332082704367 141.4701035432996 -0.4412509185977466 0.8935621406259351 -0.08295153974476087 -62.38471860129673 0.047007149314249486 0.11532351875450317 0.9922818829737224 326.9409760185361
0.8968009025003808 0.43308846603814166 -0.09088250309453892 141.4477799486873 -0.440298402203292 0.8938131873523949 -0.08527239954713785 -62.41440150535194 0.044305696413905055 0.11648579658276938 0.9922702943493431 327.22103025500274
0.8982146501460717 0.4305579700880203 -0.08892563815451396 141.42790624816197 -0.43771390358876444 0.8947013781163897 -0.08917855068517762 -62.44392834055404 0.041169520986410975 0.11902351258395634 0.9921042877444699 327.48531005831205
0.8989384562842715 0.4295219367094333 -0.08659175899575959 141.40724048788715 -0.4364951409125182 0.8950617978882559 -0.09150580891676277 -62.47138699329726 0.03820536422492959 0.12005296584249803 0.9920987064226908 327.74799940133977
0.899422461489523 0.4290083819717729 -0.08407648324846696 141.3873025446731 -0.4357410087419995 0.8952608344084129 -0.09314188890763578 -62.49859508872531 0.03531585028941728 0.12040739059699998 0.9921629646698167 328.00658169582874
0.8998221776704791 0.42864966079173117 -0.08158807267103885 141.36928702811636 -0.4351371619324307 0.8953865481915669 -0.09473744010162098 -62.52509122008732 0.032447720433129636 0.12074682164484325 0.9922196720492383 328.2507424785368
0.9007282155841275 0.4271945101153851 -0.07918788443471453 141.3508929008772 -0.4334521763622126 0.8960205244925182 -0.09645451554425062 -62.553646006423904 0.029753108388553075 0.12120142171424397 0.992248710074605 328.51014722161347
0.9012906402308746 0.42624146813206165 -0.0779129849927201 141.33159046302882 -0.43237662664429977 0.8964382298516389 -0.09739224690611702 -62.58063632118168 0.028335557396436947 0.12146461890376824 0.992257742381408 328.76492153125406
0.9014569981298383 0.425945645820281 -0.07760606395126086 141.3101454201723 -0.43206215818394605 0.8965235329083708 -0.09799639032013134 -62.607183412513756 0.027838429358110452 0.12186874329784733 0.9922222424431265 329.0187209978178
0.9015950485793026 0.4256810934478087 -0.07745640241502474 141.2883108665249 -0.4317964131811178 0.8965921710461031 -0.09854750089757833 -62.63295778003577 0.02750117859892715 0.12229335150392787 0.9921795155219888 329.2667282981367
0.9017899231985534 0.4252704922449045 -0.07744523490109417 141.26589623798156 -0.4314028203879974 0.8967185072769002 -0.09912316901258592 -62.65872955900654 0.027296683923796722 0.12279634972377944 0.9921231462001928 329.51600340746637
0.9017956747369251 0.42527048375688553 -0.07737566965942201 141.24238832366726 -0.4313981056583486 0.8967036163245365 -0.09927558916806391 -62.68368575715599 0.02716805894067563 0.12290415735942141 0.9921132877157176 329.76795159603233
0.9017637831819059 0.42535175423066757 -0.0773028882065796 141.21886710580287 -0.4314730605571371 0.896655967340383 -0.09938360255506966 -62.70870136836994 0.027045168257710427 0.12297254414726504 0.9921082757233703 330.02027464560615
0.9019750299527788 0.42459963720756005 -0.07895512888379953 141.19321553116487 -0.4310082336936354 0.8965644439937491 -0.10218502206097538 -62.736086888222566 0.02740436360676952 0.12619697952918424 0.9916933505788088 330.267962281377
0.9035859453639079 0.420907448616405 -0.08029753738137817 141.16769635022138 -0.4276046966107262 0.8978035031368687 -0.10555401761217945 -62.76764424682361 0.027666668576247357 0.12971091993324763 0.9912328041952183 330.5370603116536
0.9052640997415684 0.41734173005850683 -0.08000998018948445 141.14186707544414 -0.42405094594039017 0.8993770567444578 -0.10649513559288823 -62.80672849744575 0.02751802229241342 0.13033286671642313 0.9911552755106284 330.8744021846433
0.9052017302798759 0.4174473895605615 -0.08016136441575587 141.11238330542 -0.4241627456318861 0.8993789717399933 -0.10603270593267979 -62.83723457407612 0.027836159427122673 0.12998084061332274 0.9911925627900199 331.18691099048453
0.9047243121305487 0.41843605685038704 -0.08039688483429495 141.0768336618918 -0.4251713530268231 0.8989217088413696 -0.10586908755288701 -62.87076155302993 0.027974837219927863 0.1299632313699247 0.9911910177908982 331.53924783322066
0.9041877625340826 0.41951715850771204 -0.08080147604664642 141.03998514696394 -0.4262880613486254 0.8984369967738642 -0.10549557173567566 -62.90508767798987 0.028341973822359225 0.12983057477384244 0.9911982158616357 331.90493579590117
0.9039018788041652 0.4199166858379574 -0.08191988286234304 141.0025933722604 -0.4268096097182675 0.8982743612153441 -0.10477328560400484 -62.940923359575706 0.029594846777653623 0.12966689889367877 0.9911833737092635 332.2709617612387
0.9035840173258277 0.420374798887308 -0.08307150916007401 140.96318230966457 -0.4273870670301784 0.8981044595440607 -0.10387511867024248 -62.97705530534074 0.030945064977353904 0.12936126598311196 0.9911822886886718 332.6515015402189
0.9032134276283552 0.42106717395353277 -0.08358983037061755 140.92034454487455 -0.4281021096074688 0.897907374209402 -0.10261620015275807 -63.0148925175275 0.03185202072613119 0.12846760102601615 0.9912694013627019 333.06992229637933
0.9031828815182157 0.42075703941270903 -0.08545879432534559 140.87659032304444 -0.427978331774413 0.8981546122816132 -0.10095258093191467 -63.05421486841772 0.03428310764420505 0.12775134351024253 0.9912806444061538 333.49892737794886
0.9053857640336268 0.41578513067018785 -0.0864765000109369 140.8323935145635 -0.423192582596923 0.9003322305693798 -0.10172959724490724 -63.09775313216451 0.03556426329037321 0.12869900917969984 0.9911131009156896 333.9468158561121
0.9056874372093593 0.4150570334720037 -0.08681662146561332 140.78814999351675 -0.42250319969942013 0.9006848342531298 -0.10147441078832496 -63.13759285667637 0.036081133159883115 0.12858265158852172 0.9911096162506733 334.3744723493523
0.9049717283428509 0.41650953779930405 -0.08732386380544989 140.73788248184223 -0.4239496607359003 0.9001979496122652 -0.09975183106431526 -63.17818742524389 0.0370654876630935 0.12729157128112722 0.9912401130994567 334.84593671949676
0.9033416673906182 0.4199006451439948 -0.08795576785408357 140.68433907223462 -0.42731167700225814 0.8988723855389652 -0.09732871226495754 -63.21925776353783 0.03819703291486295 0.1255039533062027 0.9914245124887842 335.34657482793517
0.9014700185744194 0.42366134499939906 -0.08911629396916898 140.63204672221184 -0.43119541538661316 0.8970300524093323 -0.09719718673125265 -63.25787023763643 0.03876569546277089 0.12604531106951192 0.9913336758028621 335.81574882869666
0.9006411468906683 0.42515973415675723 -0.09035383722308925 140.58022315781346 -0.43290123020174626 0.8960493107731617 -0.09865166827309094 -63.304906991322284 0.03902314634341474 0.12796240417678698 0.9910780556374656 336.29738108789417
0.9010851987818479 0.4241106190453781 -0.09085501070258083 140.52821000333458 -0.43191727169617916 0.8965371707877998 -0.09853280286815375 -63.353991218861005 0.03967054243874101 0.12802671859756537 0.9910440128446074 336.81363811287787
0.9024511574190054 0.4212699597156099 -0.09051313513661635 140.4722443282488 -0.42902931682879825 0.897972824886732 -0.098080221034524 -63.40776871777618 0.039964264475364254 0.12734401852004004 0.9911201771622772 337.39729736306464
0.9024799118421413 0.42118278429641065 -0.09063339798913714 140.4204310224876 -0.42895607828709176 0.898013228734977 -0.09803352168735881 -63.46315545131135 0.04010420593724782 0.1273493628304714 0.9911139351408277 337.9516914034141
0.9022270923244233 0.4216207849982425 -0.09111190576704654 140.36292238193838 -0.4294463090917374 0.8977971464663891 -0.09786090236710264 -63.51677467031457 0.0405439917865335 0.12741889978864665 0.9910867674853769 338.5209868960777
0.9019001558912638 0.4222139268126738 -0.09160137901332153 140.30360548249445 -0.4300994326048388 0.8974833024982521 -0.09787052002853502 -63.57077804760529 0.04089246401040386 0.127665773914508 0.9910406953362096 339.0937425425549
0.901906329630636 0.42214791882224906 -0.09184704216480627 140.2425741164976 -0.4300518629329287 0.8975416107151716 -0.09754413406801395 -63.628938880108 0.04126252129408697 0.12747321690556165 0.9910500407505969 339.7149418357091
0.9016930347669841 0.42254358190839797 -0.09212150657826321 140.17686330864578 -0.4304827964151993 0.8973296455934341 -0.09759211387260246 -63.69040655148478 0.0414303816376649 0.12765353754174666 0.9910197589830079 340.35711289879333
0.9018640301320295 0.4220740659366193 -0.09260288445091414 140.11352141062866 -0.43008807342410127 0.8974926645242262 -0.09783957856318348 -63.75342178257764 0.041818969214551506 0.12806361482718592 0.9909506366893346 340.9913923378735
0.9018552358562443 0.4220025057564802 -0.09301475252041826 140.04616841923283 -0.4300603475014424 0.8975314962295128 -0.09760899371524354 -63.81698357507521 0.04229669612601981 0.12802917885520446 0.9909350328095016 341.6575898332579
0.9018894653194973 0.42179728373987646 -0.09361427031570474 139.9780911440122 -0.4299247229715262 0.8976189864725551 -0.09740574806850755 -63.88192485380488 0.04294877748469536 0.12809413569372244 0.9908985943152402 342.3306599435244
0.9018215701028679 0.4218028411560387 -0.09424127503931239 139.90683611130265 -0.43000802873810573 0.8975867075480886 -0.09733481710784758 -63.95003921681848 0.04353790984110391 0.1283011154509079 0.9908459651377084 343.0271327470965
0.901954738783852 0.4214056048470636 -0.09474300199753818 139.83433379667133 -0.4296687113016315 0.8977706878871767 -0.09713573506560565 -64.02131684679381 0.0441282388153302 0.1283180738062547 0.9908177381744372 343.7516677781104
0.9017293899338736 0.4217569375894767 -0.09532422167953411 139.75656077029444 -0.4300694763246873 0.897636642317886 -0.09659916602245978 -64.09167823907852 0.04482938683570541 0.12810026113279854 0.9908144616565996 344.502676042414
0.9016284942319327 0.42190909437069635 -0.09560553381295024 139.67993600792573 -0.4302495083115844 0.8975675787421856 -0.09643653116837485 -64.16542038670889 0.045129093575303265 0.12808232645726084 0.9908029509059545 345.26039701753484
0.9015952115058126 0.42193644346664366 -0.09579670013011407 139.6026763232331 -0.4302990775518755 0.8975473525116275 -0.0963976174628637 -64.2408065220377 0.04531223385458014 0.128131656068549 0.9907882306430333 346.0277644807485
0.9013333963553807 0.4224522077227886 -0.09598621112006366 139.5232565526147 -0.43084213728738735 0.8972746413706896 -0.09650937075858014 -64.31709424466686 0.04535925419371059 0.12834081849300788 0.9907587913301033 346.80440143478035
0.901139087163575 0.422717869981767 -0.0966382047155753 139.44474015775705 -0.43124547388137036 0.896952449124898 -0.09769440927508431 -64.39929235101123 0.04538660530971919 0.12970975200983834 0.9905790340533159 347.5822953598725
0.9008439832544679 0.4232958682905693 -0.09686086430695585 139.36336958565417 -0.4318650581826606 0.8966186142085345 -0.09802305655127992 -64.47985032952164 0.04535865802047531 0.1301328101169185 0.9905250157629781 348.37290201741104
0.9010409607780372 0.42288138999667435 -0.09684055790090486 139.28552696046404 -0.4314659688801615 0.896771834788132 -0.09837634911259523 -64.56422234946537 0.04524642434123855 0.130423037770767 0.990491856653327 349.1809946801868
0.901040421766013 0.42290502690565307 -0.09674403640272355 139.2028012374286 -0.4314830162625012 0.8967495989377948 -0.09850781403082731 -64.65117857138424 0.04509984379698832 0.13050112470279832 0.9904884770816876 350.0278952160781
0.9009345203497601 0.4231446110721511 -0.09668375181011493 139.11843346133895 -0.4317054644849555 0.8966622723448822 -0.09832779858452487 -64.7379564678022 0.045090003933441064 0.13032388223340532 0.9905120294421926 350.8814485399605
0.9008076284298725 0.4234599881464009 -0.09648240130197219 139.03214351088144 -0.4319754885152407 0.896574614192161 -0.09793881209870284 -64.82700855637512 0.0450347710943815 0.12990024748236223 0.9905701816765435 351.7577354986238
0.9005860203598332 0.4239982208738452 -0.096189380031829 138.9441197548578 -0.43243624914677625 0.8964418881920839 -0.09712190489210769 -64.91674849378299 0.04505306593898393 0.1290603385717145 0.9906793180609456 352.6510171968701
0.9005365035919073 0.42416341758195 -0.09592429391787799 138.8562972482071 -0.4325657334437522 0.8963811183617664 -0.09710681280480606 -65.01134460227172 0.04479998409010676 0.12893972517675678 0.9907065384490854 353.5615502297896
0.9004534813211329 0.42450744152400793 -0.0951776158820388 138.7700818758285 -0.43284110660620406 0.8961742562942171 -0.0977807825210057 -65.1114663701651 0.04379116261909273 0.12924199108821546 0.9907118739348191 354.478126699957
0.9006355668636817 0.42425599032442596 -0.09457763063890276 138.68456509482382 -0.4326119374134335 0.8960331030283253 -0.10006595561993167 -65.22117876062582 0.04229570416340284 0.131036192483022 0.9905414368899363 355.41508302644866
0.9007367516022718 0.42433187046326676 -0.093266078416834 138.59995001001622 -0.4325515558231406 0.8959635810890051 -0.10094589601912538 -65.32856307490222 0.04073311006453175 0.13126593273386528 0.990576454390457 356.35047422190087
0.9015273975184489 0.4229657248843637 -0.09182362852537748 138.51644864822777 -0.4310291030868609 0.896623857318262 -0.10159648861335982 -65.4375138394774 0.039364021289974384 0.1311684927711353 0.9906449523387845 357.3094613614935
0.902491355647587 0.42115882510619057 -0.09065184947387883 138.43365766689172 -0.4291068119078034 0.8974607125943581 -0.10234195311748656 -65.54695197085096 0.038258858210631665 0.13125991324807562 0.9906760362635333 358.2669281760121
0.9028467020557412 0.4202882205618145 -0.09115634180115266 138.3501116118097 -0.4283768429495536 0.8976052297492422 -0.10411936158000837 -65.65862730092286 0.038067036888693694 0.13305077367191015 0.990444556589395 359.20527289953975
0.9029352172777398 0.4200317576804034 -0.09146079943772355 138.26599117231015 -0.4282129481746053 0.8975311623295815 -0.10542470236713396 -65.77076178092777 0.037812030404608524 0.1343539516056609 0.9902785798526378 360.1409607186437
0.9028757825106571 0.42019999485790865 -0.09127366638807748 138.17853350697914 -0.42835024346271894 0.8974790184491345 -0.10530906676796371 -65.8787434483098 0.037670113107802015 0.13417588196454916 0.9903079353887347 361.0948505480053
0.9026950042568707 0.4207182740443331 -0.0906750925380967 138.09076299607162 -0.42875444397263524 0.897382005229153 -0.10449269311774997 -65.98603417164222 0.03741300672903673 0.1331998639023918 0.9904495666468267 362.06270589713125
0.9024953677052949 0.4212500404542406 -0.09019035569879301 138.00536729109635 -0.42918303622158444 0.8972867954617296 -0.10354832769209155 -66.08872237442064 0.03731165124021842 0.13215761667174877 0.9905931035040452 363.0023654804441
0.9027776750156145 0.42071289434976367 -0.089872647500268 137.92648069687212 -0.4286114019376788 0.8975471871353503 -0.10366416885954004 -66.18718932705241 0.03705696956843076 0.1321035961593769 0.9906100432753067 363.898645199675
0.902694697993896 0.4209110355830833 -0.08977898330287516 137.8466172393 -0.42880925164607964 0.8974117509737198 -0.10402115320817441 -66.28772626657243 0.03678998045986047 0.1323945982590672 0.9905813027360182 364.78992807379063
0.9026623809504838 0.4209634782917348 -0.08985860235481666 137.76600962273025 -0.4288970334227149 0.8972919826715282 -0.10469190778414944 -66.39231976676507 0.03656296213534929 0.13303839678869894 0.9905035256705246 365.6913256664731
0.9026289468594313 0.4208875893517027 -0.09054546723034787 137.67869889079338 -0.4289555787951413 0.8971307705065963 -0.1058260080945764 -66.50319650019361 0.03669511293132121 0.1343587592178017 0.9903201276777597 366.6393258026019
0.9026062678297524 0.4205836868517925 -0.09216966344688778 137.58743229678936 -0.42890045063014737 0.8970724245609207 -0.10654108871849702 -66.61382663212595 0.03787812545381236 0.1356933195629565 0.9900936890564297 367.59022488166255
0.902109886713181 0.42098545583465935 -0.09514834437556333 137.49061341903675 -0.4296553821952872 0.8968615116249391 -0.10526846248634367 -66.71982818953215 0.04102333356040767 0.13584153362016543 0.9899481445526997 368.54302396742435
0.9016307837619348 0.4210479289635663 -0.09932114444596868 137.3903859477427 -0.43014323594375997 0.8969987278591673 -0.1020578325914122 -66.82128959632107 0.046124636664923044 0.1347375238294391 0.9898744365308434 369.51029203428425
0.9008266126308204 0.4217534234998819 -0.10353771023255853 137.28683318684782 -0.4312312495828845 0.8968899799505372 -0.09835697124689445 -66.91295669219683 0.05138445880145321 0.13324795021410568 0.9898168246541866 370.4443586365918
0.9000023098688593 0.42249260987926984 -0.10761488935984735 137.18199764468181 -0.43233832272834 0.8967018579360375 -0.09515987722619333 -66.99875239096237 0.05629915962536332 0.13216689975731266 0.9896943978787232 371.35231147476514
0.8991779019031386 0.42326818557966905 -0.11139259927756119 137.07399473918142 -0.4333937281176879 0.8965736543431706 -0.0914957908556834 -67.08128535943912 0.0611494633249058 0.13054476035320647 0.9896218781431937 372.26480670768876
0.8983133472918013 0.4243867936934256 -0.11408286929943783 136.96891168732796 -0.434609631481083 0.8963779879364941 -0.08756112279151902 -67.15503524956087 0.06510666121066205 0.12823556832580105 0.9896717483065368 373.13225853103637
0.8977108678555243 0.4252652989379981 -0.11554285135689502 136.86348053121188 -0.4355552607670302 0.8960902875162796 -0.08578211544527009 -67.22731466206675 0.06706136055925502 0.12732995540881417 0.9896578301201633 373.99000822335137
0.8972942727079262 0.42593351923851897 -0.11631536058615728 136.76353405496178 -0.43630860649378295 0.8957424131781521 -0.08558957525678587 -67.29878759134766 0.06773806804161436 0.1275454875173603 0.989584141263348 374.7999900244068
0.896960999465345 0.42650363012873 -0.1167957961991213 136.6643169544172 -0.4368893656631055 0.8955289239840745 -0.08485791968071622 -67.36760175206561 0.06840677998769636 0.12713814151023606 0.989590468849021 375.6082278461159
0.8968076389701504 0.42678706622183926 -0.11693955535171709 136.56682934294324 -0.43714033064934443 0.8954760637725014 -0.08412471612268954 -67.43643315828035 0.06881835155321551 0.1265596222583962 0.9896361954625328 376.41350186685713
0.896449689818605 0.4276261972828084 -0.11662075953696956 136.47121310380248 -0.43786177011536687 0.8952263942600492 -0.08302894176430252 -67.50293310844317 0.0689019980535325 0.12549169079229092 0.9897664785057196 377.2057466048723
0.8964061823078372 0.42776960225656624 -0.11642688385986873 136.38403028274158 -0.4379919316012183 0.8951466773727366 -0.08319782162112413 -67.56930232363841 0.06863479715032829 0.12557029159958555 0.9897750362014401 377.95251701604076
0.8960606213820781 0.4284756184826833 -0.11648710819290531 136.29564912461862 -0.4387375151446726 0.8947358660480202 -0.08368017247506652 -67.63516220675488 0.06837520776639577 0.12608760170507202 0.9897268019167865 378.68136545916553
0.895951691731364 0.4288020939502451 -0.11612804282437914 136.20821471806417 -0.4390385490606663 0.894562059235256 -0.08397269155349005 -67.70254020854752 0.06788149351543657 0.12621722058211302 0.9897446940288384 379.4221428137901
0.8958424246760596 0.4291901539331426 -0.11553922132203116 136.12130912237137 -0.43937189702002444 0.8943706563353081 -0.08427365715613723 -67.77000289940078 0.06717107954829644 0.12625732761573533 0.9897883718455853 380.16181785793316
0.8958257172760696 0.42947095346691677 -0.11462049998725095 136.03572641398088 -0.4395637561572158 0.8942362069091401 -0.08469790666742773 -67.83925446583528 0.06612813989815507 0.12625426850220273 0.9898590196532215 380.9078669519043
0.8956308160548491 0.42995948631253367 -0.11431184366965134 135.95674311333548 -0.4401736936850698 0.8937005814899796 -0.08714882276804771 -67.91010594701267 0.06469582245360432 0.12836700836658632 0.9896821495233157 381.5933056323599
0.8954537958205104 0.4304538628476061 -0.11383373111818162 135.87917954819892 -0.44092253477620197 0.8928312006787156 -0.09212764902748705 -67.98514328496292 0.061982920212019836 0.13268473161715683 0.9892858047572582 382.27199256874627
0.8953928840491971 0.4308396124783885 -0.11284862579790844 135.8039761748731 -0.44135677406303586 0.89230533017779 -0.09509636465258457 -68.05974674586096 0.05972932585468904 0.13495226557179163 0.9891177497909622 382.9337984366222
0.8958083710414976 0.43088340486623566 -0.10933127818551933 135.73560495991325 -0.4410552230997244 0.8922066298462913 -0.09739367357704741 -68.13369214693275 0.055585862028526625 0.13546422030745922 0.9892894006253856 383.57227582240233
0.896506312478665 0.4305761654244804 -0.10472508363103197 135.67309933769653 -0.44024331132914374 0.8923568549679359 -0.09966518087022386 -68.20815630475943 0.05054375418835571 0.13545204276396386 0.9895614855241458 384.20588973881434
0.8972296510516586 0.43011828392254914 -0.10031822380714545 135.61216499209155 -0.4392906358665443 0.8925857118553777 -0.10179072915607408 -68.28621769416695 0.045765804828836555 0.1353954265781839 0.9898014671833135 384.85544966939443
0.8980016861368496 0.4291983303937468 -0.09730391850380152 135.55433620734897 -0.43807753486025136 0.8928859956934824 -0.10435048299936124 -68.36510642278488 0.04209943333085127 0.13633038749782989 0.9898356738065137 385.4816446971512
0.8984789238400975 0.4288067121988271 -0.09458874029888169 135.49361228997222 -0.43739652060454276 0.8929868664052497 -0.10632587642179174 -68.44962819440039 0.03887835700342138 0.1369009139587322 0.989888928900483 386.15147108000684
0.8987030256930206 0.4290328465785736 -0.0913835950952727 135.43875535950744 -0.4372438495255878 0.8928598354316294 -0.10800893506316217 -68.52702283063829 0.03525845668573742 0.13702123349569448 0.9900081127555356 386.76862909671905
0.8990433861707109 0.42895175834721727 -0.08836706693010427 135.38518368637804 -0.4368085607567969 0.892855470492231 -0.1097929299679741 -68.60796803005181 0.03180806919693459 0.13730446046991648 0.9900859803077526 387.3995385560122
0.8997341998926329 0.4276638696375678 -0.08757560227845958 135.3333752493299 -0.4354623778906915 0.8933483304381099 -0.11112403658114219 -68.68703215868962 0.030716702109942998 0.13811430894573662 0.9900076853191745 388.01541743082174
0.9001794550903652 0.4268853330950702 -0.08679350802735061 135.28495886603253 -0.4345989701976206 0.8936951485225091 -0.11171176896606207 -68.75955314864785 0.029883831721452182 0.13827738105280665 0.9900102999472715 388.6121867018136
0.9001553282810042 0.42697292606667 -0.08661618244255549 135.23368109133474 -0.434673857874727 0.8936079313473914 -0.11212118164035914 -68.82801932829143 0.029533386707630345 0.1385724061175394 0.9899798882863515 389.1833565858731
0.8999464462151642 0.42733082307237247 -0.0870216685129124 135.18079454378037 -0.4351051390031211 0.893316060288536 -0.11277173581497335 -68.89446491107526 0.029552250085728014 0.13934802431538237 0.9898703633868113 389.73621597277446
0.8999219458398044 0.4272773607033053 -0.08754017882510481 135.12538748507257 -0.4351301242086728 0.8932832652494892 -0.11294094724467026 -68.96108353699373 0.02994670671091486 0.1397248021109515 0.9898056173444514 390.307879399517
0.9001192320433695 0.4266302485543102 -0.08865815815150575 135.07030165428486 -0.43461371317556546 0.8936581722630682 -0.11195961456581933 -69.02229623765051 0.031470323912312956 0.1393046350994049 0.9898175053619727 390.86902027117
0.9002102002223871 0.42603967698665735 -0.09055121055370721 135.01573330302512 -0.4342530895824086 0.8939771525038909 -0.11080068637448016 -69.07892527610682 0.033750810121826055 0.13906182348479182 0.9897763704279549 391.396006924647
0.9000462776192608 0.4257642530957077 -0.0934300476983533 134.9609008401274 -0.4343795844675941 0.8939281515850651 -0.11069953672229897 -69.13403838882094 0.03639353504454791 0.14021470185386464 0.989519955918364 391.89256486001
0.8992551159556342 0.4267245227842656 -0.09661179859446078 134.90183940990684 -0.4357771215468269 0.8932671903654354 -0.11054000959320313 -69.18876711775292 0.03913539658859634 0.14150096306878668 0.9892319311131161 392.3956374907203
0.898361389422955 0.42784157536126444 -0.09992941446463888 134.84187347505696 -0.4373012073957432 0.8926939670368216 -0.10914426108919445 -69.2393709319832 0.04251514583168191 0.14174634770419126 0.989057113473264 392.888042409946
0.8978127577100836 0.4281244927645671 -0.10358080732095609 134.78392218389246 -0.43806200879506857 0.892435414305946 -0.10820279418862326 -69.28908510741705 0.04612033930288898 0.14251658224302333 0.9887847046559313 393.358106644748
0.8979630705203299 0.42675136575363265 -0.10785700969219705 134.72593335478896 -0.4373543960111403 0.8926845504802312 -0.1090072106812166 -69.34002076095983 0.04976863247537032 0.14505224363797556 0.9882390285526007 393.825024758683
0.8982542075935359 0.42506681987286454 -0.11200470173752293 134.6658953082329 -0.43626906315694847 0.8932586730851139 -0.10865297560844117 -69.38999430510356 0.053869629957655575 0.14645815571945933 0.9878165741083732 394.29472466883306
0.8978165888885824 0.42487421125342073 -0.11616835654847786 134.60404365670848 -0.43656646145892564 0.8933784218602153 -0.10645319138114162 -69.43610826067278 0.0585585452926482 0.14628638164037014 0.987575179944551 394.7523029225968
0.8970498924059128 0.4253420318004491 -0.12030488514981985 134.53854747937854 -0.43748450874905337 0.893228382946971 -0.10391156040207392 -69.48014161439062 0.06326721031298246 0.14584107755584774 0.9873504669218699 395.21280127899644
0.8960013980568289 0.42644955651677785 -0.12413810234617806 134.469344364352 -0.43902395344659656 0.8926957570237083 -0.1019786330078967 -69.52379877341437 0.0673343286976698 0.14586831204592318 0.9870776230781161 395.6792742723054
0.8948816789952978 0.4276227237077866 -0.12812179000548063 134.3984470921971 -0.4406555711249664 0.8920940544159305 -0.10019790114799615 -69.56721194699085 0.07145638162802577 0.14611849123801085 0.9867519857084134 396.14619433144645
0.8937926366530268 0.42899890684006153 -0.13108954218438884 134.32807626038098 -0.44240402485475355 0.8913240130788598 -0.09934511760756015 -69.6115851062467 0.07423110938813646 0.1467842912809739 0.986448618172192 396.6064699229807
0.8933930325550957 0.4294140307514561 -0.13244590528326458 134.2611813069015 -0.4430196849451875 0.8910179341671379 -0.09934506102052287 -69.65633298061557 0.07535822980556388 0.14742645971051968 0.9862671507738113 397.0562517031531
0.8934189002618912 0.4291724213706255 -0.13305278970320003 134.19728480807444 -0.4429121178648599 0.8910087741343278 -0.09990256996238585 -69.70262688875833 0.07568239961546504 0.14818156486962936 0.9861287596786305 397.50007965454574
0.8937621194517474 0.428470772051673 -0.13300953854206218 134.1339829891024 -0.4422413335618895 0.8912899272092942 -0.10036506034834526 -69.75043837933664 0.07555323418483537 0.14852074202910012 0.986087497918583 397.9527034663947
0.8939819414288515 0.4281355062387718 -0.13261189115487543 134.0736496511992 -0.4418834123553645 0.891413358590077 -0.10084159351009872 -69.79813509737146 0.07504469090811218 0.14874562694192706 0.9860922728912941 398.3927441564218
0.8939906249153177 0.4282846882394424 -0.13207239421277223 134.01326734937408 -0.44198173319229633 0.8913192070685723 -0.10124463987663347 -69.84620351692008 0.0743638029539375 0.14888129166988362 0.9861235526923142 398.8294140961525
0.8939752244142765 0.42834581456992205 -0.13198180665293208 133.95193029902438 -0.44208273565273254 0.8911886439359118 -0.1019562694608089 -69.89625328789235 0.073954988905339 0.1494887502661733 0.986062620275566 399.26851262839864
0.894105050851179 0.4280330429625427 -0.1321183647600546 133.88913403851703 -0.44188209113459637 0.89114936691653 -0.10316392089528974 -69.94889555841144 0.07358661279936264 0.15061559440245753 0.9859188627186414 399.7217320931328
0.8944317990075747 0.4274851913419051 -0.13168187475514276 133.8290724453095 -0.4413208093925788 0.8913478932392337 -0.10385045532125303 -70.00002186512143 0.07298692076031862 0.15099632360107793 0.9859051571053498 400.16507811588286
0.8963976530190727 0.4238611074607182 -0.13001971513168753 133.76524762844767 -0.4373738787063856 0.8934215542022048 -0.10272326663414491 -70.0554184089061 0.07262936468708558 0.1489432622177093 0.9862438649879284 400.6788064902045
0.8978195596071935 0.4213619042069056 -0.128323871620897 133.70223820101455 -0.43465589277902406 0.8947043799057299 -0.10309679928064337 -70.1091639392039 0.07137805280458612 0.14833400139428896 0.9864272179030149 401.17196900878463
0.8975935030390361 0.42212172196587705 -0.12739910093181972 133.6372447504595 -0.4353761910735008 0.8941867474384028 -0.10453185825707849 -70.16453670555109 0.06979987905976413 0.14928949337287917 0.9863952443147982 401.64516783934505
0.8964921259204646 0.42467136709372455 -0.1266753134061675 133.56847086101652 -0.43804317344147653 0.8924748402147795 -0.10796007660272249 -70.22059781633723 0.06721279342133771 0.15227037697411927 0.9861185871466573 402.13181742032
0.8962702103241118 0.42534814392203907 -0.12597581445835743 133.50339135028662 -0.43864417503740516 0.8921183171484532 -0.1084703765465403 -70.27673618451348 0.06625390171960638 0.15247256120310604 0.9861524603117335 402.6223552874891
0.8976847329170728 0.4225460329426282 -0.12533149067880078 133.43808048951743 -0.43579463137852076 0.8934440594007895 -0.1090431205423605 -70.33608905834474 0.06590716777742045 0.15250042695044372 0.9861713525578971 403.1374623086441
0.9002807761168343 0.41685276674409405 -0.12577416310705652 133.3690638913884 -0.43028823102423847 0.8959424898720145 -0.11040369401118326 -70.39893780214115 0.06667051163139942 0.15350872670885915 0.9859637938714532 403.67785502586827
0.9016277925195311 0.4141380364827197 -0.12509140862562862 133.3020632418703 -0.42748642568203604 0.8972723881922002 -0.11048637735362024 -70.46304116261926 0.06649073759376112 0.1530875319436207 0.9860414568220467 404.23002853643703
0.900075977328785 0.4175541498484392 -0.12490995233936375 133.22592998183367 -0.4306574902636894 0.8961171242539794 -0.10750757756679649 -70.51471332142282 0.06704998157289287 0.1505534355713355 0.986393674958959 404.78213141783596
0.8978531124638213 0.4220687929319331 -0.12573245771290045 133.14406992941178 -0.43514241803123505 0.8941833465782887 -0.10553306656922437 -70.56720438042183 0.06789188626996874 0.14945973238550153 0.9865026063674197 405.34807595499365
0.8964908753108543 0.4245297365703457 -0.12715816864109702 133.06103408373676 -0.4378836729299624 0.8927162081518604 -0.10660688439895026 -70.6259142932317 0.06826445655926049 0.15124759957428466 0.9862038856827816 405.9198346060997
0.8962606474332141 0.4246853980161923 -0.12825802688636825 132.98331175193582 -0.43817893552261045 0.8926190064325463 -0.10620905354636506 -70.68270952252173 0.0693862431259599 0.15138599082185 0.9861045839546856 406.4691012715698
0.8959794929187436 0.4240577032686194 -0.13224006550627218 132.89381008788925 -0.437975916672667 0.8930190476111604 -0.1036566493794661 -70.7428318868144 0.07414252518474558 0.1507872536556243 0.9858503500116426 407.08634620246545
0.8954935981484551 0.4231564241069318 -0.138282477536563 132.79877274731388 -0.4377908931495131 0.8934147627854312 -0.10099726470148686 -70.80341283081918 0.08081225565006514 0.15097594444372656 0.985297202859353 407.70828566749884
0.8937706939999915 0.4241318952689204 -0.1462123062083745 132.6940928557854 -0.439835975017652 0.8926057884340195 -0.09924862790142575 -70.86144522398621 0.08842156947160838 0.15300949447848902 0.9843294371061295 408.319431450135
0.8913732512547606 0.42603910172320963 -0.1550378772454393 132.57923175842885 -0.4429043394262073 0.8913429675992269 -0.09692962224612106 -70.91528443150106 0.09690270009082683 0.15506147839275605 0.9832100615701436 408.92655197922994
0.8882405674685024 0.4284835373701787 -0.16590114839973127 132.4537974272307 -0.44681255749538973 0.8896696297870664 -0.09433197450655248 -70.96778037643746 0.10718410596707155 0.15791021198798588 0.9816884096061594 409.53617001036224
0.885171809959812 0.4297023232790103 -0.17865843161901365 132.32759677883533 -0.4498622223056955 0.8883655506154444 -0.09210007182747502 -71.01772239776008 0.11914454398005166 0.1618901844488831 0.9796588609700015 410.1015155450902
0.8821365163395404 0.42957905569042715 -0.19336250520397869 132.1904986047363 -0.45159843645401215 0.8879564018071969 -0.0874311765476174 -71.06631700157298 0.13414501555002692 0.16444246020952807 0.9772918071575722 410.6770818008458
0.8780616310379513 0.43149014313046785 -0.20716333728522485 132.03456233445453 -0.4548653339969443 0.8869455354893604 -0.08048415033655264 -71.1084537785122 0.1490206884943338 0.1648952201567191 0.9750584383657239 411.2900479465484
0.8725064135144117 0.4365178831477411 -0.21972042055209298 131.8631663463131 -0.46097600673463607 0.88440077270059 -0.07340973896129052 -71.14509331100665 0.1622824116749785 0.16533044375592695 0.9728649344624397 411.93271761311735
0.8678299210242818 0.4407400396917036 -0.229589870622392 131.68612987722958 -0.46600000137939 0.882213624852186 -0.06778975315319113 -71.18001693436369 0.17267561612429635 0.16581345349705884 0.9709911154982892 412.5924356268612
0.8636914715237941 0.4453525056476616 -0.23620000843733888 131.50182008347466 -0.4711494567660662 0.8797617034277413 -0.06395249436109066 -71.2143617455888 0.1793242609438215 0.16651527011221906 0.9696650211123737 413.27722596521653
0.861350259958673 0.4477157097213204 -0.24024669690412553 131.32265117287628 -0.4739107664445639 0.878414173203494 -0.06204043698900442 -71.25134940475202 0.1832654962465472 0.16728865414951624 0.9687940282112105 413.94898940269445
0.8603926183443669 0.44887206316836353 -0.24151702456295945 131.14063871889817 -0.47525428093995337 0.8777102610561152 -0.06172368766861777 -71.28976606101654 0.184281805196876 0.16788302606267544 0.9684984712970615 414.64161928033775
0.8594778702840947 0.45042656133702286 -0.24187796398589861 130.95885991332537 -0.47688396636838476 0.8768325512692217 -0.06161871065739942 -71.3304306773638 0.18433743307204148 0.16830280892665084 0.9684142246647429 415.3442554922297
0.8595020484007757 0.451392720222626 -0.23998210192640743 130.7808577438358 -0.4775821413082953 0.8764334491044413 -0.061875284507559365 -71.37756219547093 0.182404127600142 0.1677885712400582 0.9688691735546078 416.06428093463535
0.8605502428156167 0.4522722552961343 -0.23450655718129773 130.60929286791557 -0.4776596113544605 0.8763366475680122 -0.06263781592013794 -71.43137855595874 0.17718333739654724 0.16591267757311465 0.9701600134670317 416.7957839673266
0.8619572815588676 0.45281377441158654 -0.22820890057084514 130.43898000485612 -0.4775479428687985 0.8762226852132644 -0.06503610511899582 -71.49312870702708 0.17051863339241585 0.16503446910739122 0.9715030054564296 417.55266364457634
0.8635799748087547 0.4533268187383437 -0.2209408681581304 130.2750240397247 -0.47754330345213175 0.8758989573315427 -0.06929416444787807 -71.56171124926261 0.16211522245373558 0.16534562886954268 0.9728877777756556 418.30780200154396
0.8655797685000197 0.4535112769148461 -0.21257753549050207 130.12074646259396 -0.47716863875389953 0.8756545576312631 -0.07474775459464562 -71.63825316103873 0.15225172502023032 0.1661310407642897 0.9743462945827484 419.05868110121173
0.8681431707735394 0.45324668590108025 -0.20244985699039028 129.97101358803738 -0.47616905693807826 0.8755944779652505 -0.08152111506414116 -71.72365699228851 0.1403212190389469 0.16716791105605103 0.9759591194202581 419.8299657035707
0.87134792960251 0.4518547414422971 -0.1914967962177199 129.8301800285733 -0.4737411845501984 0.8763043226060001 -0.08779483030619932 -71.81422228260575 0.12814566004345437 0.16721526500625122 0.9776242089398142 420.61490874058
0.8739350007349994 0.4512814182924947 -0.18075986763850108 129.6951677047868 -0.4720304117168689 0.8766424648633786 -0.09345539376019796 -71.90998119263432 0.11629381673654127 0.16699383804363618 0.9791425529056828 421.4165897557261
0.8765009324292736 0.4503968528899617 -0.17023458312315973 129.5638307961719 -0.4699730552023695 0.877139278035336 -0.09899618283623296 -72.0138409671305 0.10473863757801184 0.16677152486330604 0.9804835994730994 422.2446348481907
0.8787074304151772 0.4496759882838459 -0.160486525600678 129.44111739496128 -0.46810379583323053 0.8775601977417192 -0.10399536311643272 -72.12142602956548 0.09407921880365872 0.1665015963891624 0.9816096711936709 423.07073849659815
0.8810127921300787 0.4480986836104462 -0.15203559508140432 129.3174500766318 -0.4655159654518015 0.8783837501504275 -0.10855398511216606 -72.23706404319525 0.08490969826847852 0.16640789544181495 0.9824609812385678 423.9369019325869
0.8825777518255945 0.4474399255012687 -0.14472429562228278 129.19823489950667 -0.4639493186373171 0.8787183868184238 -0.11248313657894282 -72.3538996983701 0.07684949728432157 0.16641536860494813 0.9831231449107154 424.80150577007777
0.8838029241854128 0.447007822024847 -0.13844712114372015 129.07902481918376 -0.462755539205561 0.8788316090743082 -0.11644870070536126 -72.47658258699681 0.06962529974833231 0.16698076828786065 0.9835655883905182 425.68841406567964
0.8847147361908227 0.44683367543527525 -0.13308056728515827 128.973299285671 -0.46191726110035464 0.8787906628971887 -0.12002927928827116 -72.58936972503962 0.06332383167829043 0.1676596463338211 0.9838759608442695 426.5157323858294
0.885255166642989 0.44703707334375653 -0.12873477289034094 128.86991711573222 -0.46154961979258496 0.8786119169310044 -0.12272375500646827 -72.7040938452608 0.05825295845449324 0.168055216096609 0.984121831924175 427.3367033927891
0.8855903587219581 0.4469491107808313 -0.126719308822048 128.76667145142287 -0.4611763266038229 0.8786738155108765 -0.12367951368630778 -72.81911085385696 0.05607353759497001 0.16796522301581787 0.9842636455136773 428.170979407436
0.8856489471000641 0.44704334687199326 -0.1259747623414894 128.65794833933725 -0.4611645303878363 0.8786280021633265 -0.12404665303243252 -72.93713372094807 0.05523767389814614 0.16795306650575276 0.984313012187405 429.03591204104123
0.885593333839671 0.44723749578539196 -0.12567549232792571 128.5414642631287 -0.46129713730232164 0.8785816496133122 -0.12388082053207447 -73.05740136045704 0.055018952940571304 0.1676777105059654 0.9843719748734931 429.9467185467146
0.8852934899673308 0.4480682283228387 -0.12482748152289407 128.42475933797354 -0.4618547800600066 0.8785990000730147 -0.12165937357657187 -73.17050287988546 0.05516867916813828 0.1653524207938205 0.984756862248658 430.85073822416854
0.884884520951232 0.44923052018387316 -0.12354599654696292 128.30855949940315 -0.4625726169513151 0.8787669941188769 -0.11765663559998685 -73.27880003597599 0.05571972996850023 0.16125808645817433 0.9854053170331474 431.7659742913785
0.8843231657797989 0.4508097409498293 -0.12180078119809942 128.19084656254907 -0.46362316798735803 0.8787675632016171 -0.11344219942972657 -73.38627683775316 0.05590019765230085 0.15678549645481388 0.986116606574687 432.7106993789022
0.8836057249155581 0.45244251377901623 -0.1209484600055426 128.07391822179156 -0.4649445374105297 0.878445893105345 -0.11048572902884439 -73.48959977731886 0.05626501187325394 0.1538562874099024 0.9865568211202684 433.6392130879447
0.8831502678731985 0.45324789925637776 -0.12126111612521048 127.9558692260866 -0.46579366836409886 0.8779970702202042 -0.11048110609170757 -73.59531060658561 0.05639867002907583 0.1540497568903383 0.9865192463688347 434.5627735090996
0.882535898540949 0.45412537579712975 -0.12244399783562085 127.83831406898459 -0.4669623095733995 0.8771277460932954 -0.11243290575529717 -73.70717072295544 0.05634710725285479 0.15639853056941255 0.9861521595606851 435.47652114968224
0.8819581872343781 0.45498789465560574 -0.12340311505502399 127.71828756488132 -0.46804121344818 0.8763958232595396 -0.11364934849467846 -73.8187931313054 0.056447864366397975 0.157987267369637 0.9858934592687618 436.3914746108159
0.881490002187665 0.4557781733973665 -0.12383073929427826 127.59537030933473 -0.4688860549584743 0.8759629123364888 -0.11350458072809863 -73.92889852112786 0.05674511205205586 0.15811135651230293 0.9858564970342546 437.33000131074687
0.8812504175092603 0.4561992084442642 -0.1239874203780342 127.47303285376192 -0.4692962365262531 0.8758187119135116 -0.11292394929204724 -74.04006104526687 0.05708172009298917 0.15769655399739957 0.9859039097504004 438.27978430058
0.8810737231637282 0.4564744412505542 -0.12423129237873931 127.35082841735093 -0.46961073397422504 0.8756462964433138 -0.11295661964299188 -74.15325813477652 0.0572281166798127 0.15785868375635384 0.9858694953013045 439.22305134138327
0.8807009473701778 0.4570835596754152 -0.12463395122537316 127.22948091227421 -0.4703018280680265 0.8752279308606368 -0.11332397853068304 -74.26512962440323 0.05729196971683944 0.15841505520461072 0.9857766584955084 440.1509216922997
0.8807329031932777 0.45692220667806266 -0.12499649029715236 127.11596308584362 -0.470224058391269 0.8752129072589413 -0.11375425837136748 -74.37306151914531 0.05742876895353688 0.15895913204164966 0.9856808671510516 441.0384937120834
0.8804975093308801 0.4570454070774893 -0.1261977179143335 127.0032413954653 -0.4706303742107251 0.8747923756960915 -0.11529756809750207 -74.48075381238982 0.057707726199112214 0.16090742485017018 0.9853482282004046 441.8967180747471
0.8800281090038895 0.457939400117365 -0.12622916066365295 126.88516992137423 -0.4715006816690474 0.8743743975733871 -0.11490822860425885 -74.58641217856953 0.057757477236794266 0.16063571040398744 0.9853893973962287 442.7942427818923
0.8793150260710145 0.4595377330115938 -0.12538615296783565 126.76579645330388 -0.4728116024956565 0.8739809289317587 -0.11248974354130026 -74.69067352995835 0.05789894005571963 0.1581941234658119 0.9857759880851609 443.7117789260581
0.8791921489240115 0.46018506818785065 -0.12386412005710663 126.65183885159993 -0.47307724104810506 0.8741352021654567 -0.11014828202451465 -74.7956131536691 0.057592659973629376 0.15543482067402548 0.9862327547381511 444.62557975406753
0.878877861937475 0.4607498916184134 -0.1239937981454654 126.53807686326431 -0.47372091089141943 0.8736518924459022 -0.11120973182297512 -74.90817774398674 0.057094778199275054 0.15647422083091986 0.9860973075195064 445.52441824813224
0.877838218353874 0.4624971887368548 -0.12484808359221267 126.42382210674705 -0.4757098672794049 0.8723092916777987 -0.11323745196890185 -75.01866497950238 0.05654106992698403 0.15879177908315742 0.9857582836159328 446.40455981217434
0.8777104499859208 0.46278174881211337 -0.12469349825699333 126.31443915608895 -0.47598713209935983 0.8721146723377144 -0.11357420454850876 -75.12598910894785 0.05619399182280428 0.15903363214041513 0.9857394199994566 447.2656577170649
0.8775628579041868 0.4632272754448814 -0.12407703600338474 126.20723789655936 -0.4762964077925557 0.8720257888708062 -0.11295960714408033 -75.22800540096112 0.055879476039337184 0.15822231048541302 0.9858877400006631 448.1169341858538
0.8774305107566613 0.4635884720126037 -0.12366622524482389 126.10047247221708 -0.4765884142951452 0.8718701459701387 -0.11293398604342124 -75.33166704011758 0.05547312529432108 0.15802491513976552 0.9859426242294473 448.9686787987161
0.8772941834346413 0.46398649692272087 -0.12313841612070998 126.0004476998741 -0.4769087256495608 0.8716738993230406 -0.11309550754468509 -75.42999062264171 0.05486879186892363 0.1579392689155178 0.9859900287510082 449.7704272752489
0.8773646510077519 0.46397906738636513 -0.12265958188142566 125.90220190840039 -0.47683169548237436 0.8716995614180921 -0.11321797445655891 -75.52910996486929 0.05439852063851458 0.15781719138228745 0.9860353034586039 450.5714566510909
0.8775447530815362 0.46376830522939977 -0.12217041743014932 125.8063211048495 -0.4765633653305853 0.8718030873827801 -0.11355535701736807 -75.62719120702074 0.05385234003724836 0.15786725987736655 0.9860575400171241 451.35501741282667
0.877439569752972 0.46409692737966746 -0.12167600712774597 125.71237403129695 -0.47683438715712256 0.8715975517433323 -0.11399042258406432 -75.72246669279316 0.05315671764367767 0.1580350541517581 0.9860685161074031 452.1122767290399
0.8774809901453203 0.46408593990268837 -0.12142062966715517 125.62297718186241 -0.47680253195843797 0.8715678532036606 -0.11435385695159712 -75.814422072428 0.052763185588858036 0.15823263711133445 0.9860581369033855 452.83824278199785
0.8775321141545545 0.46397958337957035 -0.12145940701614749 125.53287331410479 -0.47672517065464 0.8715571971912569 -0.11476150250914549 -75.90543089358665 0.05261882103342463 0.15860479493377405 0.9860063262345434 453.5601624851086
0.8775749137056832 0.46382041113073486 -0.12175594636643954 125.44816668127278 -0.4766496544755729 0.8715106749706015 -0.1154243407848239 -75.99151685696027 0.052582430713090184 0.15932386514047883 0.9858922802917086 454.2475068612835
0.8773770456717552 0.46397228228867887 -0.12260061711638205 125.36411223901526 -0.47701993169740614 0.8710994933810291 -0.11698545301026592 -76.07681366882875 0.0525259164109272 0.16111909090507984 0.9856032434141113 454.910936217958
0.8771646842937579 0.46427085831211606 -0.12298781134202234 125.27888266045053 -0.47742426933913845 0.8707633521556501 -0.11783104731326849 -76.16269416076122 0.05239419520101849 0.16207082149700802 0.9854540983705475 455.5774145747078
0.8775223422952648 0.4630917055705038 -0.12486746649164125 125.19671169408345 -0.47674042687248613 0.8706849787533293 -0.12113252640061174 -76.24916494325052 0.052631036729462975 0.16582211578293585 0.9848170878153334 456.21429211330303
0.8778128962652484 0.46195104784776103 -0.1270341704381375 125.115524359745 -0.476211464630212 0.8703527673515026 -0.12552487505464718 -76.33739053297583 0.05258491621625215 0.17067858709739758 0.9839901273129906 456.8335509000341
0.8781158006382003 0.4609054483581535 -0.12872843870904938 125.03555997530565 -0.4756632227996545 0.8701220626543038 -0.12915002968430278 -76.42415664175783 0.05249004602522908 0.17463600584676825 0.9833002957874996 457.4359938429023
0.8772633009405593 0.4620103186525552 -0.13056735306202674 124.95207069514983 -0.477323891429427 0.8685326387732338 -0.13364412989056093 -76.51247586790329 0.05166369154852003 0.1795601948808827 0.9824568012745717 458.03610016834403
0.8772604812872457 0.4617253822860277 -0.1315939880384243 124.87480870404006 -0.4773431187684508 0.868186569294531 -0.13581160314022914 -76.59628656447259 0.05154775086156754 0.18195317287300694 0.9820228204585189 458.5968033993282
0.8775933198654554 0.46113870739080076 -0.13143090155117146 124.79886532578686 -0.4767678859872668 0.8683965631539042 -0.13648690134280808 -76.67837261863771 0.05120209654609633 0.18243764987324806 0.9819508544756265 459.1553986835543
0.8797436091117266 0.4574153623222864 -0.13005778035347745 124.72511101197931 -0.4728355461497811 0.8705317082806522 -0.13656330506269068 -76.76422803334768 0.05076060412658589 0.18163189745999644 0.9821231896803051 459.74843864456665
0.8799113302100896 0.45728004729312305 -0.1293988680209169 124.64966413745312 -0.4725880626050659 0.870645009085879 -0.1366969324497836 -76.84310818048564 0.050159040621607476 0.18142895913231308 0.9821918728663936 460.3079906247231
0.8798615801052834 0.4576774934846559 -0.12832901203429536 124.57578864554827 -0.4728263287714041 0.870388504141553 -0.13750357500703414 -76.92440307040233 0.04877113963117777 0.18165686822368943 0.9822195928719004 460.8543734999967
0.8793499764089346 0.4592110248214654 -0.12634282429607452 124.50697817331354 -0.47404230918625045 0.8695198049588121 -0.13880696962865222 -77.00067429073619 0.046123378218499544 0.18194704832878184 0.9822936682598631 461.37526437358287
0.8800307986454053 0.4591747475920206 -0.12164671720081041 124.44767444827454 -0.4732534146183684 0.8695625238174125 -0.14120747710935724 -77.08223351356857 0.040948136922674586 0.1818318235964345 0.9825441888579686 461.8866853881254
0.8828582320750851 0.4551300193565068 -0.11623943909373759 124.39477110489348 -0.4684324351105551 0.8714676135976446 -0.14547114028624444 -77.17044886050762 0.03509844057640035 0.18287577474038255 0.982576723606442 462.40235753898287
0.8853634614116213 0.45201564612541134 -0.10911740628008887 124.35090754496115 -0.46420135482820113 0.8729182753298498 -0.15025395918275342 -77.25463283016732 0.027341465535206624 0.18367643444392123 0.9826736634022556 462.8771272308722
0.8862203476841513 0.45242846231785755 -0.10007136029409974 124.31851108827198 -0.46305800826834004 0.8726152326911069 -0.15545070363841207 -77.33546741761208 0.017001263934999844 0.18409688571067745 0.9828280538878807 463.32831834872013
0.8866719152216364 0.4535888798244134 -0.09035112492181764 124.29035659368228 -0.46246973728431723 0.8719308690177295 -0.16094671472342545 -77.41864704617838 0.005784304521339935 0.18448646829058862 0.9828852293366797 463.78159058873405
0.8875484240094871 0.45382864675300044 -0.0799499191088177 124.26989920667836 -0.46078282612106736 0.8717015086364339 -0.16691934102107317 -77.50472194109288 -0.006052047101313114 0.1849836163008789 0.9827902084122296 464.21118024168624
0.8896036654523557 0.45177259905349926 -0.06784456795049387 124.2585693183403 -0.4564307664308464 0.8725898712978848 -0.17408513147428356 -77.59396198214587 -0.01943886677722752 0.1858282861166686 0.9824577982315118 464.6294317767246
0.8914409912112934 0.44999645283611606 -0.05414298334702143 124.2568099992287 -0.45192570350025063 0.8733248629705289 -0.1819718158920266 -77.68171932225869 -0.03459428980308263 0.18668089033340107 0.9818789739539611 465.01859857364474
0.8927480672747865 0.44898745251019057 -0.03881387035499526 124.26492843781924 -0.44770626072059233 0.8736948616960039 -0.19042921033464233 -77.76770439473928 -0.05158092905308101 0.187377704493706 0.9810004695778655 465.3815119805307
0.8939756483003408 0.44767819940743137 -0.022081897623045334 124.28288812267938 -0.4427613746807462 0.8742952298649072 -0.1990415855237397 -77.85646415512115 -0.06979291464028664 0.1877103830847536 0.97980984695525 465.7400934977109
0.8954007380725199 0.445352800216357 -0.0037868319810149195 124.30942577139373 -0.4362478153080209 0.8752746508656069 -0.20887630009968866 -77.94673728624122 -0.0897013302115113 0.18867506476463852 0.9780024226357464 466.08291516266223
0.8967558467753 0.4423433819476898 0.01606485682999952 124.34364047929907 -0.4284125169895715 0.8764543256065611 -0.21986064279672282 -78.03758212913205 -0.11132661022845175 0.1902743436288306 0.9754673648467594 466.4111145657228
0.8981105073067428 0.43832434138436577 0.03697490111190766 124.3863807981475 -0.4191013389756933 0.8781459157218499 -0.2307869247836962 -78.13186917838041 -0.13362193821862264 0.19177146758448735 0.9723702573799146 466.73661512853164
0.8988568967956194 0.4345243466122631 0.05781046191319178 124.43527905893038 -0.4097742255481156 0.879717883314364 -0.24130929806984988 -78.22601321451533 -0.15570438139648546 0.1932086033382101 0.9687937562086014 467.04959817430426
0.8985623614293753 0.4319462409596171 0.07812891930224646 124.48742581541259 -0.4015048660619243 0.8806790136400019 -0.25148752089990634 -78.31548526921095 -0.1774279629917706 0.19460335343435028 0.9647707182458407 467.3357046271794
0.8981322640756616 0.4286324998440731 0.09863180721462735 124.54478224543534 -0.3919823709878353 0.8817212193316334 -0.2626115759189393 -78.4035059119594 -0.19952174718473648 0.19719283142773586 0.959915995645463 467.59543061218557
0.895719789862969 0.42823539005828926 0.11998496971259745 124.60759353022307 -0.3849668252162559 0.8816593045990927 -0.2729920870265869 -78.48969258325198 -0.22268292802898787 0.1983289987126807 0.9545735189437756 467.8472491629633
0.892387046486099 0.4284053303569947 0.14216467367713936 124.67709503143391 -0.3781990778570657 0.8815504278996164 -0.2826339843200552 -78.57500405177312 -0.2463995064239491 0.19844728428268074 0.9487040711316481 468.0894571156363
0.8883139798222907 0.42874037728495423 0.16485370191443327 124.75190422317726 -0.3714836587731497 0.8816122389422161 -0.291217585616832 -78.65768337402055 -0.27018617029221054 0.19744724639923594 0.9424159555423299 468.3208923897839
0.8841935002640394 0.42646306758978403 0.19086140153859357 124.85115619202699 -0.3615463470273021 0.8832377098648865 -0.2987032776608939 -78.76014596014258 -0.29595430641150494 0.19510123123133485 0.93513657805888 468.6001061339511
0.8799467076952976 0.4228162802557308 0.21683508111618294 124.95120125926134 -0.35025782920163356 0.8855022213053899 -0.30537489937765666 -78.84739461481084 -0.3211177782144552 0.19276043780929056 0.9272867407550688 468.82805443301044
0.8752939390729241 0.4186962864121572 0.24217943356396643 125.05652963552237 -0.3383687068508514 0.8878023607698087 -0.3120289476649462 -78.93772586066274 -0.3456450141704915 0.1911662573520471 0.9187593425793038 469.05861074548955
0.8699887953959722 0.4144191560551555 0.2673424005924073 125.16845797505822 -0.3261205575133635 0.89006925953373 -0.31854351740014275 -79.03106022522202 -0.3699556414197089 0.18993901226414273 0.9094992057202342 469.29131601420494
0.8637856418876092 0.41019082957354347 0.29276869792875154 125.29180734478828 -0.31334959653638095 0.8921350235923048 -0.32550713816013305 -79.13383287848517 -0.39470086700248397 0.18942537591152406 0.8991451503991041 469.53806279884867
0.856375491126382 0.4067238596342299 0.31826368435442587 125.41524997570401 -0.30058122305650714 0.8936494903589948 -0.3333010851519805 -79.23494521417346 -0.41996910010321087 0.18976238015621918 0.8875521180666999 469.76592686299216
0.8480512548838848 0.40391385479333486 0.3431577839779099 125.54657734524709 -0.2885000926885684 0.8949313368372569 -0.34046066133452096 -79.34001165891519 -0.4446106394874743 0.18972268305049103 0.8754762643637704 469.99745843719217
0.8386889077646074 0.40299833108941696 0.36645312738187036 125.68953979634526 -0.2785675110416681 0.8954620334880664 -0.3472690160053716 -79.45343073593673 -0.4680848366467602 0.18916432387583013 0.8632760116084881 470.2416550032987
0.8286549591573168 0.40255478612519985 0.3890699406358656 125.83742101688675 -0.2692645025245465 0.8958747649832373 -0.3534864473050685 -79.56653970319631 -0.49084686798151594 0.1881512900924982 0.85076470599939 470.4770804699333
0.8200926954015448 0.40059171627866186 0.4087414338446995 125.99483809273232 -0.25950268099984614 0.8968292008900759 -0.35833411417269645 -79.68634496568679 -0.510108599930031 0.1877934221358844 0.8394378954834416 470.7200996799714
0.8148704797903945 0.3978532081201453 0.42165541259068573 126.16276544611854 -0.25124058166774516 0.8978413621134566 -0.3616701349418747 -79.81991674216637 -0.5224621312597468 0.18877279806689273 0.8315819624299432 470.99514579949926
0.8150883028386422 0.3929521352365766 0.42580982719831617 126.31350486657664 -0.24371231896041357 0.8992290062292353 -0.36337001369413163 -79.94814848338068 -0.525678409743324 0.19239911873378804 0.8287189498485659 471.264907850066
0.8159084418710161 0.39060193820970257 0.42640089413015503 126.44406936374028 -0.240928480186367 0.8999537642651982 -0.36343156181601893 -80.06347146590952 -0.5256889825367892 0.19379010519878456 0.8283878254247466 471.53112152845284
0.8173021350356814 0.3902033648661687 0.4240907692852957 126.56693899522524 -0.24251073009520038 0.900438741375218 -0.3611707527313806 -80.1733533252808 -0.5227887382181569 0.19233436255689854 0.8305596515211696 471.79589893947343
0.8208610666720378 0.3905124782566835 0.4168709305692593 126.67668611223118 -0.24603708154390716 0.9003510463627344 -0.3589972466372834 -80.28192062608944 -0.5155141265157478 0.19211655090077354 0.8351444022036354 472.0630086493853
0.8273253649895932 0.39033204710590846 0.40406495521682706 126.76414724548485 -0.25125812779838086 0.9003555683989606 -0.35535189777448783 -80.3790826009516 -0.5024980250606027 0.19246213801322337 0.8429616096993656 472.30774547031575
0.8330501855615776 0.39186550259887504 0.39059356642863285 126.83624716994645 -0.2581156490162838 0.8996733317604454 -0.3521500756239953 -80.46563057892502 -0.48939308927244907 0.19253540022673168 0.8506200646205941 472.53743171488446
0.8401356731399028 0.39168816341398377 0.3752961838702845 126.88973253089071 -0.2637683565280695 0.8995034633853697 -0.3483749147866277 -80.5386672613574 -0.47402571550627304 0.1936858373872347 0.8590200654028602 472.731632688251
0.850108307596105 0.39132709053789844 0.3525236084215156 126.94331800482836 -0.2720591348782019 0.8993524629529731 -0.34233608766927687 -80.61986213852927 -0.45099960076763407 0.19511031151721442 0.8710116052713265 472.96329085784936
0.8612220631622245 0.3897426346419626 0.32632820840514837 126.99832023388899 -0.28059908951167684 0.8997964661866267 -0.3341776718067622 -80.70771248542123 -0.4238636678175998 0.19622879702570598 0.8842869816832019 473.2326906345125
0.8711185234455359 0.3901218288954151 0.29841226224437195 127.03552808638351 -0.2915418067285358 0.8996347605279154 -0.32512271857457903 -80.78728967386894 -0.3952909331507596 0.1962159422021822 0.8974263366975475 473.5062788906797
0.8807358477477356 0.3921976771685471 0.2656633758570354 127.049781850427 -0.3055688029490192 0.8988987408121981 -0.31408967392905773 -80.85674969759921 -0.36198097425733167 0.19544687208016445 0.9115370495358076 473.78662597316674
0.8897603369314621 0.39567307139810326 0.22773097872285797 127.03897852028221 -0.3221564011798843 0.8976008607494875 -0.3009516097789879 -80.91324427645613 -0.32348117050920017 0.19440490777444067 0.9261190005392187 474.0630119115647
0.8965605658991367 0.4011078622947332 0.18810483698734104 127.01153966595689 -0.34046212622233574 0.8954644219021727 -0.2868320119425183 -80.96198352267024 -0.28348298074926337 0.1931149105326072 0.9394006103799069 474.34689419363895
0.9016764384858651 0.4066205260734355 0.14741534345256474 126.97175315116772 -0.3585044895630512 0.8932707875536994 -0.27126598714673716 -81.00293705829787 -0.2419753156771548 0.19174040697268838 0.9512166610711431 474.6301099158193
0.9046373979631283 0.4130319580578126 0.10548704833669692 126.9167057039376 -0.37699370259177667 0.8906215355751461 -0.25438533604830293 -81.03638830789045 -0.19900941249309265 0.19035398391282554 0.9614000790952362 474.91875117477406
0.9062343153202018 0.41814808779711693 0.06311178088538248 126.85050331746592 -0.3934366967482772 0.8883621912422053 -0.236775006435731 -81.06180590902537 -0.1550642455688622 0.18973885784774777 0.9695788826290089 475.18800471116134
0.9060934314322183 0.42264148193948664 0.021433157457259246 126.77503437506836 -0.40820758150229414 0.8862103673014655 -0.21917646988648665 -81.08360014987697 -0.11161854549890286 0.18984160844914727 0.9755148341312405 475.45891448971605
0.9040479036758647 0.4270717074292908 -0.01993311293942252 126.68934403122712 -0.42206165199524814 0.8840036352244074 -0.20110221691130778 -81.10006202030378 -0.06825534647273311 0.1902155615060319 0.9794318324847299 475.72717149203515
0.9000164361144485 0.43163680907711444 -0.061241319935828875 126.59222790364218 -0.4352847744485654 0.8817934097956807 -0.18168183763912354 -81.11211299511935 -0.024409641905378435 0.19017056671118424 0.981512645848916 476.0105453314334
0.8936611270067364 0.4370709704042587 -0.10212422094721818 126.48315333104482 -0.4484353356146958 0.8791889304934939 -0.16116115238267112 -81.11379568263304 0.019356466844331857 0.18981609313429465 0.9816938341222476 476.29268064345035
0.8857314479492572 0.44179992425141157 -0.1427741628609091 126.36486244635788 -0.459850274506715 0.8771934381459727 -0.13824196246679843 -81.10760336471432 0.06417390507180111 0.1880958668296438 0.9801173199990044 476.5752205277113
0.8764140838977968 0.44543439198404583 -0.18324695850748524 126.22357950717641 -0.46902506060672355 0.875792321128778 -0.1142175602268449 -81.10046451488068 0.10961831229205624 0.1860446089519331 0.9764732756281262 476.9153844641874
0.8653297576710836 0.4484696637235761 -0.22399183639316558 126.0788991940445 -0.4765893020448626 0.8745170309156782 -0.09013868737882286 -81.07980662800956 0.15546848853882295 0.18474690020294482 0.9704776216820361 477.1942637111579
0.8513465935654012 0.45251316709783873 -0.26558364984408467 125.91832159570244 -0.48405572697530846 0.8726664258292071 -0.06470404583936504 -81.05382708739663 0.20249439730067137 0.18363764423114767 0.9619786541818912 477.4853113727334
0.8347362443448983 0.45808751522314894 -0.3057191210276769 125.73758077018168 -0.49152547121155454 0.8700440829028305 -0.038322274792617225 -81.01717209545677 0.24844196370654775 0.18225306743921946 0.9514144698366857 477.79612482663913
0.8164416555860763 0.4644343319634045 -0.34324456171485973 125.54729404279225 -0.4981155418467849 0.8670582870357146 -0.011562643914640992 -80.9693847949421 0.29225041296551935 0.18041119537077394 0.9392395349501002 478.0986554765123
0.7979568995676254 0.47035353186072865 -0.3769953392450849 125.36056656138142 -0.5033580958218317 0.8640108920185878 0.012610422627360724 -80.9164071987114 0.3316664969061109 0.17969657390041363 0.9261944469017059 478.3723951464666
0.7821816173560884 0.474379831153773 -0.4040406812059726 125.19356942999812 -0.5062648117821966 0.8618157633637373 0.03182512376209232 -80.86802232624618 0.3633127370244843 0.1796542155800465 0.9142526924640142 478.61330011189983
0.7695196623178168 0.47628110420576775 -0.4255452158539918 125.03153832997864 -0.5066055156289307 0.8608944047820832 0.047484512591321255 -80.82475929389511 0.3889722902265744 0.17903885719029675 0.9037559803461 478.86287281702545
0.7590465285900471 0.4772736247835464 -0.4428893329823863 124.8722856565877 -0.5054922040630061 0.8606822263566417 0.061213434547342606 -80.78271347640913 0.41040914240446347 0.1774090724063896 0.8945498406855131 479.11514806972764
0.7504817052226517 0.4773469399498134 -0.45717657628727554 124.71121923193343 -0.503053557891297 0.8611575227126267 0.07340800030543192 -80.7393723955841 0.4287486254221031 0.17488831849621575 0.8864075742651615 479.37393150744657
0.7408444801634025 0.4799394277849287 -0.4700013653866887 124.5398186996406 -0.5051153765030937 0.8592430511926712 0.08126506033607589 -80.69610010062918 0.44285427122838167 0.17719527193930532 0.8789838674010784 479.6271033927823
0.7307181900429036 0.48302987902325484 -0.48252128288467044 124.3722890330058 -0.5104054879153063 0.8558606830258774 0.08386309889880779 -80.65796419287274 0.4534858988886015 0.1849962781657885 0.8719277436780126 479.8618812152595
0.7241162421115163 0.485186175090685 -0.4902487282725689 124.20684369474601 -0.5153470157725456 0.8529761076674347 0.08302546483695006 -80.62410865638262 0.4584598368834067 0.19252316377934298 0.8676867507915771 480.10334006372045
0.7209368326768962 0.48517279219773746 -0.4949254215966925 124.0456802932099 -0.5151421271470181 0.8528363256635261 0.08568981579446032 -80.59661712148653 0.4636712452651366 0.19317500846412766 0.8647678301272069 480.3650825290803
0.7217254517804362 0.47926711072207623 -0.49950924292393234 123.87561880164272 -0.5098249167885303 0.85611138525735 0.08483216251470314 -80.57131215414334 0.46829913075821666 0.19343135779220744 0.862213233752994 480.6436789660408
0.7214171098894386 0.4768479811165806 -0.5022617398963973 123.69359445796405 -0.5114497159604138 0.855798372266168 0.07792641036181712 -80.5533550199423 0.46700001529535623 0.2006588030069681 0.8612649841444073 480.9356941769631
0.7231774986584377 0.47513656140284943 -0.5013523195703017 123.50731845957819 -0.5160588879464348 0.8541018257548163 0.06509470772664075 -80.539658435591 0.4591411434118092 0.21164679015606153 0.8628592060836737 481.24572123772344
0.7258973223656985 0.4731835879120668 -0.4992656498439376 123.3176294332228 -0.5205268164215214 0.8523438173025091 0.051052505041811885 -80.53309591730523 0.449710193462788 0.22281710916829148 0.8650117461143306 481.5742151258842
0.7328489723989577 0.46871646437705594 -0.49328838174598866 123.14235935109124 -0.5224236473507222 0.8520534677956688 0.033522797259042815 -80.54779570272025 0.43602789117216234 0.23313325330940046 0.8692875494327555 481.9033177383341
0.7438423282475723 0.46446921971669075 -0.4806894786444937 122.99034735893959 -0.5241942701945291 0.8515448926042918 0.011693043395273564 -80.5725809199328 0.414766778284107 0.24327170803563608 0.8768803632067185 482.22038399978817
0.7534139918251279 0.46615182557493506 -0.46385848012629255 122.8406699986592 -0.5296241639035165 0.8482232341724418 -0.007768159842825119 -80.59456833472242 0.3898416502128483 0.2515182242856986 0.8859423150022201 482.5512400066089
0.7632751534624302 0.46574301453142025 -0.44787282482799284 122.71399236607147 -0.5311924836207818 0.8469234113625264 -0.02450538565534549 -80.62249721223388 0.3679082799758201 0.25660605090901245 0.8938279358232561 482.8611644965823
0.775912073964683 0.46391685229180174 -0.42759354452415876 122.5981361017558 -0.5263934599628808 0.8496128267400858 -0.033356842060702316 -80.65352420939311 0.3478220684406323 0.25095952403304306 0.9034216254339869 483.1946686495306
0.7875579816679757 0.4657016043083472 -0.4036952911268547 122.4853706494147 -0.5235719584211752 0.85108926370154 -0.03955318713315893 -80.6761958779162 0.325168884791501 0.2425089853858867 0.914104184876714 483.55036461046944
0.7950905153081932 0.471242613188512 -0.38191001568375904 122.37198590410871 -0.5234056136605447 0.8512027155967177 -0.039300924227659434 -80.68773641004604 0.3065705946052442 0.23113668698566558 0.9234291921491142 483.91716895314096
0.8002794316978258 0.4776435994575335 -0.3626335843528272 122.2384440618229 -0.5248045337699914 0.8504001888275118 -0.03799863258929251 -80.69857404033458 0.2902418694936725 0.22071631910147532 0.9312223646886696 484.3416629571035
0.8069976535113935 0.47822489315927474 -0.34662614754002663 122.09394775106745 -0.5228725280655746 0.8513687510583886 -0.042664137286344966 -80.72795701213352 0.27471141207678745 0.2156662441021239 0.9370982711833726 484.81256630757264
0.8139841823310046 0.47627240039754026 -0.33269882200305184 121.93562668081533 -0.5196130649621138 0.8529527400594153 -0.050183803856961064 -80.77050128466684 0.25988316503287373 0.2137190049385041 0.9417623622108738 485.33308660233837
0.8200221078062548 0.4743086324337081 -0.32045048995115016 121.7875141574035 -0.5170542356215801 0.8539342771441863 -0.05911848986783628 -80.818211332099 0.24561145528236553 0.21416447902712366 0.9454837577572132 485.81969928875606
0.8264030175084414 0.47032938100604277 -0.30974497786210636 121.64380040250333 -0.5129406245852659 0.8556562648963206 -0.06919435066642259 -80.87389183547512 0.2324994078060458 0.2160588587622021 0.9483635054978033 486.31064678046806
0.8316828089862047 0.4678211864737515 -0.29923185526392304 121.4961893027726 -0.5103384250306638 0.8563073787260691 -0.07959688924859024 -80.93447567139621 0.21900566392532014 0.21890447544259295 0.9509193598157145 486.8248882746464
0.8374338653354542 0.4656544104365608 -0.286293165450844 121.34368503974913 -0.5067952141778327 0.8576528504980627 -0.08737325493781598 -81.00316568594089 0.20486260571964615 0.21825702745833023 0.9542146327444153 487.3951410099601
0.8421567161931608 0.46518717835270845 -0.2728874692684848 121.19660012961772 -0.5041420382805116 0.8587495135151246 -0.09184493075154608 -81.0743536028038 0.19162416706323074 0.21491795222219837 0.9577170645624412 487.99602358130335
0.8462949673873412 0.46511355868075765 -0.25990264910129657 121.05022074254389 -0.5015443997967546 0.8600450115494165 -0.09392650169464513 -81.14650529390534 0.179848286552485 0.20983857613585463 0.9611213281790526 488.6246230173274
0.8499888435963989 0.46390950665430447 -0.2498032011708479 120.89662824669387 -0.4982824445650429 0.8618362703243074 -0.09485999989451463 -81.22506103052581 0.1712901996342588 0.20509851100824406 0.9637041369255307 489.2875212037042
0.8537640784791283 0.4608555302349242 -0.24247452493465554 120.73920055211464 -0.49426474869924836 0.8637285882775952 -0.09859621914275542 -81.30939819977762 0.1640007480981591 0.20402038261580027 0.965200019046529 489.9632080593026
0.857703321282406 0.4553768374898874 -0.23889847654798685 120.58056792193855 -0.4886419725884432 0.8664524461907297 -0.10265024688014958 -81.396738282754 0.1602563993915571 0.20477547083378525 0.9656692790372648 490.64232112303307
0.8600992798128316 0.4506742289236166 -0.23920233548541958 120.41863874001484 -0.48466936089769014 0.8681635727182976 -0.1069397520189548 -81.48398385690243 0.1594785186889167 0.20790885240669657 0.9651284604789757 491.31109473442245
0.860509921831164 0.45001552067366235 -0.23896548319760222 120.25540879906528 -0.4847321993897883 0.8675299912642911 -0.11169034469093236 -81.57123281997745 0.1570540106897613 0.21194109234354316 0.9646487575709203 491.9669427856079
0.8596835300702449 0.45296355332823246 -0.23635541522500936 120.07857360726261 -0.4873791582257018 0.8658398784670877 -0.11327425746436025 -81.65663861616666 0.1533435680282985 0.2125707820769398 0.9651069020265028 492.6782766295732
0.8608823552111601 0.4533831015106095 -0.23112873945956444 119.90479496286908 -0.4872075911408337 0.8654526269627795 -0.11691165854585796 -81.75904077824974 0.14703183486731325 0.213250267957363 0.9659386805255944 493.4177552862387
0.8615937413717859 0.4553268038546444 -0.22456325218330803 119.73099372605523 -0.48806340675435567 0.864643274641914 -0.11930525082047942 -81.8633711536919 0.13985100486124333 0.21238908477848337 0.9671936906761025 494.19137135418663
0.8632197179109127 0.4560628997520273 -0.21668825436926645 119.55966008541294 -0.48737976547105927 0.8647288570891712 -0.12146352871003498 -81.98128528836254 0.13198836626087335 0.2104548978208376 0.9687205511319147 495.01232498420666
0.8661903836581407 0.45433728218375496 -0.2082972935292696 119.39507291272699 -0.4843264154124837 0.8659119921443367 -0.12519278261776515 -82.10587605618448 0.12349406832489435 0.20932042005643237 0.970085621902563 495.8409685087499
0.8670579531220612 0.45601412080650966 -0.2008907822983413 119.22858793394293 -0.48498915478161314 0.8648354222865188 -0.12997651166119234 -82.2310786097326 0.11447300585861951 0.21012247778167972 0.971018232918988 496.6725207659069
0.8662875822129944 0.45977229640485273 -0.19557728624450413 119.06168717019115 -0.48865803856123724 0.8612556604168865 -0.13964615171990022 -82.36258628315572 0.10424324625789576 0.21653971454334242 0.9707604313784536 497.50128945767466
0.8671715191584356 0.4604963617168843 -0.18987381885581586 118.90221600655101 -0.48896129250103093 0.8596811781232985 -0.14803550307795732 -82.50716690014806 0.09506793609428092 0.22120886644882154 0.9706496141274701 498.3377952268875
0.8705770531866784 0.45738070958612825 -0.18164147310112216 118.75047697267217 -0.4840436487535703 0.8624421734884099 -0.1481369772647475 -82.65996545863796 0.08890722919675563 0.21688293070222056 0.9722084066331659 499.2302009141865
0.8728116871834188 0.4564271443690312 -0.17311680461835713 118.60488887047883 -0.4811178093833766 0.8643166993579648 -0.146736256677357 -82.80011326318204 0.08266031592459121 0.2113581983702289 0.9739747070542997 500.128242240934
0.8736504716707613 0.4574103764889902 -0.16615059063099114 118.45677419086077 -0.48060728676726316 0.864600504911157 -0.14673762016298522 -82.94639319852428 0.07654144866924588 0.20804617433733852 0.9751870954815747 501.0427352655275
0.874362276026194 0.4571296147201253 -0.1631546733363408 118.31065450646253 -0.4800426457957966 0.8641233508225353 -0.15132647040933894 -83.10156579603992 0.0718168923913333 0.21063115119617706 0.9749918811210705 501.9329481966681
0.8738008170204865 0.458175449497404 -0.16322767843578012 118.16078506231167 -0.48150937440411534 0.8622696153443599 -0.15712812691050868 -83.25977102645722 0.06876092272027415 0.21589020999603986 0.9740613438489344 502.82029369283595
0.8749485863021003 0.4561859417182975 -0.1626506610090234 118.01621808176763 -0.47964774626927736 0.8627059580113253 -0.16039248356908134 -83.42197381163182 0.06715787035942834 0.21834609754627268 0.9736257965578344 503.71179660949934
0.8769420037942636 0.4523763617484661 -0.16255616200662093 117.87082024846535 -0.47605221203379927 0.8642056265540295 -0.1630150942586278 -83.5874927118698 0.06674462038230172 0.2203358538338895 0.9732058991307383 504.61742109148554
0.8783297979989815 0.45002496306723483 -0.16158845051303172 117.72455048903772 -0.47356910641229016 0.8654330999697418 -0.16373843648920472 -83.7488250516028 0.06616430939349915 0.22033554423642507 0.9732457691324176 505.5212297071578
0.8804371159054583 0.4464328055790103 -0.16007583970560244 117.57655413284907 -0.4695825558125773 0.8679075871401145 -0.1621131698121288 -83.91279511199683 0.06656511774544105 0.21789515312420532 0.9737676911513233 506.4581983280634
0.8819253760105158 0.4444004057939675 -0.15751953004901245 117.42355979363214 -0.46665485147834834 0.8704644149089142 -0.15677282006630827 -84.06897393024737 0.06745171828919738 0.21176556917011147 0.9750583523082658 507.425058547627
0.8838833782083139 0.44129902653705066 -0.1552468744979465 117.27303522155775 -0.46290558240918306 0.872989993455238 -0.15381745621205362 -84.23091367673503 0.06765570884288356 0.2078181135394499 0.975893281168985 508.4084081051299
0.8838398605930614 0.4413955575266863 -0.1552236221440623 117.1189619907356 -0.46301997490112823 0.8728694933886407 -0.15416123513560942 -84.39358387661515 0.06745033873261418 0.20812164365814148 0.9758431574399726 509.3776593784067
0.8820825786520503 0.44440058118579545 -0.15663793587981298 116.95438574448794 -0.4665211171939288 0.8703921494774597 -0.1575749150228466 -84.55974092351724 0.06631632752757194 0.21206528103255695 0.975071328513699 510.36012699105333
0.8802149472006893 0.4474752887641497 -0.15838305584496568 116.7864353873887 -0.47009422128267614 0.8680290331140906 -0.15997415957965924 -84.72478602839688 0.06590301964285505 0.21526292286543539 0.9743990490159727 511.3359739700716
0.8792820431837136 0.44897023233743205 -0.15933060079087488 116.6175148899893 -0.4718479122347174 0.8668780194047405 -0.1610470801988077 -84.8953596479665 0.06582111148345016 0.21678190058147867 0.9740672630994008 512.3307662945783
0.8798676261021191 0.4474984749512816 -0.16023629166403036 116.45405394982436 -0.47070463395996687 0.8672031113449761 -0.16263775282897855 -85.07270713211945 0.06618351417177998 0.2185196836172849 0.9736544374725388 513.3285995822248
0.8793336188274137 0.44826541594266994 -0.16102225579901036 116.2854867660994 -0.47170283867430235 0.8664724766022049 -0.16363831369594287 -85.24799230246619 0.06617438718269956 0.21984304261545204 0.9733573208073217 514.3237703703056
0.8797176790114553 0.4476141391482976 -0.16073787406708628 116.12424499622814 -0.4709511000327276 0.867011040128104 -0.16295115360672455 -85.41823866382363 0.06642865101202115 0.21904638131749082 0.9735198411097717 515.3144734722077
0.8793903419716115 0.44810195704847916 -0.1611692394413135 115.9552557196678 -0.47128065554307047 0.8674936640952337 -0.15939153369621584 -85.58466200851463 0.06839600669876618 0.21611916141851592 0.9740376183458439 516.3241235106602
0.8791226455736494 0.4487522872433133 -0.1608198857932171 115.78609648488367 -0.4716485846808997 0.8678039468957047 -0.15659066894446302 -85.75038175137489 0.06929578375191786 0.2135088263055921 0.974549573567321 517.3383698970331
0.8793794930311594 0.448114755988096 -0.16119137335724165 115.61973987345996 -0.47111396573513864 0.8680573023120811 -0.15679444800097983 -85.92062867012815 0.0696675359313258 0.21381736555921743 0.9744553360185964 518.3442232523574
0.8796104979373921 0.4470795451161688 -0.16279836396355113 115.45810792489135 -0.47062974019300235 0.8678447549709459 -0.15940357623355106 -86.09238395988051 0.07002366244408995 0.21682665644578217 0.9737645586803553 519.3130824717753
0.8781940894371865 0.44907653661128744 -0.16493521411142056 115.28842814548652 -0.4733484104438153 0.8656512289755625 -0.16323566409552975 -86.26329728667248 0.06947721166528008 0.22142053571496387 0.9727695799096002 520.276179562806
0.8778743753349164 0.4494022229241199 -0.165746788157189 115.12200572372251 -0.47390022343032706 0.8652205404592463 -0.16391348404057202 -86.43465817657254 0.06975032517673559 0.2224395689367617 0.9725171098121501 521.2360902905614
0.8778486272133214 0.44891591784461254 -0.1671961638472135 114.95181784631077 -0.4736167610313062 0.865713782006405 -0.16212174625158918 -86.60297245623119 0.07197066527120291 0.2215018115498624 0.9725694466867865 522.2145837162781
0.8776601368170965 0.4492230671869674 -0.16736330897934998 114.77813185342097 -0.47367966820821406 0.8663654351444905 -0.15841539513340885 -86.76795673513529 0.07383940741484062 0.21830791594933016 0.9731517212754782 523.210180367137
0.8787335861935544 0.44726491657593814 -0.16697403006168832 114.60597964462781 -0.47138065037969673 0.8682744704527604 -0.15477890810651432 -86.9330181300584 0.07575779784370518 0.2147141618119866 0.9738035860777401 524.218826748153
0.8798734897870777 0.44497955066505646 -0.16707641015892236 114.43193472821814 -0.46895003022661325 0.8700235974849905 -0.1523187879072347 -87.09717273920849 0.07758752393814827 0.21236795272706305 0.9741737729108605 525.236973826494
0.8812542924411261 0.44132489549251896 -0.16947668019861037 114.25934200141702 -0.46608215085322147 0.8710737977945436 -0.1550965841533294 -87.26864356400473 0.0791844921410506 0.21566558773689956 0.9733205557789202 526.2355101454542
0.8831519387432925 0.43655151053822683 -0.17194168984610297 114.08540762125725 -0.46213786330562084 0.8726730713010173 -0.15787944380107757 -87.44513518936223 0.0811321036174173 0.21888858501839484 0.9724401114387465 527.2428354311021
0.8840083262185601 0.43354016721488947 -0.17513044927996532 113.9142317523164 -0.4602357821851829 0.8729057031159758 -0.16209244742778608 -87.61859365789573 0.08260431832793472 0.2238888906617863 0.9711768652202627 528.1947171987745
0.8844063636362567 0.4321540168735374 -0.1765401616467941 113.74122242203177 -0.4592388378675851 0.8733210992999264 -0.1626794458612818 -87.78605409593763 0.08387914062141381 0.22494556359809342 0.9708233020736009 529.1411788908696
0.886202981859556 0.42811251426485025 -0.17737576321375992 113.57062156063566 -0.45550966852853014 0.8751227723541519 -0.16348123398551265 -87.95358341376203 0.08524258121451407 0.2256706160591757 0.9705362357254587 530.0894284380754
0.8855764301890231 0.42944068245711253 -0.17729466103459696 113.39232670439634 -0.4564614555372794 0.8753401731550573 -0.15961711336552586 -88.10724628438369 0.08665223396362547 0.22227807631910154 0.9711940178198342 531.0447257933315
0.8850220609365183 0.43084154321569584 -0.17666360560693914 113.21640800240613 -0.4574618267700392 0.87530941861502 -0.15690015371514457 -88.2592677658901 0.08704125338779181 0.21967401780155696 0.9717518745077486 531.9939396232804
0.884265976093204 0.4324641786799064 -0.17648566539715538 113.03907942712222 -0.4588607787903281 0.8749081426330474 -0.1550424661062389 -88.4106458067854 0.08736351854088861 0.21807816789146933 0.9720822339654492 532.9434388085085
0.8849259299443676 0.4311781759174496 -0.17632574481238458 112.8725859477109 -0.45762108869713697 0.8754236666654546 -0.15579931219335627 -88.56832190185472 0.08718743964371807 0.21855800701468697 0.9719903629451221 533.8678359287507
0.8842211377959229 0.4324359792964511 -0.1767810894953967 112.70469407451249 -0.4590424256088025 0.8745283488838661 -0.15664461646617098 -88.72059830501699 0.08686625972376918 0.2196551991510177 0.9717721261509366 534.7673441027414
0.8839792514676488 0.4324276268231603 -0.17800854068986116 112.54295890676359 -0.45951344635779384 0.8738712961714813 -0.15891598404751903 -88.87495519664421 0.08684207885329538 0.22227237203184882 0.9711794602540627 535.6394762313339
0.8849106910945852 0.43010422291665695 -0.1790070036988035 112.38583520856906 -0.4576357550109538 0.8744652364054545 -0.16105445685392614 -89.02769816047187 0.08727037529362522 0.2244353275767959 0.9706436593516667 536.4956032992424
0.8856968097819736 0.4286459379708898 -0.17861483338451473 112.2280213047291 -0.45611652454422813 0.8752337067769752 -0.16118579732698704 -89.17700912756109 0.0872433951427428 0.22422751052970719 0.9706937655568374 537.3581394593665
0.8855188197645766 0.4294291706640847 -0.17761372811954096 112.06717977746769 -0.4564871711345218 0.8754020572656823 -0.1592153520009563 -89.32292833040827 0.08711665551962136 0.22206336245637154 0.9712026371490723 538.2311717407438
0.8856542017663536 0.42927455729676767 -0.17731349993723183 111.91417549008929 -0.4562811118257502 0.8754795374190698 -0.15937974373713887 -89.46785386777852 0.08682161850940127 0.2220569175044556 0.9712307183732434 539.0695135499159
0.8871508346185111 0.4262554255384697 -0.17711602593895118 111.76889022362784 -0.45338648503121737 0.8767083458565571 -0.1608799532536808 -89.61305005428527 0.08670807858038511 0.22302356085084774 0.9710192777378827 539.8823838765497
0.887214056388352 0.4257580686807086 -0.17799413117888654 111.6323337957911 -0.45349929218374163 0.8758048893777367 -0.16541830635271146 -89.75453654338597 0.08546506957865795 0.22747818218841823 0.97009569059572 540.626152670026
0.8866751292504575 0.4268722039352849 -0.17801247112628327 111.49983592159387 -0.4551086933328099 0.8738443390508998 -0.17126323711382926 -89.8922707256091 0.08245252207021865 0.23286616885819236 0.9690772650575944 541.333942959097
0.8861683838062594 0.4284960379188811 -0.17662832412015034 111.36984608416641 -0.45670156640997595 0.872242620099492 -0.1751437064084376 -90.02898410244208 0.07901913054574956 0.2358693300132066 0.9686365940361007 542.033760012322
0.8865881890155324 0.4282080002542395 -0.17521644583311127 111.25060386139165 -0.45645379456041835 0.8714135843473575 -0.1798532537158253 -90.16579009434645 0.07567651997230361 0.23943011255602453 0.9680300102550989 542.6959915303137
0.8881652494678575 0.42588383918669775 -0.17287910056927214 111.1384474953441 -0.45392097072700255 0.8718593342048466 -0.1840525884619081 -90.30239686998489 0.07234652585116771 0.2419387381289668 0.9676607105751287 543.3418473795634
0.8888696588706606 0.42586450847138774 -0.16926768903509268 111.03505729157354 -0.4531792627764214 0.8717639642338757 -0.18631379889803173 -90.43069292414735 0.06822270474928253 0.24231352096724887 0.9678663587513486 543.9577003180159
0.8884982554705305 0.4281551841279275 -0.16540024771276018 110.93319825502576 -0.4548360567307136 0.869710648471659 -0.19179365934118378 -90.55616619543551 0.061739096078185035 0.24563455709487275 0.9674649802036022 544.5481955193874
0.8889557407601573 0.4294288914693627 -0.15953694784372707 110.84643390001459 -0.4549839389731574 0.8682512389717529 -0.19795637513099953 -90.68049153295878 0.05351637250996125 0.24855747160182678 0.9672082001585354 545.0954382093641
0.8898294415539051 0.4305243922359069 -0.15151348575999335 110.77434768528101 -0.4543077946723097 0.8673575426412776 -0.20335451447685712 -90.79898798599295 0.04387378169113422 0.2497809903924823 0.9673785354892598 545.6023853808022
0.8922342844252709 0.42923659357755856 -0.14063270942069026 110.71860946951821 -0.4505509487392295 0.8679008768338549 -0.2093048200141574 -90.91751260853304 0.03222111579965675 0.25010774011445686 0.9677519199235957 546.0790205831282
0.8948288508265007 0.42743591264780617 -0.12916669760745586 110.67537486112583 -0.4461324107460146 0.8681111634470156 -0.21772938887890336 -91.03575376566515 0.019072901118601902 0.25245234122103444 0.9674916657914289 546.520479696989
0.8969900565101767 0.4267574912671306 -0.11572272492065354 110.64371425129491 -0.44216665777381897 0.8679073098444283 -0.22645651820373502 -91.15063688606799 0.003801917772116031 0.2542943588252768 0.9671898798754317 546.9335531435903
0.8987773064430413 0.4268784356842568 -0.10039414316981984 110.6224607286169 -0.4383419621821756 0.8676262136282573 -0.23481511452341608 -91.26654878481779 -0.013125352906639201 0.25504990599805605 0.96690928884253 547.341023311332
0.9015403278400709 0.4248320209537998 -0.08275815692598856 110.6156461284371 -0.43169805528130756 0.8687244644956786 -0.24292515366018239 -91.38608060762986 -0.03130153750601034 0.25472979972760773 0.9665765833459671 547.743863339438
0.9045960387285672 0.4220132692094512 -0.06096561697402278 110.6218252641696 -0.4230070246379815 0.8701029478432721 -0.2530690270078577 -91.50956677107733 -0.05374509272531497 0.2547106937324763 0.9655937522171105 548.1406112484219
0.9060522658885637 0.4214980299634032 -0.03893130627416075 110.6372143985025 -0.4159793808345714 0.8695227499411876 -0.2663641162599766 -91.6361327491044 -0.07841320774600098 0.25753068203104384 0.9631546403394601 548.5189884751803
0.9062368287751624 0.422626040746737 -0.015152224978170804 110.66325079382096 -0.40975742516623403 0.8685839243992503 -0.2787831889411082 -91.7653830388044 -0.10465285052105909 0.25884820454215174 0.9603039197356484 548.8940283021118
0.9061549783437775 0.42293048166478375 0.01098021769522483 110.70246924920288 -0.4019499189525292 0.8686603186919439 -0.2896970198470975 -91.89341836850004 -0.13205224449516703 0.25809288569144856 0.9571250162323762 549.2593786989657
0.9055618394991145 0.4224509701498095 0.04003019917240827 110.75519811681676 -0.3924198406284077 0.8695441548091332 -0.2999319058812315 -92.0165166614968 -0.16150736359898676 0.2558937911727841 0.9531910096891794 549.6080527732449
0.9038201019731763 0.42216676572540124 0.0706647425693282 110.82148122249642 -0.3823601747402031 0.8704464328645439 -0.31013423436663556 -92.13617389243036 -0.19243055564044118 0.2532818275100451 0.9481339716977186 549.9364223966393
0.9012670801221259 0.42121592815930015 0.10199647436489354 110.90126423503352 -0.37103938086976695 0.8715055706618258 -0.3207289251591659 -92.25985562480481 -0.22397831311751587 0.2512136134994925 0.941734704935624 550.2578430966969
0.8983121225727486 0.41863275870678635 0.1337526432573822 111.0057515064537 -0.3575402772736802 0.8730900854397728 -0.33156823312420525 -92.41141760132918 -0.2555743362880355 0.2500259243293656 0.9339738937297434 550.6235506536397
0.8935876855279349 0.4162641247174634 0.16832217553492185 111.11761952927975 -0.34304327044089594 0.8747592731833997 -0.3423098756022831 -92.5402070287428 -0.28972300842940213 0.24813853429645066 0.9244598274513123 550.9182801126566
0.8872788929913709 0.413444118619969 0.2047145600473111 111.24415847443517 -0.3273836334723973 0.87686824621446 -0.3521094598306235 -92.669398317874 -0.325075000207998 0.24539528261427287 0.9133705992585013 551.2045837668891
0.8782828521280557 0.41376219119703916 0.23984986775768363 111.37754849159522 -0.31598804373169104 0.8784719893970626 -0.35846560675088796 -92.79070616516938 -0.3590102426122334 0.2390409750376694 0.902280182594018 551.4866220469223
0.86898235647533 0.4112180085175881 0.2754567910671786 111.5299247645619 -0.30130766229576833 0.8810189739864 -0.36479861856675816 -92.92216366581853 -0.3926830502685183 0.23400333992228822 0.8894831712284296 551.774766036152
0.8590606244016661 0.40810876310771677 0.3091438904194812 111.69287276781817 -0.2848502320168871 0.8827104759332767 -0.37382061858159993 -93.06716147018909 -0.42543227722305504 0.23307140388200523 0.8745417568657846 552.0679394909029
0.8491804161003492 0.4027399284535178 0.34176191633347736 111.87333807166239 -0.26465856895741796 0.8843551200328738 -0.38461918027186426 -93.22610277650817 -0.4571279338970747 0.2361572586520675 0.8575559698776092 552.3592445397983
0.8386535461110232 0.394820820803986 0.37534673858239714 112.08389703187571 -0.2403625605315941 0.8864905220765108 -0.3955007076179436 -93.40448676341977 -0.4888803443750929 0.24146504011418232 0.8383491957488471 552.673347244737
0.8252988970608085 0.39198612171047537 0.4066157959731606 112.28017075320125 -0.22061747320079506 0.8864799053887414 -0.4068670317588455 -93.56926842834476 -0.5199298479091099 0.24607673698683066 0.8180816460439017 552.9460411725852
0.8080759562538506 0.3966235326309434 0.4356745922324087 112.47826992361288 -0.2074052291809709 0.8836344144980699 -0.41980123301403466 -93.73833444829728 -0.5514661019760855 0.24886628354784787 0.7962971981797963 553.2054233578928
0.7888774663379459 0.40427747738436587 0.4629702091040394 112.69036650451156 -0.19815698614554278 0.8803050792698668 -0.4311109431885878 -93.91813379820277 -0.5818290556757267 0.24834923566840483 0.7745554263330051 553.4672003934742
0.7692349490636847 0.4117624713621388 0.48871120725724915 112.91285189189631 -0.18880729813384195 0.8770446317720739 -0.441819815623089 -94.10342289964566 -0.6105313614557265 0.24758743402444783 0.7523898189107302 553.7227968674371
0.7505055982178884 0.41625780848470806 0.5134004526245394 113.14981655649062 -0.17682968507120903 0.8749084977412945 -0.45091754651469 -94.29610358702878 -0.6368610332143166 0.24762821914412622 0.7302238885799905 553.9781333209197
0.7347559262012618 0.4131050793523182 0.5381334323180845 113.40162851585764 -0.15889030737211854 0.8759551420345002 -0.45554033169076946 -94.48895619143882 -0.6595513640465942 0.2492030557272708 0.7092454245185376 554.2285167778829
0.7200453770441886 0.40621234563186753 0.562704891697037 113.70948555385185 -0.13638617341733822 0.8778262052752854 -0.4592182011383769 -94.71746505890196 -0.6804813990929219 0.2539086435398986 0.6874703250552123 554.5184133955258
0.7034919644337927 0.40160530696210023 0.5864492057808426 114.02485123628746 -0.11638896710760352 0.8790368457429503 -0.4623959482806315 -94.94375253519452 -0.7011950185808549 0.25703117689611515 0.6651320335327587 554.8001081771317
0.6875021068227217 0.3985203929836175 0.6071513766771242 114.38231658019143 -0.09606978135540303 0.8785646541710207 -0.4679272883182853 -95.20292545848457 -0.7198843923801213 0.26336788174439735 0.6422958443600781 555.099105065554
0.6690813835210064 0.40180675179024455 0.625292958373867 114.71747503702565 -0.08316809138007475 0.8764795044650366 -0.4742648043590049 -95.44851990599668 -0.7386033465621712 0.2653133116317368 0.6198496880709105 555.3746307084683
0.6476965202794072 0.40576233686105906 0.6449461556454644 115.07959893039869 -0.07418668672211513 0.8759878380127141 -0.47665639839038415 -95.70612248886289 -0.7583581948924225 0.26087856734618015 0.5974729457793843 555.6662379155675
0.6249526270653248 0.40981097959639273 0.6645287119192738 115.48137888018142 -0.06754839055113598 0.8763603108799023 -0.4769586130142578 -95.98140483910855 -0.7778133617185508 0.2531852341260745 0.5753624574513193 555.978218322061
0.6045594751572041 0.410100198241528 0.6829604700322516 115.89965816533913 -0.05632138128494974 0.8771818260483826 -0.47690656890944044 -96.26049747794698 -0.794644019906846 0.24984947277892086 0.5534036198636871 556.2708694614932
0.5845868488392528 0.4071375120615031 0.7018593572030681 116.31530066266633 -0.03933657729877715 0.878213908244518 -0.4767105240618121 -96.52950368919993 -0.8104538862534981 0.2510660701702192 0.5294058434974382 556.533105834903
0.5631515711568719 0.40704803740821716 0.7192225964397287 116.78095815003029 -0.0256797114739706 0.8784972909305065 -0.47711877933296276 -96.83098581779439 -0.8260299617068341 0.25021721865111984 0.5051786407965884 556.8163522303755
0.5396875068072213 0.41035820459586153 0.7351545929741189 117.28271742708178 -0.01621226649328363 0.8780923065417284 -0.4782780979711124 -97.15296417729795 -0.8417835679979916 0.24619907818865577 0.4805472794846106 557.1077792490437
0.5160032148292705 0.4131588275502659 0.7504327715798952 117.78718962448197 -0.007232807329155143 0.8780900852423021 -0.47850252743317373 -97.46999813860907 -0.8566294905641078 0.24147807585390813 0.4560852535942369 557.3810819590791
0.49390254643143755 0.4138755613369793 0.7647721356299358 118.36410841595746 0.004766893819903938 0.8781832304663673 -0.47836242977284643 -97.8280790334319 -0.8695767988887446 0.23990701099182038 0.4317640919582808 557.6696491384924
0.47107395857823825 0.4124777107584153 0.7797822578122783 119.02966108011363 0.02122968787911303 0.8784060222446971 -0.47750385769942244 -98.2347910580248 -0.8819098193458779 0.24149142193687803 0.4050380255116981 557.9789252658368
0.4479273631071061 0.4121173100566728 0.793491859041297 119.65151700976642 0.03728007271981254 0.8780770634395052 -0.47712506946683386 -98.60860425983496 -0.8933629962428945 0.2432963239235923 0.3779520806352616 558.2352678062798
0.424287327804139 0.4110364277239509 0.8069310507871705 120.28195493560726 0.0530815956319796 0.8782498321711405 -0.4753066956252255 -98.97745469318255 -0.9040401151844906 0.24449740426998123 0.35081338939329954 558.4703299710743
0.40103989298037485 0.40947350608847616 0.819516142266494 120.89543675919441 0.06901017953281212 0.8785190066244764 -0.47275612653003796 -99.32804066482066 -0.9135264590820423 0.246146681033007 0.3240652592869049 558.674554545101
0.37886323143694306 0.4070260559270188 0.8312044846728202 121.56779750168819 0.08565546857889966 0.8788404290462548 -0.4694248063483715 -99.7026293254312 -0.9215492080680981 0.24904232098086346 0.2980987701700186 558.8791595047139
0.3583034548059165 0.40325801507462367 0.8420865402367259 122.27749916521773 0.10134221976237325 0.8798027430397038 -0.46447020478711215 -100.08676782532146 -0.9281564328787478 0.251758053163205 0.2743720151830762 559.0764134937069
0.3390976446146594 0.39900164929197385 0.8520085049536157 123.01513134320784 0.11568551345893098 0.881068761505717 -0.45868296044071627 -100.47116057493439 -0.9336786261930313 0.2541011973551104 0.25261274614666734 559.258465986833
0.3226716936302236 0.39626250115579387 0.8596319276956128 123.72394122227017 0.12953624394711152 0.8811391594074331 -0.45482871313925316 -100.83784216456509 -0.937672311605661 0.25811165915452206 0.2329916938258854 559.4143916118021
0.310055921131063 0.39565193027135254 0.8645419369370414 124.47770917332619 0.14422009700667948 0.8792203204253999 -0.45412152009593 -101.23392616769378 -0.9397827432383978 0.26548524796744327 0.21555021900314186 559.5668554110389
0.2990308116434748 0.3966088808319316 0.8679802267380231 125.21684300485965 0.15537314605897481 0.8771873905316623 -0.45437375609323477 -101.62586080991345 -0.9415757924197298 0.2707302282295388 0.2006875371965421 559.7090256647518
0.28914779310859684 0.39626430322343054 0.8714791850983672 126.01047149506897 0.16352553761832264 0.876501526333244 -0.45283380469857937 -102.04443341782192 -0.9432805027075319 0.27344256219307 0.18864309435124815 559.8592553853427
0.2830414742453027 0.3942836251496971 0.8743773827300368 126.83617737491237 0.17056294231472374 0.8763960408898114 -0.45043563714926055 -102.47353505403379 -0.9438862723659862 0.2766260112475648 0.18081036237357234 560.0053824224475
0.27916694611140536 0.39216247948197597 0.876573933692828 127.7052475394612 0.17684039817782693 0.8762198054495244 -0.4483526569861764 -102.92281968333666 -0.9438847846086357 0.2801765371790861 0.1752656186734751 560.1586546856342
0.27799135412807574 0.3907522105774698 0.877576785625245 128.59975221425307 0.18086169634183516 0.8759188317429628 -0.4473355580236836 -103.38442582710779 -0.9434696673405495 0.2830728590768343 0.17282998074741837 560.3181447636696
0.27769560731183146 0.3899299174153685 0.8780360087551619 129.49898428706973 0.18284417326699487 0.8757862835165731 -0.4467885642680353 -103.84776795595316 -0.9431745226310932 0.28461212498662286 0.17190980932770056 560.4816499305938
0.2777481837296687 0.38952426861801714 0.8781992362011769 130.38096386728955 0.1844024734822207 0.8755126110306422 -0.44668358397637453 -104.30276138293493 -0.9428552093211392 0.28600468638158844 0.17134720162024997 560.6420807109699
0.2782481770374665 0.3909089509895259 0.8774253090166683 131.19610286451814 0.18627820613374416 0.8741574562924074 -0.44855545374509026 -104.72840407639266 -0.9423388675005117 0.2882520106855154 0.170419280124884 560.7877925501384
0.27902580195055604 0.3916826226714418 0.8768331548836839 132.03003893152703 0.18823940247798693 0.8730358417701519 -0.4499180473489399 -105.16362840166731 -0.941718605428109 0.2905899957147224 0.16987418627071993 560.9388218514205
0.2800688009308721 0.3904136036618854 0.8770663852727193 132.83198578911515 0.19174049523565137 0.8724328368394523 -0.4496089595643548 -105.57688200759776 -0.9407017956968533 0.294087008112176 0.16948790150792734 561.0857607544596
0.28160163444360586 0.3895507061324051 0.8769593011311639 133.69015516593473 0.19559905759131746 0.8714122095751332 -0.449926233491348 -106.02065884076374 -0.9394490207968397 0.29822866971345785 0.16920001153398492 561.2432818134622
0.2831519157078183 0.3894790368128985 0.8764918480100993 134.51063353863032 0.19885907145588663 0.870152518327011 -0.4509342016397222 -106.44723619150095 -0.9382979766563516 0.3019776230635271 0.1689385482769396 561.3943629658472
0.2847080574438477 0.38792111712684996 0.8766783887113969 135.36662784933105 0.199345272826165 0.8705381012144418 -0.4499736033989805 -106.88930126896646 -0.9377231316410045 0.30286885785410633 0.1705236151869842 561.5587395192398
0.2870383986244933 0.3828704316877367 0.8781372748804531 136.27225416987338 0.20105133521990445 0.8721780827778708 -0.44602092867179655 -107.34708066042438 -0.93664768724585 0.3045714090837917 0.1733762759445656 561.7383936089191
0.2889654477496877 0.37887720019483595 0.879236428162845 137.18274157479118 0.201248056828816 0.8738162352086857 -0.4427137794761378 -107.8057918590995 -0.9360127059817452 0.30486882351819466 0.1762584677308058 561.9212729721505
0.29010879139298856 0.3782742232620656 0.8791196699049895 138.10474394520787 0.20143441998009476 0.8738715186253384 -0.4425201287831851 -108.27495012943795 -0.9356190651874541 0.30545918262669597 0.1773243083179638 562.1044731197518
0.2918908820702993 0.3784562581855035 0.8784510279734665 139.0346128224745 0.20248545349435088 0.8731410146399752 -0.4434812450940841 -108.75195469682886 -0.9348374737095981 0.3073169542375471 0.17823401021346086 562.288921652024
0.2943282193831276 0.37925841279029204 0.8772908861510602 139.98917766344468 0.20536276327330838 0.871372616995245 -0.4456297100435096 -109.24308143976675 -0.9334439922690065 0.31131889853490174 0.17858834244955485 562.4762291587781
0.29741817226451656 0.38152124685573824 0.8752653495697321 140.95189719082782 0.20745248044617898 0.8689851401650253 -0.44930827487587244 -109.74390380708093 -0.9320012736244242 0.31520297458909413 0.17930892412557234 562.666634298089
0.3000297646731534 0.3819962697670333 0.87416574034435 141.8783291625536 0.20766625797550933 0.8682123383603843 -0.4507011430499835 -110.22830640582671 -0.9311157508566447 0.3167530222721274 0.18116634343090865 562.8541436956599
0.30376223017732357 0.3797306858706941 0.873863931013293 142.8427784290611 0.207383270049109 0.8688202000640833 -0.44965885471045947 -110.72720104054466 -0.929968354458235 0.31780884056547787 0.1851697787535293 563.0559017176266
0.3058003590745295 0.3772482808353326 0.8742280346637453 143.8267222742462 0.206249209028774 0.8701243748659894 -0.44765419369007536 -111.23450346386797 -0.929552044962958 0.3171963713256576 0.18828175559049193 563.2678406062532
0.3060610247048747 0.37691768814481075 0.8742795473382873 144.82893624540117 0.2052006222677432 0.8706053270160571 -0.44720052309222824 -111.7525375537766 -0.929698394352749 0.3162678752107731 0.1891193638284392 563.4851380707241
0.3054217191363119 0.3786506708089309 0.8737543133519594 145.8413042783686 0.20364141272773678 0.8703577260276283 -0.44839372026715246 -112.28125661539043 -0.9302514461686773 0.31487631489465784 0.18872181831409932 563.7017007386154
0.30462616392058023 0.38065183710430456 0.8731624045864107 146.8608260348507 0.20203044131996076 0.8700108240615291 -0.4497936882758261 -112.81666598968197 -0.9308636237290195 0.31341876753099907 0.18812930229642322 563.9180383282916
0.3040669147526473 0.3814967814276886 0.8729884687810626 147.89687903166322 0.20086582819061946 0.8700632054468714 -0.45021325845302673 -113.35880111165295 -0.931298541320387 0.3122428870145863 0.18793215663594162 564.1399513240978
0.30318577195297913 0.3826521891003576 0.8727893997255152 148.91802588389004 0.20006664547946384 0.8698865888120021 -0.4509101244960393 -113.89502025271072 -0.9317579977917491 0.311319853150915 0.18718549218336955 564.3525664116318
0.3026641306075046 0.3846561170475009 0.8720900222700955 149.91742357428421 0.19980019147200292 0.8690282749093124 -0.4526800436335868 -114.42391396122771 -0.9319850919986801 0.3112479939352596 0.18617326440224485 564.5556012693944
0.30251907894789487 0.3857285155112354 0.8716670597441784 150.89903429915879 0.19991648545903662 0.8684574421388875 -0.4537239322931746 -114.94397913235102 -0.932007778413275 0.311514985357234 0.1856146633770072 564.7552784845681
0.3023705624480347 0.38559098078904086 0.8717795534961181 151.91942200732805 0.19970469506500169 0.8686258696347813 -0.4534954233903352 -115.47777978936887 -0.9321016778403534 0.31121647128174645 0.18564560917359663 564.9686192917571
0.3019816971579017 0.38429890068326256 0.872484533496143 152.95964341428927 0.19926306558680965 0.8695112923458783 -0.45199056760090195 -116.01983924485236 -0.9323222060051432 0.31034136734245865 0.1860028569358119 565.1865200281735
0.3010596348822487 0.3835234487971787 0.8731439327122146 154.03902789879336 0.1980752439582639 0.8704645725540188 -0.4506751899407181 -116.58233484441472 -0.9328735006490019 0.3086228778205825 0.1860985646816331 565.4129076445596
0.3000886588739078 0.38440648308690806 0.873089707146282 155.2017453073575 0.19650270498531366 0.8706924907502843 -0.4509230441524874 -117.19039300614928 -0.9335187601359268 0.3068759832315044 0.1857514481049081 565.6558880887051
0.2987799488625361 0.38552937680935195 0.8730433173702489 156.3452758476823 0.19399662346283847 0.871153227575242 -0.4511179693622251 -117.789078449226 -0.9344622075399875 0.30414716091132105 0.18549532060122637 565.894893409924
0.29840217877469977 0.3848512212242929 0.873471711982706 157.47379914397206 0.1935438454023356 0.8717137185204265 -0.45022879887914713 -118.37810443076793 -0.9346766896912398 0.30339915465440415 0.18563928201559202 566.1277909573549
0.298308668654927 0.3839294245775397 0.8739091751288041 158.63792525412916 0.19339180305426218 0.8722528565018383 -0.4492482907435768 -118.98438133092894 -0.9347378407195646 0.30301620149322506 0.18595546147743724 566.3664630439442
0.2989977493469771 0.38413970119051494 0.8735809130048586 159.83510671347005 0.19523624089809355 0.8714290719419318 -0.45004837193694014 -119.61072800770665 -0.9341338497185131 0.30511263538997885 0.18556102391887072 566.607091758493
0.2995986435162269 0.3870089864318052 0.8721074768781958 160.9917181051875 0.19719727616967422 0.8691984476509933 -0.4534944277860835 -120.2220727798037 -0.9335293663368246 0.3078379225247661 0.18409718156607305 566.8366119494486
0.3009762496007826 0.3881689083886816 0.8711170921573561 162.12992395308373 0.20061296381224689 0.8672200049008199 -0.45577786384389596 -120.82577466749028 -0.9323573219727501 0.31192992122950175 0.18314472192463274 567.0605977165312
0.3017023258154138 0.387638986852036 0.8711018267165356 163.24161420545792 0.20260735401494162 0.8666998345575336 -0.45588487318768456 -121.41477967230134 -0.9316910640978252 0.31402730033348825 0.1829506870307259 567.2812077470523
0.3022784580116001 0.38503249190858546 0.8720577413894142 164.38678132296457 0.20351349800003604 0.8676527956450224 -0.45366359147235574 -122.01708479453352 -0.9313069045809168 0.31460252863795896 0.18391747611507156 567.5124286754981
0.3030148311116628 0.38153274797737996 0.8733393251059988 165.59210966566292 0.20477626932296644 0.8689097702573264 -0.4506796522688069 -122.64511412829106 -0.9307904346753217 0.315396016962264 0.18516761390986824 567.7558744389693
0.3034315352143381 0.37902081310821195 0.8742878809546231 166.78992143737426 0.20510981504907677 0.8700163180248647 -0.4483873222325163 -123.26619889278734 -0.9305813818604596 0.3153740442907289 0.18625324915818806 567.999207668618
0.30373353380249085 0.37858871098975455 0.8743704253216665 167.98366640530125 0.2065278443396587 0.8697042429743508 -0.4483431779896017 -123.88598836877559 -0.9301695545324014 0.3167534407897959 0.1859726822024125 568.2393092446316
0.3049538518869573 0.3801940435699673 0.8732480833303512 169.1102803910768 0.20856997535537267 0.8679644672118999 -0.45076237706165917 -124.4767300571391 -0.9293138681371149 0.319589665914004 0.1853956971228194 568.4654812012731
0.3056784640280477 0.38367150352463636 0.8714718265206118 170.22717568016472 0.20913494517743855 0.8658354525826534 -0.4545786443685589 -125.06861653768925 -0.9289486192695205 0.3212046845907927 0.18443187304895578 568.6929521728847
0.30594777320348393 0.38689274433834764 0.8699521418970901 171.30656050689157 0.20864184760799404 0.8642697793705909 -0.45777375090061195 -125.6475327503195 -0.9289710186664929 0.32155779985351696 0.1837030769364841 568.9134365108027
0.3056856920188993 0.38788381337260774 0.8696029228441449 172.37684785329887 0.20769391089980807 0.8641231912307681 -0.4584812646175516 -126.22178413271826 -0.9292696841193897 0.3207570722276032 0.1835924516086896 569.1351439424514
0.30558530298290676 0.3875594394470293 0.8697831643295006 173.4445336712054 0.20628895554878304 0.8647962231961036 -0.4578466665705414 -126.79081337600486 -0.9296161121060266 0.3193325075417035 0.18432289612241806 569.3600134105352
0.30547260171559676 0.3868322265560062 0.87014685102141 174.53041738641076 0.20486847688111787 0.8656862213310009 -0.4568029619307494 -127.36774581084165 -0.9299678979593397 0.3178013453120019 0.18519607221654122 569.5892282240551
0.3048099818562685 0.38895913987119834 0.8694312910575251 175.59660796228275 0.20322796730240422 0.8652454912261626 -0.4583684218461316 -127.94045267886506 -0.930545273272246 0.31640293001923886 0.18469027644716132 569.8099506942724
0.3041337284171467 0.391026912070651 0.8687398961571259 176.67895763539704 0.201607049228256 0.8648235429487168 -0.4598773567702001 -128.5246864783167 -0.9311189209257177 0.31500325820805286 0.18419067715573154 570.0340166832924
0.3041634971888248 0.3907620765917869 0.8688485907200892 177.76640726658755 0.20119159218143334 0.865098935901217 -0.45954159671363803 -129.10703913795632 -0.9311991623256461 0.31457589080626613 0.18451570245407636 570.2597917016207
0.3041595384181401 0.39023208703882994 0.8690883146040695 178.85747461981978 0.20058592699673738 0.8655841348059966 -0.4588926253022955 -129.69008344873572 -0.931331584276571 0.31389871017458176 0.185002567739048 570.4878915732821
0.3044351892555239 0.38985198911780405 0.8691623916534468 179.94749046655463 0.20131110085833562 0.8654908245964641 -0.45875079169803906 -130.27237699812187 -0.9310848406829084 0.31462709186605475 0.18500639420475173 570.7105484192862
0.3046263714625522 0.3887745597994508 0.8695779106429818 181.02855820249994 0.20089836119924195 0.8661639034582037 -0.4576597574687264 -130.84817209811814 -0.9311114477829173 0.31410711984176504 0.18575425184199876 570.9360259128763
0.30507267916280856 0.38546476349340886 0.870893869217072 182.11482366205934 0.20253168647529005 0.8672680293667528 -0.454839948421458 -131.42056057927766 -0.9306115010193068 0.3151380262615484 0.1865131229769776 571.1593678257326
0.3051052876175519 0.38413575903445035 0.8714694761747019 183.21742967813 0.20260668261657544 0.8679299724084657 -0.4535422952752936 -132.00034839339804 -0.9305847434319163 0.31493887161772427 0.1869836091063954 571.388642448032
0.3051544928349308 0.38417456362501734 0.8714352122026632 184.3103459860268 0.2032233624550698 0.8676920491140777 -0.45372131638460284 -132.577379957471 -0.9304340747948252 0.31554614883154175 0.1867090572222044 571.612441782587
0.3052431085433667 0.3842044357157161 0.8713911303078428 185.5113747072171 0.20332693200671442 0.8676261034174924 -0.4538019624510806 -133.2119874528426 -0.9303830264859745 0.3156922655626486 0.18671946061469175 571.860942391441
0.3051386561381381 0.3846594714885503 0.8712267702204418 186.69528513902205 0.20358983327447874 0.8673177212595939 -0.45427212525927735 -133.8395796862026 -0.930359323567324 0.315983778155527 0.1863415582525617 572.1028625109943
0.30461330629477157 0.385755747673526 0.8709251016181146 187.88199194311707 0.20271286814159659 0.8671353985012394 -0.455010372923868 -134.46791441583466 -0.930722283426701 0.3151448959939503 0.18594645324231002 572.350550943495
0.30468087439067837 0.38583820743891 0.8708647281641011 189.01756830631234 0.2030789889696911 0.866956035596785 -0.4551881900521301 -135.0680379211486 -0.9306200330615394 0.31553601034641443 0.18579281320409174 572.5834100428549
0.30492740196534784 0.3850769016777723 0.8711153783534988 190.15085928478578 0.2032486606500119 0.8672520360028233 -0.45454742815017846 -135.66557940434356 -0.9305021585031822 0.3156513900907526 0.18618623395645098 572.8184414237763
0.30473374900409983 0.38513058427876284 0.8711592036310122 191.24996096261603 0.2032760006596474 0.8672488982940562 -0.4545409319521031 -136.246732057994 -0.9305595221242844 0.31559395007400876 0.18599607836779877 573.0444844154773
0.3045537217318701 0.3851772161086224 0.8712013824313133 192.34652663194922 0.20297258967255993 0.8673591931094145 -0.4544659434537618 -136.82674288734876 -0.9306842529982119 0.3152335442205978 0.18598114318745518 573.2711892394613
0.3042680659485052 0.3853576294108639 0.8712216520977512 193.43338545723245 0.20189609238089953 0.8676797554360836 -0.4543345521600728 -137.40132764839908 -0.9310122770018167 0.31412984643104674 0.18620856004906133 573.4992962538869
0.3039533577771176 0.3855384755346295 0.8712520326878866 194.49680958393844 0.2015832563811426 0.8677467554841884 -0.4543469621559077 -137.9638051360793 -0.931183366118109 0.31372441181038296 0.1860393314061631 573.718529745806
0.30346566443938094 0.38638807359475424 0.871045616241422 195.58096269771497 0.2006590182324151 0.867699976211485 -0.45484543233703434 -138.54018269244028 -0.9315419639249227 0.3128075570211351 0.18578765499141184 573.9435165021958
0.3029017160723077 0.3876401342388393 0.8706859903336035 196.63669412861316 0.1998063243509498 0.8674300871200217 -0.45573489803911876 -139.10362538984472 -0.9319093214121785 0.31200575400934394 0.18529543952500716 574.159702677733
0.3027605130944948 0.3884829715822715 0.8703596452698731 197.70578326246158 0.1999559178240166 0.8669633092991481 -0.4565575035234508 -139.67485502771402 -0.9319237821999586 0.3122555917946576 0.184804368458102 574.3748357597975
0.30238742636846877 0.38876035239998225 0.8703658572473648 198.77539274740798 0.19989841386527565 0.8669031381235077 -0.45669804786480445 -140.2457139005078 -0.9320577197614767 0.3120790723099601 0.18442917178025717 574.5914056026398
0.30199480423118524 0.3866882888489166 0.871424457597551 199.8617373296026 0.200001801675225 0.8680211066905541 -0.45452399738209454 -140.81929303715745 -0.9321626733070234 0.3115447399660902 0.18480053704591695 574.8128277923009
0.30184436920345653 0.38519629476246636 0.8721370739311646 200.95649526965278 0.20000978016856702 0.8688211056099614 -0.45298932066738445 -141.39467895175824 -0.9322097007604578 0.31116263521120974 0.18520679706818757 575.0365729661538
0.30160458104615473 0.3849343980774563 0.8723355143949704 202.1027231107523 0.19952026952977098 0.8691618866238018 -0.4525516016023 -141.9972015340141 -0.9323922582535369 0.31053487973115557 0.18534167110952907 575.2738244438253
0.3014791826796179 0.3859544158051791 0.8719274083518229 203.28178549852777 0.19940886090660387 0.8686902848468135 -0.45350358570125543 -142.62185650177994 -0.9324560271205906 0.3105864336262247 0.1849308871362376 575.5129360541538
0.3018101173416752 0.38788886438608644 0.8709544473265532 204.50031654044733 0.1992200887909777 0.8676869847943387 -0.45550398422473676 -143.27175000194234 -0.9323896540278841 0.3109816791427952 0.18460234248211144 575.7614086971485
0.3025401238904182 0.38755561689087203 0.8708493143316272 205.70188692481824 0.2000270971827115 0.8674639656797549 -0.45557477140316255 -143.90614750844622 -0.9319803793214834 0.3120173931643142 0.1849217636141211 576.0081892238439
0.30357154874855136 0.38512187530830094 0.8715703008476259 206.86403196363983 0.1996575391031493 0.8686776240736821 -0.4534197842641943 -144.51658511011982 -0.9317247370573518 0.31165540443916756 0.1868143225239539 576.2512859001171
0.30440268616600014 0.3824276526008896 0.8724660183612146 208.02211921260707 0.19973766780586458 0.8699037461818042 -0.4510272899112313 -145.12211832200038 -0.9314360468548721 0.3115526046949124 0.18841654513238643 576.4938144854791
0.3049816752860312 0.38221061055286903 0.87235893823672 209.17207644376495 0.19994161611440484 0.8698477434954047 -0.4510453214666914 -145.72563537919893 -0.9312032050250222 0.3119758112964286 0.18886828161861893 576.7334392720118
0.30516327289625705 0.38274080746850947 0.8720629282767179 210.31087246900816 0.199595763949051 0.8696578526492669 -0.4515648633202077 -146.3261767113652 -0.931217993847588 0.31185550282669455 0.18899444503094315 576.9727269898032
0.30552040705909744 0.3843101913948344 0.8712474659554738 211.42532668413955 0.19963584339608054 0.8687679778261057 -0.4532572954526977 -146.91766778427368 -0.9310921057201842 0.31240603565821434 0.18870455418608922 577.203989158769
0.3058779399720682 0.3853063045921365 0.8706820114473636 212.53956454117238 0.1994318983502558 0.8682550117209743 -0.454328675805525 -147.51104902412112 -0.9310183866561417 0.3126052722688446 0.18873804009142897 577.4369991780603
0.30657055046707005 0.38516917313896365 0.8704991315026166 213.63753668891079 0.2003324894787007 0.8679021772362799 -0.4546070341401597 -148.0935878534029 -0.9305971179553544 0.3137530585242163 0.18891163219046986 577.6650210399023
0.3074631246209063 0.3845627670037845 0.8704523601886415 214.7036693896431 0.20115843155998525 0.8677825833888375 -0.4544708532208993 -148.657340292833 -0.9301243362966273 0.31482651316989163 0.1894533075221615 577.8881478957514
0.3080911769826784 0.38374992757318427 0.8705890177943072 215.75109040493345 0.2007463608592528 0.8682353064978737 -0.4537883163501553 -149.2100535720403 -0.9300055880723038 0.3145705500208766 0.19045932135152416 578.1122443658386
0.30945068702371586 0.3807043299558362 0.8714434463557081 216.77938029017292 0.2015309961429381 0.8693125858525546 -0.45137130605456427 -149.74766487602847 -0.9293840039908133 0.31529462381415324 0.19228570015049798 578.332764389907
0.3103879492743483 0.3790244188486424 0.871842245202398 217.84366180517847 0.20132480780212658 0.8700867423644008 -0.449969707775478 -150.303340135046 -0.9291161160615393 0.31518308535828216 0.19375736215136496 578.5645960580412
0.3108047555228892 0.3786887993714374 0.8718397184790316 218.8914713321723 0.20138171730630097 0.8701679444842944 -0.4497878286614838 -150.85066743614001 -0.9289645341091738 0.3153632939245352 0.19419113212187972 578.7920294831836
0.3115063008405983 0.3790081220468741 0.8714504432308573 219.94397736510456 0.20202241824447797 0.8696618694311793 -0.450478698578216 -151.40394574338194 -0.9285903831194708 0.316374066730737 0.19433676459746332 579.01804349348
0.31265500921372147 0.38027087043224905 0.8704885739729699 221.03667530074932 0.20365809971885868 0.8682440538522954 -0.4524727694493414 -151.9813115854667 -0.9278469339833384 0.31874457680902807 0.19401536012654433 579.2507174521015
0.31357373407031247 0.3809653108664196 0.8698542836019788 222.14865926763613 0.20487117364650786 0.867299716245786 -0.45373467908701165 -152.5709416975182 -0.9272697550384518 0.3204818495289187 0.19391331714261856 579.4880930095726
0.3143147695705625 0.38072538326646266 0.8696921201396006 223.32222470210098 0.20538839064859413 0.8671124841937753 -0.45385958444408186 -153.18887896886577 -0.9269048586729747 0.3212741979579621 0.19434910715073966 579.741218092857
0.31545090323258806 0.3800393744538468 0.8695808641325882 224.475451799012 0.20564615201182637 0.867175419940228 -0.4536227961168637 -153.79603042255695 -0.9264619355899397 0.32191660774192304 0.19539689867319335 579.9934913004387
0.3158843701234353 0.3812353595777783 0.8688996760638023 225.5444275424731 0.2051269586494284 0.8666522585797386 -0.45485616990229083 -154.36567186854302 -0.9264295956198577 0.32191156329198656 0.19555955847945639 580.2261113159402
0.31597720240428057 0.3838736128237338 0.8677040076750213 226.61543906888292 0.20484872655003677 0.865346163163689 -0.457461126391621 -154.94128697436454 -0.9264598110568413 0.3222899141534931 0.19479265243550942 580.4554242314716
0.3157355395453689 0.384654039942127 0.8674459656047577 227.7105881285875 0.2041383133023984 0.8652252761041374 -0.458006149823923 -155.5291001129869 -0.9266985627172225 0.32168229615918076 0.19465936736136047 580.6928371103469
0.3152683991984498 0.3836005920207732 0.8680821502325982 228.7611489941486 0.20300229300374087 0.866258999755231 -0.4565551587429229 -156.0877577011274 -0.9271073022829811 0.3201547519405076 0.1952316838730153 580.9246594284459
0.3149363570696672 0.382893825820078 0.8685146019939999 229.82901697943373 0.20264753161354493 0.866812810035046 -0.45566085290420694 -156.65451483359834 -0.9272977819133522 0.3195011825941604 0.19539776822520546 581.157012148082
0.3144324972348102 0.38318793312365057 0.8685673657711817 230.89621466205384 0.2023445786624262 0.8668537565813033 -0.4557173841914705 -157.22264378268258 -0.9275346159958836 0.3190368421162099 0.19503079081136757 581.3882872210178
0.31362559397581136 0.3837820533208868 0.8685971274296 231.96421713642974 0.20169359959425404 0.8669113272551205 -0.45589727305825456 -157.79172613635703 -0.9279499429638588 0.3181661907515856 0.1944785027753595 581.6198134323106
0.31299419275964446 0.3847707138379664 0.8683875285584456 232.99477850889224 0.20154894135167742 0.8665553906445205 -0.4566375685044846 -158.34407112586632 -0.9281947994721131 0.31794212991240717 0.19367581683053264 581.8379133524662
0.31212684786076916 0.3857222290269146 0.86827716718884 234.0436932267631 0.2010820515750265 0.8663704022842232 -0.45719366846616344 -158.90688029877683 -0.9285875918690303 0.31729211730584456 0.19285516127383465 582.0614234720558
0.31176134355078244 0.38610615759236816 0.868237816093429 235.0979269940041 0.20125213414772866 0.8661757397106645 -0.457487750240945 -159.47229687360135 -0.9286736206657336 0.31735654687970005 0.19233483037564764 582.2828355875699
0.31164337295992195 0.3860552251529375 0.8683026913202058 236.1816203915747 0.20137606094693863 0.866181242922798 -0.45742234444065216 -160.05145062641267 -0.9286862385441036 0.3174027458250148 0.19219692312517506 582.5140145385345
0.31158767595870773 0.3858871345205662 0.8683975929588135 237.226042704177 0.20176470301930094 0.8661469933126388 -0.4573160848566831 -160.608628896028 -0.9286210319372531 0.31770068765336146 0.19202169146840678 582.7357080173854
0.31195387610997277 0.3851660822300256 0.8685862567810728 238.29013582264236 0.20215156075095775 0.8663284458076822 -0.456802065203418 -161.1743765524344 -0.9284140869022386 0.31808221306061896 0.1923917529820538 582.9627144022877
0.3125412358501344 0.3847165567065523 0.8685743667659037 239.35575283292653 0.20290000008945544 0.8662018544927027 -0.4567100075076966 -161.7413902550734 -0.928052964045881 0.3189695391452605 0.19266401744334652 583.1895067947203
0.3129162995078278 0.3847479951429107 0.8684254987581345 240.41740087005232 0.2032750778165922 0.8659886964161642 -0.4569481882423778 -162.30529618442137 -0.9278446331783697 0.3195112776207194 0.1927711572654312 583.4175367676077
0.3132995639334961 0.38489947722188467 0.8682202804528408 241.48740308912613 0.20395323406347657 0.8656060325023347 -0.4573720531844478 -162.87564285341043 -0.9275667783879016 0.3203664772056302 0.19269090731451669 583.6467131178047
0.31336010402697245 0.3841691931465071 0.8685218175556234 242.52332725632166 0.20377207674836123 0.8660419454938405 -0.4566269460122133 -163.42576203945754 -0.9275861668733519 0.320064918297292 0.193098392816107 583.8720106560338
0.3135215231289592 0.38281959218920164 0.8690592246536414 243.55613195364333 0.2036362392834134 0.8667679142946881 -0.4553081344604703 -163.97209968846036 -0.9275613488023178 0.3197163472143535 0.19379282081804425 584.0960668865586
0.31352041993423746 0.3833096385418481 0.8688439536157846 244.61059277339314 0.20351639730918725 0.8665529498903902 -0.4557717718652061 -164.53348923391434 -0.9275888063055167 0.319713102954431 0.1936701191946257 584.3210248692506
0.3136265878683013 0.38588146848921145 0.8676662910412349 245.65322896339978 0.2037432143629769 0.8651013556646779 -0.45842055874219606 -165.09426533813513 -0.927503149237236 0.3205494443549135 0.1926957738405982 584.5405276805544
0.31359026261580214 0.38821735158092496 0.8666368670338215 246.67510339435756 0.20348295550092027 0.8639599844849777 -0.46068319722734746 -165.64794138616318 -0.9275723539255853 0.32080723433443875 0.19193148961063622 584.7561876207097
0.31362805950347905 0.38889132080616196 0.866321062182953 247.71379541242442 0.20363209592242393 0.8635429289854026 -0.4613990905160744 -166.2104892953564 -0.9275269820981025 0.32111390827688197 0.19163818360071058 584.9759050584846
0.3135432456768324 0.38891357348507244 0.8663415969589724 248.74743874533291 0.20327759876224757 0.863668877642002 -0.4613184260139966 -166.76812440295964 -0.9276329854037791 0.32074636410272045 0.19173832570454868 585.19999889029
0.31371503930391975 0.38760044131994964 0.8668679601949886 249.76198511017427 0.2027422161224914 0.8645204279040789 -0.45995722158125074 -167.31230920621763 -0.9276923803870194 0.3200414633370685 0.19262826946168587 585.4209613181065
0.3139379413645084 0.3873035863831429 0.8669198517304006 250.79136728951002 0.2021810131815339 0.8648304196501299 -0.459621245093946 -167.8644464340798 -0.9277395974626751 0.3195624463967162 0.19319577212103392 585.6474559335716
0.3142563824040676 0.38794997553615307 0.8665156209797354 251.81964397157125 0.2015624002601598 0.8646424147200673 -0.4602466299097654 -168.420794711388 -0.9277667935256756 0.31928742960598366 0.19352121968180433 585.8723032781952
0.31442809903918734 0.38876006588114276 0.8660899112467189 252.844873291207 0.2006154040972257 0.8645058849084417 -0.46091622402987464 -168.97628677629552 -0.9279137499512815 0.3186711145071272 0.19383182163554802 586.0972410858944
0.31464563607384827 0.38906981415174724 0.8658715817022866 253.86288178988428 0.19984862839183837 0.8645643104081707 -0.46113985039776834 -169.52633641963521 -0.9280053170440334 0.3181341260435894 0.19427438306564446 586.3232813411337
0.31498454541929866 0.38899396054489566 0.8657825243775202 254.89387858337784 0.19925184154950398 0.8647471964208838 -0.4610548811251442 -170.08246128321846 -0.9280187451645205 0.3177290919268666 0.19487239577009022 586.5522536333983
0.3155315836712449 0.3888267365164384 0.8656586974752266 255.9295393479535 0.19941473398051446 0.8646810174928383 -0.4611093526703709 -170.64175647179425 -0.9277982111870391 0.31811510294969797 0.19529428006102473 586.7779737620938
0.3161067065618548 0.3885848765463086 0.8655573381564835 256.9501508780377 0.19983047019933675 0.8645617455292347 -0.4611526316926888 -171.18981681550486 -0.9275125991036635 0.3187334847484985 0.19564077379418293 587.0018815427311
0.31720523104330406 0.38763310691960734 0.8655825646148707 257.95574876104496 0.20115564525673105 0.8644105740470264 -0.4608602049487298 -171.7297643021499 -0.9268513604152313 0.32029993143569013 0.1962190851488794 587.2229151445719
0.3187178910580883 0.38594030561029696 0.8657833254293926 258.9714663190719 0.20207853068480103 0.8647124677338803 -0.45988904168326805 -172.27451942327914 -0.9261312591546182 0.32152672782029273 0.19760689739964038 587.4479068229609
0.3200328900382012 0.3840002060869903 0.8661611450002428 259.9891161865202 0.2021312690844688 0.8654809461028826 -0.45841804253258744 -172.81923639784353 -0.9256664102843288 0.32178286160678654 0.19936177883688364 587.676240851936
0.32068322241075475 0.3838254542519506 0.8659979298259742 261.0448764377652 0.20240115705844755 0.8653597417251591 -0.45852794779491074 -173.38641814581575 -0.92538235780909 0.3223170820380884 0.19981728597892895 587.9121368782269
0.32109214099723915 0.3843888253505078 0.8655965548365488 262.10418140916954 0.2022443039476839 0.8650403594130335 -0.45919930501494943 -173.95897738322753 -0.925275083367295 0.3225031430059939 0.2000147354051647 588.1499936854552
0.32167469484069594 0.38429383139588047 0.8654223621765857 263.1158798764177 0.2030032298282527 0.8647179204007663 -0.4594717802686296 -174.5043951222921 -0.9249064904573907 0.3234798535608457 0.20014242707252622 588.375843465448
0.3223847386609575 0.38410178166012326 0.8652433108099217 264.12432388087996 0.20366874094810064 0.8644546816426308 -0.4596725178244125 -175.04777675333906 -0.9245127955285364 0.324410311469231 0.20045492130944279 588.6014042366695
0.32412271050864055 0.384510248726445 0.8644121528938221 265.1306525603116 0.20730904451366483 0.8626230723186505 -0.4614826157476576 -175.59140087073277 -0.9230949200626627 0.32877325859182344 0.19988065596769972 588.8211141885738
0.32516590641546506 0.38489137377673865 0.8638506909759889 266.15086621922677 0.20920910251230193 0.8615402726969537 -0.46264641560404535 -176.14541005548185 -0.9222987336497936 0.3311582518213572 0.1996181966837079 589.0453760481365
0.32590050236847024 0.3836801593343873 0.8641125849429767 267.1505713696902 0.21006354836086388 0.8617397113079582 -0.46188725236479977 -176.68542421086795 -0.9218448518762198 0.3320436313685166 0.2002416689124381 589.2695099994488
0.32581384112836276 0.38348603391656905 0.8642310060649903 268.1309661253998 0.20956052975009107 0.8620407057952366 -0.4615528606142274 -177.21533278836097 -0.9219894839422803 0.33148457736169795 0.20049929829560253 589.493261576628
0.32546016491011176 0.38358948728987863 0.8643182640661572 269.1405828682471 0.20881081753172612 0.8623224294550894 -0.46136627388367774 -177.7612704649228 -0.9222843817825332 0.33063109611426916 0.20055211878561308 589.7232368400281
0.32475287190821317 0.38496262871794845 0.8639741134859651 270.1609049031384 0.2074758510653003 0.8622013091630395 -0.4621945470460625 -178.31683692812476 -0.9228351740119933 0.32934836883055113 0.20012954924165757 589.9533931066352
0.32382902490914994 0.38665900447767027 0.8635634639097495 271.1789824975792 0.2064972344942428 0.8618175329684756 -0.4633474160847734 -178.87321102351385 -0.9233795716921994 0.3283643322068253 0.19923501899189136 590.180196237851
0.323366898444959 0.3869772848140511 0.8635942412121833 272.2038605539681 0.20623346384115201 0.8618288488315118 -0.46344449160817297 -179.43117575851736 -0.9236009018956327 0.327960169640019 0.19887644515368066 590.4089522650723
0.32282637658045393 0.3849244959117762 0.8647130755924939 273.2161808636164 0.2062373462296019 0.8630281647841394 -0.461205454629613 -179.97324087213397 -0.9237885802566853 0.32722086647729487 0.19921958629700404 590.6364366101831
0.3222381780826029 0.38514639656677374 0.8648335524576184 274.22471350839055 0.20622156161263183 0.8630261546733767 -0.46121537531121154 -180.51660562921577 -0.9239972799350213 0.32696401674185693 0.19867188397676633 590.8607290813777
0.321476210808848 0.3865658654604735 0.8644838376957028 275.22278044740466 0.20594545493669197 0.8625097312696021 -0.46230376031860315 -181.05978379858456 -0.9243244628526365 0.32665174516766016 0.19766209564091386 591.0782289156022
0.32033272460957624 0.3881829380679769 0.8641838393333297 276.2099751786722 0.20544649648946858 0.8620362697900079 -0.46340782544488623 -181.599372429271 -0.9248323382607339 0.3259839543434425 0.1963849141892756 591.2925257040317
0.3194123096925219 0.3886613188146003 0.8643095824102975 277.1959335166773 0.2053622721988879 0.8619835064045451 -0.4635436927927034 -182.1370403503691 -0.9251693550391025 0.32555378027319304 0.19550914133444186 591.5068407358907
0.3185160873392001 0.3875446607021768 0.8651415247211798 278.19006127135043 0.20551881431710062 0.8626950690618973 -0.4621489721976026 -182.6740145957415 -0.9254440375874013 0.3250006136435295 0.1951317261084906 591.7237682563879
0.3180067731348166 0.38493235498834866 0.8664941024053492 279.1940681596616 0.20641413860212485 0.8638664257101428 -0.4595548223335253 -183.2117077614602 -0.92541984031398 0.32499387921775835 0.19525694051255896 591.9424478252744
0.3176013652770983 0.38414457068086605 0.8669920470685551 280.1722973766773 0.20766293278692483 0.8639202952232047 -0.4588905285783032 -183.7350309944953 -0.9252795498487392 0.3257823786909464 0.19460671539245378 592.15295539766
0.31774316359620547 0.3839167217849145 0.8670409133544581 281.1380599874541 0.20951818542743167 0.8633589986197684 -0.4591029310714498 -184.25303769720662 -0.9248126360454306 0.3275330996811258 0.19388599573828247 592.3575126301184
0.31711181637471814 0.38386997443238263 0.8672927645679988 282.0838156317409 0.20975836150841318 0.8634170648281827 -0.4588841574558738 -184.76021187620867 -0.9249751438626279 0.3274348256373653 0.19327684549823748 592.559566015946
0.3163618058084925 0.3833479590767243 0.8677975486269945 283.0718604663257 0.21024766705504694 0.8636603439868851 -0.4582025510715506 -185.28770150631962 -0.9251214396148214 0.3274056710786924 0.19262786037059457 592.7695955638497
0.31612387539728576 0.38299958789094773 0.8680379422184252 284.11102340280956 0.2107282641830556 0.8637183569165106 -0.4578720029246962 -185.8422512881738 -0.9250934423308267 0.3276598342908906 0.1923299124396243 592.990398164559
0.31625903593862303 0.383651153646642 0.8677009130395719 285.1804054775373 0.21176688048150283 0.8629804618191854 -0.45878341114103166 -186.41662193350226 -0.924810182331701 0.3288401691482979 0.1916775162617794 593.2131382846837
0.3169726554746021 0.3857516981313062 0.86650836348079 286.19066517786206 0.21377442636556604 0.8610133679651242 -0.4615397206856274 -186.96394882261217 -0.9241036666145893 0.33152811040208546 0.19045069971811823 593.4211938434901
0.31756922819059696 0.386795344780921 0.8658243724780782 287.17576808291625 0.21618951962878932 0.8594705062164268 -0.4632861796003047 -187.49874539515667 -0.9233361379322865 0.334302674771904 0.18931743034837756 593.6226211539162
0.3175682318397289 0.38689080482317545 0.8657822320467172 288.1630268355235 0.2174109712865685 0.8589769310214099 -0.4636305635794377 -188.03507787124792 -0.923049743062177 0.33546021987447966 0.1886664345195778 593.8256177851326
0.3174179214226144 0.38654484477638673 0.86599178125342 289.1779943653901 0.21729719121228078 0.8592325531555465 -0.4632098461486477 -188.58065143819937 -0.9231280680709553 0.33520394103492934 0.1887377611448298 594.0426845007204
0.3173019063233049 0.38630277876272656 0.8661422571188108 290.2090385380422 0.2170922596476164 0.8594588640782485 -0.46288614637935704 -189.13613872712452 -0.9232162076888379 0.3349029478738409 0.1888414625697635 594.2631857496742
0.3171116559911659 0.38638456741865806 0.8661757285965166 291.2738347340678 0.21669557732579128 0.8595961205439329 -0.46281784221451017 -189.7120401371775 -0.9233751483448209 0.33445703335742694 0.18885663302163633 594.4903735847886
0.31669559433496947 0.3869637222472691 0.8660696573443766 292.3096640766263 0.21582575727127887 0.859681873998418 -0.4630657964283589 -190.2738538170327 -0.9237218101277453 0.33356675710596756 0.18873673077678849 594.7117211852222
0.3162280431856583 0.3876885825167775 0.8659162423178117 293.34509337593846 0.21520746562785967 0.859607151782392 -0.4634919311326843 -190.83715242427385 -0.9240263414536751 0.3329165822878605 0.18839423337401237 594.9308223994551
0.3158623149245289 0.3886797489288001 0.8656053465969549 294.3023176729233 0.21441418494379777 0.8594321993729436 -0.4641837325010294 -191.3602992651665 -0.9243357764015556 0.33221221501044657 0.1881192995347997 595.1330401720717
0.3158391970607034 0.390044341011133 0.864999985228023 295.24881655358865 0.21421787098303585 0.8587742808034197 -0.46549045803959993 -191.87939489900725 -0.9243894789593204 0.33231466181582175 0.18767534191504542 595.3307401863492
0.3156111704245184 0.3904644637543153 0.8648937449240842 296.2144657755986 0.213926849635791 0.8586968558416176 -0.46576707607020085 -192.40800041299335 -0.924534715327223 0.3320212469358668 0.18747890293115874 595.5350149780128
0.3154953371719582 0.38981015982706047 0.8652311375873983 297.18688450634755 0.21349986044296929 0.859224413932134 -0.4649895880300112 -192.93616354342453 -0.9246730738716956 0.3314248221735848 0.18785209737299186 595.7421838892461
0.3152924947770944 0.38930968530308097 0.8655301191595471 298.20995683244433 0.2127830543510816 0.8597885212217838 -0.46427450665390996 -193.4909758077041 -0.9249071699873508 0.33054840111659695 0.18824189817105225 595.9619624380682
0.31516733206613556 0.3882362077312999 0.8660578019182762 299.1947531959309 0.21206324678098976 0.860644156037288 -0.4630168094219206 -194.02338827879538 -0.9251150088223865 0.32958270160889175 0.1889119150906122 596.1735714276377
0.3150807435143722 0.3868133260317242 0.8667258419788145 300.2325037189706 0.21134101098805627 0.8616764894734958 -0.46142388056625855 -194.58227125639732 -0.9253096383863793 0.32855572736565014 0.18974379545818 596.396358421266
0.3148521124884708 0.387232059848531 0.8666219830792327 301.30863393495474 0.21103219225460346 0.8616063279911769 -0.4616962357308133 -195.1655438782334 -0.9254581670574537 0.32824635682178027 0.1895555671233341 596.624066696672
0.31492607000874345 0.3905325677819172 0.8651121102458371 302.3814348435625 0.21141244409357676 0.8596906368486463 -0.4650806318429138 -195.75466480821896 -0.9253457686846802 0.32935677666806434 0.18817139619915343 596.8461455843785
0.3149921827117171 0.3926182814038564 0.8641438178432902 303.3909862656561 0.21102437495090529 0.8586919857119092 -0.4670978214000695 -196.31148890490763 -0.9254123271483315 0.3294829263204414 0.18762471958166346 597.0565143151248
0.3152141478974893 0.39210565814293136 0.8642956018499177 304.41005252302887 0.21196261309628275 0.8585919799778295 -0.466857202783226 -196.8680559997471 -0.9251222128271025 0.33035377703869284 0.18752404491269703 597.2685631952738
0.31527089186037344 0.39123064517840517 0.8646713756168268 305.42660058201216 0.21152403685681728 0.8592096578416065 -0.46591880859607276 -197.41887307630282 -0.9252035060002349 0.32978478654773513 0.18812453654473393 597.4868565962597
0.3153331397760147 0.3906943222615704 0.864891019040158 306.39060023727575 0.2115481052359299 0.8594776792896683 -0.46541272805958084 -197.9413554458289 -0.9251766611756217 0.3297212947403749 0.18836681118903292 597.6922742468129
0.3154319915077163 0.38994765340928544 0.8651918784015256 307.407439100424 0.21118511939492227 0.8599893292496213 -0.46463154238744725 -198.49316115072662 -0.925225848722221 0.32927048375748835 0.1889127220119789 597.9105044157694
0.31534219978725186 0.39027603990490417 0.8650765874812636 308.40454287807154 0.21129309259656387 0.8597917144903382 -0.4649483367234011 -199.03771737609992 -0.925232071764077 0.329397543559134 0.1886615694928489 598.1209604004551
0.3154027408525543 0.39126862168760723 0.8646060460401821 309.38934908193056 0.2114039281670293 0.8592063825103441 -0.46597859513936296 -199.57884126308448 -0.9251861221502794 0.3297472031386588 0.18827599547034987 598.3280114555203
0.31563091428066187 0.39122480800708376 0.8645426070239864 310.3997895604923 0.21153019034572348 0.8591411681722699 -0.46604175324206243 -200.130938347585 -0.9250798641047798 0.3299691392774494 0.1884110068915826 598.5426043128516
0.3158532534016934 0.3908508688925486 0.8646306652832949 311.40781355473877 0.21132144142287376 0.8593744232012318 -0.4657065677248852 -200.680030064744 -0.9250518677849716 0.32980515586212716 0.18883604955035652 598.7588798951423
0.31601863089169546 0.3910365348043097 0.8644860463894614 312.41419468286375 0.21108906440251823 0.8593249836639464 -0.4659017527897151 -201.23107930448748 -0.9250481032222637 0.32971213084070305 0.1890149597058442 598.9742406081905
0.31616340300730345 0.39172183561382395 0.8641227657509704 313.3778155042106 0.21071782664258207 0.8590597465337341 -0.4665584998196663 -201.76125769211177 -0.9250832391511162 0.32958973427490257 0.18905638359266497 599.1800198903662
0.3160120788461719 0.39270539212920447 0.8637314401348981 314.38441150361194 0.20913768123123064 0.8591191233029616 -0.46715949622467257 -202.31628895708667 -0.9254935194580194 0.3282618873832405 0.18935870028307256 599.3992394802898
0.31682691741166097 0.3941922813089506 0.8627551205134404 315.35492026512196 0.20755569863524037 0.8587173749776346 -0.4686019382369892 -202.85510507549245 -0.9255713939480859 0.32753028978994025 0.19024397028970116 599.6105532375589
0.32119673923012554 0.39564001434786233 0.8604738576873664 316.32185291053804 0.20492303970658343 0.8580164087003228 -0.4710384339961914 -203.3943084869995 -0.9246513934912641 0.32762169239277483 0.19451215615223916 599.8260518732184
0.3274128100307662 0.3947902719537345 0.8585192330067328 317.25455486680573 0.20204612683127227 0.8582938964917265 -0.471775633749644 -203.91231208519622 -0.9231032419033267 0.32792080019925707 0.20124627496919886 600.0475620447015
0.3349175987825126 0.39344880584055875 0.8562370358369451 318.24425440485606 0.19738667330017487 0.8592201079447743 -0.4720620313302917 -204.4641075976627 -0.9214173914863635 0.32710658371779505 0.2101017460302774 600.2980258631318
0.34497655838308156 0.39276445937854015 0.8525496064198944 319.2076350081047 0.1922707218011822 0.8594382488394308 -0.47377342237944403 -205.00564513135583 -0.9187843449087445 0.3273558449558969 0.22096413625693367 600.5556005525608
0.3565307378233509 0.3942583073819499 0.8470893068727625 320.1286372420625 0.1843500548452271 0.8591205698320729 -0.4774841460814911 -205.5389388100435 -0.9159926261428636 0.3263934391035544 0.23361609286775184 600.8228437012954
0.3694411204132364 0.39430752721026596 0.8415151561696544 321.03192332200746 0.17687501860548033 0.8591467266938694 -0.4802557242647574 -206.0659409049069 -0.912342928187276 0.3262640275368033 0.24765593148279166 601.1033753699114
0.3830616225886166 0.3941355559303023 0.8354838093116127 321.90516335127586 0.1680828771897856 0.8595927934322395 -0.48260858701647447 -206.58302957355824 -0.9083790395554763 0.3252944075179044 0.2630246708192117 601.3976383048625
0.3979328973892542 0.39332331209580434 0.8288901442418086 322.79028731744506 0.15859231307316696 0.8603694924047878 -0.4844336041093117 -207.11326674895525 -0.9036805648258607 0.32422252727137796 0.2799860990335708 601.7162907777488
0.4138174832942579 0.39313312218988616 0.8211660577090831 323.6397910495921 0.1480507060173617 0.8609095259824024 -0.48680485801782947 -207.63169961108576 -0.8983187241365461 0.3230175065357589 0.2980504252788683 602.0471566207898
0.42951369549989665 0.3924536933629104 0.8133938922077443 324.46000011079803 0.13707714569502233 0.8618938784942359 -0.48827416176903693 -208.13749692924856 -0.8926745468717839 0.3212133542600284 0.31639333465870156 602.3904955893073
0.4454697451697731 0.3928301622710679 0.8045830047753114 325.25428260342505 0.12530482469040571 0.8624296078003834 -0.49048718762231697 -208.63707987023378 -0.886563865810704 0.31931032757145983 0.334957014788762 602.7463894386535
0.46292715091698305 0.39409384656471813 0.794040738909345 326.03342144600464 0.11347309525625156 0.8620418870173466 -0.4940360247111303 -209.13949908533738 -0.8791826836120774 0.3188000287169029 0.35433756171925984 603.1189350740736
0.4811536222817366 0.39639218184491254 0.7819705047709361 326.8151241746523 0.10060783956048523 0.8610998116001335 -0.4984470013067707 -209.65813828740644 -0.8709245394306645 0.31849687589422393 0.37443484646391345 603.5195627762777
0.4994649717017075 0.3974406654573123 0.7698631625489724 327.58365316784506 0.08773427461089457 0.8608196935071907 -0.5013549513755099 -210.1767459148882 -0.8619614914422384 0.3179475580067365 0.39507338607438675 603.94026288771
0.5155089122728541 0.39871635623495433 0.7585453885886008 328.33257307996513 0.07333893319215808 0.8614037363419735 -0.502663352706172 -210.69087680649946 -0.8538222590842663 0.31475316333767195 0.4148128915529954 604.3810969778809
0.5320050695564996 0.39900343815953615 0.7469152270496786 329.0743188949936 0.05953984264039164 0.8622372764908481 -0.5030582723121868 -211.20574373475858 -0.844728386100275 0.31209534991700694 0.43495076087854023 604.8407678776307
0.548708973168961 0.3993985641213522 0.7345165129262985 329.7862912309653 0.046903435073400015 0.8624436567537284 -0.5040402842230783 -211.7113705462612 -0.8347806647988139 0.31101723935963943 0.4544899218196512 605.3085424036152
0.5648842085925191 0.4008618140277578 0.7213395650561898 330.49766593564635 0.03454070836591464 0.8618554164124638 -0.5060409315697023 -212.22935098001395 -0.8245319132708075 0.31076453411394933 0.47299493755708566 605.8021744339743
0.5795187196426309 0.4033807741510969 0.7082068892436657 331.16628006105566 0.021456665660551544 0.8610910855637319 -0.5080621079151294 -212.72970830059384 -0.8147622475057889 0.30962166585627265 0.49035555313382506 606.2956792605695
0.5925740272814681 0.4063208885090963 0.6956119613026447 331.84505638914266 0.008135389385789166 0.8604293697025001 -0.5095694613495824 -213.24659312505912 -0.8055619101469766 0.3076111133692426 0.5065544661499168 606.8196815256721
0.6032732863994016 0.4093073242347512 0.6845767313027042 332.489072820688 -0.004675261512643059 0.8600957332208252 -0.5101756525357071 -213.74430443054283 -0.7976086564199281 0.30456924238760724 0.5207780822028572 607.339047564577
0.6132173835510074 0.41068767893487884 0.6748458407138505 333.150967046327 -0.015061369149469546 0.8601785499043239 -0.5098355036242294 -214.25804379230112 -0.7898594649187728 0.30247013741127354 0.5336533298470808 607.8907325628112
0.6224720650806277 0.4110919144536175 0.6660692224147254 333.8049625560451 -0.025015145253921615 0.8609928343772999 -0.508066206204435 -214.765778141224 -0.7823315888251653 0.2995897248923787 0.5462188202188194 608.4497889527756
0.631835560268541 0.41032659291098833 0.6576719151861822 334.46469211463545 -0.03337228460191802 0.8620336935715204 -0.5058162353239837 -215.2795526536575 -0.7744740577471666 0.29763921135625754 0.5583482401833834 609.0280540225123
0.6406846551945609 0.4103793315551262 0.6490213908676465 335.10440302286844 -0.04170082457635987 0.8625661822431122 -0.5042883056425448 -215.78554586469997 -0.7667622518536229 0.2960197273440952 0.5697371289353321 609.6080153522985
0.6475181023068728 0.4124126717924101 0.6409003303785854 335.74071321337703 -0.04977440061296968 0.8620318661677213 -0.5044700893864281 -216.30027781606475 -0.7605148850270371 0.29474759458328587 0.5786998542330584 610.2021189866284
0.6511120578595914 0.41616012209062103 0.6348087937146077 336.358183109585 -0.05829644038997712 0.8612617454608817 -0.504872901799284 -216.8049714486509 -0.7568325727596728 0.29171612126974755 0.5850295253272003 610.7935507391857
0.6531443483826259 0.41783339064738095 0.6316143786395393 337.0017191507002 -0.06367687841700859 0.8613738565071151 -0.5040314355519931 -217.32517701884788 -0.754645287450793 0.2889800037420294 0.5891985532993596 611.4057459036455
0.6536290937511338 0.4195222603441216 0.6299914210068781 337.635556989578 -0.0672656627696348 0.8612469206351742 -0.5037820965157874 -217.83665524925198 -0.7539140514431664 0.2869038654441669 0.5911462064115933 612.0091272683848
0.6530178849367528 0.4209611070818544 0.629665481244716 338.2783699591203 -0.06882899413156508 0.8608749964455946 -0.5042068615491992 -218.35611399467615 -0.7543026237236616 0.2859106860463669 0.5911317631318526 612.6149595466435
0.6527360352770578 0.4213749759153441 0.6296811860713646 338.91800049404543 -0.06888268762075091 0.860649508865596 -0.5045847153941676 -218.87420295930073 -0.7545418949842512 0.28598027364399825 0.5907929309262582 613.2094194494218
0.651895527773576 0.42157142986908785 0.6304206500955244 339.57255402769204 -0.06865685213656782 0.8606622836823379 -0.5045957742402644 -219.40231590918256 -0.755289632612357 0.2856548340558015 0.5899951379784096 613.8159552380787
0.6482762519501987 0.4240147275614076 0.6325108571819293 340.200534289021 -0.06835419399882445 0.859684814838603 -0.5063003970354617 -219.9140261479858 -0.7584258231252404 0.2849816695851814 0.5862859654754344 614.3919305196962
0.6432991941817533 0.42595013930346953 0.6362817799087691 340.82427772936865 -0.06663817003121471 0.8589851318861366 -0.5077151523052912 -220.41919988414844 -0.7628042990192225 0.2842059454547613 0.5809579739443246 614.951714380908
0.6371284933874808 0.4281595941652949 0.6409904413532902 341.472909288258 -0.06459766511479408 0.8582904471979064 -0.5091520069628834 -220.9399842193081 -0.7681404488284336 0.28298272399155633 0.5744882677249784 615.5197882365356
0.6300244238991392 0.4284283762660836 0.6477962446302881 342.14680492005033 -0.06034727773617628 0.8585764734439127 -0.5091908096555157 -221.470653629702 -0.7743208627713969 0.2817037685462202 0.5667677267903448 616.085762761197
0.6204044181704292 0.42926735158650264 0.6564671163398365 342.83761747269847 -0.05412364971356588 0.8583886076144434 -0.5102058199584498 -222.0117285055978 -0.782505048862891 0.2809973604715086 0.5557708138011317 616.6440978076986
0.6093674569973764 0.4301981751137187 0.6661247184077321 343.53943019039804 -0.04680125531995399 0.8580984916919686 -0.5114163912496494 -222.54885619988545 -0.7915973602780423 0.28045902731146105 0.5430208122280704 617.1876296834232
0.5978339880026632 0.4304098292778513 0.6763600757582965 344.25310338421184 -0.03841624870477174 0.8580805567576377 -0.5121441610217955 -223.08936351146312 -0.8007896626660467 0.2801881540801197 0.5295145253165222 617.7141030495534
0.5860300080750849 0.43077450284011237 0.6863840176478642 344.98482507747497 -0.02866995126756012 0.8575062950735375 -0.5137422050452732 -223.64323554042016 -0.8098718968993406 0.281383788442832 0.5148649158500472 618.2309444215798
0.5730586500182028 0.43347593038142407 0.6955738151067079 345.6927243909144 -0.016369234489855698 0.854579435491912 -0.5191298887206841 -224.17993723041192 -0.8194394724154097 0.28610009130647546 0.49681042083590715 618.7055414536086
0.5580526138313274 0.43870431580703284 0.7044407083905857 346.3948449473018 -0.0040013070972533295 0.8502689717103119 -0.5264000092726182 -224.71590284596792 -0.8298837435548027 0.2909342709804872 0.47624097346875705 619.1504769831178
0.5422144937109659 0.4432620151907519 0.7138928155155038 347.11425516149603 0.009795813342043214 0.8461732020166992 -0.5328837491103484 -225.2627183294125 -0.8402694518171807 0.295924670221292 0.4544565552021651 619.5780511203358
0.5258033425675346 0.44223721277279193 0.7266896039943457 347.804720695256 0.02445725984901217 0.8460450926941098 -0.5326159207242143 -225.76945579814688 -0.8503398903043295 0.2978181576045785 0.43402912153441386 619.9549026921908
0.5090247609434291 0.43573599051110784 0.7423939161385453 348.5402070374489 0.04000350001534771 0.8495284141803388 -0.5260912123934802 -226.27849224138572 -0.8599065174986834 0.2974855923516018 0.4149920661496881 620.3310767050725
0.49251122066354386 0.42871172005076547 0.7574695003164015 349.3183317546492 0.0554110341982398 0.8530796279136992 -0.5188983164660406 -226.79697438777495 -0.868624457128894 0.29752926830281007 0.3963881074084088 620.7051350494443
0.47531884524926316 0.4272849496012935 0.7691687696878057 350.0889018206339 0.07146105961694943 0.8525483529464909 -0.5178080094032561 -227.3128645238728 -0.8769898702016556 0.30108329999484396 0.3746905323408542 621.0450357103792
0.4575908004929681 0.4314461177907186 0.7775514030975968 350.8455769433261 0.0855318363443307 0.8490099676413565 -0.5214760244659432 -227.82726100755633 -0.885122327519784 0.3051216174601952 0.35158950974550707 621.3543462183893
0.44000331619076516 0.43530315402766745 0.7855122837859142 351.61629668029786 0.10002631683934325 0.8454871500174457 -0.5246116139689286 -228.3499155182603 -0.8924898265434315 0.30939625095827206 0.3284685279417964 621.6426365956683
0.42180573865810317 0.4371269635287061 0.7944311381869016 352.39657542152764 0.1143684451569861 0.8434936554065376 -0.5248899323215515 -228.87126384693417 -0.8995253063366482 0.31225292508407665 0.30579034987347287 621.9097603597825
0.40330216838580685 0.43689243071721573 0.8041098148647754 353.17405282154067 0.13010806155206106 0.8423920504433748 -0.5229897811646096 -229.37860067062988 -0.9058501842231064 0.315537505827566 0.28288917480541714 622.148601323398
0.38496274178943857 0.43720247289276226 0.8128823864383805 353.9769059863825 0.14341163272724988 0.8416816966622739 -0.5206498154296937 -229.89402128005815 -0.9118014545584077 0.31700083519723093 0.2613103731814054 622.3742066947814
0.3673523190539521 0.43725369133552505 0.8209635240538754 354.803318288992 0.15875155976304892 0.8402052637487563 -0.5185790568445217 -230.41802613790645 -0.9165121010865215 0.3208236295798884 0.23923110310695161 622.5812458399051
0.3521803249578878 0.43822744951678144 0.8270702606079909 355.6513045480791 0.17301345393236334 0.8379312971292624 -0.5176951678121765 -230.9456220725371 -0.9198799376741296 0.3254094920275378 0.21927860223224055 622.7730119261088
0.3383359876667257 0.43981216676449725 0.8319936047108968 356.5003966004805 0.18633283540193524 0.8352768042821398 -0.5173623874165493 -231.47508120486913 -0.9224705084954532 0.3300631593727382 0.20064778451907037 622.9448051942574
0.32551515938378667 0.4399867568704433 0.8370012935137897 357.3354913874684 0.1982066537469766 0.8337528889641532 -0.5154036609337596 -231.991104671391 -0.9246062546374586 0.33366389903635985 0.18418616281726563 623.0964917055692
0.3127405530891809 0.4390601468240136 0.8423416000351428 358.1679804357167 0.20822998874719859 0.8335211367040402 -0.5118134437192499 -232.4987285576918 -0.9268098289834918 0.3354584379182726 0.16924604825725495 623.23375038907
0.3001443926701489 0.43864431231540646 0.847127273015877 359.0198607511889 0.21778790829120986 0.8330656368455183 -0.5085672234551094 -233.01419595496125 -0.9287761479441223 0.3371303859915803 0.15450448937699285 623.3585404053775
0.2870177356828747 0.4399165901762615 0.8510076139608872 359.89565685139695 0.2260165638703049 0.8321661266640519 -0.506444724165575 -233.54390852085155 -0.9309565291744905 0.33769338205551747 0.13941415415670816 623.4746792497702
0.27466067803986055 0.4405890399325212 0.8547296719763849 360.7784498790888 0.23323842669030123 0.8318036821526034 -0.5037597752146024 -234.07153706026247 -0.9329013869302809 0.3377112441736655 0.12569765623320825 623.5792029241604
0.2639969622927495 0.4401759059955736 0.8582952669072801 361.67033065294856 0.24200836948108215 0.8311322516389417 -0.5007218414528459 -234.5979761311018 -0.9337455642070394 0.33989592136088687 0.11288648723314523 623.6708082193169
0.2551425225333975 0.4400795921481966 0.8610181118861179 362.56482371500346 0.24961731571875376 0.830288937352939 -0.4983803688562448 -235.1222480880806 -0.9342042688346597 0.3420752622128128 0.10198722314725726 623.7536390090263
0.24849748537359445 0.4395271311849488 0.8632406964365106 363.4473809270804 0.2554798149378176 0.8298621967683635 -0.4961150758536048 -235.63557136621327 -0.9344107304472595 0.3438155118038823 0.09392489545297102 623.828956247726
0.24333249499372964 0.4379103597592357 0.86553061232515 364.33782273367706 0.26252104862047226 0.8292765623781632 -0.49341106912566796 -236.1456504729723 -0.9338181816129305 0.34727438051395776 0.08682590385642498 623.8953012431813
0.23818830478542735 0.43581384717872057 0.8680161042176978 365.2496768443994 0.2673627107433804 0.829748983781666 -0.49000493776683113 -236.66435705815854 -0.9337707722951949 0.3487799595973883 0.08111301644291947 623.9634151910761
0.2331048423168332 0.43400409372591575 0.8703001179032139 366.17974598955516 0.27219627838376564 0.8300260093915311 -0.48686447008086325 -237.18906238423196 -0.9336569337327696 0.35037455863901046 0.07534592391934194 624.0260394506663
0.2283174349732568 0.4307196826555188 0.8731968698222395 367.1234236486266 0.2751765433229716 0.8317322174129057 -0.4822558345427723 -237.7145352643908 -0.9339665937669057 0.35038258403374745 0.07137276668013545 624.0886454034741
0.22436984320722145 0.42822157998738153 0.8754464227853903 368.0826578930856 0.27790651353247536 0.8328949560638952 -0.4786705736488496 -238.24353388003868 -0.934114880760552 0.35068369880967687 0.06786917179716978 624.1493190218721
0.22241977812996108 0.4270274827604163 0.8765266148660895 369.03514968655304 0.2815415665474824 0.8325777465616065 -0.477095639908282 -238.76631183625477 -0.9334922908094107 0.352886242190071 0.06495397291085571 624.206276610486
0.221989698125597 0.42636309699370323 0.8769591554613433 370.0201557549031 0.28581429113484164 0.8314037654176522 -0.47660237632583125 -239.30101547328533 -0.9322952492794323 0.3564402775307743 0.06270065294422876 624.2618293654507
0.22118397638978649 0.4259306539442555 0.877372485012455 371.0078860869276 0.28916446077864666 0.8305201118835069 -0.4761212704426195 -239.83826273871995 -0.9314528429815896 0.35900673358004015 0.06053196792170213 624.3177907547208
0.22050325414364688 0.4289171444444538 0.8760878031857784 371.9590566239793 0.29041838801219194 0.8285527017514257 -0.47877851351652256 -240.3651791223039 -0.9312240958163103 0.35999556929076304 0.05813145149868219 624.3671302801097
0.21681802219075164 0.43406391725094934 0.8744716694886541 372.91236929977214 0.28687438646681823 0.8278640278056654 -0.482095552205083 -240.9004497214326 -0.9331858931735937 0.3553819729627235 0.05497223121890558 624.4241710293757
0.2118991316214032 0.43873472307522193 0.8733456725505351 373.86297549650624 0.28293661150710003 0.8277933922707434 -0.48453779365967564 -241.43608704078494 -0.9355152165979511 0.3497660960227961 0.05127287356644829 624.4789002932297
0.20701948474092463 0.4409179758968236 0.8734168599850972 374.81183065643455 0.2779185701087972 0.8294389647169707 -0.48462840347453906 -241.9680840361408 -0.9381090590260058 0.3430576366284162 0.04916915111356924 624.5329110031237
0.20154990880475682 0.44174801130028646 0.8742767226148004 375.7539617426186 0.2720137187453803 0.8322041328465322 -0.48323664517463627 -242.49238821127716 -0.9410269103846568 0.33520285608005096 0.04756788056992659 624.587873703211
0.19691780662649755 0.44093069084541464 0.8757438857131598 376.71010556242595 0.2693627914270409 0.8344930958362488 -0.4807684169530913 -243.02153602126697 -0.9427688490638877 0.3305560119399414 0.04555514114103517 624.6323122147702
0.19250673311111632 0.44193690591480833 0.8762173037339923 377.668148963358 0.2698075525366056 0.8346311774421227 -0.48027876334150005 -243.5544864738853 -0.9435519228884551 0.3288583977277442 0.04143337853674365 624.6676236374254
0.18635727017759002 0.44596883425044326 0.8755027837384699 378.6004172421391 0.2691948675822017 0.8337986322985371 -0.4820646513311559 -244.0773455403863 -0.9449597542012601 0.3255094355297073 0.035331510790343676 624.695938935113
0.1801314124895172 0.44866116423685043 0.8754300717525688 379.5197610509267 0.27022603382918414 0.8331384243675114 -0.482628614878206 -244.59380745110954 -0.9458721811358713 0.32349304809886525 0.028834321566128293 624.7141019021042
0.17616725507628098 0.44986278743457564 0.875620772260906 380.44396487127966 0.2714379691821073 0.8328089199596211 -0.4825174413927494 -245.11329280801968 -0.9462724580665816 0.3226724532570335 0.024603392376666176 624.726864525344
0.1725538314511379 0.4475786644640558 0.8775092175648797 381.3634894103393 0.273651560700095 0.833983127778108 -0.4792278134540079 -245.61933129957268 -0.9463011190044254 0.3228163467684128 0.02142615821638563 624.7358535734992
0.16714440229654734 0.44411221344514973 0.8803122567809968 382.2887178783672 0.2758332644554617 0.8361192693575252 -0.47422841875788446 -246.12054349579532 -0.9466380337605389 0.3220758929357691 0.017250834079722235 624.7414222389086
0.16000543277026183 0.44201026081735967 0.8826930343435235 383.20866098356464 0.27836118359513545 0.8376842413622041 -0.4699697024484938 -246.61311508437137 -0.9471314952949329 0.32089701041650687 0.010994624453058762 624.7347200679145
0.15037328909800016 0.4427961395480207 0.8839916290932475 384.0812633863023 0.2826296152165515 0.8375525692317217 -0.46765117460607586 -247.08279995580867 -0.9474459603760094 0.32015632198375016 0.0007975682644115051 624.7147026460402
0.13710381505306235 0.44323014463750904 0.8859296020722288 384.9494803370407 0.2877965612423421 0.8379360718052485 -0.46379684491491563 -247.5358587550999 -0.9479035652046054 0.3185478012325801 -0.012676205927251032 624.6845508051599
0.12090273680284912 0.4427529259230168 0.8885240211358388 385.7856636042057 0.2945217055657795 0.8387523089707104 -0.4580659847252829 -247.96445928343408 -0.948043618660248 0.31706194104655333 -0.02899272777653529 624.6317605963471
0.10066864290230129 0.4428911108188247 0.8909742940756308 386.57951813413337 0.3066554425505263 0.8380794172686173 -0.4512842470168425 -248.3658345503735 -0.9465595011507169 0.31864316817162447 -0.051446200028516076 624.5521850970624
0.07643701579401325 0.4427807748495817 0.8934341092032998 387.34653611679295 0.3220789867556545 0.8370216916203309 -0.4424164416932804 -248.74363512178857 -0.9436996168462594 0.3215641839305461 -0.07862993095539553 624.4477698514439
0.04874498729932736 0.4416050102314844 0.8959523115328608 388.08047068934974 0.3383122513882853 0.8366635339047467 -0.4308261901571257 -249.0892072956078 -0.9398479004410787 0.32410324890158215 -0.10861586098030443 624.3185734745133
0.017650586061232924 0.43978025680386235 0.8979997325346207 388.79936955960545 0.35524125969534653 0.8367498284774217 -0.41680482980360106 -249.41018482942917 -0.9346862881171699 0.32635393368667454 -0.14145663380574897 624.1634116935764
-0.01566622919397064 0.436950395626606 0.899416697218871 389.52609133901495 0.3725550718675049 0.8372737078376282 -0.4003093748089185 -249.71586797396833 -0.9279562718786777 0.3288017110139101 -0.17590266312287128 623.9766350185394
-0.051142162320060906 0.43580557245175156 0.8986544408528528 390.20912955876724 0.3885430376470697 0.8375909132243327 -0.3841191447038231 -249.99358922091295 -0.9200891964780912 0.32951214432939885 -0.21216253564735862 623.7694333908821
-0.08706951178706718 0.43593990612665057 0.8958217941662525 390.87282343360573 0.40606438924149496 0.8366424839543932 -0.3677122268361294 -250.25304363872962 -0.9097668425710269 0.3317357418862557 -0.24986221139160789 623.5341680858214
-0.12575203932822931 0.43709483867408305 0.890649383062448 391.5014561089177 0.4203655986384826 0.8366410032842573 -0.35127661913379277 -250.49210724819758 -0.8986788956185819 0.33021550726001336 -0.2889449563440723 623.2806728058903
-0.1678343501505115 0.44008796183321786 0.8821993514149029 392.1144205796313 0.4334940098546094 0.8366443885003466 -0.33493144624016913 -250.7196818643989 -0.8854706232181198 0.3262065772727231 -0.3311884437747957 622.9949970352916
-0.2119241445026966 0.44189197959997717 0.871746085851882 392.6966940705309 0.4438568068807998 0.8381888259471855 -0.31701820435500955 -250.92388172008225 -0.8707599201918114 0.3197381173021197 -0.373763746987923 622.6884158891738
-0.25332986501032473 0.44321865318728687 0.8599431468488242 393.24783066931576 0.4577104586370211 0.838024476946594 -0.29712543484443865 -251.1020283896835 -0.8523305732767813 0.31832654503231433 -0.41515671579988656 622.3602979585922
-0.29304570026785154 0.4445611191482029 0.8465279281144031 393.7809134869169 0.47383028688046847 0.8365116014961343 -0.27531493386104 -251.25620656755305 -0.8305118264795913 0.32042315298588886 -0.4557768165043292 622.007275951544
-0.3332415783141789 0.44578245044562453 0.8308717591882415 394.31528822137534 0.4877933835917835 0.8356141417574006 -0.2527277086388436 -251.39954924518517 -0.8069374430602215 0.3210668435347516 -0.4959046900569509 621.6229694480517
-0.37210812208713107 0.4473605899772544 0.8133415660693609 394.8334652335367 0.502543293394128 0.8337857519384638 -0.22873139454583133 -251.52275150069264 -0.7804653131793255 0.323618779667842 -0.5350686846903332 621.2140304810771
-0.40921984209541 0.44787276973327805 0.7950279880812554 395.3827133296001 0.5160797788843612 0.8321336127419595 -0.20318040198300086 -251.63514530352256 -0.752556134494917 0.32714454932899745 -0.5716548315692963 620.7523332021135
-0.44451559176106614 0.4469212041345177 0.7763939407177044 395.8742165596285 0.5268110159841823 0.8313886118081887 -0.1770025467973844 -251.71368179681554 -0.7245793621559539 0.33032472860255396 -0.6049987884993019 620.3036800206438
-0.4794352984193502 0.44645936356034477 0.7556031065876158 396.3516419272259 0.536685376717631 0.8303569150452115 -0.15014347419449756 -251.7753970020628 -0.6944418715627748 0.3335294166225171 -0.6377005491383869 619.834353765193
-0.5134568927130363 0.4464367564050625 0.7329230565599014 396.79783841518207 0.5444884424671467 0.8296029862496049 -0.12392598286543396 -251.82104472920315 -0.6633496681536429 0.3354298831098286 -0.6690346343711782 619.3584762623672
-0.5461295938427876 0.44724727274509385 0.7084010700444435 397.22836538216893 0.550649066239801 0.8289015438290962 -0.09886010141879882 -251.85566052316412 -0.6313998420535794 0.3360824996752601 -0.6989534334766254 618.8601822781567
-0.5797847661031079 0.44750188211423786 0.6809636727255649 397.6547656242303 0.5533502039300309 0.8296807210984417 -0.07415063837666323 -251.88003020639022 -0.5981557413601801 0.3338126688354898 -0.7286507917138515 618.3271242533829
-0.6105703876485793 0.44847821514430714 0.6528332670480992 398.06081657481934 0.5562455264443616 0.8295701657918614 -0.049708411438707814 -251.88827063599192 -0.5638548097022588 0.33277779359834664 -0.7559630630663298 617.7742137660773
-0.6380139555899073 0.45011995521168296 0.6248603402326761 398.4525535458826 0.5596627162867044 0.8283733728003702 -0.025332134132570537 -251.87881096423956 -0.5290114708437305 0.333541447226479 -0.7804167185532614 617.202253197363
-0.6643917805136843 0.45142387556361063 0.5957520730678879 398.8297078164702 0.561557356313548 0.8274778812656973 -0.0008117787004154851 -251.8536777759826 -0.49333010433144653 0.3340021090250849 -0.8032568496656495 616.6106722268286
-0.6905760718501772 0.4510617307906936 0.5654812268495739 399.1963216706467 0.5599434526616085 0.8282494829480769 0.023090718026969596 -251.81492564042756 -0.45793689299210816 0.3325758806684359 -0.8245246864133481 615.9908030008442
-0.7147282467938104 0.4497023708496859 0.535772485445658 399.53906310034046 0.5557654159131096 0.8301864803263398 0.04451563728045102 -251.76520371966444 -0.42476580567827316 0.3295730781618902 -0.843272872149849 615.3649409940067
-0.7352797122335515 0.45013982344597814 0.5068120854172757 399.8541686337786 0.5528980572004618 0.830814515508421 0.06416171794504814 -251.7035426642289 -0.3921793584776823 0.32738509192881626 -0.859748624592094 614.7410290087751
-0.751477248989104 0.45276445580243774 0.4800073983470926 400.138652116858 0.5521866013491638 0.8297421765314483 0.08175630952263048 -251.63141876035647 -0.3612605860258935 0.3264846661258763 -0.873528477142571 614.133118534759
-0.7643952660025609 0.45585623825834065 0.4560884552889557 400.4227311267421 0.5527111862796652 0.8274892641920432 0.09918911435641373 -251.541605716201 -0.3321870252749874 0.3278978510196785 -0.8844708594501354 613.4956206825411
-0.776537825490752 0.45642606951024994 0.4344962428715456 400.69222189287825 0.5510057500611845 0.8263524612178506 0.11662455545588593 -251.4458302420436 -0.3058114394661403 0.3299660030394873 -0.8931718270168668 612.8758500966014
-0.7860498972182731 0.4553299126655612 0.4182367740217907 400.96120407712846 0.5479978749713297 0.8263188538276288 0.13023976881064575 -251.34154805062974 -0.28629070518385297 0.331560613445737 -0.8990323269244622 612.2335658769744
-0.7924912447718521 0.45496589523133196 0.4063061506384753 401.23020314101376 0.5461355923459197 0.8259000317113941 0.1403283793962558 -251.22702445809324 -0.2717199409553925 0.3331001465379591 -0.9029765193502591 611.5791991761175
-0.7969654161912939 0.4564503299254005 0.3957516259241818 401.49915132637955 0.546046007464859 0.8245179387089354 0.1485608436672411 -251.11096171023783 -0.25849034877255334 0.3344895785499497 -0.9063407115783872 610.9101923789817
-0.800163340402219 0.4570690295528406 0.3885187726251647 401.7637570745662 0.545364650207535 0.8240310975992575 0.15367835446532258 -250.99835472051237 -0.24990662930163904 0.3348452225561425 -0.9086141246548368 610.2467422378884
-0.8031499652426233 0.45683623766285075 0.38258449787963256 402.0308201706941 0.544157929396094 0.8239336518111432 0.158401607314114 -250.8811813503718 -0.24285776354795974 0.33539982207012714 -0.9103191856971047 609.5714269235306
-0.8067364605349826 0.4554986748709736 0.37658668118006106 402.3063936370094 0.5413102808607451 0.8252349169087992 0.16135896993036253 -250.76394294859497 -0.23727105880050542 0.3340172124357277 -0.9122986379879594 608.8790350809742
-0.8095608778447395 0.4551059562784117 0.3709584484183524 402.5657716735476 0.539347348568413 0.8261093418565713 0.16344546105280447 -250.65015422729485 -0.2320647237794838 0.3323872063703473 -0.9142313626796625 608.2066165130453
-0.8120407355870155 0.4548408890796194 0.36582749960662625 402.82205136646905 0.53761179647083 0.8268995183244895 0.16515890405143865 -250.53564339134758 -0.22737903560688955 0.33078177448610857 -0.9159892234249563 607.5354076602566
-0.8119380842692198 0.45872532876342803 0.3611771867763429 403.0600413189708 0.5395950142540877 0.8258256970269194 0.1640612803348187 -250.42530067366732 -0.22300812749157198 0.32808985431758536 -0.9180299185764521 606.8974109550144
-0.8117967932587845 0.4607639406977997 0.3588926625746693 403.2913961621655 0.5404150651620812 0.825637907087367 0.16229889315772184 -250.3215544637227 -0.2215315797074918 0.3256976427847818 -0.9192385660050926 606.2839543137668
-0.8119279177074044 0.4619847265614819 0.35702218519937906 403.52770130388507 0.5410112180765355 0.8252247714281854 0.16241429236010527 -250.21337624818423 -0.2195883842657894 0.32501436332840183 -0.9199465585033673 605.653074868691
-0.8130903868742345 0.4611438904969382 0.3554602950039822 403.7778975918927 0.5397573217306455 0.8259126621512288 0.16308882907963052 -250.10202408590206 -0.2183697244816695 0.3244612473807266 -0.9204322117284419 604.9985784361196
-0.8135166964980309 0.4605548284205961 0.355247686541327 404.0314314620379 0.5393290475184432 0.825986528041411 0.16412664399555804 -249.9848744620483 -0.21783825469101864 0.3251079184838308 -0.9203296948366178 604.3352972471458
-0.8139938443678004 0.4592255859666662 0.3558742793033815 404.2888031402498 0.5387238425367289 0.8259430817708584 0.1663173844246647 -249.8649497867394 -0.21755256760288852 0.32709198335739204 -0.9196938990380112 603.6687053386299
-0.8142330863019002 0.45910833528494643 0.35547771858551636 404.5439730572394 0.5385600723319516 0.8259659247198492 0.1667331062959438 -249.7462184652156 -0.21706186847519912 0.3271985629851232 -0.9197719058337062 602.9991991181754
-0.8145876893717968 0.458631529636668 0.35528086927131297 404.8092360859276 0.5379960659285697 0.8263412918154379 0.1666935518580116 -249.6260238856875 -0.21713000767399696 0.3269189028925653 -0.919855030792922 602.3102808987063
-0.8144406509262829 0.45893913069078734 0.35522055426557003 405.06343416482594 0.5382355544581264 0.8262286258919845 0.16647854108287585 -249.5093648012172 -0.21708768072301685 0.3267721432056915 -0.9199172973545643 601.645916951834
-0.8144289619798477 0.4587707113261613 0.3554645926412633 405.3020532341379 0.5380286817476955 0.8264688462197249 0.16595349185242 -249.40135477984776 -0.21764364000601585 0.32640016011775397 -0.9199176381644472 601.03092778889
-0.8141529900400202 0.4580995784224041 0.356959050261291 405.55052140282584 0.5377531033042208 0.8267599914977125 0.16539493600050148 -249.29183808432842 -0.21934995645103963 0.32660536616801183 -0.9194393601564147 600.4086232541279
-0.8148770702085698 0.45702624429375216 0.35668264188289023 405.80018323539196 0.5362541503361532 0.8279903857606598 0.16410157676396794 -249.18484367422982 -0.2203288871257674 0.32498767021262265 -0.9197780739467873 599.7758527017818
-0.8148403296517112 0.45730744377940546 0.356405676003528 406.04619260996395 0.5360427455756333 0.8284542962118527 0.16244253110464474 -249.0782187518455 -0.22097716194637507 0.3234060989174008 -0.9201797118772479 599.1422211147362
-0.812966327146299 0.46025496804083077 0.35689209661553895 406.29330761440104 0.5389842205313438 0.8267312050589685 0.16148690576652952 -248.96852683471045 -0.22072626366779408 0.3236352679789863 -0.9201595732885377 598.5078750882959
-0.8114273450990966 0.46420078669306947 0.35527973860981427 406.5368989558571 0.5417506322508809 0.8254664769432115 0.1586737400980358 -248.861175044212 -0.21961270143265418 0.3212178745384124 -0.9212722106574979 597.8675506684781
-0.811490802189341 0.4644881409559326 0.354758904227659 406.7723030296835 0.5416774516160314 0.8256601859484962 0.15791399591596453 -248.7603862534203 -0.2195587683360679 0.3203032445424297 -0.9216034308391434 597.2507183227744
-0.8116269515290492 0.4638228701327069 0.35531631250254997 407.01583432856927 0.541225526850788 0.8259338472422265 0.15803089982568955 -248.65687890924326 -0.22016674575841758 0.32056071214302606 -0.9213684312080486 596.6304133161834
-0.8112901631442656 0.4642804691627889 0.3554882799248116 407.25577052594207 0.5417653732861251 0.825569599423353 0.15808640239373825 -248.55195097373678 -0.22008117758438925 0.32083750927005167 -0.9212925894667738 596.0073748233795
-0.8108672383275684 0.46486440987939476 0.35569039332893465 407.49667788132507 0.5424691893171095 0.8250767738252063 0.1582455791340785 -248.44685540731183 -0.21990653143175745 0.3212595566092434 -0.9211872810583599 595.3838168577346
-0.8109779303525394 0.4647579159536016 0.35557837844290263 407.7294350890654 0.5422594444093067 0.8252643361801407 0.15798718237213538 -248.34789618604648 -0.2200179586625482 0.3209319110656668 -0.921275188603169 594.7781459732778
-0.8115866046829603 0.4642234994398219 0.3548866214686792 407.96896367330135 0.5412061557592305 0.8261664314179108 0.15687850022737093 -248.24766668334448 -0.22036609087982967 0.31937945704448434 -0.9217309243669105 594.1504083713808
-0.81151830975699 0.4651997308675829 0.3537624038051397 408.1953323730275 0.5412471476476489 0.8265794521351176 0.15454376035066655 -248.15235116315134 -0.22051639921475663 0.3168804740130816 -0.9225573455380435 593.5482023979177
-0.8100636007596188 0.46919735415036146 0.3518108685387206 408.4215014564185 0.5434960113468297 0.825987703645858 0.14973868522479492 -248.05864955403584 -0.22033159880765635 0.3124981112333186 -0.92409461384525 592.9375149108109
-0.807699192246084 0.4739631474281037 0.3508567332486532 408.65643690153814 0.5474346409901238 0.8238323519957621 0.1472422460759385 -247.96037730124647 -0.2192568118355085 0.3109910244497105 -0.9248581374043482 592.3113468101151
-0.8070182189357114 0.4729184690972899 0.3538196506489151 408.904840757958 0.5473063059683351 0.8239782837263918 0.14690063525155744 -247.86264724981322 -0.22206464039862206 0.3121916907701948 -0.9237829173428543 591.6826340075455
-0.8061800249410539 0.4717834220722924 0.35722929479611387 409.1538486270175 0.5470827383375885 0.8243050762303142 0.14589642988921278 -247.76572623209876 -0.2256312313336969 0.3130452089003531 -0.922629024599038 591.0567119821005
-0.8052429076279131 0.4700403641949142 0.361615174816664 409.4175382367857 0.5470230730257516 0.8242061756086547 0.1466783731373724 -247.66193774120276 -0.22909704646641169 0.31591547980393625 -0.9207949798139806 590.4093592466613
-0.8030691486659585 0.46993252416090314 0.36655739362386935 409.68428570649456 0.5487210135580496 0.823033655687677 0.1469222708240801 -247.5574136905313 -0.23264155586350066 0.31911773818417577 -0.9188001719665094 589.7567615156671
-0.8009746608638832 0.4702302763339969 0.37073631591263617 409.94732185367917 0.5499740018287038 0.8225748961118488 0.14479361239728275 -247.46065624741325 -0.23686805617012002 0.3198625300123004 -0.917460700646471 589.1185114379753
-0.8002406620746916 0.46894173092066516 0.37393949122171 410.20960242160567 0.5492470545239335 0.8234293181275574 0.14268102810473932 -247.37092570834656 -0.2409997810141325 0.31955557538080814 -0.9164914869110974 588.5003049698746
-0.7999213289672357 0.4678634875928326 0.37596841862761543 410.4695737056003 0.5479768883138428 0.8248469359744213 0.13933961038161058 -247.28516003356984 -0.24492085880629064 0.31747354610686174 -0.9161759723295524 587.8850788365962
-0.7987220675782508 0.4669102825689952 0.3796847245568088 410.73430118988864 0.5473460938194917 0.8258662366256883 0.13573480548060915 -247.19990992668255 -0.2501892277259561 0.31622421266699424 -0.9151837744600638 587.2662006068533
-0.7966088691333457 0.46696738635994706 0.38402947337835686 411.00996241883854 0.5482548463824695 0.825680058369069 0.1331762176426118 -247.10992401682304 -0.25489288331712184 0.3166261702843265 -0.9137458023046211 586.6237610623692
-0.7947568993272359 0.4668084853895387 0.38803806105956573 411.28600353640496 0.5487659042832631 0.8257744507588243 0.13045515516468165 -247.02448887579484 -0.2595305764403614 0.31661304745570124 -0.9124436289182395 585.9900073508433
-0.7923266933772134 0.46842762185371795 0.39104554282032067 411.55142396521796 0.550022126618279 0.8257537848263157 0.1251919594543162 -246.9456159393417 -0.2642607247625398 0.3142678549379942 -0.911897533206444 585.375468809703
-0.7902598295424625 0.4689753508233104 0.39455577539109854 411.8262987080969 0.5505535379185247 0.8260614042638803 0.12074866552772484 -246.86871761753198 -0.26929578429458195 0.312638268571131 -0.91098432570297 584.746586627532
-0.7879917399041119 0.4703788295239469 0.39741124126486443 412.10779007343143 0.5517943586006471 0.8258368909754794 0.11654751511281979 -246.79078313897585 -0.2733718673948342 0.3111191991710534 -0.9102902308208779 584.1033228140666
-0.7873885073562209 0.4687418648291094 0.4005287199725477 412.39177751458527 0.5507117521011328 0.8267830126183918 0.11494885411252548 -246.71636698482206 -0.2772654725039072 0.3110767440007103 -0.9091268030837116 583.4812682078738
-0.7880916449860202 0.4663566327998697 0.4019279264060059 412.6849016405887 0.5489840193462268 0.8278064624237179 0.11584338856786161 -246.6363621547154 -0.2786905663878785 0.31193872968121217 -0.908395637811769 582.8386335905321
-0.7890447291213449 0.46614133464428176 0.40030502729327 412.9660687321891 0.5483769462582602 0.8281154208652747 0.11650888812820186 -246.55569696265044 -0.27718570655263236 0.3114406540560414 -0.9090270788674025 582.184624778173
-0.7906298617147008 0.4671264263716475 0.39600582795444084 413.231060926578 0.5476195587148973 0.8287342959973314 0.11566682736181 -246.48026005783245 -0.2741490235147712 0.3083021794259571 -0.9110156080124064 581.5465552727206
-0.7928966408955928 0.4671452357497036 0.3914245871591888 413.4960394992294 0.546891379567857 0.8288007752702473 0.11859704600656508 -246.39751752695742 -0.2690075837829365 0.308094185789888 -0.9126171260410723 580.9030342588176
-0.7957524918423644 0.4667004640467112 0.386124540394171 413.770406330678 0.545529931258013 0.8292166746724037 0.12191630902422886 -246.30909511894768 -0.26327914871247055 0.3076497057521867 -0.9144361426680969 580.2243459995553
-0.7984431714203718 0.4667415554105032 0.38047955071737843 414.042965546688 0.5447044320014309 0.8291782252092282 0.1258082443351306 -246.21452335121623 -0.2567622289705614 0.3076913972147438 -0.9162733090429942 579.5264260747349
-0.8015458642990736 0.4671636969325397 0.37337175256365207 414.3057042998217 0.5438054511789269 0.8291355211083795 0.12991622095550479 -246.11889634646744 -0.24888051737541947 0.30716685527353826 -0.9186211006176705 578.828503179262
-0.8052905702406405 0.46849813473089574 0.3635111173304918 414.5689317460687 0.5419751052214843 0.8302368700254402 0.1305248354405993 -246.02229253146695 -0.24064666170158663 0.3021162466944832 -0.9224817672716897 578.1078165472686
-0.80833640199388 0.4693362011149257 0.3555836557728666 414.8260193097577 0.5408319169751384 0.8305779814174279 0.13307173420672844 -245.92367397632864 -0.2328816644321558 0.29986956057139363 -0.9252036744807487 577.3879465241607
-0.8108083079564283 0.46962067577584 0.3495291444154065 415.080437949495 0.5400086239524211 0.8305273184531906 0.13668320200837347 -245.82073748270005 -0.22610143967635984 0.29956442238344333 -0.9269829032531575 576.6646728327509
-0.8121273823783703 0.4707229413207808 0.34495604801477264 415.34535016214255 0.5406694176479495 0.829367736064926 0.1410452203492898 -245.70550517548625 -0.21969925355734077 0.30104531548491165 -0.9280421081918635 575.9062546198912
-0.8140374152533143 0.470607826381101 0.34058249480733715 415.6233371197014 0.5399504690230922 0.8292125271748529 0.14466489335926866 -245.5832358981184 -0.21433203493887296 0.3016517770630345 -0.9290995206081155 575.1072438619175
-0.8159361458677529 0.4705182641710509 0.33613464648559155 415.9012039714548 0.5391608606388404 0.8291289253471313 0.1480514522539561 -245.45716973517213 -0.2090352548369415 0.30202253777537624 -0.9301853481278273 574.2969478880573
-0.8177244233389026 0.47075246457020287 0.33142958109710835 416.1688684608658 0.5385904749112357 0.828894878643313 0.15140331800853504 -245.33067633873168 -0.20344400794963713 0.3023022043321461 -0.9313335034774028 573.4990990274032
-0.8193136329693755 0.4711728047096785 0.32687577289073694 416.448858442806 0.5382782890259211 0.8284459325744853 0.15492871328198943 -245.19235612999424 -0.19779805512642826 0.3028765230073709 -0.9323626213775292 572.6524047340109
-0.8209751143182115 0.4711631875077248 0.3226958101189785 416.723743632582 0.5376501875083793 0.8281715647083338 0.1585358419460252 -245.05206742823782 -0.19254861568793905 0.30364242131717195 -0.9332119741530677 571.8137257630135
-0.8227785551165286 0.47145181827237087 0.3176408243976334 416.9958831971706 0.5370507975221498 0.8278279148972476 0.16231630859815507 -244.90634537325843 -0.18642511576858065 0.3041307202613641 -0.934295658877325 570.9627948742409
-0.8247409183367126 0.4717155298543544 0.31211168178331117 417.26637716045354 0.5362083124393454 0.827666061127071 0.16588630255990666 -244.7563793103314 -0.18007075434849232 0.3041611203455046 -0.9355309875023297 570.0971947318939
-0.8258516240340624 0.4739641044159148 0.30570246287884884 417.51881265759397 0.5371816755244693 0.8261600078080412 0.17018941685658176 -244.6042667064631 -0.17189329954301094 0.3047600218188036 -0.9368733281444934 569.2589510798266
-0.8281098356569203 0.47359866623259467 0.30010856584721185 417.77301641869155 0.5357537189778132 0.8262113588587549 0.17438822364522774 -244.44538320151517 -0.16536104703354906 0.30518800659277767 -0.9379091405280118 568.4221482574055
-0.8297459346743522 0.47395627221418785 0.29498264228523235 418.03225598578166 0.5353891088135632 0.8252714434214855 0.17987411885127555 -244.27196059916193 -0.15818628071219326 0.3071711908082386 -0.9384990599742445 567.537834989913
-0.8309022950625768 0.47518196010992164 0.28970999887634274 418.2856049811909 0.535781732122925 0.8238121594263847 0.1853135441367711 -244.09449508409733 -0.1506070817539575 0.30918921539011407 -0.9390831871191997 566.651776854286
-0.8330203522948548 0.47464864894820896 0.2844534523394192 418.53759349455856 0.53435804141672 0.8235408099015148 0.19055466749035957 -243.9121089453867 -0.14381075655529574 0.3107265706989569 -0.9396407711760331 565.7570147358509
-0.8356577946100797 0.47333383023904474 0.2788527952627266 418.79086286785366 0.5322053631528035 0.8233872023299378 0.19712887648585817 -243.716987483332 -0.1362943059090264 0.313130054054965 -0.9399630937099556 564.833545738979
-0.8387417004351726 0.4723345883489739 0.2711841000448506 419.0386992232267 0.529479085424583 0.8238143091779324 0.2026150411155172 -243.5147900468774 -0.12770159063626083 0.31351820634336885 -0.9410400320262241 563.8990373220759
-0.8435881626493665 0.4713099511015391 0.25759334671157824 419.26861075245426 0.5248069328090715 0.8253521718956794 0.2084296422822762 -243.31227150800225 -0.11436873012759032 0.31100582773615093 -0.9435852510011403 562.9636173433677
-0.8492544443111317 0.4706849229173079 0.2394808741520642 419.47611070699946 0.5185813125373052 0.8290078642949474 0.20950220574123343 -243.11462833767231 -0.09992083793447812 0.30210149344786347 -0.9481080614387999 562.039586274543
-0.8549817897066365 0.47134490052399636 0.2167209802395844 419.6550371971159 0.5124784607194834 0.832303269048366 0.21144254091353823 -242.91743089087 -0.08071411666639483 0.291835448178203 -0.953139737607301 561.1152550438585
-0.8582777861225236 0.4756350918641598 0.19302503759691336 419.8028712182331 0.5100459828547188 0.8326012701582958 0.2161002567196097 -242.7146150851885 -0.05792735209789112 0.2839169072045227 -0.9571800944475901 560.1991993371911
-0.860705956685273 0.47987300508231284 0.17040113549978106 419.9235640975625 0.508079979765476 0.8318097906970254 0.22364854306813792 -242.50987980236255 -0.034417909138121004 0.27906430940299987 -0.9597381270634516 559.3282791027166
-0.8637396943792665 0.4816447239056167 0.1486647168926771 420.0227610856908 0.5039785649717052 0.831068691700515 0.23537591716531023 -242.2953904470468 -0.010183091009347625 0.27821877057122063 -0.9605462215169207 558.4750491792382
-0.8658451042332309 0.48389546222914653 0.127617169681761 420.1053736177099 0.500245824443597 0.8294393370521689 0.2487081020554094 -242.06580679191572 0.014497316575659988 0.2791743617090814 -0.9602135065680905 557.6229783074031
-0.8691325474991659 0.48278224231643574 0.10797130396766752 420.1794147407765 0.4932225615066472 0.8285724790190717 0.26508466133352365 -241.81023493990176 0.038514624643359814 0.2836392263755321 -0.9582395424693352 556.7436080237812
-0.8724660502214878 0.4809290404185296 0.08740049276462097 420.2349499714145 0.4849026275420636 0.8288825122182535 0.2790945729860403 -241.53715261952883 0.061777924354956604 0.2858727052906331 -0.9563568793432456 555.8417078972471
-0.8743495357848131 0.4809345751321268 0.06590223758831104 420.26259628849886 0.4779560587040126 0.8290939726195601 0.29022708676735154 -241.27034374369853 0.08493848299620835 0.28524999865812045 -0.9547650565769624 554.9859843556316
-0.876129794324856 0.480184407830926 0.04412657165937618 420.2743396103044 0.4702349677604754 0.8304426806567463 0.2988544630242456 -240.99639658842034 0.10685733173089504 0.2825768545126765 -0.9533570880670139 554.1368210707548
-0.8775011067817972 0.4792045706041837 0.021972961498872418 420.26393927137246 0.46188889891783574 0.8315733437258963 0.30856843426730574 -240.71823537353987 0.12959163468362303 0.28090981312786634 -0.9510276724456231 553.2950349176476
-0.8764122252721825 0.4816943376918453 0.001159344635228498 420.23515182613573 0.456698045031158 0.8300914770649116 0.3200712553233078 -240.42337459170017 0.15321036135094693 0.28103514065900564 -0.9474727936395703 552.4442447030443
-0.874549656699095 0.484802997731425 -0.01605476678253355 420.1937321667849 0.4525612559902006 0.8273388112560344 0.3328197021966271 -240.111455893481 0.17463021710777715 0.28379283855932236 -0.942933883488208 551.5903434751842
-0.8729989148868701 0.48697692075692484 -0.029254046028536616 420.1406874364706 0.44864044904056 0.8248715398738764 0.3440627487113189 -239.76659048477222 0.19167710662653145 0.28723266390873425 -0.9385711162032371 550.6733564394584
-0.8717746960039164 0.4884198610510342 -0.039799665494974115 420.0830377237122 0.44451851137885545 0.8223030571756028 0.3553745447919322 -239.42422572687155 0.2062944491524505 0.2921054755986962 -0.9339566720076334 549.8008025730644
-0.8696907614758727 0.4913623235805821 -0.04825857769880204 420.0175085147627 0.44264951799135793 0.8192190736586642 0.3647068254673426 -239.08845543380954 0.2187321193339825 0.2958117304128125 -0.9299512224482958 548.9656556007103
-0.8673213078886066 0.4944278843666493 -0.058509417674321024 419.93875094888045 0.4413986312589619 0.8179101038278245 0.36913484855976114 -238.74140987806615 0.23036040253134052 0.2943232911796074 -0.927612806946842 548.0950337644138
-0.8666885395466558 0.49399700910336103 -0.07033101899039741 419.8562980986568 0.4375588178719033 0.8201106485855235 0.3688236997522524 -238.42107041199833 0.23987122639070346 0.28887221148245945 -0.926915539141871 547.2706140801375
-0.8652177134144398 0.49530266840775045 -0.07875354690459496 419.7651935543477 0.435662513979891 0.820003178925151 0.37129973070527367 -238.09326969796166 0.24847774497401828 0.2869363375031619 -0.925248493738218 546.440937512955
-0.8647328054816871 0.49537588586930026 -0.08347814810670484 419.6718651496933 0.4330380288991149 0.8192192072421012 0.3760697528480671 -237.74429779936386 0.2546764925325498 0.28904186332732373 -0.9229046839465319 545.5833772725541
-0.8640859113981935 0.4957027446788947 -0.08811024483882533 419.5701015403293 0.4303332729303384 0.8179489567143361 0.3818948591113803 -237.3832180107184 0.2613695568600138 0.29206405925395273 -0.9200777660893805 544.7164021721475
-0.862857271293313 0.4962538211976218 -0.0966373553464453 419.4593058016929 0.42759176770705404 0.8182450927647293 0.384332987036698 -237.03716722655864 0.26979317745396225 0.29029414165925754 -0.9182045634814339 543.875010210314
-0.8618046711513733 0.4958556631125382 -0.10746820083603664 419.33727292318304 0.42406656064395576 0.8202039112019219 0.3840647062823981 -236.68678641451868 0.2785797529103469 0.285406197268489 -0.9171125421428505 543.0201633175261
-0.8618008030167367 0.4931351887322425 -0.11935681080187215 419.20968536049605 0.41855657698827975 0.8239012974431443 0.3821897938987683 -236.34483924448313 0.286802634306841 0.27940549997574876 -0.9164254009935414 542.1783481471869
-0.861914760421215 0.48975657741891326 -0.13179525839943 419.07501076284655 0.4127834154240304 0.8283353872537533 0.378869469912849 -236.0181011683823 0.29471766761820667 0.2721420091889451 -0.9160995936458596 541.3562915671663
-0.8622264081471894 0.48586774537403327 -0.14362178363676878 418.9404581356526 0.4064718797745519 0.8325412412140183 0.3764679816196651 -235.6973646763808 0.30247763388175203 0.2662141845352698 -0.9153118697143748 540.5588129067058
-0.8618564554777833 0.4837068665372607 -0.15283826683222768 418.7933673538197 0.4011910677302588 0.8342837872371832 0.37826881210412544 -235.368554825709 0.31047457614819873 0.2646881081732163 -0.9130739982591901 539.7547028833393
-0.8603816889851695 0.48463201513294374 -0.1581247944155774 418.63497629825696 0.3988537244230587 0.8330959968268467 0.38332401347277006 -235.0228930270595 0.31749682692662984 0.2667286893784342 -0.9100603825535506 538.9393229176912
-0.8596404566942036 0.48461483506352765 -0.16215675451244294 418.4714456609282 0.39571720471056027 0.8320062062852085 0.38890010288500737 -234.66165187356748 0.3233744432842901 0.27013882738744455 -0.9069796961975005 538.0981325936774
-0.8592092266760825 0.48408716634419086 -0.1659747746800221 418.3200759004731 0.3925540510897434 0.8314872194092213 0.3931936438615712 -234.32795367641654 0.3283381825872579 0.2726735254468725 -0.9044346851618601 537.3269088072406
-0.8579888001034056 0.48548696116364365 -0.16818439062187907 418.15868084888314 0.3919281622380655 0.8300494043322265 0.396838943512875 -233.97408115839895 0.3322536840449494 0.27455912087840023 -0.9024320890900164 536.5207283307668
-0.8555516227370026 0.48942873212039983 -0.16917427199061585 418.0018578526747 0.3948590789258822 0.827891960890061 0.3984375117155566 -233.63232205562855 0.33505679225426094 0.27407557101821955 -0.9015424273857403 535.750611651862
-0.8533153355725014 0.4928969616434046 -0.1703930605515205 417.8450247857055 0.3983107513346876 0.826817501812364 0.3972304692131986 -233.2886044831096 0.3366697751539988 0.27108521714922496 -0.901845503200158 534.9640152707341
-0.8531642573167392 0.4927356731244728 -0.17161116568502138 417.69597787975124 0.3991216462759633 0.8281185611439871 0.3936903758935773 -232.96715241212527 0.3360922605698872 0.2673803714445845 -0.9031657664041265 534.207705158011
-0.8535926937968821 0.49209517592123037 -0.1713206808064713 417.553169142025 0.3995810872813335 0.829171243947249 0.39099963464272414 -232.65289974965526 0.334455687878249 0.26528944425386813 -0.9043893125433755 533.4618812267523
-0.8532380041091556 0.49411350150881606 -0.1672277640163031 417.407658406775 0.40305739966463505 0.8279381908890174 0.39004308850909136 -232.31419818800566 0.33117235604906586 0.26538883090247906 -0.9055675077355433 532.6720289960398
-0.85257851228538 0.49743868043907224 -0.16060142271112607 417.2766496257878 0.40744369752363735 0.8248388728073663 0.39204742908471185 -231.97087979564586 0.32748261776133336 0.2688066778044563 -0.9059012889517124 531.8786180016517
-0.8516723791490817 0.501287230228917 -0.15327842549115928 417.14975138551034 0.4124768734822069 0.8212728388965257 0.39426529084520395 -231.61121670121605 0.3235164892854297 0.2725519011923476 -0.9062074706200949 531.050814062463
-0.851606446994382 0.5036939360809203 -0.14555911148010786 417.0287673770319 0.4167851973406201 0.8187458411490817 0.3949895651987846 -231.2516640636751 0.3181226694008821 0.27569987957555947 -0.9071641276969367 530.2204112913737
-0.8523243633111699 0.504554308286453 -0.13819332612507398 416.9083089059549 0.420308736838771 0.8176989493562103 0.3934216696336596 -230.88986058272917 0.3114963103633948 0.27722979996176284 -0.9089958104008443 529.3748516951609
-0.8508069910161024 0.508453768761327 -0.13315781091718445 416.787213029994 0.4274801753686795 0.8167555762215014 0.3876113484268027 -230.5432324653851 0.3058332837650196 0.27285123286507534 -0.9122379429080248 528.5464272168009
-0.8495225621544976 0.5117114395245286 -0.12881314214754436 416.6719935875649 0.43409312610117606 0.8164610758775162 0.3808234933964291 -230.22204752194705 0.30003594158650526 0.26759211716503295 -0.9157144420917841 527.751826190299
-0.8492246885422323 0.5131830406389822 -0.12486224686293201 416.5585673094806 0.4388789968770591 0.8171472856648273 0.37380159583666284 -229.90110464885583 0.293852859356518 0.26263330012891195 -0.919148822999696 526.9369021984508
-0.8499230590499667 0.5135658713553073 -0.11836334491295153 416.45595105699397 0.4422217179164451 0.8170656152314878 0.3700205454114916 -229.57970482958183 0.28673488051842483 0.2621375131704767 -0.921534903021907 526.1200228359089
-0.850375295539857 0.5144766665594213 -0.11092758272261431 416.3620277408861 0.4454821301467038 0.8158052306759362 0.3688893295989254 -229.2476804248855 0.28027475620301384 0.26426918746610495 -0.9229125806981185 525.2836805591346
-0.8511120035197048 0.5147227757076431 -0.10391197237475189 416.2737361388477 0.4478584039005319 0.8148150233856324 0.36819969672202335 -228.91137274513267 0.27418416507365645 0.26683268382551917 -0.9240035139414985 524.4319465542541
-0.8518259226455248 0.5146962014424418 -0.09803159736536066 416.18765611988215 0.44971377021510445 0.8141792428102168 0.36734414336924553 -228.57294544164384 0.2688808182505335 0.26881799907648246 -0.9249864184955551 523.5711395964211
-0.853526529078799 0.5122322576822121 -0.09612505305661895 416.109709585205 0.44859276035788614 0.8158950972887704 0.36489985680503345 -228.26129489255078 0.2653362092815768 0.26832150997191284 -0.9261533134743654 522.7578017694533
-0.854970973556544 0.5097163079648848 -0.09665949832123752 416.0285698334688 0.44671460280390546 0.8179773148215426 0.36253364341492805 -227.9508169232109 0.2638498240641754 0.26676745111745237 -0.9270259430022854 521.9432712242339
-0.8563617890293477 0.507359278387918 -0.09674965533390323 415.94563839025204 0.4447673647531793 0.8195553912004964 0.36136154862835185 -227.6293815808476 0.2626272387525613 0.266416267859612 -0.927474048960799 521.1002003197439
-0.8560781926569145 0.5078201897214187 -0.09684063639392569 415.85404943859595 0.4452805077004416 0.8194276571475289 0.3610191603726887 -227.30487571447523 0.26268203442169985 0.2659305316874556 -0.9275979696364007 520.2580056176686
-0.8557104405634527 0.5084031592004953 -0.09702772515078768 415.75946001452775 0.4458551497283186 0.8192199817174903 0.36078049409445323 -226.97350966195958 0.26290461704648727 0.26545450770953893 -0.9276712057759441 519.3979784263421
-0.8571699377681763 0.5053581882828297 -0.10001022865451968 415.6676295765449 0.4434236262021934 0.8225402728968542 0.356194219220778 -226.66377868698376 0.2622633015426916 0.2609630595642322 -0.9291260923990635 518.5575872617542
-0.8589767256819607 0.501595252068895 -0.10339667783330302 415.57576860461586 0.44029800186273005 0.8263389966741803 0.35124468368053435 -226.36069826488247 0.26161870154721245 0.25617692271649184 -0.9306388138101948 517.7177991824165
-0.8593162713046435 0.5005229364330827 -0.10574278214151353 415.4794569046999 0.43960983958422684 0.8281505306948352 0.3478228041192169 -226.07246290108296 0.26165975980699857 0.2523957235496586 -0.9316596406621265 516.9260183479038
-0.8596883531886063 0.4998076934170758 -0.10610087251978963 415.38365477724744 0.43879224125606947 0.8285322608753621 0.34794638082229506 -225.76736439043628 0.2618098593748828 0.25256087382935644 -0.9315728612444436 516.0989348930017
-0.8612658121867116 0.4972249841201759 -0.10543977639956521 415.2897985673118 0.43587399968542034 0.8291665865400705 0.3500960728692157 -225.45020542849875 0.26149920060623255 0.2555588830997416 -0.9308417192644942 515.2485713521969
-0.8627083904909572 0.4946463836724291 -0.10577397118874991 415.197873978965 0.43347575167258307 0.8306819846123465 0.3494805711102653 -225.13610584696812 0.2607297287701679 0.2556406407016546 -0.9310346728931765 514.4005540415947
-0.8630922305017286 0.4937990480285584 -0.1066008877244562 415.1037810839015 0.4330669888274063 0.8318322508017703 0.34724479753026494 -224.84407634998826 0.26013879758597563 0.25353012608217484 -0.9317769571791958 513.6003762640688
-0.8633324117221646 0.4932127841207381 -0.10736974006970408 415.01092603929783 0.4333937493999104 0.8332901438351784 0.34331965373112044 -224.5616459066666 0.25879517156955 0.249856530115257 -0.9331426078596607 512.8119341137046
-0.8641507017361001 0.49241899327586736 -0.10439175122353168 414.92338494314583 0.4340606598857395 0.8339349370876838 0.3409034783860699 -224.277510103242 0.25491852839604 0.2492703169892008 -0.9343657593363466 512.0119950679202
-0.8650989017705332 0.49174362242761527 -0.09961795963123717 414.84138100885326 0.4354106589774512 0.8344005050219392 0.3380319492073968 -223.9901149510548 0.2493413519059968 0.24904686656068975 -0.9359290233413664 511.196416857884
-0.8661844050582805 0.49080680432393436 -0.09468907050497194 414.7639028226672 0.43644616569740724 0.8348937651171214 0.3354700987575926 -223.701354784424 0.24370084952418725 0.2492427959254729 -0.9373619939588379 510.37144945077586
-0.867271287633823 0.4896564280386766 -0.09061038182574462 414.6900571234812 0.43699455633511086 0.8355602870890299 0.3330892541382077 -223.41802118175417 0.23880396797046466 0.24927277389628208 -0.9386137052134531 509.55440657420075
-0.8682132641240022 0.48882392263794633 -0.08596416764023135 414.62066703009003 0.43796763279439666 0.8359777349757024 0.3307554255234414 -223.13493149230428 0.23353984307684694 0.24950713309470487 -0.9398750933038645 508.7335160372771
-0.868748720294798 0.48877223658084407 -0.08068458637418494 414.5520938288899 0.439634769541397 0.8356904248880987 0.3292660305906538 -222.8369941784077 0.22835811612346396 0.2505680230550156 -0.9408654934880978 507.871677506755
-0.8692379183403024 0.4886818410964323 -0.07582154607951586 414.4875153943604 0.44106726977234567 0.8353808976628362 0.3281343147431361 -222.54053934300052 0.2236879743052255 0.2517746521901009 -0.941665072414542 507.01147358449475
-0.8696674298874086 0.48812423791695364 -0.07447969007506143 414.42377510257893 0.44106183473382576 0.8356916070774749 0.3273496580554898 -222.25400385545387 0.22202402558645773 0.2518255180729022 -0.9420452807329619 506.17072800566217
-0.8700650786898319 0.48736867374549453 -0.0747832490376424 414.3560759826604 0.4405735982191973 0.8364736191763643 0.32600724422832683 -221.9741907698017 0.22143446739768785 0.2506905314987411 -0.9424867763330691 505.34201857977973
-0.8705863952896378 0.4862804347637412 -0.07579888711819643 414.2879890037712 0.4398764887516172 0.8378459984714374 0.32341417163490266 -221.70657283474623 0.2207720223537626 0.24820817274230686 -0.9432990322786234 504.5395684677245
-0.8709501666923917 0.48557669196086206 -0.07612973601072724 414.21838689889324 0.4393186040702699 0.8384730021151799 0.32254617415091535 -221.43468188703204 0.2204480196184728 0.24746672188189892 -0.9435696878408951 503.7251447714416
-0.8709640968746009 0.48567464037768227 -0.0753508511603979 414.1494546852709 0.43938651570303705 0.8380697247457706 0.3235011701502322 -221.14977969221712 0.22025980787932084 0.24864007358852747 -0.9433052907200066 502.88918588691416
-0.8701073881213828 0.48750246494837 -0.07341357201657836 414.08017733749193 0.4407419713544136 0.835866112820025 0.32733540787651727 -220.85295004200628 0.22093483366732355 0.2524511887992715 -0.9421341311775052 502.03715863524195
-0.869759786982567 0.48837771165574767 -0.07170116118409171 414.01354640284706 0.44122471140050346 0.8342676755485646 0.33074642307560564 -220.54845184595553 0.22134130771540164 0.25602360234642874 -0.94107437014988 501.1750205331179
-0.8698989238341668 0.48822890925752654 -0.07102912800035474 413.94372272764764 0.44092578326458587 0.8338652879063916 0.3321572497475168 -220.23578614670387 0.22139154047955395 0.2576146073564374 -0.9406282947613838 500.28522964029224
-0.8699670648960414 0.48797257903428704 -0.0719489652519361 413.868357466234 0.44077179167829067 0.8345079232683035 0.3307447402907915 -219.93723836692644 0.22143049287255204 0.25601409667523733 -0.941056147293315 499.41746706504387
-0.8697900801929922 0.488032077789039 -0.07366258285837081 413.7920643706207 0.4411071568161996 0.8355417367583302 0.3276728834412434 -219.64986643327418 0.2214574591979701 0.25250374619420723 -0.9419975136033426 498.57073541898114
-0.8697509528515602 0.48796699000961324 -0.07454317909570973 413.7165487907873 0.44113602074160285 0.8360544779150043 0.32632329118444864 -219.36536657034242 0.22155202725863127 0.2509261098989261 -0.9423963122184223 497.72928230942995
-0.8697901196720783 0.48774663743851543 -0.07551582283614279 413.6400167325542 0.4409621641045376 0.8366199980788632 0.3251059940186299 -219.082763109725 0.22174282830479164 0.24946429795928887 -0.9427390286880105 496.8902181641534
-0.869553122644607 0.4880178056198923 -0.07649182835254799 413.5606086539763 0.44106963448345077 0.8367195891264166 0.3247039154167284 -218.79479384294928 0.22245874087067785 0.24859909592683813 -0.9427990172595724 496.03881513973977
-0.8688912598564871 0.489038522549367 -0.07748399717206475 413.47921620531446 0.44180074915579864 0.8363339236052894 0.32470342592743756 -218.50134195761476 0.2235903676677335 0.24788978017496932 -0.9427178745306699 495.17601567796055
-0.8686204383762273 0.48934862437402477 -0.07856339409881331 413.3965834793199 0.4418796569164795 0.8363798397586718 0.32447819597234057 -218.21153540816226 0.22448689357826834 0.2471235179483516 -0.9427062413677014 494.31968041476335
-0.8685735801866815 0.48913454115995497 -0.08039340253895914 413.31126900650463 0.4413315089038956 0.8368617912972276 0.3239807019276385 -217.92620294514728 0.22574348127344354 0.24591183044894555 -0.942722972280178 493.47241044921054
-0.8687525635683896 0.4882405701519199 -0.08382552838211378 413.2220614156081 0.43959730070794867 0.8377551291617371 0.32403004702449373 -217.63633265103056 0.22842494182480172 0.2446434239751772 -0.9424072236150587 492.60987098740355
-0.8686097947008989 0.48766161817586584 -0.08854255968534691 413.1290777119726 0.43745330503061747 0.8382363507045523 0.32568239800933485 -217.3463102291522 0.233037423162863 0.24414869807438178 -0.9414056041173957 491.7547173427112
-0.8679635348739235 0.4879494760497857 -0.09317625945974106 413.03146458980274 0.43582273692278645 0.8379236512814383 0.32865997435742805 -217.0463198134132 0.23843889128790405 0.24464738260704627 -0.9399225557136763 490.8907865036156
-0.8673694661588893 0.48808257157197354 -0.09789068536352397 412.9288551133219 0.4341302259650123 0.8378283045912535 0.33113381379833046 -216.74845293351623 0.24363082992679633 0.24470898674687588 -0.9385741828004037 490.0362349104039
-0.867092651084601 0.48754427051733756 -0.10289529038913643 412.82195576419167 0.431812310556402 0.8382155468521348 0.3331787425010036 -216.44953606597838 0.24868215390510395 0.24445628852325146 -0.9373145510941829 489.178798474744
-0.8663721306595767 0.48779083009014623 -0.10767699337927894 412.70811759614685 0.4305212673541134 0.8383949641466584 0.33439499549724755 -216.15397655848875 0.25338495437341935 0.24334437250260985 -0.9363437011709633 488.33536417773973
-0.8655312865523551 0.4883110574505286 -0.11199320089806793 412.5986371519475 0.4293750121070036 0.8381574220314667 0.3364579294825247 -215.86152234279848 0.2581581879351161 0.2431189835695692 -0.9350977423070445 487.5207762870181
-0.8647284306133969 0.48883529230093675 -0.11584196733512708 412.483067621408 0.4282881641560982 0.8378103966540995 0.33869969790721005 -215.55955143894846 0.2626160916254326 0.24326073652135785 -0.9338187447077221 486.68661135059466
-0.8641284059145483 0.48952465749383645 -0.11740361515816058 412.3682327021322 0.4276105606207278 0.8367943737482191 0.3420518208343375 -215.25804156003306 0.2656796736307733 0.2453641634337841 -0.9324010152047418 485.86624803970574
-0.8632873837992024 0.49087829817015366 -0.11793544603994241 412.25371406343857 0.4282981051957407 0.8357430640199693 0.3437571129056978 -214.95626258725392 0.26730089242967287 0.24624031615680886 -0.9317063789180122 485.0477283170197
-0.8625189437024547 0.49209570681016196 -0.11848932690756132 412.14296225183926 0.42906100272919245 0.8349599748487253 0.3447085725547523 -214.66165859686916 0.26855761404504686 0.24646888274379503 -0.931284756638039 484.24798587126884
-0.8618630297357975 0.4930151935969321 -0.11943398315117328 412.0296901518261 0.42983181003070436 0.8347374231785961 0.3442864599895961 -214.37195099167292 0.26942871766912035 0.245381356587559 -0.9313201220438276 483.4531194676229
-0.8612057744184706 0.49386488858084865 -0.12065923297324384 411.9125791797856 0.43078245999334297 0.8348710386292655 0.3427708946603616 -214.0793565611989 0.2700114626512476 0.24320877546564088 -0.9317213240825238 482.6432982264967
-0.8603431894615181 0.4950817517784895 -0.12181944580264838 411.79907573030505 0.4322005394824352 0.8348863052603492 0.340943765235207 -213.79450416041038 0.2704944999344874 0.24066852402074387 -0.9322406239952203 481.8524294246166
-0.8600321959945493 0.495505195944077 -0.1222918023520143 411.69129541691706 0.43288916478799955 0.8350852442025153 0.33958025120870733 -213.519833514784 0.27038202633911596 0.23910150109203973 -0.9326763280603152 481.0830738247815
-0.8601528701679296 0.4952895203888136 -0.12231381436373538 411.58720327472093 0.43281812844642037 0.835323518498862 0.3390838008110137 -213.24755849265034 0.2701105922424439 0.23871472226328255 -0.932853824086378 480.31954042136806
-0.8602659292135861 0.49505541341554643 -0.12246881204068372 411.47897152858644 0.4327838853642532 0.835666305486876 0.33828289259295546 -212.96626940406023 0.2698058708667474 0.2380013759588276 -0.933124516297446 479.5271515057609
-0.8604460825777763 0.49469790601480573 -0.12264618142397898 411.37535199742 0.4325255563654488 0.8359858850895991 0.3378236605793088 -212.69513107212077 0.2696453928201944 0.23762185572513114 -0.9332676058524062 478.764251493707
-0.8605909693662639 0.49437797438890957 -0.12292349877708997 411.27073386883126 0.4321562412681569 0.8361916223570488 0.3377878591627364 -212.42117581737617 0.26977634592060895 0.23756558776492 -0.9332443797372821 477.99762468817664
-0.8605591821133263 0.4942862351940607 -0.12351184945994904 411.158704317348 0.4318924897762818 0.8362867810966041 0.3378892614809393 -212.137257109099 0.27029937658515046 0.23742003266170733 -0.9331299284597787 477.20599266552244
-0.8605250045364644 0.4941133781079571 -0.12443689880640273 411.0435396887341 0.43154348504655216 0.8365327994444748 0.33772564352845247 -211.85443068316502 0.27096452572152485 0.2369115202412148 -0.9330662324147184 476.4128487698826
-0.8603056286622789 0.49429964113568675 -0.12521495495286505 410.9270017123513 0.4315886225028726 0.8365874335875586 0.33753243881993245 -211.56942033902152 0.27158933492415044 0.23633008261484506 -0.9330321537249264 475.6134744890364
-0.8600095931887856 0.49465331986556366 -0.12584661485280987 410.81203132542123 0.4318589115245792 0.836560302044678 0.3372535375075346 -211.2842511181513 0.27209601980167636 0.23568331135587006 -0.9330478426952142 474.8197226700389
-0.8598747634135129 0.4947686899441276 -0.12631196220743465 410.69547598320287 0.43203612009454956 0.8367158016782968 0.33664007519869965 -210.9953951174305 0.27224047748886193 0.23488687980539674 -0.9332063865369717 474.0084247667204
-0.859759882235401 0.4947342253786794 -0.12722887625367268 410.57764345307976 0.432115970555786 0.8371386509746712 0.33548450417938536 -210.71143881974194 0.2724779263459685 0.23344849946867266 -0.9334981452961241 473.2045938467668
-0.8596805069251304 0.49464789497806194 -0.12809814537250766 410.4593609323583 0.43217129634442786 0.8375900649053262 0.3342839623712339 -210.4322375651439 0.27264064316841274 0.2320072013383924 -0.9338100103681137 472.4106211652939
-0.8593739793895474 0.4949749964990789 -0.12888860892464404 410.33818589383856 0.43248924377523157 0.8376848117458665 0.333634495185005 -210.14905845479086 0.2731031860913898 0.2309638177406987 -0.9339333899326703 471.6056128762265
-0.8591962797283649 0.49508005372729885 -0.12966753194929193 410.21066950274826 0.43241997597923293 0.8377424941316081 0.33357946769631436 -209.84924708945172 0.2737707441117979 0.23052942679310626 -0.9338453030009343 470.75490497621
-0.8592784502581959 0.4947712758178317 -0.1303033815626867 410.08655287455673 0.4320227202803744 0.8380248281290068 0.3333856889974136 -209.558432898936 0.27414120470422193 0.23016702318281998 -0.933826178113361 469.92684179432825
-0.859231128265239 0.49472321990731516 -0.13079991768280588 409.9594851932416 0.4318271961422399 0.8380865577459843 0.333484678087313 -209.25700507739853 0.2745981025171036 0.2300476300213952 -0.9337216818682588 469.07309021155675
-0.859162821953845 0.4947506204550298 -0.13114577843215197 409.83329688213223 0.43175081511426633 0.8380987841991708 0.3335529500282429 -208.95807925499605 0.2749323892442466 0.22994415379899727 -0.9336488494416502 468.2271506338024
-0.859243422441109 0.49448084105021584 -0.1316307988049854 409.7075871212046 0.4313533342949468 0.8382792752367899 0.33361340851074883 -208.66097652363112 0.27530276861087066 0.2298657064800367 -0.9335588683455481 467.38470990042623
-0.8595285159828411 0.4937975843899912 -0.13233269121019858 409.5773207516151 0.4306243844115547 0.8387971844776295 0.3332534270413223 -208.35934785482354 0.27555403764815684 0.22944516485797992 -0.9335883017459391 466.5242006940419
-0.8599057005125598 0.49300581752680306 -0.13283225454422182 409.44661035364703 0.4298463818002715 0.8393499094077761 0.3328654844085646 -208.05205634428725 0.27559160419929774 0.22912534642022253 -0.933655471818998 465.64655039030055
-0.8601230546846884 0.4927482672345036 -0.13238013572968732 409.31781444861787 0.42952526322184287 0.8392746240107885 0.33346989740331406 -207.7365014316556 0.2754142696754617 0.22995432967821947 -0.933504166598494 464.75413442556714
-0.8603902161505956 0.49275850210437816 -0.1305895431642754 409.1911859116685 0.42940228210166065 0.8385713185729662 0.33539079498036 -207.41526653869974 0.27476954734550596 0.23248188615059834 -0.9330677579362635 463.85308914008965
-0.8607637785712186 0.49259131110527377 -0.12874752938124434 409.0634901658858 0.4294691366355645 0.838239237002869 0.336135197789804 -207.08663259719847 0.2734927112890372 0.23403012453177308 -0.9330559102823189 462.9308119222372
-0.86111181851157 0.49210596117022454 -0.12827213869277063 408.93745467261624 0.42935459816604804 0.8386292939686769 0.33530746665675193 -206.77175475378044 0.27257412721380014 0.23365302838859014 -0.9334188834731216 462.03451157105127
-0.8616906325346865 0.4909766985643202 -0.1287166119791507 408.81262658772107 0.4292935208009565 0.8402266404188206 0.3313654147443952 -206.46491156065304 0.27083758226648347 0.23026698778746474 -0.9347654851328623 461.14818492800646
-0.8624063803118827 0.4899399333368857 -0.12787006517196797 408.69162061616726 0.4295466587999126 0.8415429069797136 0.32767717114793576 -206.1659431922848 0.2681437058099177 0.22765416609552014 -0.9361811565075656 460.2721028128799
-0.8630561333132933 0.4896014822222275 -0.12474923400869954 408.57673351075175 0.43024450654132657 0.8415784617864152 0.3266694928364235 -205.86128578721895 0.2649173591805355 0.22825090259957498 -0.9369541994699983 459.38717677705347
-0.8639200096871152 0.4893854896917863 -0.11950735661931657 408.46054253062533 0.43093732725883444 0.8407379087769232 0.32791839952238905 -205.53175967402547 0.260946273742505 0.2317844512020853 -0.9372010334187011 458.4386862364284
-0.8643826186220356 0.48974175199356323 -0.11460315927957604 408.351976420933 0.4319916562297516 0.8395166834418166 0.32965531991819663 -205.21094020813194 0.25765067113175816 0.23543011518313675 -0.9372040808180966 457.52101033968444
-0.8643054127864638 0.49061514595043965 -0.11141088248628657 408.24401167303535 0.4338163568084842 0.8388592887888079 0.32893234656297654 -204.8989981008513 0.254830825641528 0.23595527273367645 -0.937842940147684 456.62320660055224
-0.8650088022711652 0.4898495526238099 -0.1092994863850125 408.1390353180037 0.43414771030516186 0.8394985353854407 0.3268581066992076 -204.59579870121823 0.2518618640323372 0.23527216168066867 -0.9388160820682556 455.73007186591707
-0.8645460146038055 0.49063075133663864 -0.10946058964388394 408.0296968778611 0.4358535978864621 0.8400426888572333 0.3231697047197085 -204.29443293917248 0.2505019764300685 0.23167584901530813 -0.9400738134981522 454.83635836012934
-0.8646837901573312 0.49067752916021984 -0.1081508601209543 407.9206460233872 0.4364407517589312 0.8400679295725724 0.3223100874437552 -203.981193064376 0.24899820009931978 0.2314844764950923 -0.9405202493325726 453.90742446107714
-0.8652643779083306 0.48992423048353134 -0.10692115942439122 407.81379891271604 0.43610122497969533 0.840386621711637 0.32193932800320785 -203.65946372511797 0.2475742612747536 0.23192367811183884 -0.9407883278004944 452.9541426774046
-0.8657251287491149 0.4894827245805132 -0.10519865765493108 407.7055158248652 0.43577108977014944 0.8400966856588525 0.32314169841959983 -203.33028573120384 0.2465425934084291 0.23389886906711643 -0.9405702529576877 451.98679631032644
-0.8660010257573336 0.48900663369461234 -0.10514324262521815 407.59678805246756 0.43536615550541596 0.8403708345211991 0.32297509008357994 -203.01062058912743 0.24628952680587102 0.2339105115902584 -0.9406336938291339 451.0442155562653
-0.8671544873901764 0.48645699750400745 -0.10744070358387661 407.4813666173529 0.43310014514053086 0.8426513832660454 0.3200674195891118 -202.69964148557497 0.24622727987372334 0.23100497600187803 -0.9413679914006152 450.1087672627873
-0.8677351351252207 0.4841868086736153 -0.11287059254334275 407.35296347185096 0.4308064814624461 0.8455391301193227 0.31551514851973106 -202.38972361436458 0.24819794250977226 0.22514796535953394 -0.942269276716281 449.1505236848166
-0.8680126315516037 0.4826624782919362 -0.11718686607716594 407.2221389607133 0.4289773580679018 0.8473875249498247 0.3130400659180837 -202.08354282218866 0.2503880229420327 0.2214417221071238 -0.942568325883548 448.2067302187492
-0.8681606593995664 0.481853700341559 -0.1194041136884668 407.09452624398676 0.42734603995935583 0.8477515571080324 0.3142837630062603 -201.76825069479753 0.25265592004794174 0.22181153723189442 -0.9418761915693281 447.25151044909705
-0.8679701240589038 0.4815540567760298 -0.12197344628301802 406.95789722987985 0.4257236301322109 0.8475530420712835 0.3170098802096913 -201.43224106888715 0.256028380849857 0.22321753876623732 -0.940632564790874 446.25825045503774
-0.8679640353771031 0.4802421324702316 -0.1270814282295926 406.8155602081743 0.42294970839319057 0.8485194904430295 0.31813516328622105 -201.10975475828698 0.26060493533897133 0.2223703428521678 -0.9395757758701798 445.29344579045085
-0.8676269149115299 0.4796039519217565 -0.13171006386692374 406.6683948063479 0.42084883312710314 0.8490191118720799 0.3195856909982144 -200.79146569765518 0.26509071481347307 0.22184046014081785 -0.9384456614561476 444.3439790321805
-0.8674061447097163 0.47935392570752966 -0.13404707243340108 406.52028677574657 0.4192636299439261 0.848741090569517 0.3223931398800001 -200.4595033105924 0.2683033724509669 0.22343495622227458 -0.9371530460217184 443.3722942573952
-0.8665254586509105 0.4803973772127493 -0.1359946484187031 406.36388815691885 0.41865669606433514 0.8474895787358059 0.3264492828620617 -200.11608667599194 0.2720710023421313 0.2259316720194045 -0.9354668264713941 442.3864604252457
-0.8659586931879893 0.4806669564713264 -0.1386290475163861 406.20728459731566 0.4177224225903476 0.8471928639420185 0.3284112000026935 -199.77645917702878 0.27529337357614736 0.22647205639816093 -0.9343929376180078 441.41320920523543
-0.8652245228491036 0.4814307065237172 -0.1405450068989564 406.04857154986064 0.4177437365155146 0.8468251239924579 0.32933033118736105 -199.44005730282274 0.2775583043038423 0.22622303061324797 -0.9337828892489877 440.4498896421315
-0.8643994772810992 0.48270846729411443 -0.141236215704287 405.89005176734867 0.41853850049143 0.8460510804031972 0.3303092681248386 -199.09710939331964 0.27892758270645324 0.22639659927433597 -0.9333326274665765 439.47471810954823
-0.8637186408112728 0.48396179871613537 -0.14111482914934279 405.73268935844396 0.41932992750803755 0.8450525675131207 0.3318582722832113 -198.75105593731024 0.27984759553539945 0.22744856177226017 -0.9328014879870998 438.49777904229376
-0.8635070742073279 0.4844087262234857 -0.14087435728099965 405.5729672571511 0.41948876129117957 0.8445331930206337 0.3329774510771919 -198.39630782507064 0.28026172100023183 0.2284231692142372 -0.9324387174303359 437.4969276551403
-0.8626107597304955 0.48568928726147054 -0.14195431800942296 405.4089149269114 0.4207234481060672 0.8442329069989356 0.3321801550114878 -198.05036549270156 0.28117018036316066 0.22680877156598195 -0.9325592767975674 436.51195123916216
-0.8624911585701929 0.4855574836076812 -0.14312653579790532 405.24057914373395 0.4208857417946642 0.8448923056474404 0.33029233537566954 -197.69916029636772 0.2812936273349799 0.22462481444007013 -0.933050462394328 435.50020401696895
-0.8631474881968826 0.48398489608316364 -0.14449258148279348 405.06978315656755 0.4197647908811598 0.8464069375836716 0.3278325180733054 -197.34327904448293 0.28095632182781827 0.2223053525873121 -0.9337074557246832 434.4596944982387
-0.863425393414725 0.48332414322156314 -0.14504040765148177 404.90110249640355 0.41938016807735595 0.8470997453185 0.32653227649052563 -196.9945480618343 0.28067592395431423 0.22109924914992998 -0.9340777043007749 433.4383928197665
-0.8638502575426663 0.4825094674942662 -0.14522327268939744 404.7346529254929 0.41876987510313335 0.8476984205484541 0.32576093521348043 -196.64398317404073 0.2802793424505775 0.22058392501150123 -0.934318714805833 432.4095318157515
-0.8644904913858966 0.48134115684093853 -0.14528947708699924 404.56769190731416 0.4178298901722038 0.8484461009705347 0.3250203164137462 -196.28722435910558 0.27970711908937307 0.22026099162085322 -0.9345660272564514 431.3623524272616
-0.8650593408670285 0.4802349832266495 -0.14556696118879206 404.3991864221303 0.4170812934546569 0.8493275585135839 0.32367733010403205 -195.9288386415069 0.27906596092437475 0.21927742205368855 -0.9349892123239469 430.3075189607016
-0.8657860366274251 0.4787526777573482 -0.1461303454906514 404.23370991804467 0.416198211870066 0.8506545310031373 0.3213214181087269 -195.58408316373033 0.2781301524074519 0.21736694370453621 -0.9357141324593008 429.2801057509474
-0.866289093604675 0.4779919824078011 -0.14564287343543275 404.06778164395166 0.41572917682044486 0.8510963423946538 0.32075869765854165 -195.23017747496374 0.2772660695673782 0.21731224987857872 -0.9359835033915705 428.2284332688427
-0.8668953373729092 0.47762144715202637 -0.14323130397713404 403.9029674889904 0.415685453902425 0.8508211006540135 0.32154417075797054 -194.8685514584257 0.2754306091918853 0.2191963553046528 -0.9360859664635185 427.16332043563597
-0.8674083395214188 0.47700406618971253 -0.14217694011212703 403.7380837422177 0.4153726356647345 0.8510385311496319 0.32137241225074026 -194.50587586081627 0.27428441426810457 0.21969494839435827 -0.936305458541599 426.0914918979287
-0.8683747962389625 0.4751321323357888 -0.14254711434402123 403.5728828351255 0.41406003117071294 0.8524618489450676 0.3192881382932517 -194.15370954212602 0.2732101952911533 0.21822874752171406 -0.936962522831457 425.0318721906233
-0.869598618898767 0.4730792036876306 -0.1419117554015958 403.4135281853001 0.4125118577207682 0.8536257825057662 0.3181804743718782 -193.80467197155528 0.2716544808476551 0.21813914595244205 -0.9374353847351995 423.9806787044831
-0.8707683820128737 0.4716156592701244 -0.13959008426842945 403.2570239752333 0.4115479426070266 0.8540132603591685 0.3183880018733268 -193.4494326945623 0.2693591717988484 0.21978412401876027 -0.937713137117572 422.9182827062903
-0.8716067291413161 0.4712330445378269 -0.1355946338525892 403.10168270015004 0.41164620492808646 0.8533751907836014 0.3199679414357018 -193.08821249637344 0.26648339648839003 0.22305873915593838 -0.9377617910239182 421.84875495820756
-0.8722958776393235 0.47098651726728324 -0.131972828792824 402.9489238135797 0.4118242184284769 0.8527186883419656 0.32148549488468126 -192.72342810461421 0.26394206786102126 0.22607008034828333 -0.9377595472798852 420.7730157522474
-0.8727060895448784 0.4708378697029482 -0.12977818756168175 402.79474166662277 0.4120922899366155 0.8524488641905997 0.321858233888149 -192.3534369104128 0.26216313658418333 0.22739632136709143 -0.9379380479132666 419.67983496828265
-0.871930384295511 0.47232678999321787 -0.12958199322012062 402.6370205233522 0.41374622982196724 0.8518543107391684 0.32131026448486233 -191.98883722953036 0.26213917056138186 0.22653539642285286 -0.9381531146958408 418.6005256159101
-0.8713009705149565 0.47317720873017155 -0.1307089570164131 402.4757528175595 0.4149340405607715 0.8521115621493853 0.31908884167672275 -191.62865417429728 0.26235477056602186 0.22377626879844623 -0.9387547707542734 417.52198138828544
-0.8705876985643846 0.47400662466272775 -0.13244325368894855 402.31350050876097 0.41638879280509655 0.852792110781342 0.31535387611399585 -191.2757355559107 0.26241711667675893 0.2193848246377444 -0.9397732707639613 416.44901132682173
-0.8703797299762939 0.4742299352063101 -0.1330117865483191 402.1547258080551 0.4172641275959265 0.8534017684355363 0.3125355567843956 -190.93029904658297 0.2617167721199288 0.21651320319932688 -0.94063449152947 415.386928659448
-0.8709909821587667 0.4733335742905413 -0.1322007226694499 402.0015372572086 0.4167173827008122 0.8538650775549953 0.311998951390728 -190.58108767773092 0.26055178735345197 0.2166475715796783 -0.9409268420969702 414.31390226246725
-0.8713355758992638 0.47280552848051266 -0.1318190892839393 401.84741686833274 0.4164163002631917 0.8541843092304775 0.31152689107299314 -190.22896917394186 0.25988002680630445 0.21654222271559348 -0.9411367423841602 413.23447370410383
-0.8725540967676001 0.47038892941056987 -0.1324019596585793 401.692519525532 0.41438890464220657 0.8557928470724794 0.3098096651811749 -189.87915260836962 0.25903072577241404 0.21544945465552887 -0.9416211550110475 412.14480817632335
-0.8736486618739918 0.46817503760996015 -0.1330290182094061 401.53843153758703 0.4124836814796851 0.8572464785607994 0.3083284279780823 -189.53905265831966 0.2583816690533675 0.21448866301037914 -0.9420186608326141 411.0792642810533
-0.8740094182357019 0.4677007054661455 -0.13232448696318833 401.3839962891458 0.41217493717058507 0.8573932118433978 0.30833282288174424 -189.19187233460363 0.25765336919118226 0.2149350891292862 -0.9421162641015732 409.99891566705065
-0.8742853363869891 0.4674535393405713 -0.13137074146722771 401.22390615605406 0.4121368693043002 0.857399313350008 0.30836688132361256 -188.8308582938786 0.2567762196396913 0.21544807164626636 -0.9422386859783687 408.8769949182108
-0.8744616606776837 0.4672378234614311 -0.13096105225795482 401.06700644683264 0.41221761152300346 0.8576251265118956 0.3076302409559855 -188.48644587189278 0.2560441781791536 0.21501630516270842 -0.9425362014044171 407.7979157467382
-0.8746070230896139 0.4671071050673865 -0.1304629151149175 400.9115279191502 0.4124001090644852 0.8578014899132467 0.30689415312239665 -188.14448593690577 0.25525531119337747 0.21459908504885858 -0.9428456730924876 406.72414676352776
-0.8749983394151258 0.4667895514856125 -0.128966405768482 400.76340893334026 0.41231845774867926 0.8577010692795393 0.3072838177955557 -187.80214568670203 0.25404315693527374 0.2156876186083548 -0.9429245624923946 405.65697026464903
-0.8754188565054125 0.4664762488883672 -0.12723389013566386 400.6122851667088 0.41213757043562244 0.8574356377143341 0.3082658944257494 -187.4472004336677 0.2528853112294258 0.21741386798546178 -0.9428393587006889 404.5554926169904
-0.8757484380424995 0.46603280524252244 -0.1265903424198165 400.4590948492251 0.41191910388748754 0.8576352228039885 0.3080026621852306 -187.0888923073993 0.25209925820652673 0.21757791333370516 -0.9430120147595037 403.4373264642716
-0.8759622994199879 0.46566921984774257 -0.12644948597601413 400.30268111013066 0.41174597356767817 0.857921134109009 0.3074369422925944 -186.73236038333016 0.2516392300463958 0.21722800764177033 -0.9432155794594499 402.32011127753816
-0.8757792258480124 0.46618474270135796 -0.1258182397065813 400.149637259697 0.41243121778928776 0.857643151284296 0.3072946341224834 -186.38207217249987 0.2511548076217513 0.21722076675625268 -0.9433465235871328 401.22829371503013
-0.8759892143239326 0.4660580729086938 -0.12482301994781834 399.99572586127044 0.4124451940275244 0.8575195185605465 0.3076208407454077 -186.0211120274594 0.2503989154586604 0.21797972038114163 -0.9433724769577104 400.1039011140577
-0.87598431010031 0.4661143686015264 -0.12464659075955141 399.8417665188072 0.41263815970143614 0.8575589721343981 0.30725194549658535 -185.66856984785193 0.2500979914871566 0.21770384993517736 -0.9435159919027235 399.0011548278693
-0.8761534154151639 0.4657058768329949 -0.12498156509954338 399.6882348308744 0.41239520546025066 0.8579895606346442 0.30637414599868806 -185.32183784011264 0.24990511117293468 0.21687866806981834 -0.9437569157659231 397.9080131332633
-0.8766332767473126 0.4645789862877366 -0.1258081493231184 399.53295572167036 0.4114583213558394 0.8589130818651084 0.3050429577274339 -184.97566966429835 0.24976688797573354 0.21563571375191815 -0.9440783681394647 396.8113747015703
-0.8769600171437799 0.46380581245146113 -0.12638082592446165 399.37679389600004 0.4108460987634756 0.8595720891729388 0.30400966295229614 -184.6239280144584 0.24962721670331642 0.2146709142812683 -0.944334937515539 395.70074415197985
-0.8770966902270353 0.4634828143555897 -0.12662299722201445 399.2189372011821 0.4105497098219397 0.8598133160008337 0.30372827241093103 -184.26993502247922 0.24963679166473896 0.2144039385546175 -0.9443933756391014 394.5832252663064
-0.877176938063486 0.4633378203035371 -0.12659675055249475 399.06387638719855 0.41032870855269504 0.8598053326923214 0.30404925986028214 -183.92106728610517 0.2497180584281295 0.21474858544675013 -0.944293528766655 393.48634914304637
-0.8773763399270589 0.46290039287842666 -0.1268135499578608 398.90962324223165 0.4098764846405646 0.8600544843787783 0.303954775425872 -183.57617000238525 0.24975927235272988 0.21469480737225133 -0.9442947638375352 392.397756565061
-0.8776802980428353 0.4622371424589599 -0.12712739420516797 398.7572328078369 0.4093057199126746 0.8605254466077786 0.3033901594843357 -183.23879859403576 0.24962674275610217 0.21423534992607185 -0.9444338034810531 391.32644102184133
-0.8779904558410646 0.46151241206998656 -0.12761581725246351 398.6064498519179 0.4087504355044109 0.8611406970739729 0.30239140818853627 -182.90969560228334 0.2494448092143746 0.21332346932811472 -0.9446880368323205 390.2733133189187
-0.8784320387011593 0.46060368950022496 -0.12786297656265674 398.4629505493864 0.4079855904485705 0.8617440145337546 0.30170490594033267 -182.5922327301626 0.24914360081450848 0.21285083645486702 -0.9448743473543905 389.2553956371179
-0.879030330302413 0.4594593614366643 -0.12786587702137014 398.32254662424134 0.40699999159802563 0.8623927339466102 0.30118220779808236 -182.27498723847287 0.24864380112420495 0.2126964977724251 -0.945040297765067 388.2386374218006
-0.8794287867616654 0.45902757248505494 -0.12667112078624618 398.1894011033278 0.4066948995737505 0.8623422727661894 0.30173808444802047 -181.96429392899785 0.24773213989328904 0.2138300001319216 -0.9450241423480803 387.2529189091716
-0.8799229236758791 0.45852343007382124 -0.12505890476223527 398.06199153310934 0.4061247429132736 0.8620273895338292 0.303400654347331 -181.65909875372117 0.24691280071155716 0.21616893000764534 -0.9447067687907291 386.2922552099135
-0.8801078165186372 0.45861475841445826 -0.1234133028159518 397.9364395492888 0.4059338606997895 0.8612359235459676 0.3058940035338913 -181.3564758469836 0.24656786358493155 0.21911096356824217 -0.9441189937417384 385.3530387765425
-0.880204734362581 0.45873109162833253 -0.12228489306426693 397.8124799087046 0.40583110923082866 0.8606374852267783 0.3077090476008073 -181.05448731052675 0.2463910853967864 0.22120872290366667 -0.943675727874868 384.4175073126184
-0.8804663163384605 0.45811823035726457 -0.12270100201997527 397.6874545377322 0.4052176489918204 0.861037735071109 0.3073980669238822 -180.76197926561616 0.24646704368835365 0.22092211532666742 -0.943723219650831 383.5012022108072
-0.8810856479912331 0.4563267829987905 -0.12490997244094854 397.5611334189251 0.4033805767592222 0.8624699088051837 0.30579450268658664 -180.48205903651913 0.24726571976066294 0.21903412650954468 -0.9439542233916078 382.61522419534066
-0.8804850273866481 0.4565165153644142 -0.12840291986037877 397.4219775911831 0.4031029603662794 0.8630370087858817 0.3045579709741051 -180.19579115913035 0.24984458528609396 0.21638844993407877 -0.9438853194034806 381.71215941119937
-0.8793870201469732 0.4573430028599757 -0.1329059926525061 397.27889431765726 0.4024710561176495 0.8627615540684208 0.30617005304477435 -179.9076119405764 0.2546830382789571 0.21574062412298553 -0.9427400810306662 380.8087534127241
-0.8783802135614017 0.4577354362944693 -0.13811205017988665 397.12825783669723 0.40104093502884985 0.8625864158197797 0.3085311673747281 -179.60200761407606 0.2603512780075403 0.2156085490762875 -0.9412208048028428 379.8732514211932
-0.8765562382666751 0.45952412982816904 -0.14364914976813936 396.9794196177544 0.40100939351117076 0.8619026751837924 0.31047642662289626 -179.31693785442096 0.2664748674453137 0.21453494301699638 -0.9397510956377984 379.000856961227
-0.8749964309049217 0.4611078687322949 -0.14801289573554327 396.8197166696642 0.401402261706271 0.8614809553123004 0.31113708518633865 -179.02073459213608 0.27096981689540295 0.2128209680439655 -0.9388550330704194 378.09131942169415
-0.8746225064761818 0.46137619478746045 -0.14937641083856854 396.66286986813145 0.4013029838920766 0.8614524749968844 0.3113432942315527 -178.72841207220358 0.272319050974387 0.21235260873826028 -0.9385704089512752 377.1935304820265
-0.8743573050351273 0.46174862695701463 -0.14977651016463503 396.51143986877815 0.4017016556219701 0.8614167858636742 0.31092748130304787 -178.44061972439385 0.2725824370795552 0.21168619180450882 -0.9386444865828598 376.30550887828457
-0.8738859700558749 0.4626151548963557 -0.14985455437466752 396.3667609911507 0.40295421094435063 0.8613481283782359 0.3094943365447512 -178.163918432249 0.272245833969603 0.2100679819504837 -0.9391057761703122 375.44425964486845
-0.8743361982135295 0.46184691196524946 -0.14959723160866825 396.2291595036192 0.40352456951049537 0.8626528808244122 0.3050857726792064 -177.89971763481688 0.26994549788860306 0.20637152585518861 -0.9405881347582543 374.60180854581233
-0.8752676795982969 0.4604578948818387 -0.14842558784031665 396.09900578009496 0.4036828248559268 0.8641514780784493 0.30060192358808935 -177.64670153283214 0.2666693975054658 0.2031807966489582 -0.9422156067691386 373.77878667694785
-0.875698428569814 0.4601934206262125 -0.14668979301633206 395.96866775461217 0.4049313072455808 0.864972133729158 0.29653390751693154 -177.39491264867894 0.26333881121203256 0.2002657798483213 -0.9437748036659306 372.9533848701503
-0.8764735180346025 0.45940381335784863 -0.14452225283757253 395.84254447452685 0.40498981510381354 0.8654182621121206 0.2951497935203312 -177.13901987277424 0.26065824608491406 0.20015153467410984 -0.9445429352004103 372.1140673976143
-0.8770817157441658 0.4586454169422173 -0.14323555057859141 395.7147849414403 0.40466143728153525 0.865758951697438 0.2946007522536416 -176.87194458198172 0.2591178690116548 0.20041770887764507 -0.9449103641325273 371.2410092242706
-0.8775934225409828 0.4578789863229598 -0.14255229921592233 395.5823149776808 0.404198971728228 0.8661626840965956 0.294048654294537 -176.59990980789536 0.2581052655037493 0.2004264101550116 -0.9451857558561144 370.3488193535024
-0.8777376199865834 0.4577507776064588 -0.14207482040098396 395.44633453841675 0.40420228096728056 0.8661983941140111 0.2939389036436051 -176.32518162418654 0.2576088665523083 0.20056499210452025 -0.9452918476287944 369.4550413228878
-0.8780066020669589 0.4571427661794041 -0.14237293344927524 395.3037819246543 0.40355509525760624 0.8665196346668643 0.29388193052806943 -176.04431958932167 0.2577076118241051 0.20056587319004637 -0.945264887303943 368.539352756107
-0.8780564041471702 0.45656805701764747 -0.14389894666514097 395.1595218275892 0.402545234867198 0.8668364366662085 0.29433218678731843 -175.77140060662634 0.25911237631890915 0.20050528450407226 -0.9448934242879206 367.6509515750012
-0.8779392857248244 0.4560260761285854 -0.1463151692456488 395.01210500381853 0.40129814162053884 0.8671611319060316 0.29507826608507765 -175.5017714650831 0.26143471816278296 0.2003356556116318 -0.9442896518209254 366.7726273830264
-0.8776202418297918 0.4558982797707305 -0.14861348912530079 394.8655260262376 0.40072782652485944 0.8674700988597444 0.2949461154894513 -175.2358087153824 0.2633751575304667 0.19928789425754473 -0.943972387669778 365.9120795735131
-0.8769151988303674 0.4566452455726204 -0.1504727092566097 394.71127654919866 0.4012950873678606 0.8674694409693767 0.294176410332987 -174.96303882249268 0.2648564367991489 0.19757464993812954 -0.9439180609674341 365.02575037047893
-0.8761855243210637 0.45771197956234966 -0.15147300437682623 394.55013728380345 0.40220576287535187 0.8671212690955729 0.293957985628699 -174.67677818146794 0.2658855446738006 0.19662932552308157 -0.9438258654578219 364.09631563349603
-0.8762744307547412 0.4574084724416896 -0.15187841414761502 394.38715647971446 0.4015788790906241 0.8671203270469826 0.2948172201117766 -174.37554852012448 0.2665404036538205 0.19734064680083852 -0.9434929262490066 363.1222591582099
-0.8758271050289732 0.45805006491743 -0.15252348491583087 394.2171243908905 0.4020088266785426 0.8668347182946466 0.29507053807653816 -174.0730035283126 0.2673614639289878 0.1971060722942986 -0.9433094265825235 362.1441476907523
-0.8751124426639737 0.4591945071055449 -0.1531839946699146 394.0540615572004 0.40299125317794654 0.8663617748363895 0.29511957487471885 -173.7854430563596 0.26822181174996035 0.1965221821487482 -0.9431869157351971 361.2125874044826
-0.8750384581064701 0.4591911250457003 -0.1536171464073417 393.8965782868261 0.4029239394073811 0.8664234470027296 0.29502974175455715 -173.50803752098665 0.26856411018862186 0.1962575733870599 -0.9431446176748268 360.3085704871337
-0.8751159097647423 0.45898657986537267 -0.15378656052241543 393.7403518267385 0.40277621294103355 0.8665993091443642 0.29471460451820247 -173.2299333505987 0.26853294451470516 0.19595913133975915 -0.9432154841790303 359.3989063346721
-0.8753314783256172 0.45859906773471354 -0.15371620988551546 393.5891574855118 0.40252341328710256 0.8668557470083372 0.29430565400815434 -172.95650686105077 0.26820961045300196 0.1957317831409697 -0.9433547406362361 358.5020183974265
-0.8755362025243414 0.4583133656586743 -0.15340862280336545 393.4398875085585 0.40235076857987273 0.8669926448263232 0.29413939684561996 -172.68030680169048 0.2678032395869641 0.19579671638868615 -0.9434571086759258 357.600902545796
-0.8756931353495763 0.4581824905103288 -0.15291187082699403 393.2858471070514 0.40233536711688406 0.8670155287270523 0.2940950554359387 -172.39291087013413 0.2673164326933871 0.19600662066063385 -0.9435520813059698 356.6654185780786
-0.876013975453888 0.45783684347659553 -0.15211373857224647 393.1302205000736 0.40194173476543954 0.8669397264366594 0.29485680963530825 -172.09741381126895 0.26685964281080155 0.19714939644420185 -0.9434437213581798 355.7087955742143
-0.8766091875953962 0.4569031043671369 -0.15149022815555008 392.9722695669644 0.4008430153184519 0.8670817366241815 0.2959331929926393 -171.79343159052954 0.2665570664957958 0.1986855894495186 -0.9432070621198245 354.72936647367135
-0.87691212045259 0.45633092866293556 -0.1514628061405713 392.8077981542015 0.40014987469521385 0.8672414728578861 0.2964034676090217 -171.48204447479912 0.266602714407013 0.19930371973573194 -0.9430637813978116 353.7277100163109
-0.8771435665382292 0.45570650613146835 -0.15200282973160684 392.6418902931243 0.3995409650906903 0.8676687550834542 0.2959744762162368 -171.17977637494985 0.2667553648724544 0.1988725964363044 -0.9431116420750106 352.74649025114627
-0.8771235800158529 0.45550743234869356 -0.15271620925613644 392.4763648821463 0.39921014482468853 0.86783950684961 0.2959211733008909 -170.88514965414015 0.26731702277211905 0.19858554739018808 -0.9430132127046148 351.7911292149329
-0.8769304451113374 0.455206325740923 -0.15470918180430307 392.3054572182941 0.3981873088574777 0.8679380557718163 0.2970077258695487 -170.57385659129977 0.2694675148012075 0.19884375915533872 -0.942346400926328 350.7989944839909
-0.8763766373662332 0.45521051137971486 -0.15780199313803858 392.133465518665 0.3970943872179012 0.8679017950177431 0.2985718945186875 -170.27107330315067 0.2728595174702656 0.19899126854479723 -0.9413386304092637 349.83773299921415
-0.8757991170655831 0.45554575049636653 -0.16002239127504395 391.9548762173021 0.39660407361943856 0.8677029268773009 0.2997981248065683 -169.96195461803268 0.2754135281480275 0.1990896679257122 -0.9405735538423096 348.85752020622755
-0.8749116452807191 0.456728916838526 -0.16150064006805095 391.7693558725233 0.39729353261664185 0.8671841798590443 0.3003860953838466 -169.64690563144435 0.2772354232575418 0.1986402941669271 -0.9401333197487725 347.86082470760937
-0.8742972437719184 0.4575642897843913 -0.16246207869397566 391.5797464757065 0.39780772668844305 0.866816563046298 0.3007669951562884 -169.32529407286762 0.2784344896795534 0.1983232065897313 -0.9398458889175291 346.84314993837165
-0.8735402675169786 0.4586721060753477 -0.16340748177531755 391.3933373624295 0.3987159276183996 0.8664070696232336 0.3007443251734774 -169.01118272347003 0.2795099918920083 0.19755102720114276 -0.9396893514152951 345.8469960268463
-0.8733226661923571 0.4589603942644581 -0.16376173466625146 391.20849422475396 0.3988847759117447 0.8662789891187466 0.30088946268586536 -168.6954940381785 0.2799491889367655 0.19744340968634883 -0.9395812355094579 344.84596293555876
-0.8730807295771452 0.4593476074581141 -0.16396309917750673 391.0234320815729 0.3991433158143279 0.8660618136527112 0.30117118408384036 -168.37669959935104 0.2803342673054669 0.1974937838702732 -0.9394557279817035 343.83803180744115
-0.8729183015937342 0.4596007062551721 -0.16411855149046428 390.8315736945174 0.39939355743397414 0.8659829549167906 0.30106576198455254 -168.04538609895835 0.2804838392685269 0.1972496985981808 -0.939462333368587 342.7870975347411
-0.8724883095868518 0.4605111119425761 -0.1638516282377338 390.64117373035657 0.4003648229854929 0.8655484494326475 0.30102498530769833 -167.71492431825274 0.2804369007486744 0.19703209803703323 -0.9395220287232097 341.74088592420907
-0.8723741367290893 0.4609118900792543 -0.16332604275055515 390.454173864807 0.40090565302275577 0.865336644149982 0.3009132667403167 -167.3878387850732 0.28001702509440707 0.19702221218557053 -0.9396491643228966 340.70181278762595
-0.8723255264952117 0.46108341773437406 -0.16310360375364438 390.267546067932 0.40114701504896083 0.865253987461216 0.30082916470890064 -167.06266069036852 0.27982375754247196 0.1969839778880748 -0.9397147598765909 339.6685561528444
-0.8724686565839653 0.4608137226957261 -0.1630945688896145 390.07993735519165 0.4009792779245875 0.8654450676683085 0.3005015391473862 -166.7367054552897 0.27961568273480053 0.1967719719879408 -0.9398205817417951 338.62759129116506
-0.8726022950968815 0.4604952385522038 -0.16328139557270915 389.8912097145948 0.4008539051773104 0.8657707961735439 0.2997300686472571 -166.4135686110249 0.2793793406742332 0.1960845139352068 -0.9400347852900366 337.5889793342178
-0.8724993653025858 0.46059490375953793 -0.1635469253604974 389.69904396374164 0.4012310603760028 0.8659830397763518 0.2986093472367574 -166.08819732919255 0.27915797951491683 0.1949077525386996 -0.9403450137284906 336.53988333733747
-0.8723963342842865 0.46074572073509296 -0.16367112191141903 389.50643217424505 0.40168100917906907 0.8661519459989279 0.2975118806403104 -165.76100304675222 0.27883286799864937 0.1937958956471472 -0.9406711770916847 335.48174133605977
-0.872355195705693 0.46086648421279236 -0.16355272894634498 389.31367322942435 0.4020001117333193 0.8662065999156375 0.29692165038588714 -165.4276290985575 0.27850317191883966 0.19326384935091062 -0.9408784618977309 334.4108875824958
-0.872675398606454 0.4603241028926426 -0.16336799253004483 389.1238430386706 0.40167255622340964 0.8665588290184617 0.29633590386971215 -165.09790190606995 0.2779706505694105 0.19297542437473525 -0.9410947355718705 333.3434496720804
-0.8728902344800334 0.45973406987296334 -0.16387770294606124 388.9292159944594 0.40150067551555124 0.8672360011249659 0.29458146253754075 -164.76968461709248 0.27754219499291893 0.1913313682843278 -0.9415564534411324 332.2688550574594
-0.8736888034204661 0.4580311901795951 -0.1643918671528984 388.73392239703514 0.40025822347784135 0.8684459321937956 0.292702086382612 -164.43924164392618 0.27682434883717016 0.18992251956074285 -0.9420529679695886 331.17378415225033
-0.8746330026283266 0.45597088080004766 -0.16509652109716114 388.53752842261025 0.3987228365802248 0.8698995719001269 0.29047263266165024 -164.11055283159698 0.2760568101656997 0.18822029017065572 -0.9426196526808067 330.076660992448
-0.8756564503056935 0.45369523032743253 -0.16593800809391251 388.34221662844345 0.3969278998264287 0.8714421185248392 0.288299524381685 -163.786252725174 0.2753978682733041 0.18657681337525947 -0.9431389936867748 328.98475696944865
-0.8767246489949564 0.4514074477432985 -0.16653552858443885 388.1495549799115 0.3950945545171123 0.8729082875198432 0.28637539806531515 -163.4672049852542 0.27463491267885515 0.18526590666248072 -0.9436196673778797 327.9039675925323
-0.8771100752579254 0.45077484142755797 -0.16621758433015071 387.9520430218584 0.39480778563591906 0.8733543546662518 0.28540855284083827 -163.1449580652129 0.27381488274569815 0.18470131808855783 -0.943968269576958 326.81281385192784
-0.87749167937728 0.45063287492785514 -0.164583610259276 387.7582733353679 0.39475731919224927 0.8731192463086185 0.2861981286830114 -162.81852248490486 0.2726641670579592 0.18615639902223446 -0.9440157180954467 325.7183263695429
-0.8779936854731937 0.4507879202449425 -0.1614531804705862 387.5656656401178 0.3947445294749879 0.8722251514448272 0.2889302509713696 -162.4814735325082 0.2710627460493331 0.18993619849525165 -0.9437242823519542 324.60706949671373
-0.8785433116284388 0.45065491703341 -0.15881446541400074 387.37380676356975 0.39437190251686083 0.8714958936094911 0.29162712075697805 -162.13946441401873 0.26982246994173886 0.19356498916381332 -0.94334227431896 323.4911983456066
-0.8787188003485156 0.45043527165447567 -0.15846569006738764 387.1837148474244 0.39420719313507563 0.871549012781264 0.29169070192390134 -161.80589357761693 0.26949181470424827 0.19383568395872833 -0.9433812060257657 322.39546426156113
-0.8790959161847535 0.4496876861393532 -0.1584989547916087 386.9913365039371 0.3936063742513067 0.8719936960508141 0.2911738069490419 -161.47163901036564 0.26914058883601455 0.19357313837828832 -0.9435355759585367 321.28924355161627
-0.8793765656268427 0.44937451986056776 -0.15783086779961722 386.79494845849894 0.3933094963071578 0.8719843115945527 0.2916031343286038 -161.12360318409213 0.26865806874866016 0.19434206492143447 -0.9435150495580357 320.14425000807194
-0.8798232281494747 0.44904631477709916 -0.156267456793356 386.6035274646001 0.39278984214099627 0.871610337042361 0.2934157194229026 -160.777149683521 0.2679545827788417 0.19676319462764227 -0.9432133043804688 319.01346999566306
-0.880053048594983 0.44897952509252753 -0.15516398357315828 386.4046627257366 0.39250039399411846 0.8712037049335508 0.2950078107353519 -160.41662168404224 0.26762471115302233 0.19870979500986033 -0.9428989860649015 317.8436986548478
-0.8800066307917145 0.449148938669368 -0.1549365698164132 386.20713179291636 0.3925706185115348 0.870999330484304 0.2955181811584326 -160.0554360881951 0.2676739139901145 0.19922369629793846 -0.9427766547745423 316.6834900158508
-0.8801503560717562 0.4487189676178345 -0.1553662343452914 386.0047643912053 0.39221432300959275 0.8713494604315789 0.29495814027167977 -159.69656789573682 0.2677243878211272 0.198659857637893 -0.9428813507831929 315.5142628699103
-0.8806820775289717 0.4472217345587053 -0.15666351211045557 385.79874281810623 0.3910929982231829 0.872601834850814 0.29273562239149137 -159.34271450783285 0.2676157257216108 0.1965265013977826 -0.9433590398503735 314.3433373084084
-0.8816076356910726 0.4446777295325279 -0.15868554572565885 385.59424676388977 0.38917032601861706 0.8746511068786867 0.2891596773604106 -159.00006355791274 0.26737094249735827 0.19315964350208115 -0.9441235577951965 313.189086406719
-0.8821150028910779 0.4432161578860683 -0.1599519566513094 385.389620513892 0.3881236062508778 0.8758818580746839 0.2868316809310859 -158.66508207516907 0.267220858999792 0.19092769669520468 -0.9446200911458615 312.05473961779865
-0.8823077723307082 0.44277229433090337 -0.16012161932444585 385.1843367560691 0.3876901387671356 0.8761219993645659 0.28668454693731765 -158.32072336397283 0.26721498882730443 0.19085703693986358 -0.9446361690520201 310.8962849477763
-0.8823791123392571 0.442679152143632 -0.15998294372781097 384.9809223779598 0.3874782329983206 0.876044168465414 0.28720734928582453 -157.97761438048772 0.2672862070577304 0.1914260779613026 -0.9445006863918349 309.75091038860165
-0.8823101132033807 0.4426735756970401 -0.1603787091581906 384.77362849605 0.3875062369629079 0.8761622782792564 0.2868087026286902 -157.63602701372437 0.26747384081385445 0.19089653803223855 -0.944554503071867 308.60151046123036
-0.8822130569073819 0.4424656695493411 -0.16148327481352012 384.5629124309549 0.3875457024189533 0.87668227965059 0.2851613118191097 -157.2972826323341 0.26773682325772485 0.1889815133595364 -0.9448653183592061 307.4513668737239
-0.882619810036279 0.4413194680839114 -0.16239302813897422 384.3558283761598 0.3866569190834764 0.8775672947909107 0.28364077918114433 -156.96495824726045 0.2676803615198931 0.18754743015303457 -0.9451669999674703 306.31226390107156
-0.8828712207195036 0.4407623253304783 -0.16254176004933257 384.1522961481618 0.38612528449875916 0.8778602183281907 0.283458649090396 -156.63117030371234 0.267620203432704 0.18748684178273445 -0.9451962325392246 305.17326493234464
-0.8832379113522784 0.4402052049658375 -0.1620585291403771 383.9523219004752 0.38556370769531945 0.8779891507577853 0.2838239475294924 -156.29543279283743 0.26721985216520755 0.1881910335436867 -0.945169518976379 304.0330516143223
-0.8836435085161989 0.4396835725060285 -0.1612613771920394 383.7538543268087 0.3849935140565805 0.877998884708744 0.28456701959194636 -155.95912293095677 0.2667001599540458 0.18936209696017076 -0.9450822235858468 302.8950572828463
-0.8838670790154075 0.43951397211710197 -0.16049408054429454 383.5522911138268 0.3849299063214441 0.8779708670269429 0.28473864479964367 -155.61965880166025 0.26604944571121514 0.18988270244464925 -0.9451611478795855 301.74672385493324
-0.8840824868491826 0.43914900109131816 -0.1603059468279578 383.35378785098567 0.38466777525594203 0.8781580326056823 0.2845151444839374 -155.2858707658775 0.26571217924379187 0.18986081854816778 -0.9452604279785931 300.61301798860165
-0.8843257165632631 0.4386014212712515 -0.16046559511704084 383.1573066427258 0.38433101454819846 0.8785808782029317 0.2836644717584767 -154.96089786315932 0.265390867454425 0.189170587466494 -0.9454894136982395 299.50041000692386
-0.8846236971863132 0.4377271455109913 -0.1612085619659004 382.95849802592664 0.3838538361720936 0.8794068360278791 0.28174411556859236 -154.6342881558562 0.26508852581190245 0.18734753157192915 -0.9459369779387665 298.3766679683265
-0.8848958138957747 0.43705376166370247 -0.1615412378310354 382.76346048853134 0.38325900208899316 0.8798260225736387 0.2812445998705397 -154.3124535697726 0.2650410973391973 0.18695029500838936 -0.9460285681153218 297.2704606849017
-0.8850986978844353 0.4367423243272615 -0.16127278543408013 382.56811147911725 0.3828933772098308 0.8798610818622079 0.281632900294357 -153.98503532904854 0.2648924269061464 0.1875127912710306 -0.9459589624678703 296.1529730984402
-0.8853773097209969 0.43625656347300557 -0.16105643125653626 382.3733972443266 0.3823874064421165 0.8800052406273889 0.28186951535107 -153.65788041316037 0.26469194271096624 0.18796493841432288 -0.9459252079034458 295.0363251063086
-0.8854781765331409 0.4359547937991473 -0.16131997216825478 382.18089562474006 0.3820671924737561 0.8801805117068112 0.2817565843856404 -153.34185564607412 0.2648180431883347 0.18784410810058372 -0.9459138656418448 293.955551878237
-0.8858099260094611 0.43494242239604086 -0.16222925260571258 381.98352024876283 0.38104268715960143 0.8808082742256914 0.28118122735480083 -153.02304952762432 0.26518460666181737 0.18724669863709234 -0.945929495292679 292.8567159198673
-0.8862090061479323 0.433850681639088 -0.16297305337166237 381.78695592866984 0.380001284223665 0.8814747293823385 0.28050198343884475 -152.70763438519265 0.2653465600808933 0.18664342978772866 -0.9460033511337079 291.7660800673948
-0.8869487894896132 0.43219566125860026 -0.163347548552524 381.5914922476552 0.3783400148982635 0.8822550830823164 0.2802939520757779 -152.38452427378823 0.26524971578399625 0.18679550459021957 -0.9460007767971107 290.65400611374406
-0.8871419916956572 0.4318136883941432 -0.16330816063419934 381.3987961828967 0.3776624215514203 0.8821987605578425 0.28138281274960025 -152.0675918704923 0.2655688088853724 0.18794094280911286 -0.9456844342819065 289.57402071358115
-0.8872656882232964 0.43141849610459004 -0.1636808291901 381.20587529549096 0.37699923767539645 0.88225917384658 0.28208177660722156 -151.75354549409667 0.26609779312429765 0.1885635095846863 -0.9454117202953801 288.5063663935502
-0.8873333812296861 0.4312543594051747 -0.16374839727027002 381.01611661361204 0.3762983167859996 0.8819621363502052 0.2839409889171392 -151.44249751996276 0.2668642154116451 0.19032140320473326 -0.9448434969391398 287.45925926346837
-0.8874204901462682 0.430925232238563 -0.16414442501641213 380.8261628974545 0.37555083443922044 0.8818924858777776 0.28514479081322625 -151.1302915086396 0.2676272274883893 0.19138816149116772 -0.9444122013894923 286.4125460336134
-0.8877198761648222 0.43014875762900306 -0.1645611449328646 380.63708815156303 0.3746587486404428 0.8822302891327255 0.28527300917996923 -150.81808254913204 0.26788408459106977 0.19157773464474334 -0.9443008090388151 285.36117072241154
-0.8876195428209015 0.42998724777598085 -0.16551894783210805 380.4471263461861 0.37433057332897773 0.8823980355443418 0.2851846099688389 -150.5167943139138 0.26867309959213076 0.1911659828090312 -0.9441600410717108 284.34426777052136
-0.8878005522345499 0.4295186289296519 -0.16576442046408396 380.2575649150741 0.37365024608396313 0.8824985851910608 0.2857644941649469 -150.20567881508072 0.2690218449870607 0.19175316278282592 -0.9439415933008671 283.3001130880079
-0.8880773437416526 0.42918056574238567 -0.16515482358546582 380.06801514119644 0.37288954759425275 0.8821950014769332 0.2876882385979756 -149.88933055143895 0.2691627239528375 0.19389409309336475 -0.9434638241658474 282.25017957651124
-0.8882235237279147 0.4291030660079129 -0.16456982222275077 379.8814239412078 0.37262461088648474 0.8819546486769076 0.2887665666007077 -149.56976918333072 0.2690474461387034 0.19515563652530712 -0.9432363850988904 281.2001191337632
-0.8883699367118103 0.42868482797210405 -0.1648709913242868 379.69311453069344 0.3723506846001544 0.8823032257476148 0.28805426149624713 -149.2584481244319 0.268944346098022 0.194498053990767 -0.943401794486513 280.160207946735
-0.8889702695098854 0.42712916301738163 -0.16567121953233596 379.50675144745423 0.3713445728004653 0.8835286006655758 0.2855863884517163 -148.95657935395656 0.26835117030698036 0.1923458924063076 -0.9440117915273072 279.1310487157715
-0.8897253130114855 0.42531595453038556 -0.16628255428846664 379.32675716913815 0.3699750290187638 0.8847333772444799 0.28362699707288114 -148.66596175089165 0.26774063356814665 0.1908189461674661 -0.944494902788927 278.1299518160533
-0.8901365332720214 0.4245088180544378 -0.16614671177991616 379.1442222434703 0.3693955562160428 0.8851973284551305 0.28293461884094706 -148.36838627573437 0.2671743943098176 0.1904658912728544 -0.9447267457023195 277.11010109689454
-0.8906617918235453 0.4236753891277083 -0.16545879850560116 378.9631591410445 0.36868812268060064 0.8854732300737282 0.2829942508285491 -148.0628687873017 0.26640048208731026 0.19103871627635 -0.9448296094574542 276.0712909247795
-0.8910667312066793 0.42285041174755184 -0.1653880612742643 378.78100907649946 0.3681044284397945 0.8859676846958856 0.282204925735389 -147.76495518889888 0.26585242506133855 0.1905727023417629 -0.9450780476602872 275.0479844581491
-0.8913279042428893 0.422219981453691 -0.16559134458503605 378.59847532335306 0.3678552440795927 0.8865442501859896 0.2807153868266975 -147.47192654431603 0.265321165433536 0.18928503144946815 -0.9454862089479769 274.0333483960154
-0.8913559870821176 0.42223199999584865 -0.16541266260116186 378.4179176533419 0.36797818438961344 0.8865784744578924 0.28044661915590846 -147.17901606755336 0.2650581719851599 0.18909854174353335 -0.9455975552447591 273.0256469654224
-0.8918721154723332 0.42193676361453497 -0.16336712726452132 378.2425708147724 0.36769080128338527 0.8862398354940417 0.2818891727126939 -146.88111833436537 0.26371516804893114 0.1913298920205279 -0.9455240394849023 272.01223993026844
-0.8922303878890904 0.4217273969955549 -0.16194669676828588 378.06502234414296 0.3676624784959286 0.8861298900345527 0.28227179152284687 -146.57839094760143 0.2625407361086542 0.19229909104877482 -0.9456543640987454 270.98239600012954
-0.8924925355933465 0.4213942381610545 -0.16136571626724328 377.8843751526279 0.36755252023852625 0.8862941625831308 0.28189858201841744 -146.27474712621006 0.2618013272695654 0.19227120246481585 -0.9458648823940425 269.9417181527748
-0.8926131908129863 0.42110675379217394 -0.1614466931297978 377.7039370642188 0.3674980782985584 0.8866003333502075 0.28100473016231187 -145.97958824741895 0.26146552897252034 0.1914861570705448 -0.9461165966291445 268.92181493909214
-0.8931050262358681 0.41984369721716736 -0.16201741017878554 377.5260063571291 0.3665459486924464 0.8874714370267811 0.2794949922667507 -145.69106558394952 0.26112377293963196 0.19022044569975152 -0.9464665065773584 267.915749287874
-0.8935049237977223 0.418939007689661 -0.16215477656509342 377.34909507096353 0.3657903731825739 0.887977780085899 0.2788758008038742 -145.40018733051934 0.26081571718556984 0.18985110103285757 -0.946625599738518 266.90102165409445
-0.8938757486905796 0.4183170002712562 -0.16171430183988772 377.18030245502075 0.36529623432843894 0.8882219878195221 0.2787453199793193 -145.11784151939565 0.2602365227461901 0.1900786502045682 -0.9467391123916951 265.92351097634526
-0.8942024960655687 0.4176997453682374 -0.16150270362655544 377.01278753237455 0.3647173884431379 0.8884506516481038 0.2787741886460553 -144.83298745036493 0.25992556111471393 0.19036607384606472 -0.9467667542501068 264.94561427377465
-0.8944286808711673 0.41726144903572865 -0.16138357370056147 376.83927127664697 0.36433163521861184 0.8886383034230947 0.2786802228519556 -144.54300994061907 0.25968869727238825 0.19045075739251272 -0.9468147444425631 263.9467894544808
-0.8945213850914971 0.41727782102832695 -0.16082451975529016 376.6688261362443 0.36438682690032465 0.8885319879740304 0.2789465899478189 -144.25801827101392 0.25929059339781535 0.1909097394299669 -0.9468312480537651 262.96616709300724
-0.894626370727341 0.41724759068525147 -0.16031958002448746 376.4958624607077 0.3643771064885722 0.888443520378772 0.279240991025059 -143.9687213161751 0.25894206421736443 0.1913882260109513 -0.9468298326526041 261.9699043047308
-0.8945743095467465 0.41750498481454673 -0.159942406668569 376.32225984112125 0.3647472913836258 0.8883366865679188 0.27909815758640966 -143.6810651931835 0.2586019460393313 0.1913242489025646 -0.9469358206746608 260.97594989204384
-0.894272559502569 0.41810355544939537 -0.16006638902797155 376.1529799002648 0.3655893788852629 0.8883039840276911 0.2780988773870766 -143.40671102612967 0.25845576776205825 0.19016667594509704 -0.9472087916146136 260.0192577518467
-0.8942097521187735 0.4182887184344499 -0.15992829487448307 375.98760647819506 0.3660028945127264 0.8883648510088921 0.27735842072947314 -143.13698162475282 0.2580849416205246 0.1894714288300997 -0.947448842203826 259.07440801637034
-0.8943898372157872 0.41810371113355926 -0.15940110116851733 375.8210322203772 0.3661075191621403 0.8885322606984053 0.2766827884370229 -142.8624325601503 0.2573098401366652 0.18909333334617573 -0.9477349949043851 258.10923976333135
-0.8942600008166403 0.41890438681081554 -0.1580239789847205 375.6556111046464 0.36742452782215607 0.8882753045441529 0.27576105827563463 -142.5880584090456 0.25588080694366255 0.1885293715280576 -0.9482342633449647 257.145104206889
-0.8946812232449185 0.4196105148513955 -0.15370562946206973 375.4977289024115 0.3695753507370697 0.8880764060748354 0.2735184953814598 -142.3197793720813 0.2512681455996433 0.18789524018403142 -0.9495926393754608 256.1900188918663
-0.8950816277637405 0.42105635596581176 -0.14728789347367788 375.34940346576263 0.37326428111209303 0.8877078887219166 0.2696783975774881 -142.0587542638674 0.24429306716557633 0.18639594514614974 -0.9517057826599166 255.24408720020102
-0.8946808161535378 0.4243448745605099 -0.14010792805751 375.21281301770244 0.3791291979813309 0.8866794141461474 0.26483632794623485 -141.80737738879762 0.2366077360990402 0.18381407889903892 -0.954146394380199 254.31356539365427
-0.8955508935459808 0.4254981921319404 -0.13074115707822292 375.0916688942566 0.3835681008728084 0.8866285434257715 0.25854033598388926 -141.57231502915812 0.22592240261979307 0.1813769768085397 -0.9571979092275827 253.3984846600753
-0.8972776956449443 0.425631276916897 -0.11782770543135268 374.98944433422326 0.38795170466072115 0.8870542327600929 0.25041101084431605 -141.3572231010358 0.21109831435672982 0.17896591262825085 -0.9610276973629956 252.51218863106124
-0.8989912960392118 0.42610005409179064 -0.10201064531201177 374.9045366866564 0.39322098389312404 0.88726945086597 0.24126232252 -141.1525632706452 0.19330966064730631 0.17676911430531342 -0.9651681418889932 251.6215146579205
-0.9004516709878376 0.4272650817374467 -0.08236381838233356 374.84282334540916 0.3995860165762962 0.8867997818262469 0.23236703155629174 -140.9580054742325 0.17232018523293283 0.17631282904498521 -0.9692185565973407 250.7438482901413
-0.9022663951575779 0.427203134077219 -0.059712788535872544 374.81144289671613 0.4049557434227208 0.8864914861545621 0.22410094436168873 -140.7621241238377 0.14866975089350679 0.17800695893482169 -0.9728190689393734 249.83057098988817
-0.9038132524392455 0.42664861100675733 -0.03528891679762011 374.8017678920381 0.4101199085319737 0.8864449700475153 0.2146968718544721 -140.58006467598295 0.1228807622208246 0.17956252787447446 -0.9761271982553672 248.9285607625537
-0.9044540635993611 0.426628312905162 -0.010183708778218638 374.81226600729 0.4159248026438866 0.88649610827703 0.20299920919315986 -140.40950611408869 0.09563286026841313 0.1793572901401738 -0.9792098249214892 248.01565165629177
-0.9042108416563286 0.426996337933 0.0151383242584851 374.84697927828876 0.4218350819558755 0.8864036121620897 0.19084224268764022 -140.25259370686496 0.06807115475901107 0.17893702859688543 -0.9815875247060346 247.11245112731424
-0.9033414366615454 0.4272169526854622 0.040143438716216465 374.90459788002676 0.4272248146900672 0.8865458920129005 0.17773868472536453 -140.11074738935835 0.04034589649810803 0.17769899282894858 -0.983341829095055 246.21354961697352
-0.9018488005985904 0.4272837499451827 0.0651847692895455 374.9839484527036 0.43207696802872686 0.8868029259205992 0.16421155396960696 -139.98514731558873 0.01236176325860416 0.1762488791236998 -0.9843521912035323 245.3335748361417
-0.8995235945833933 0.4274325548723513 0.09116400166109978 375.08749611338084 0.43676954667692913 0.8868396911331567 0.1510764263231911 -139.87138293216577 -0.01626910682819458 0.1757044473271345 -0.9843929160123055 244.45996223454014
-0.8965704543854695 0.4271100215368353 0.11785726220603915 375.2165093469013 0.44076987879286994 0.8869106509801303 0.1385185772062369 -139.76604627112908 -0.04536164169161122 0.17612959053047428 -0.983405608982601 243.57416266388384
-0.8928307936395765 0.42674193971289215 0.14455700414466255 375.36754652801466 0.4444279517170044 0.886888675160962 0.12644717339611744 -139.67220193540265 -0.07424009317721457 0.17713123708904657 -0.9814678265551264 242.70211913249582
-0.8886798299100943 0.425521512015704 0.17126591555385787 375.541660064448 0.4469929794363378 0.8871735024389257 0.11487854704182181 -139.5891475219985 -0.10305280253902824 0.17863506159488415 -0.9785887486410649 241.84014684445168
-0.8839239240841774 0.4241632269670483 0.19727346163896164 375.7400176518672 0.44911784664139404 0.8874410946147001 0.10401242513163864 -139.51407464032062 -0.1309429033061506 0.18052845132233086 -0.9749000494013451 240.97526370834373
-0.8789159809450406 0.4233369890619227 0.22010277673613945 375.9530433056863 0.45094858621939465 0.8877243074722844 0.09310296256050375 -139.4508642646887 -0.15596830811359505 0.18107494618699493 -0.9711088155032757 240.13297212894497
-0.8743868863824154 0.422058801192214 0.23972230667748412 376.17999662327225 0.451644194536184 0.8883621469039849 0.08311035930543516 -139.396886612754 -0.1778738938929589 0.1809299516792158 -0.9673634369194261 239.30135391364482
-0.8706693667181985 0.4203174862943996 0.25577559335770167 376.41683526989203 0.451371861502507 0.8892183271831583 0.0750442953967746 -139.34884729638563 -0.19588852029164677 0.18077889787537127 -0.9639059248775681 238.4791416537754
-0.8668827708891761 0.4194057264738368 0.26975397323900036 376.6618790510543 0.45159914800881096 0.8896823046663862 0.06783371713906626 -139.30444845723062 -0.21153587756663128 0.1806148959748356 -0.9606248930843816 237.65749380177027
-0.8630888198579544 0.4192794326564669 0.2818458847234278 376.90899276906856 0.4522824551766807 0.8898210652743377 0.061127759706161904 -139.26554152944502 -0.22515307887396452 0.18022296318910716 -0.9575989545428982 236.84817802962797
-0.8597988636700008 0.4198513671703226 0.29090582862348746 377.151018929071 0.45297963773730493 0.8899098810537778 0.05429088603665262 -139.2345980218063 -0.2360760737643828 0.17844378235268166 -0.9552992338873739 236.0788589152481
-0.8579119280114823 0.4192949380500044 0.29721195990457006 377.39680611578285 0.45228237772949254 0.8905727115455546 0.04898101416531257 -139.20604163919592 -0.2441416785303733 0.17643519352922055 -0.9536444821696625 235.3119470283813
-0.8573216815255996 0.4177331025662082 0.30108978953031806 377.64674884348824 0.450676639431784 0.8915364419428474 0.046173276635136595 -139.17625263828882 -0.24913476583793367 0.17526941423002118 -0.9525679117758935 234.5387056250217
-0.8569811839136409 0.4172560853917729 0.3027167271457305 377.89509932243317 0.45023666502435467 0.8918087285401757 0.04520248275866465 -139.14443405945062 -0.2510947037603549 0.17502195754058747 -0.9520989795947777 233.76399075939108
-0.8574193820895468 0.41642230139178543 0.3026244157408184 378.1430470611322 0.44924602827846855 0.8923283558124203 0.044803720292824395 -139.11162505946308 -0.2513735593792152 0.1743585425995917 -0.9521472060492229 232.98269300723155
-0.8592641170068489 0.41512634780097146 0.29915299059795664 378.3820106205164 0.44740326943502606 0.8932224730544736 0.0454258260908221 -139.07905708829804 -0.24834336357078254 0.1728650125362667 -0.95321432332299 232.19819241546438
-0.8624012622845281 0.41360012040563643 0.2921582750793759 378.6056129362834 0.4450140789896776 0.8943140777231221 0.0473852552108542 -139.04522110765006 -0.24167371423989223 0.1708694963131891 -0.9552864318482849 231.42296431813475
-0.8670221319931064 0.4121606173097355 0.2802738167885818 378.8060980029425 0.4422629558026554 0.8954728308101291 0.05111080837513519 -139.00815358928992 -0.22990308114612532 0.1682588887828837 -0.9586491715912557 230.66594779588584
-0.8730178376100998 0.4105948034294588 0.2634540380733671 378.9809492259982 0.43913023414915625 0.8966194593740283 0.05759436613266175 -138.96319143754923 -0.21256226581026158 0.1659614503629803 -0.9630412402672655 229.92119451908587
-0.8797241311090079 0.40970386240348305 0.241628294413053 379.1244059045663 0.4363747565508883 0.8973034402204548 0.06709842576440853 -138.90969506310364 -0.18931624858809687 0.16445844116116534 -0.9681357825197184 229.199608815823
-0.8862041810346772 0.4093832205089031 0.21726323093199046 379.24654393635586 0.43371235519736046 0.8977816986565879 0.07720279046012932 -138.84827674105284 -0.16344309326112325 0.16263713919929118 -0.9731440190081504 228.47209785241958
-0.8914044527129869 0.41134595664627616 0.19065394307203398 379.3436545143338 0.43295370088588647 0.897108074769749 0.08847039464020018 -138.77841308236785 -0.13463955925532212 0.16139740016927331 -0.9777511204941078 227.7559812729015
-0.8973785835119411 0.4108780375080142 0.16139202922539764 379.4244199587727 0.4291430173812964 0.8976696582580429 0.1005190132580553 -138.69743350429974 -0.10357089498610109 0.15945390222473158 -0.9818462693887134 227.01205476920748
-0.9024661089077379 0.4107895236794925 0.13024286827903633 379.4794693986653 0.42526602254462836 0.8978336277821375 0.11455052233652438 -138.6037934124781 -0.06987661633404721 0.15875584252221295 -0.984930594665008 226.2682515020929
-0.9062597318776208 0.4112606522055519 0.09856316049219785 379.51567913411577 0.42151170879881333 0.8973832366769203 0.13080391475745934 -138.48779037319287 -0.03465169236984148 0.16007765355859557 -0.9865844017002141 225.48152121398542
-0.9087099475522482 0.4123223824477178 0.06628351619794728 379.53715848620635 0.41764015812284316 0.8964782267303439 0.14826339937485825 -138.33790124602055 0.001712290881165951 0.1624008144318037 -0.986811764339233 224.5618831918879
-0.9102532150536586 0.41299087204337526 0.03216519441495737 379.52470521349227 0.41237412569018417 0.8958779364323236 0.16561631498084445 -138.16919417149367 0.03958241304705668 0.1640067570786178 -0.985753200878348 223.6500185155225
-0.91067937893866 0.413264734911506 -0.005685915497022805 379.4721544578361 0.4054331715699684 0.8958121385194903 0.1822745143365418 -138.00426597698714 0.08042058312120953 0.16367869992898534 -0.9833193651907516 222.8362188381189
-0.909538785260554 0.4133052850797686 -0.04555913819700159 379.38484103747635 0.3972664480222382 0.8960118998358894 0.1985533365328656 -137.83023178397 0.12288319845987916 0.1624836446729086 -0.9791193382078831 222.03854290550885
-0.9066487957016642 0.41328840399231304 -0.0856633708593881 379.26606716189633 0.38830831034355806 0.8962244840562958 0.21466098480642473 -137.65002578818326 0.16548761331296247 0.16134905386790946 -0.9730138380438244 221.27910884659306
-0.9006417075087557 0.4161978893162862 -0.12562362529041876 379.1130098380263 0.38156105891788 0.8951682821580764 0.23057784347262092 -137.45793127140132 0.20841601919409222 0.15972576606878572 -0.9650007285470762 220.54550984105038
-0.8926060876797134 0.4197487044805664 -0.1649940471456837 378.9356107229854 0.3745375612673651 0.8936230081019461 0.2474699111255059 -137.2538640304 0.2513120496049523 0.1590873455620338 -0.9548349056198262 219.84056619548937
-0.8836043042645552 0.4215959318377676 -0.20410242951393354 378.7412665989894 0.3650708908258377 0.8928163259027427 0.26397537900611223 -137.04942849840086 0.2935099399889293 0.15872821108690072 -0.942779465911721 219.18414294245397
-0.8734430458197129 0.42207789197354073 -0.2431144852117651 378.51869134390114 0.3537704978750149 0.8927538153084215 0.279135033316595 -136.83871437934044 0.334849811040727 0.15779171918095602 -0.9290599275109903 218.5399542908974
-0.8612480573056637 0.4233054786853309 -0.281463143191143 378.25613165364047 0.34261469185831783 0.892370874260027 0.2938851312392969 -136.60613571792715 0.37556293607564156 0.15666433952743236 -0.9135556185510602 217.86884021632733
-0.8472243488241874 0.42486816945620903 -0.31914686125375463 377.9618425574526 0.3314298255577263 0.8919324204798015 0.3077167783281363 -136.3614348545234 0.41538545244412917 0.15492024754976216 -0.8964537196692273 217.20597796108171
-0.831067844543662 0.42683640149389696 -0.3567821604321731 377.6426326184879 0.319790443319438 0.8913038456396609 0.32154522366589944 -136.1095079119943 0.45523616477926093 0.1531207608817479 -0.8772052495347707 216.5746021467462
-0.8128161206297585 0.42907241465933854 -0.39418730354290354 377.2936279653163 0.3075088972452302 0.8905284312675019 0.3353767111114865 -135.84452959763144 0.4949223014054122 0.15137391003218093 -0.8557528999730297 215.9562539257274
-0.7927616677211818 0.43102375362461953 -0.43116570443745394 376.9360259830776 0.29406444753780525 0.8898417398794645 0.3489801454475347 -135.58356491480305 0.5340732678937881 0.1498580362473017 -0.8321556334818456 215.3964265556572
-0.7710223721679262 0.4327462617404203 -0.46734498652099515 376.57103903935473 0.2803054842214539 0.8893998508405363 0.3612135987166712 -135.32932773969617 0.5719547851629193 0.1474944088103738 -0.8070238479432721 214.88977607074014
-0.7478580972963182 0.43431211203292314 -0.5022323595185149 376.186346093184 0.26605713905215383 0.8890288178835727 0.37271958663218185 -135.0695570718279 0.6083589794952162 0.14510869143458288 -0.7803955991006309 214.4049250177542
-0.7233463026576319 0.43654126642261953 -0.5351240059373373 375.79074862899995 0.2520481392293033 0.8882941346897383 0.38403686531918757 -134.80750424009887 0.6429773984473394 0.14290491089478552 -0.7525506526464852 213.95351419285487
-0.6973878758445708 0.4396260712631738 -0.5661577052793058 375.3562927414322 0.23840618039805558 0.8871267995321468 0.3952802782460987 -134.52162670782093 0.6760102390984591 0.14067828496669924 -0.723459270543319 213.4996353248409
-0.6707330983848832 0.44231332540053914 -0.5955090917854867 374.96001679534396 0.22377105055538724 0.8860314383035188 0.4061426069132028 -134.26524315909717 0.7072623345289171 0.13914544883448005 -0.6932471063573101 213.13165936515668
-0.6436881231651226 0.44463564314146875 -0.6229926711062097 374.5736532020362 0.2087818722313224 0.8850901718611622 0.41605719005129976 -134.0206870560229 0.736377605057884 0.1377316188127249 -0.6625340559521162 212.80610972044346
-0.6159096575086854 0.4466094459841286 -0.6491148391674916 374.1966346595014 0.1934769338871824 0.8843428300103728 0.42494863095515734 -133.78832751875393 0.7638049343451754 0.13613094787845947 -0.6310653742854195 212.52346824400826
-0.5873869651486373 0.4483004444068392 -0.673912530951506 373.8129435107508 0.17875419869917347 0.8838990837645889 0.4322569362671473 -133.55879778064497 0.7894296108587295 0.13342721857322035 -0.599308657307768 212.26493712467834
-0.5596377449816738 0.4497597444366669 -0.6961871711905591 373.4641702647348 0.16396034475072854 0.8834428073606942 0.43900187091097675 -133.35236839614097 0.8124644558998436 0.1315247714365789 -0.5681337450420595 212.05941201446254
-0.5313114477042801 0.4514438151690675 -0.7169808173551078 373.1162592932942 0.14879780346641922 0.8827968330540568 0.44565207851882754 -133.1469852197421 0.8341117824367861 0.13008490836531886 -0.5361979894209153 211.87446181711502
-0.5030808700807439 0.45166976636494355 -0.7369256259213613 372.74638000198365 0.1310001040059773 0.8825999985604338 0.4515902545724586 -132.92880483447183 0.8543558811949227 0.1306393490632349 -0.5031727809833485 211.68993484858458
-0.4732287419290759 0.45191265800696107 -0.7562969738077244 372.37019592106014 0.11255917266915719 0.8824102003708425 0.4569031238605243 -132.71059894497301 0.8738193818267055 0.1310818983687037 -0.4684345110222371 211.5251040986444
-0.4424282339905047 0.4534000583201812 -0.7738478818355186 372.0807382905171 0.09530806022911092 0.8817016810612429 0.46216430146153364 -132.54507109392677 0.891822872758948 0.1307108491980306 -0.4332893043929853 211.43556775811072
-0.4099372896102334 0.4543274128473868 -0.7910077245826044 371.7754312626803 0.07785039826328248 0.8814138989473576 0.46596861314471577 -132.37437798624254 0.9088812545787446 0.12942795932441858 -0.39668182163730753 211.35398086012447
-0.3749710385319085 0.45457640381056746 -0.8080297278345627 371.44564029884657 0.05873081519929631 0.881453413885815 0.4686877327195183 -132.19293818259035 0.9252683711840666 0.12827830616479968 -0.357206124319114 211.27814852479327
-0.3386589344953876 0.4538889379479834 -0.8242876881904507 371.0993736322918 0.03612408683223259 0.8816129264808346 0.47067143661334965 -132.00309637370384 0.9403085086643944 0.12961102654795315 -0.3149525803971125 211.21356629927863
-0.2998477506301167 0.4536719213795258 -0.8393023616200594 370.7499400811493 0.012676961926482624 0.8815360377908281 0.47202926035132536 -131.81336729714283 0.9539941037692549 0.13088765506003358 -0.2700693344594168 211.1734195972559
-0.2579357061055036 0.45395488034559306 -0.8529651931863397 370.3922823869914 -0.011989711568599236 0.881204199386478 0.47266623118706586 -131.6193641670245 0.9661778080367187 0.13213465690233733 -0.22184417327938738 211.15645123305143
-0.21254720073378436 0.4547504729703798 -0.8649747697533056 370.0297909488859 -0.036283699558553435 0.8808572967204367 0.4720722985212676 -131.4257699779512 0.9765661406535532 0.13171258411756454 -0.170717969441527 211.1637718782308
-0.16416261383638742 0.4555629772161599 -0.8750247580284415 369.58791393785316 -0.06043008050623641 0.8806903487799577 0.4699052330406854 -131.1940508991376 0.9846686624721706 0.13000924304202122 -0.11704261493102311 211.1819721891751
-0.11328524809309508 0.4555601904555546 -0.8830552929827247 369.2221812847235 -0.08514827489962307 0.8809987728785698 0.4654776508850631 -131.005352769235 0.9899945395089144 0.12791305463975974 -0.0610114762118271 211.24000460447502
-0.06142466149027116 0.4553168595420639 -0.8882951431384765 368.8875674837516 -0.10934206308071248 0.8814931920528263 0.4594458478228072 -130.83562303278225 0.9921912517362257 0.12533967951751943 -0.004359572886953357 211.31982306812318
-0.010746831968805659 0.4545612782079175 -0.8907372765727462 368.5674304509003 -0.1336498530188697 0.8820870330943152 0.45181370523642106 -130.67774698629074 0.9910569684733518 0.12389271549054753 0.05127127191999917 211.41962928160152
0.036934255147864914 0.4532734434945956 -0.8906929321195657 368.2691474151597 -0.1579793279256081 0.8826853488823986 0.44270185104607485 -130.53688618883265 0.9868385743435394 0.12435067159066335 0.10420661767517782 211.53576648288222
0.08330875283534148 0.45173361792354455 -0.8883419083684193 367.98550945990223 -0.18301735765447685 0.8831571739933891 0.4319884448634821 -130.40811921221734 0.9796612357103982 0.1265837770459469 0.1562458482290749 211.6672909870882
0.1308487467106884 0.4500276993962255 -0.8834639825934456 367.73216247001164 -0.2065954244371346 0.8838822518606954 0.4196973621202261 -130.29707173189564 0.969726186471234 0.12759261603874567 0.20862311461984828 211.81204937863518
0.17998421151305133 0.44832685179512827 -0.8756505918404858 367.46246735572066 -0.22821195117201892 0.8848727544462636 0.40619662839348897 -130.18106523003001 0.9569208003935514 0.1267149701560657 0.26156969942151437 211.97952394385132
0.23145398906486395 0.4465947950052019 -0.8643708595641856 367.17998317732213 -0.24779142873458215 0.886196155308503 0.3915761112598597 -130.06182549761846 0.9408511597052609 0.12354202708020821 0.3157675208576436 212.171912328741
0.2826184134919591 0.44485001013475084 -0.8499352734112793 366.8863515891278 -0.2649664384894184 0.887725284724655 0.37658033647843775 -129.93935943957896 0.9220043660962034 0.11876623127257002 0.36874802773685267 212.39175706601418
0.33127657569339103 0.4436721232193908 -0.8328055303470068 366.5779304074416 -0.28082609456941443 0.8889431988115051 0.3619293860068759 -129.81032334113755 0.9008690459560051 0.11396547350287814 0.41906948741834565 212.63820208534113
0.3754261912277894 0.44322894583426464 -0.8140990321328037 366.270886538878 -0.29641689159197215 0.8895675432354461 0.3476823205194876 -129.68420417593143 0.8782736129677535 0.11077457278197128 0.46533486064813606 212.9024255048815
0.41498875485698383 0.44362214143273393 -0.7944417166577965 365.98084273052837 -0.31113032884859604 0.8896613663210514 0.3343304752061621 -129.5666204740803 0.8550758007573429 0.1084224440412518 0.5072098810375747 213.17646999648096
0.452550276820787 0.44370945515854443 -0.7736117389002192 365.6801818186653 -0.3236635266479301 0.890026848693626 0.3212038669066214 -129.44883765329976 0.8310317404213565 0.10502036878412352 0.5463787432241815 213.47442251720915
0.48849808746644957 0.44341389463455 -0.7516038928669871 365.33508664729 -0.3342066052639736 0.8906873347334836 0.30831667329438656 -129.3145261366405 0.8061324664031712 0.10057028423469448 0.5832743363981828 213.82461863325148
0.5195449369265165 0.44389756259791047 -0.7301933028224747 365.02009321681237 -0.3449314451155908 0.890732247981035 0.2961337070525337 -129.19166210091157 0.7818371175944868 0.0980031240995846 0.6158724098240015 214.16237448171125
0.5480703265577967 0.4441667022760396 -0.7088636707772751 364.6796914708898 -0.3554420336412308 0.8907469181717705 0.28338510115033166 -129.06226813344776 0.7572665429010452 0.0966360673250601 0.6460501521684949 214.54508780820066
0.5718434107602707 0.446752844052136 -0.688157006046033 364.38257523056524 -0.3683875254828516 0.8892612379140126 0.27125885395432786 -128.95220558220845 0.733115641705099 0.09838220238736603 0.6730782521981667 214.91028879284502
0.5972584557184925 0.4470548110931008 -0.6660159228012601 364.0880425707002 -0.37616768028403813 0.8894364834886874 0.2597633169576134 -128.84411533365449 0.7084867758834659 0.09537951831055108 0.6993719483926649 215.2960920279535
0.6208405146275691 0.44659986850994127 -0.6444047007177697 363.7800280492072 -0.38175632325394404 0.8900912676304699 0.24915011697551026 -128.73043948781742 0.6848296163839329 0.09131499193081037 0.7230777195041931 215.71558234073808
0.6430438143128737 0.44393262819804175 -0.6241548419397521 363.45707714129253 -0.3850050842184754 0.8918143732524066 0.23772744871458434 -128.61612767216647 0.6621460444658904 0.08742588281989487 0.7443722907831423 216.17029325185857
0.6603024451432391 0.44436125075490185 -0.60555265710945 363.12967779011257 -0.39295571894375564 0.8914570197620222 0.2257569775588445 -128.5063750514341 0.6401234354754527 0.08887979750600683 0.7632254118042439 216.63442335915434
0.6742909569646238 0.4469404384090294 -0.5879849710590532 362.7879012728634 -0.4030778720655464 0.8897906816120675 0.21418906195430154 -128.39377507251996 0.6188956010017924 0.09257032866433765 0.7801090079670923 217.1270153757425
0.6849495398473889 0.4457763955225757 -0.5764356245387603 362.4520845873023 -0.4105765175442554 0.8896221390648706 0.20018966915095263 -128.29126182047804 0.6020324740972436 0.09954307303719573 0.792350430367537 217.61701717013304
0.69397185174872 0.4436681218511209 -0.5671961980918652 362.12060759482466 -0.4138857195383633 0.8903023931740492 0.19009613034019338 -128.196101646158 0.5892986489928448 0.10282488897616156 0.801451658502769 218.11326235296664
0.704038849195141 0.4392206189685085 -0.5581801070807038 361.77729222770654 -0.41186820691575093 0.8927117289016068 0.18304938166660303 -128.0978869713878 0.5786760516748574 0.1010146074330211 0.8093827977696706 218.646550570421
0.7104019415128554 0.43882325943343503 -0.5503764955584691 361.43995819554505 -0.41166766031128676 0.8932392008385618 0.1809183435959692 -127.9962277570107 0.5709916561679031 0.09803935478918875 0.8151857047209288 219.1724625775417
0.7144172120447548 0.44014484762250444 -0.5440880019282135 361.09404689835344 -0.4139682782296327 0.8926362944605875 0.17863198028791435 -127.89155829519962 0.5642792397686355 0.09760969764786913 0.8198978652923087 219.7137033028141
0.7179236900873608 0.4409830026395965 -0.538767537721996 360.7371935178 -0.4158905547560067 0.8922272174134797 0.17619394800564644 -127.78422729867674 0.5583842693359691 0.09756696769105078 0.8239288799782702 220.27557470700305
0.7209027237724763 0.44119294101372936 -0.5346012769573725 360.37595917806607 -0.41838368185789954 0.8918879173440558 0.17195804356083008 -127.68174285403921 0.5526539522324176 0.09969600408142959 0.82752947936138 220.84225003712896
0.7232386403901055 0.4399869272104788 -0.5324359567700971 360.0053407991082 -0.42273931268020265 0.8915830963041587 0.16263314097308407 -127.58121190598847 0.5462506031785092 0.10745147869094379 0.8308041205897919 221.41557153572663
0.7256013090273791 0.43719831216260335 -0.531516800662866 359.63680775140716 -0.4252346559190841 0.8920443548360999 0.1533303430036823 -127.49177373899808 0.5411550714378923 0.11475440236418652 0.8331579690595134 221.99042673180347
0.7262223381734146 0.43490201069189277 -0.5325520043668277 359.2804365738726 -0.425267786986637 0.8927283643520088 0.14920331730093578 -127.40059861432034 0.5402963445769321 0.11811391047485857 0.8332468713056005 222.55257408531605
0.7265083353987118 0.4333566121602626 -0.5334211290808448 358.9196325848365 -0.42508029313558776 0.8932163168298056 0.14679759433224843 -127.30938698003163 0.540059289370811 0.12008852341680554 0.8331182744888921 223.11923849425182
0.7239276729433155 0.4377848359687078 -0.5333137797614664 358.53848254662495 -0.43035408523268687 0.8906484855993747 0.1470341310341006 -127.2029138991769 0.5393472949921992 0.12306284466030669 0.833145617595596 223.71054033704758
0.7224011799323389 0.4397127788601558 -0.5337973843189777 358.1413073484842 -0.4332995861756402 0.8893425880188918 0.14628637883111834 -127.09672591282926 0.5390356303367723 0.12560781270615415 0.8329675066566893 224.32457946006207
0.7206513128828845 0.4421390080289468 -0.5341583530423759 357.73679197400054 -0.43637958027898094 0.8878413210414244 0.1462489938569163 -126.98535221613442 0.5388935048341094 0.12769221008561224 0.8327424623013977 224.94787074901788
0.7213286555470112 0.44187520192241536 -0.5334618340496076 357.33360223720524 -0.4357567827889957 0.888104425062685 0.14650694321563743 -126.87732261892809 0.5384908237237991 0.1267710884513145 0.8331435134684546 225.58368949325498
0.7214777617306183 0.44291618492922635 -0.5323960517059104 356.920822525035 -0.4361832297646453 0.8877271587482406 0.14752320420552287 -126.76559884190006 0.5379462224375973 0.12577845604933455 0.8336457361466982 226.23434216380653
0.7217360185683654 0.44368620775066037 -0.5314039717288587 356.49974966575047 -0.4367711323135724 0.8873928683351562 0.14779544825614746 -126.65236440674977 0.5371222799184133 0.12542339982953676 0.8342302838390524 226.89885790801463
0.7217634663397537 0.44496898150033426 -0.5302929670989965 356.0681748889055 -0.4381778746556724 0.8867081476057463 0.14773958693944092 -126.53608395046442 0.535937921529066 0.12572060882923497 0.8349467475512187 227.58006167860077
0.723046980874377 0.4443570075706616 -0.5290557215153558 355.6424314333805 -0.4375568497753037 0.8871071860749494 0.14718013997535082 -126.42510515585157 0.5347131311645275 0.1250650168763568 0.8358298234298576 228.26211149588727
0.7234879928619312 0.4421060401672928 -0.5303370873373487 355.21365872753415 -0.4372631960435378 0.887823293540374 0.1436930448285394 -126.32081835309113 0.5343565345710014 0.12792770725127253 0.8356244125153679 228.94046807888896
0.7235112023197776 0.44084763068641586 -0.5313523178306766 354.79393116558026 -0.43772560581720527 0.8880502239097702 0.14085530847601152 -126.22024089396686 0.5339464959328585 0.13066701133175415 0.8354624648507988 229.6014106999085
0.7231231780959697 0.4407865143912025 -0.5319309497927598 354.36750557740856 -0.4388572525991813 0.8877617203718988 0.1391419811749405 -126.11716286253477 0.5335429895013024 0.13281587674321998 0.8353813696723461 230.26874944246524
0.723532156860391 0.44325251625398143 -0.5293191461428223 353.9190584073853 -0.4392806722226772 0.8870299317307392 0.14243331042644813 -125.9971042677209 0.5326389645882917 0.1294555609707173 0.8364849283570985 230.9831719915966
0.7242044691394653 0.445504319594568 -0.5265019004898752 353.4630381420319 -0.43945786945225623 0.8864172105731466 0.14566623624274708 -125.87324881547781 0.5315782268969091 0.1258744731926503 0.8377054408180684 231.7167428884481
0.7241783028695464 0.4478311317934141 -0.5245604795652574 352.9959285749574 -0.44052931268687034 0.8855135913000604 0.14790933490582886 -125.74410638714615 0.5307268693665582 0.12396267959452857 0.8385300609138893 232.46393134145325
0.724591984172281 0.44627626721202474 -0.525313870326263 352.5303857466119 -0.44051464454077777 0.8859783203643704 0.14514346450883078 -125.62450297669331 0.5301739068572414 0.12622947946651436 0.8385416317092922 233.21179334405264
0.7258148586691123 0.443417372733978 -0.5260460812545721 352.06930795976336 -0.438511747877571 0.8873199987104997 0.14299672958232862 -125.50807239417658 0.5301616307569423 0.12687891084509256 0.8384511461310887 233.95377788087754
0.7264220662701716 0.4419214127358872 -0.5264664288469163 351.6016729999937 -0.43762010415095204 0.8879774018565318 0.14163791734054626 -125.39137928342966 0.5300662776715598 0.12749450323643352 0.8384178691502199 234.7029660445302
0.7254630041325101 0.44307546617313753 -0.5268192032259936 351.1201643537011 -0.4392424309357335 0.8872131053382611 0.14140759279951837 -125.2650084507002 0.530038057103592 0.12880639854468723 0.8382355436090289 235.46149063059508
0.7253983984090762 0.4438932709573308 -0.5262196509482365 350.6435261192613 -0.43937768186862475 0.8869558140429742 0.14259879247483567 -125.13922090759783 0.5300152987584379 0.12775892256460789 0.8384104906985046 236.22232707992316
0.7267118413594138 0.44015683688162177 -0.5275443638295129 350.17186996940194 -0.4366591500808146 0.8887004045203886 0.1400654560263307 -125.02293272672974 0.5304627901140705 0.12856034313571596 0.8380049909654321 236.97541605768177
0.7255306302526143 0.43776721892632675 -0.5311465677191297 349.697326973116 -0.4374147096242404 0.8890593909174394 0.13535203729843034 -124.91336206037462 0.5314564469010952 0.13411966317886412 0.8365029473674489 237.71520018191023
0.7265313068717749 0.4349844370938731 -0.5320642417532885 349.22909469720196 -0.43391228940583365 0.8907091241003039 0.135777546262277 -124.79733481553346 0.532958455586086 0.13221293976558945 0.8358506294627378 238.45394809836588
0.7271269977600758 0.4349112829380588 -0.5313096968939668 348.7032400311073 -0.42772726365961355 0.8922334997368881 0.14507336388173994 -124.64896433904892 0.537129223255056 0.12175944213167894 0.8347680880770498 239.28301640341223
0.7279776288678319 0.43714151500995985 -0.5283056984370093 348.14208861616083 -0.4203937265877878 0.8931892107345352 0.1598722040748546 -124.47346996665524 0.5417464314207585 0.10570353177749037 0.833971147910908 240.1848223440991
0.7308007979843159 0.434077824027794 -0.5269322811985624 347.61472275588596 -0.41136380076101475 0.8959630418169832 0.16765209903291095 -124.30701387479125 0.5448684415880775 0.09423156920490675 0.833312164881721 241.04081969735208
0.7324311209915773 0.4319840780909068 -0.5263891052641356 347.07930356538105 -0.40501699231079724 0.8977769581821758 0.17330711883443692 -124.13253790377962 0.5474281933750609 0.08625213769469203 0.832498350597067 241.89804882210692
0.7335490256032404 0.4256978477814986 -0.5299416542569941 346.53375382660505 -0.4001467994165067 0.9006475804751929 0.16968858251590102 -123.96644658220671 0.5495088214005979 0.08757051866028755 0.8309885943979786 242.76071991028928
0.7336868579600968 0.4196915469975115 -0.5345214572788707 345.9779630183967 -0.3972821662304822 0.9030037571915631 0.16379374032154215 -123.81048104416608 0.5513997460202296 0.09217376310693354 0.8292358412993185 243.6253403252507
0.7319192886288519 0.41419525928214446 -0.5411898709447435 345.3944072887929 -0.39761324678003773 0.9044801785148273 0.15458439238766358 -123.66648314137265 0.5535054219392859 0.10203216985235247 0.8266741625773208 244.50528395256586
0.7293010805410639 0.41537367243423207 -0.5438149916762972 344.81507164975693 -0.402701351863856 0.9030357409780255 0.14978542789700874 -123.51581518789523 0.5532827796823936 0.10974715713350901 0.825834766632149 245.36794723233837
0.7278984211453494 0.4154312979032503 -0.5456471880685055 344.25466169511384 -0.40624914614191027 0.9022182121903821 0.14505762774470995 -123.37485742330799 0.5525359808918148 0.11607220395313321 0.8254705506608071 246.2052499254009
0.7283369035616886 0.4172478251200691 -0.5436726756966277 343.7021344569557 -0.40671282431954275 0.9016590800410198 0.14722163618318482 -123.22957060645493 0.5516167754325743 0.11388268205839777 0.8263898488222783 247.0498762470663
0.7309329161919572 0.4164775862885592 -0.5407717513253169 343.15058343397635 -0.40257844579385327 0.9028432498198592 0.1512752442860545 -123.08045096549823 0.5512160158298591 0.10712249190381137 0.8275604343666373 247.9147054315498
0.7323838326636921 0.41718407122648016 -0.5382583008532194 342.59976333188706 -0.4009999006860606 0.9030223026999623 0.15436840779648645 -122.9281872200924 0.5504403944825262 0.1027762293904624 0.8286273881884167 248.77390325347378
0.7345872382673349 0.41244838986355875 -0.5389050829213528 342.0595365699967 -0.39761037167493696 0.9051163740171149 0.1508309780758912 -122.79067714688013 0.5499630235905936 0.103467439857429 0.8288581574267081 249.62003595590755
0.7356133876498022 0.41123912608549734 -0.5384290605786142 341.51835243711986 -0.39653477398497056 0.905709708867445 0.15009655425512408 -122.65069207357392 0.5493674260883911 0.10308486180760679 0.8293005035310478 250.46237193834608
0.7371059761107481 0.4094666749115474 -0.5377379173867312 340.9751812155092 -0.39445305365632627 0.9066689442956652 0.14978724480789588 -122.50825340460305 0.54886479492007 0.1016954837618478 0.8298044934527441 251.3095048233915
0.7383668758962025 0.40689016542279915 -0.5379632072820111 340.43492806700107 -0.39158972070727427 0.9079762814394684 0.14937607025073357 -122.36699349942448 0.5492191379216141 0.1003589136026671 0.8297326428413472 252.14908777597205
0.7390816644208754 0.40473106305310697 -0.5386096225547967 339.88498243069256 -0.3891713488302039 0.909050148193732 0.1491623649641159 -122.22276154961484 0.5499755094094012 0.09936092291787044 0.8293514301736971 252.99909226113962
0.7402517660615436 0.4039570104748143 -0.5375823037796903 339.3331310292493 -0.38472454420538776 0.9101006828710995 0.15420342720905733 -122.06819588892814 0.5515275756972452 0.09266461185763095 0.8290956932929348 253.85721235665218
0.7409957161506764 0.40315796223878875 -0.5371570227257763 338.76024383573804 -0.3816675030383868 0.9108692126083994 0.15723318867984354 -121.90652150787938 0.5526516845387109 0.08849929100448214 0.8288023630721882 254.74622807117592
0.7413814785640013 0.3996318668405856 -0.5392555928816255 338.1994356879591 -0.38099207896813936 0.9120118998526057 0.15216755680237765 -121.76305258344372 0.5526006923726456 0.09263085538873472 0.8283850089130004 255.61438015811066
0.7419253255145328 0.3972007342968494 -0.5403028740548198 337.62063045699495 -0.38306355451347013 0.9123458525936182 0.14478632302391403 -121.62583274944075 0.5504342574932686 0.09954243478809294 0.8290252947635591 256.50005532904953
0.7425628276170989 0.3953828789321226 -0.5407599288058742 337.056617586604 -0.38421229551769526 0.9126425734480348 0.13978454214587385 -121.49505629734344 0.5487704533744859 0.10396026772739946 0.8295848633608757 257.3714378567541
0.742916504961374 0.39704195352182153 -0.5390560825066932 336.473238006616 -0.3847874472048665 0.9121197001158082 0.14160598823511097 -121.34918967267818 0.5478885519607172 0.10221287656490641 0.8303845215781872 258.2743789742233
0.7434597131702064 0.3989448130506321 -0.5368978421580505 335.89641650252094 -0.385284102946919 0.9115497664363347 0.14390709988438838 -121.20194265212594 0.5468014445098753 0.09986143964989683 0.8313866615156281 259.1751687816659
0.7440653660101134 0.4002287223026605 -0.5350999537090517 335.3156341396001 -0.3854417387478361 0.9112034493376211 0.14566292888304805 -121.04868409694141 0.5458651579621822 0.09785922787726743 0.8322395109721611 260.0900905959892
0.7440176458862956 0.3988039938555588 -0.5362282701704819 334.7512673720726 -0.3864602503273281 0.9113965142790945 0.14170031483568243 -120.9130895339618 0.5452086264676893 0.10179558461602821 0.832196526174946 260.9702205592358
0.743290482598068 0.39969805311780315 -0.5365709734750446 334.1766850895474 -0.38862417769797575 0.9107164010216767 0.14014804762155797 -120.77310524811166 0.5446623987697 0.10434592554558342 0.8322392061828896 261.8584895827108
0.7436335490279368 0.40086138002810495 -0.535225659388596 333.60644179459126 -0.388690105605193 0.9104143978180854 0.14191289677585556 -120.62925007781402 0.5441464199282989 0.10249801099562754 0.8328058869264304 262.75105993371614
0.7437579609395969 0.4021137327469011 -0.5341118761215662 333.0188367078804 -0.38871694552705416 0.9100809423165434 0.14396419233686414 -120.47867788119495 0.5439566795424235 0.1005362022446358 0.8331685886756945 263.6717331334363
0.743960941268404 0.40162325206247784 -0.5341986577959129 332.4389475637801 -0.3886110145946172 0.910242823794959 0.14322668382065865 -120.33633482549497 0.5437552813877555 0.1010326425677472 0.833240239543273 264.5825093139213
0.7456418950239991 0.3974473091471126 -0.5349776412622841 331.8686303849678 -0.38567066898289215 0.9119807574391837 0.1400817723833594 -120.20193977394628 0.5435462933410522 0.10186681970115961 0.8332750037019295 265.48445537845424
0.7488018230309191 0.39109974262064073 -0.5352420387367491 331.29992277962924 -0.3794730226092461 0.9149311752021879 0.13774690522438385 -120.06962531423785 0.5435644418503763 0.09995732763194691 0.8334943070620116 266.40156647413056
0.7482141585606417 0.3904350684113671 -0.5365468494773602 330.71275656682155 -0.3814576340667971 0.9146974365605368 0.13375651306741684 -119.93612076491172 0.5429831362097842 0.10458389947653918 0.8333042332748316 267.31325343621046
0.7469609890199216 0.38861040723779733 -0.539609836828153 330.1146743103509 -0.3855300733422031 0.9142514554309472 0.12483167829526888 -119.81494080197115 0.5418322114039728 0.11478309200062535 0.8327121095005561 268.2233850728526
0.7451766074075199 0.3889047811665462 -0.5418602452434024 329.52108723456126 -0.389878763213836 0.9131447095027624 0.11930459067798356 -119.69513476654987 0.5411772346133856 0.1223482940754302 0.8320608200433518 269.1224080883529
0.7419651339164327 0.39332308191001736 -0.5430767344980689 328.95654325090544 -0.3972823783008711 0.9102991116773977 0.11659603893145115 -119.57606900042708 0.5402046192391357 0.12923583289783733 0.8316514158744985 269.9730485135155
0.7378483183176827 0.40070000286026397 -0.5432933732807501 328.4184416996694 -0.40536923964629135 0.9065251530039122 0.11815411196634341 -119.45624254421334 0.5398358834998375 0.13304558474492686 0.8312903134412897 270.7841887433331
0.7337635706542054 0.4054737841786329 -0.5452807070095786 327.8514257790966 -0.4131506285363366 0.9033061422885769 0.11583197368245782 -119.33743304877646 0.5395044182290537 0.14028044932605122 0.8303159771328628 271.6309600015222
0.7332931675528759 0.4051884929800011 -0.5461249074294053 327.3054500066912 -0.41341757065566126 0.9032708430772242 0.1151527961246341 -119.23091822872496 0.5399394383679244 0.1413277892568367 0.8298554527222687 272.46141474534784
0.7339902955571721 0.40441581059812187 -0.5457609293750938 326.74588889923035 -0.4095666259801742 0.9044614788486723 0.11948390924183841 -119.1122380096308 0.5419233531834492 0.1358165231784909 0.8294822759242869 273.31816273692795
0.7346260152116633 0.40633655182404094 -0.5434748772125697 326.1476165286125 -0.4048559263071401 0.905187796527063 0.129614262559738 -118.9676633095165 0.5445958850979558 0.12480251624713161 0.8294626942447022 274.23964668264836
0.7370863819561122 0.4041911920660041 -0.5417404227556242 325.5637813395128 -0.3985045451316988 0.9072482315462232 0.13478498076224363 -118.82567028640308 0.5459542329626087 0.11652933159944934 0.8297729568815208 275.14875518029817
0.7379322244567479 0.39787298067996313 -0.5452548661455493 324.97886196410116 -0.395197631764897 0.9095423007901154 0.12893445370390172 -118.7039068525363 0.5472144873778545 0.12032969151412692 0.8283995463884858 276.0441778044236
0.7377712915285316 0.39140547009807075 -0.5501315244708201 324.3868638609356 -0.3951700544469666 0.9109998014695464 0.11828833456774503 -118.60261097033603 0.54745131491696 0.13011672826538492 0.8267620062448836 276.9310596782497
0.7377025568843509 0.3876076920702645 -0.5529062945895857 323.792079156428 -0.3961505646293349 0.9115448014085487 0.11056007111461719 -118.50528685283473 0.5468358534832324 0.13746426373311688 0.8259807329253304 277.8158622118374
0.7375325768691202 0.3874120686392864 -0.5532701536846513 323.21444726479416 -0.3974525271284107 0.9112448796256017 0.10834108497677528 -118.40483786617594 0.546120334170256 0.13998407492458265 0.8260314805554994 278.6803438432447
0.738242429180721 0.38950514887892407 -0.550848480473616 322.6363636889726 -0.39745423129727 0.9108634328373525 0.11149606576949253 -118.29461107524726 0.5451591380862623 0.13661660697280362 0.8272292196965394 279.559282412156
0.738309016638886 0.3927883431457502 -0.548422370495191 322.0493857433496 -0.3983993069710416 0.9099548497150111 0.11547083302460222 -118.17694712434708 0.5443784212280521 0.1332286674021961 0.8282950433141579 280.4539582470943
0.7389916318765899 0.39251818096373353 -0.5476961280120325 321.4662951814254 -0.39781255824416756 0.9101901781582875 0.11563925390271071 -118.06351125724255 0.543881603684352 0.1324146881219887 0.8287519894914707 281.34516765046726
0.740539995671486 0.38890623832387883 -0.5481811467845381 320.89455631161064 -0.39460982112755644 0.9118034396877979 0.11388733350104711 -117.95591878245399 0.5441085376901411 0.13197041927677539 0.8286738676758091 282.21905083761004
0.7413445957950539 0.3836412737584723 -0.5507980386496004 320.3039657719997 -0.3915832174366717 0.9136544305366063 0.10941664771299689 -117.85035807216904 0.5451994952177345 0.13455798582242093 0.8275406230394344 283.1127170661058
0.7408873101717381 0.3838323499362206 -0.5512800515385273 319.7229842726532 -0.3910610266448791 0.9137219247038103 0.11071123200140497 -117.7388881139065 0.5461948192549494 0.13354995897885327 0.8270474983140792 283.98540107843246
0.7403283996040799 0.3851316662839118 -0.5511248754298249 319.13977277249484 -0.39048678775241047 0.9135685527499152 0.11395770527619525 -117.62251923377814 0.5473625611378364 0.13083121956376917 0.8267099824521388 284.86174126813967
0.7408979171870841 0.38506176794935415 -0.5504083800198107 318.54301337169795 -0.3882519284927534 0.9141376338683648 0.11699285969991917 -117.50178811424563 0.5481818124453032 0.1270077989697434 0.826763529804393 285.7628592444401
0.7419343601567085 0.3809754337453265 -0.5518537325361891 317.9457457722172 -0.3855730614728854 0.915667231972716 0.11384579468135553 -117.3897457044794 0.5486698330082005 0.12830473540843412 0.8262391583296315 286.6656598907329
0.7441377018395537 0.37774225650618354 -0.5511091888764333 317.3466358060768 -0.3808318894990086 0.9175342737275636 0.11476744823850554 -117.27275666359841 0.5489969858939391 0.12446806605284856 0.8266087490907863 287.57919490280784
0.7464643683073815 0.3729698083094257 -0.5512126874570211 316.7483644105476 -0.37584190855430294 0.9197522206877061 0.11345239844592879 -117.15744056853488 0.5492765446878167 0.12247175356406453 0.8267210108259088 288.4959439714738
0.7484043607474342 0.3656008179193798 -0.5535137023908706 316.12882258124887 -0.37210511266354296 0.9221508890324711 0.10605571889611225 -117.05515403492527 0.5491801684576038 0.12658411901475014 0.8261649844429337 289.4348843319698
0.7487058277249005 0.3607760330603703 -0.5562654724491628 315.50798994775244 -0.37222348649965714 0.9230222117595975 0.09773720264410882 -116.9649789214252 0.5486897876626162 0.13386976069494566 0.8253427387088158 290.35556367166856
0.7497089588858553 0.3598416426685687 -0.5555189348295563 314.92515210361347 -0.3721975382458149 0.923233942906951 0.09581590149858145 -116.87677681477474 0.5473358735036835 0.13491975039617993 0.8260702040434743 291.2304970530867
0.7502938020174997 0.36226808220608553 -0.5531475461454267 314.32103719386566 -0.3729457062754777 0.9226509636148349 0.09848628002738685 -116.77472205614839 0.5460237439114927 0.13239113377851153 0.8273465864060564 292.13985502431166
0.7489447786315746 0.3682828690167679 -0.5509999907485401 313.70986251399466 -0.3782677808014512 0.9202106469395364 0.10098978249076854 -116.66594593796322 0.5442120338243914 0.13278053590236905 0.8284773758101434 293.0572790521238
0.7487425663148254 0.37026592795210556 -0.5499452929462134 313.0970225152654 -0.379880808326128 0.9194425785341112 0.10192729676791497 -116.55949891557263 0.5433661955328385 0.1325869163925929 0.829063632622705 293.9850761410242
0.7469356577734223 0.37359921357257314 -0.5501486909534348 312.47972436450647 -0.3838475055377881 0.9177655244756256 0.10218327642457796 -116.4501927861969 0.5430655210231793 0.1348392093302254 0.8288979634937953 294.9117239597255
0.7462341950165446 0.37672730577382846 -0.5489659078902296 311.8819206811376 -0.3859008270516128 0.9166364064025351 0.1045570881112478 -116.34077804271506 0.5425740612375062 0.1338129116987378 0.8293857942846778 295.81646972236996
0.7437233911772487 0.3817453399222052 -0.548907367565062 311.2804295512595 -0.39025607963944947 0.9144724451119759 0.1073074211496167 -116.22632573235545 0.5429065004473754 0.13439774351453332 0.8290740522543876 296.7201568720641
0.74317181760265 0.38176695697003404 -0.5496388807885481 310.668209559942 -0.3910815693023811 0.9142360965645021 0.10631166496972899 -116.119508597101 0.5430675025844326 0.1359361987754109 0.8287174504505799 297.6432590689329
0.7441191463590834 0.3778725555630699 -0.5510465018542565 310.0634310516659 -0.38817787044645 0.9157534139009305 0.10386774693584286 -116.01743055048647 0.5438527218939903 0.13660446180422564 0.8280923705194294 298.55990967915056
0.743177746119633 0.37586503193317006 -0.5536835881444641 309.47628700965527 -0.3896754806618866 0.9156930432285949 0.09866164604352841 -115.92656813462789 0.5440687811155618 0.1424241394018233 0.8269690033494642 299.43343944781225
0.7424087230118785 0.37567467516370084 -0.5548436212584864 308.91039290126594 -0.39142346069181905 0.9152276180785432 0.09602749674457829 -115.83968496121653 0.5438647712773429 0.14587730699956047 0.8265020717630435 300.27436535748814
0.7415117468039387 0.3770750814294215 -0.555092843827948 308.32569428060833 -0.3936157713013839 0.914352171372339 0.0954027278793065 -115.74587049517775 0.5435057859537537 0.14774138696679867 0.8264067650888237 301.1420784226745
0.7412215008031383 0.37907328197880347 -0.5541184404846631 307.7234492029423 -0.3952270047068461 0.9135546653940801 0.09637335581249942 -115.64702304989449 0.5427316021346654 0.14755923338616483 0.8269474320281217 302.0429311943299
0.7411325997108907 0.38124321850311893 -0.5527465213773799 307.1337441111477 -0.39610748103647275 0.912929165675066 0.09864921553239368 -115.54413535248312 0.5422103012839866 0.14582552515199967 0.8275967077466039 302.92922223713936
0.7425722918372385 0.3792218087198936 -0.5522045559406776 306.55225044902085 -0.3935774735058205 0.9140351512759352 0.09853347333903617 -115.44811208951975 0.5420830185584764 0.14415765866994815 0.8279721917050618 303.8131136456335
0.7424738361412039 0.3782823461117435 -0.5529811474073221 305.9743823420241 -0.39377959999241274 0.9141428159390897 0.09671414998438319 -115.36003766732384 0.542071574043998 0.1459353893863071 0.8276687880201911 304.6832451752235
0.7419837533511964 0.37681841326831 -0.5546361910449517 305.4220319089078 -0.39516370974986004 0.9139915475370757 0.092406181148868 -115.28206131865852 0.5417357208050907 0.15059843390534244 0.827053947501712 305.5089168926118
0.7421052511390186 0.37516208280783214 -0.5555959559755532 304.88030051853036 -0.394682236688667 0.914404517267706 0.09035694574664091 -115.20703008221649 0.5419202988751506 0.15221966010113316 0.8266362057687 306.3196271829024
0.7423904008949451 0.374827675998413 -0.5554409810681852 304.3128396178482 -0.3942166678353933 0.9146028804641207 0.09038519708826288 -115.12231376808714 0.5418691122686685 0.1518530159946595 0.8267374245177699 307.1687693785219
0.7424503625932813 0.377572164964428 -0.5534983556949017 303.71224469623854 -0.39401035935075857 0.9142031127624092 0.09519870088676051 -115.02229022633317 0.5419369438359485 0.1473940581226508 0.827499541123948 308.07239780485327
0.7429001233800248 0.3815985106723368 -0.5501235607040448 303.0820214733384 -0.38997253225362094 0.9145313790655303 0.10783285811844387 -114.89742321353349 0.5442366434361376 0.134414198841858 0.8281997301745928 309.0354922906768
0.7423596646901471 0.3836107421721376 -0.5494530684903463 302.4909266382167 -0.3874548215918431 0.914700783097258 0.11521688298908639 -114.77420503185402 0.5467660656807569 0.12734607838815756 0.8276501785761967 309.92719390088405
0.7432023584425702 0.3759489200494729 -0.553593818002716 301.8957533928953 -0.3827771232423472 0.9174017076490135 0.10922032149018436 -114.67343434174148 0.5489113752337154 0.13072092187102563 0.8257012957987866 310.8237648917663
0.7424308702333933 0.3646176652654309 -0.5621418139897668 301.2914624246872 -0.3803015842902936 0.9200532459273936 0.09458145823815736 -114.60277280898734 0.5516683110635014 0.14355366015604 0.8217225669889617 311.7034998503126
0.7418110193196873 0.3584791540668806 -0.5668881187566862 300.68998401844345 -0.38238770996332055 0.9204186409198777 0.08174381904951161 -114.53757646814952 0.5510596447173506 0.1561228238270213 0.8198366305060029 312.55933302438416
0.7406982086553167 0.35864446464190486 -0.56823664259561 300.1377049831033 -0.3865932956626326 0.919130564175073 0.07627190702060065 -114.47327067870299 0.5496200945597074 0.16317233451598054 0.819429508820006 313.34563928222747
0.7392527274369922 0.36600609205639856 -0.5654178398364216 299.5476712432333 -0.3901848875801582 0.916980430823142 0.08351964579675115 -114.38633933044886 0.549027736916162 0.15886576561981153 0.8206717928162787 314.20206371544987
0.7388266055330828 0.3726037138476344 -0.5616530738237984 298.94660018259117 -0.39046032734717606 0.9158448688832492 0.0940315635507099 -114.28679956411513 0.5494055286514549 0.14982097902304803 0.8221189560405678 315.0881639104214
0.7402719528543091 0.3738970140263015 -0.5588836906933458 298.3694534334867 -0.3887950456789026 0.9161363130169683 0.09800785100925699 -114.1904009314817 0.5486404990781172 0.1447297722521158 0.8235407059471284 315.9504542782983
0.7403153045610465 0.3737715911750703 -0.5589099050144233 297.79419054821636 -0.3894408836175938 0.9159887175066695 0.09681367392652727 -114.09932840173659 0.5481233551159165 0.14598117859733498 0.8236638532664259 316.8018126001643
0.7405633414260132 0.3736359612092177 -0.5586716982590266 297.2158283849911 -0.3894153591281667 0.9160302672290769 0.09652080218291754 -114.00724078113335 0.5478056151192943 0.14606734129631802 0.8238596948828278 317.66080572500965
0.7424836495496564 0.3686271052370163 -0.5594499519000163 296.6462534456323 -0.38539048465016534 0.9180422190883284 0.09351637585114339 -113.9235475752544 0.5480531266863469 0.14616384027000048 0.8236781634699407 318.51355249639073
0.7434526281055559 0.3651200559383059 -0.560462227678256 296.09376461798075 -0.38352873169745844 0.9191594652064095 0.09013409078608585 -113.84636417410907 0.5480455498738294 0.14793461424642432 0.8233670291274737 319.3341785266987
0.7441137873884338 0.3617617421722591 -0.5617611145315055 295.55435393624987 -0.3823797943405793 0.9200282248314651 0.08606044849552794 -113.77715074098073 0.5479511724513555 0.15075865328448249 0.8229175894010975 320.13300159155983
0.7460879731802267 0.3580213557331989 -0.5615383945958906 295.01336265485736 -0.3782186264214585 0.9218173622497661 0.0852907596672667 -113.70482297674404 0.5481536035814885 0.14874135540988362 0.8231496732328275 320.9420729516215
0.747415427459432 0.3572422131374504 -0.5602684758315855 294.4653297807263 -0.3754088666702399 0.9227450800198864 0.08764627688234707 -113.62494745565574 0.5482774661355304 0.14481327423760004 0.8237676289858904 321.7563970421318
0.7482165717718862 0.3582766251636846 -0.5585360651260091 293.89379984056944 -0.37441732069618855 0.9228724664282135 0.09049841271236178 -113.53926983078428 0.5478627393769154 0.14140493841888038 0.8246352603198417 322.6090299387001
0.7495495916216567 0.3584687232280332 -0.5566219786154208 293.335368177182 -0.3724057542620756 0.9234084029842866 0.0932850928847375 -113.45302282153354 0.5474110944428889 0.13735938853837784 0.8256181284688957 323.4500200517157
0.7504424478843863 0.3561253734667645 -0.556923086566648 292.78863841738416 -0.37161535415686703 0.9240315071969284 0.09021612202425387 -113.3790363726563 0.5467247319861577 0.13925117197425013 0.8257560488162206 324.27299338627824
0.7509930924889148 0.3546488996717417 -0.557122936341281 292.2663356206082 -0.3732521700289993 0.9238612672098999 0.08505277076407494 -113.31455962718277 0.5448500348216906 0.14406531313431833 0.8261685974871723 325.05460654311196
0.7513130988965914 0.350814335787401 -0.5591151425208597 291.7332939953539 -0.37433758155948144 0.924135744302012 0.07691378886608452 -113.26186434285415 0.5436621146567873 0.15150366475448357 0.825620100205924 325.84265560943305
0.7520844914902571 0.3451695827436778 -0.5615855764501314 291.23402944171164 -0.37157698278704127 0.9256889272502872 0.07142378997001689 -113.21388504267267 0.5444878973082462 0.15494800746705123 0.8244353138176543 326.5828527707565
0.7516521439019184 0.3443325671707646 -0.5626770188628419 290.71255367231197 -0.3703001437448907 0.9261421261575701 0.07217640379551091 -113.15195209611532 0.54595248901531 0.154100452479244 0.8236250691545878 327.3455478841519
0.7488117261106255 0.3510530639994018 -0.562311214729289 290.1580119076355 -0.371370881271921 0.9248138228759429 0.08290796085539084 -113.06700922469233 0.5491189164701349 0.14673603622487644 0.8228641429966207 328.1460608072426
0.7483015813622198 0.3511096385516759 -0.5629545858852137 289.62475999860436 -0.36706882012105957 0.925902719132299 0.08964048990903019 -112.9819653715692 0.5526952732595724 0.13955763046533257 0.8217178936661352 328.9244441971496
0.7473883892201624 0.3527996832894832 -0.5631108513344727 289.092734067556 -0.3669051483343151 0.925632449914959 0.0930373309448631 -112.89309893917213 0.5540375403703097 0.13706598373049733 0.8212331660807002 329.696367985825
0.7471095792289333 0.35327568551720934 -0.5631824196887891 288.5661570091534 -0.36775437933281624 0.925331789616575 0.09267431953311403 -112.81120299263904 0.5538503989968984 0.1378677536265279 0.8212252103685242 330.46354830225414
0.7468813133031356 0.3536818436962476 -0.5632302012311512 288.03366635465244 -0.3684806827079303 0.925074431765579 0.0923581124221591 -112.73014617613123 0.553675409352164 0.1385517581387647 0.8212279744288885 331.23983307276677
0.747694422405454 0.34952636166087514 -0.5647433919496415 287.51829538581336 -0.3665197794097768 0.9262669100013228 0.08810806654638627 -112.66149602990966 0.553879485625211 0.14110480624849756 0.8206552035099367 331.996277176879
0.7484379842435598 0.34836627561922534 -0.564475214530249 286.99427549810963 -0.36518772301862623 0.9268153517278429 0.08786838516875478 -112.58581543456094 0.5537550467735031 0.14036854290585807 0.8208654814206336 332.76339247318595
0.7481801809554047 0.3489524893289518 -0.5644554034232491 286.4606297327902 -0.36563875219069153 0.9266000511110537 0.08826967037557068 -112.50661125170116 0.5538066888571475 0.14033774791771494 0.8208363037061915 333.5391312154792
0.7478791418581214 0.3479932297800782 -0.5654455573632481 285.94191276747245 -0.36607330578818076 0.9266252492353204 0.08617870168942349 -112.43812765711442 0.5539262655134356 0.14253563056736424 0.8203768826300857 334.2932333544256
0.7469014113668822 0.34636998584518663 -0.5677302207747582 285.42809139720663 -0.3683115722492405 0.9262372338569623 0.08063158428454553 -112.37772976448892 0.553761976866741 0.14886966304127874 0.819362526489685 335.02825442160554
0.7461030330866393 0.3466907982862661 -0.5685840600784882 284.919687827944 -0.3698392078050258 0.9257483037531908 0.07924684635300208 -112.31467645711746 0.5538202933739493 0.15114982791609444 0.8189059063886968 335.7560040041968
0.7465822260639322 0.34882233166779786 -0.5666480601034379 284.38273291964055 -0.3692368021896562 0.9256235731836563 0.08340451818211755 -112.23730633837697 0.5535765833148334 0.1469504173632837 0.8198345423365048 336.5383258208136
0.7463860373681788 0.3518147175851422 -0.5650537350204563 283.83493329797057 -0.36996278801642263 0.9249734959556047 0.08730550598907563 -112.15412659510454 0.5533557578503874 0.14387663279443288 0.8205282345424724 337.3349354412455
0.74589925557199 0.3524248196818133 -0.5653163740222941 283.30425982771914 -0.37133113888092417 0.9245023460197357 0.08648259259954022 -112.08127103550659 0.5530957739753596 0.14540349714883125 0.8204345481091809 338.10425079197614
0.7460427593450828 0.34805588752021344 -0.5678283294964801 282.7769032141281 -0.3708358865522621 0.9252826732542856 0.0800219298897366 -112.02704702238499 0.5532347416118089 0.150862377091524 0.8193547933982998 338.86998616631007
0.746117739633349 0.3441801111111092 -0.5700877652538741 282.2563285070632 -0.3706581164539861 0.9258592379699241 0.07394585774466941 -111.97672989523885 0.5532524664892219 0.15612646366133262 0.8183559062050234 339.62237422970173
0.7461331769047189 0.3429030912917198 -0.5708365014264755 281.73648567258857 -0.37133953052013224 0.9258273240147706 0.07085775707497634 -111.92373490824791 0.5527741608193827 0.1590957486238485 0.8181067289589227 340.3720181372686
0.7463054356159122 0.34361905122254965 -0.5701806259135892 281.1997385489883 -0.37169429078956057 0.9256424543735079 0.07141381972428254 -111.86121900359865 0.5523032240372333 0.15862721991788023 0.8185159299441946 341.1460907737242
0.7470282178632356 0.3448916196462109 -0.5684640425131083 280.6653815280884 -0.37106709100134005 0.925685169131838 0.07408001804228237 -111.79326108056975 0.5517485527573951 0.15558940386891376 0.819472742604429 341.92191281315183
0.7471864552774432 0.3467785337275367 -0.5671071645100113 280.12858340173386 -0.37132055666609143 0.9253699558640046 0.0767077319852009 -111.7222509659859 0.5513644997314838 0.15325455390378226 0.820171209192338 342.7026049344717
0.7470054818867689 0.34730096917909764 -0.5670260321893891 279.5858591332658 -0.3716905582221843 0.9251896321802047 0.0770917804480288 -111.65215282130025 0.5513605676278099 0.1531611756748494 0.8201913980203706 343.48738201808857
0.7480314535453108 0.34119543513977313 -0.5693758511618334 279.0233601567053 -0.3684393498746203 0.9269376600240309 0.07150196527923852 -111.59695522326227 0.5521521123264107 0.15628543730904212 0.8190693378809426 344.30776088220256
0.7489254562643444 0.3355492123879389 -0.5715525454805662 278.4808855091859 -0.365659617458853 0.9284439707542308 0.06602299802514919 -111.54887669413544 0.5527886742837779 0.15953761789730472 0.818012975279144 345.09326038412473
0.7493000984076877 0.3340026618163153 -0.5719669782950465 277.9626538816546 -0.36493755285555496 0.9288414688169379 0.06440334222777291 -111.49997996188085 0.5527575481174469 0.16046539000814794 0.8178521259899307 345.8399252632671
0.7497133700255211 0.33542017747145453 -0.5705939988570405 277.4337728498962 -0.36373252098133646 0.9290356013114647 0.06829842941643197 -111.43893184237974 0.5529909606635476 0.15632976870678253 0.8184949055538742 346.60335924599616
0.750331146584842 0.335882547198805 -0.5695087886214792 276.8911968694074 -0.36260486462750136 0.9293165219356245 0.07043943163364001 -111.37650607884655 0.5528934082750211 0.15364435541447588 0.8190688991291775 347.38813755671987
0.7507600683821971 0.33579236565561776 -0.5689965609573027 276.3517701614813 -0.36209494260852526 0.9294839403125837 0.07085372079044122 -111.31563319868735 0.5526453107716979 0.15282726095270727 0.8193892215391949 348.1710870763182
0.750715161155848 0.33564031806646494 -0.569145344198893 275.7993979494167 -0.3633086880021715 0.9291624888422938 0.06882469144170392 -111.26113230515973 0.5519089202467172 0.1550982533588264 0.8194583292772187 348.97092210472624
0.7510175386636883 0.3352298953315079 -0.5689882360073766 275.25850398589864 -0.36489389299541386 0.9287702370754127 0.06565696244584952 -111.21194529229905 0.5504498162287718 0.15830127142483694 0.819826736261025 349.7551339028548
0.7510261412070411 0.33480647563380755 -0.5692262019454066 274.725004180842 -0.36628212107918096 0.9284150393023523 0.06289294025928295 -111.16601597407134 0.5495154509817662 0.1612535800197366 0.8198783691839239 350.52862292265144
0.7511036776682237 0.33443541648543956 -0.5693418020161465 274.20447978089015 -0.366573102826213 0.9283725744715782 0.061816113179959664 -111.12014262488472 0.5492153128188579 0.16226527890811193 0.8198799615407374 351.2820300559359
0.7524428681164136 0.331999188384517 -0.5689995084874668 273.69421853372245 -0.36426482047267167 0.9293583096433081 0.06064368351727133 -111.0752660280583 0.5489184220669369 0.16162556524191088 0.8202053749724698 352.0254622364148
0.7529280344432945 0.3303216084656907 -0.5693341027561452 273.193472690554 -0.363666446024065 0.9297259152956934 0.05856391495289246 -111.03420271787633 0.548650018491987 0.16294326188864272 0.8201242191142146 352.7517819344636
0.753714823553174 0.3280023958379171 -0.569634039844 272.71207643923844 -0.3635683122655949 0.9300092198338025 0.054538860320507795 -110.99981198077523 0.5476344717052085 0.1659837744979115 0.8201935903185983 353.4503743807912
0.7538541682056316 0.3284736724369636 -0.5691783612170628 272.18444182300334 -0.3652742358231598 0.9294479367915877 0.052680447921301596 -110.95831496138675 0.5463069004868892 0.16818205318786011 0.8206323629637429 354.21007094681016
0.7539372147100931 0.33149725612447284 -0.5673120846121967 271.65059122148915 -0.3665288601154136 0.928777998521842 0.05569454131644719 -110.90699167582751 0.5453510430532552 0.1659354375518082 0.8217248038266907 354.9877515158677
0.7543388790767115 0.3355600613703307 -0.5643820569981954 271.08627323042003 -0.36711276290725986 0.9281954802359504 0.06128196291980096 -110.84933799682638 0.5444020070605181 0.16095407537175338 0.8233434294720493 355.8196339734743
0.7539539925635546 0.338357618883287 -0.563225314015059 270.51799950587565 -0.3684167263534652 0.927488635961416 0.06409918025671639 -110.78796669617158 0.544054474923332 0.159163487357632 0.8239210812653771 356.6511246516082
0.7541470804157779 0.335850413689949 -0.5644658117851022 269.957889552851 -0.3675756996767183 0.9280208977177161 0.06115336988214016 -110.739689114341 0.5443553084105832 0.1613550982253869 0.8232956110675365 357.47238963329926
0.7539594879911238 0.33481475699857444 -0.5653307444476009 269.4177450965843 -0.36793995088196574 0.9280162787666112 0.05899307725412247 -110.69456320253967 0.544368581911382 0.1635191103817418 0.8228593888020189 358.2587216918453
0.7546259250829398 0.33290596896669505 -0.5655690507902363 268.88333428796835 -0.3668588078584706 0.9285584790403918 0.05716460309812347 -110.65239820478281 0.5441752042945096 0.16433596979063322 0.8228247544327433 359.0442987964878
0.7558815115088676 0.3267846426420167 -0.567458686189778 268.37277747843325 -0.3628314910919473 0.9304095471278466 0.05257636955447942 -110.61720126507795 0.5451309788746771 0.1661406742000031 0.8218284734555051 359.79571149702434
0.7570556436969135 0.32053486767161227 -0.5694544447077784 267.86940715635427 -0.35921863523128 0.9320986927404133 0.04718694669050831 -110.58872064186171 0.5458937854118819 0.1688258919671935 0.820774191183176 360.53263983719603
0.7588079663364363 0.31683688416128947 -0.5691923904599813 267.3685779687814 -0.35537107552425207 0.9336310793044542 0.04602989319411717 -110.55549566401743 0.5459803786913747 0.1673369429196608 0.8210218435965476 361.2678573637359
0.759666160375688 0.3182436405714785 -0.5672593967013163 266.8481796082577 -0.35386222202455875 0.9339897752560581 0.05018605111275923 -110.51067257496216 0.5457668971369116 0.16259745348955962 0.8221152461923781 362.03087670649296
0.7608202273391339 0.31904816805207264 -0.5652577949323879 266.31841477617996 -0.35172323104264464 0.9345747218423687 0.0541805933448775 -110.4627866276467 0.5455425734129286 0.15758306007702425 0.8232399241151055 362.81384754659354
0.7615794310632301 0.3200559674202567 -0.5636635351989399 265.791144327953 -0.3507038796767258 0.934788174559173 0.05702956393301005 -110.41400620195127 0.5451395505870118 0.1542369909185533 0.8241402078056029 363.592849740658
0.7617371927721096 0.3211168201531629 -0.5628461698463412 265.24909896087956 -0.35111307105664097 0.9345681514944931 0.05809690186953009 -110.36350397339861 0.5446550396677319 0.15335889221039448 0.8246240342379261 364.39254333531863
0.7617185835146274 0.32111301272039394 -0.5628734970432254 264.71643966736985 -0.3516934537521324 0.9344041018790907 0.05722017454720912 -110.32041016033783 0.5443064906285008 0.15436394719950267 0.8246666228199584 365.177858641261
0.7615932893116226 0.32015943181467577 -0.5635860389439092 264.20393805409935 -0.3520588607016176 0.934391345052803 0.05514398993475626 -110.28179360994251 0.5442461716919172 0.15640850311656732 0.8243213208886598 365.9319091488736
0.7622617255370565 0.3158190845090415 -0.5651296631805797 263.6901594393685 -0.3506295726543731 0.9352287938402393 0.04979658117092027 -110.24839489796192 0.5442335981255626 0.16018327026201698 0.8236045889697726 366.6870290036048
0.7619966837372327 0.3134003803487986 -0.5668310624590865 263.1892937052032 -0.35187068506642266 0.9350508041759 0.044053578653547955 -110.22137037740231 0.5438036969796116 0.16587247279974576 0.8227622248715621 367.41492561079116
0.7624070679502618 0.31093330722873536 -0.5676376175931926 262.705254000748 -0.35123017589641825 0.93544162535749 0.04074698289266877 -110.19690018050835 0.54364287333834 0.16829516371459385 0.8223767073742859 368.12433222227173
0.7623181179373605 0.31196996298439583 -0.567188058939833 262.1994535947205 -0.35200776425289826 0.9351239644141112 0.04132431835598237 -110.16301517757886 0.5432647035404877 0.16814190280290428 0.8226579876550073 368.8596357860118
0.7619991657150722 0.31466623020487483 -0.5661262428443707 261.6941255370055 -0.3537145027882987 0.9343879920454013 0.04334759455706056 -110.1259958513633 0.542603329797955 0.16720580134429738 0.823285154874025 369.5960730106779
0.7620546487892895 0.31444209019577013 -0.5661754495440284 261.20701940266036 -0.3539286484972889 0.9343396544291123 0.04262436321086607 -110.098578522173 0.5423849387907353 0.167893536777827 0.8232886554684352 370.30910581823235
0.7610781965258955 0.3144388352370921 -0.5674894343197852 260.69553065976254 -0.3571421749490277 0.9333059492384866 0.0382465543436072 -110.07235051516513 0.5416493804586678 0.17355548395563755 0.8225986014173641 371.04160338275005
0.7616477465810325 0.31162477347555095 -0.5682770402350377 260.2046982349787 -0.35582691774365216 0.933923296052996 0.03531623223861522 -110.05184335617987 0.5417147768319364 0.17529975658979677 0.8221856187449407 371.7578076536206
0.7630927679004723 0.3110003466098124 -0.5666785547699389 259.6954872193923 -0.3516494976285896 0.935321435914711 0.039872429877181176 -110.01658036176431 0.5424089532916427 0.16883610959482012 0.8230804545163587 372.50560017070046
0.7642173589665398 0.31250187998323925 -0.564332161647369 259.16482290540114 -0.34829541002962355 0.9362511017874483 0.046883085831404034 -109.97246053373587 0.5429895103090986 0.16071583794007688 0.824322597871716 373.2893123918717
0.7654232389645063 0.3137790084386579 -0.5619844681061572 258.64982624753435 -0.34622599689789657 0.936772034411504 0.051568413577766106 -109.92757304906628 0.5426144409944239 0.1550922598035954 0.8256457702006119 374.0548405392397
0.7663824360547938 0.31207012122279326 -0.5616288654689745 258.1336166872085 -0.34508980986722027 0.9372770146851982 0.04999056820388534 -109.89385403265224 0.5419841390965818 0.15549050550179688 0.8259849567565752 374.82332265172613
0.7676345958394382 0.3072255106884427 -0.5625889979676663 257.6220131909927 -0.34442927702660664 0.9378978680651242 0.0423065908607183 -109.87498338073925 0.5406307085748749 0.16128593788141993 0.825760743879741 375.57959038683464
0.7684895313643217 0.3004946068446955 -0.5650516652311587 257.1063723941988 -0.3444894815577161 0.9383312972124953 0.030577263602354895 -109.87213269095326 0.539376243434458 0.17114566703336648 0.8245954798980925 376.3309294534007
0.768965259617576 0.29725565430596507 -0.5661167713650583 256.61278323027943 -0.34623735387875343 0.9379216881159239 0.022272596960263444 -109.87175645749893 0.5375763875276313 0.1788734802207737 0.8241308286850537 377.0446498001044
0.7696739317582751 0.2963082411349726 -0.565650204891486 256.1505752508015 -0.34691150060905096 0.9377391124675581 0.019273106838887583 -109.86805126383047 0.5361257261561146 0.18138590517372205 0.8245266662224551 377.72277007879353
0.7691173331005153 0.3022473519840043 -0.5632602339841154 255.65081318287028 -0.349685719645975 0.936568295420414 0.025169029198806713 -109.83966145178283 0.53512137062779 0.17759557638514237 0.8260031788129156 378.4528307578967
0.7687472085422319 0.30623154467802294 -0.5616108610556567 255.15776302220945 -0.35114602122643757 0.9358874584869997 0.02974709519245204 -109.81029122474267 0.5346965338404418 0.1743288495857191 0.826973459890099 379.1785303151933
0.7682104529337743 0.3072393089867492 -0.5617951814281511 254.6613082980577 -0.3527210280565136 0.9353097118343906 0.029282410203861842 -109.78774274047288 0.5344319128302306 0.1756513442546803 0.8268648423616857 379.9032728862246
0.7677815594545048 0.3049717340231638 -0.5636145813610614 254.18283876592557 -0.354120343502797 0.9349418101202108 0.023588027402934787 -109.78023969948384 0.5341233344644998 0.18146608720987525 0.8258079792919351 380.60173833978075
0.7679190953635879 0.3027956384100059 -0.5645992542981647 253.71418851840866 -0.3540710299064405 0.935043994943014 0.019978900856566974 -109.7738486238288 0.5339572108888455 0.18455519561087144 0.8252294657053627 381.2896567447474
0.769266255097058 0.30215157817037286 -0.5631076070330273 253.2244991329019 -0.35044947179123076 0.9363183743482011 0.02374516521177369 -109.75476720703689 0.5344060364897137 0.17906345619391983 0.8261479633705056 382.0127655782758
0.7701507148340478 0.30111656377267726 -0.5624520148403148 252.72811471800804 -0.3478388900860038 0.9372427344007639 0.02556744025222587 -109.73482387022845 0.5348366589266716 0.17594102640074394 0.8265396815267361 382.7428588153225
0.7695536213433571 0.30114692119869196 -0.563252579667347 252.23098381948085 -0.34818799943598056 0.9371176933384524 0.02540628004932108 -109.7173593477938 0.535468963114695 0.17655521721096676 0.825999303152804 383.4647980960352
0.7705413241993595 0.2970436470305255 -0.5640802993561079 251.71854355143316 -0.3437867664106486 0.9387568943982025 0.024818002879832525 -109.70031978569477 0.5368901776365069 0.17478897069503516 0.8254521566358001 384.2207623410403
0.7705724222310011 0.2972882642019857 -0.5639090582749501 251.20516455227613 -0.3415996066338492 0.939448610248775 0.028567807903153226 -109.67510033148086 0.5382401371805323 0.17060666505269448 0.8254480083941655 384.97229563946513
0.7700707788732535 0.2982727641991708 -0.5640741956126062 250.67220663063492 -0.3427159709404661 0.93903607736925 0.028760218205151594 -109.64980463959651 0.5382478218424075 0.17115920957712877 0.8253283940178647 385.7450566496128
0.7698751808534642 0.29517581506065055 -0.5659672106197785 250.17197139462797 -0.3423870445974051 0.9392844806350681 0.024221309804039994 -109.63981503426113 0.5387373152599981 0.17512187598531978 0.8241778355444556 386.47451076077556
0.7699699501703878 0.287073188911706 -0.5699917022763465 249.64885039617218 -0.3383108147823403 0.940919005636709 0.01697063732365181 -109.64350635339882 0.5411711802232672 0.1797571865770502 0.8215809082379748 387.23353580926243
0.7701424865220942 0.2798284519777335 -0.5733513747804116 249.12520079613904 -0.3334486757995915 0.9427256078981795 0.012292698223411159 -109.64236755465116 0.5439363173326317 0.18170574084390292 0.8193231554766407 387.98909868409964
0.7691552174871891 0.27453269260906016 -0.5772235425939042 248.59783988315738 -0.32793848485895577 0.9446548387203704 0.012390378650373282 -109.63347882099993 0.548661898006934 0.17975368299965283 0.8165982843460804 388.74095378569433
0.7681570943604918 0.27421283329714624 -0.57870332402323 248.0544194597399 -0.3238348061254375 0.945970422703152 0.01847270760993116 -109.61254007736238 0.5524848638976819 0.1732045354520143 0.815435477419478 389.50547232341876
0.7668698655991895 0.27594730644455406 -0.579585453893893 247.46759590206509 -0.32146024757391073 0.9466182693575192 0.025444965386642746 -109.58168920489902 0.5556507302671252 0.16679082271830842 0.8146209762549341 390.32472015670635
0.7647049138026075 0.28053389180516053 -0.5802436316461979 246.8652139667772 -0.3220204331802725 0.9461896293672559 0.03315223387747673 -109.54322751681909 0.5583036164277093 0.16148919199112752 0.813875423284379 391.16087894381036
0.7637423543753064 0.281567222704417 -0.5810100193072796 246.28743302171262 -0.3225263738134861 0.9459665486527019 0.03455148178606253 -109.51162281227508 0.559327437336543 0.1609936393694925 0.8132698713412448 391.96377680953856
0.7629146283146924 0.2767580205914754 -0.5843987895374834 245.71395806411593 -0.32259057602821817 0.9461890252067874 0.027044869582637774 -109.50630300275532 0.5604193661530382 0.16787936738859313 0.8111231571309896 392.75931515916403
0.7622530408164442 0.27131786783710304 -0.5878034935123272 245.13950041314394 -0.3238881174226417 0.9459847137086649 0.016717325489023112 -109.5141936718895 0.5605718455138923 0.17763007758320506 0.8089385325969976 393.5424787621872
0.7628152393071975 0.26647785746352004 -0.5892867818151921 244.5890660503031 -0.3228038484705904 0.9464479770514758 0.010209323020453551 -109.52453975088675 0.5604332020694025 0.18242614561721407 0.8079671534461506 394.30396296475436
0.7629426553581444 0.2694477293992225 -0.5877690569911712 244.03212958140602 -0.323642278227877 0.946117144067681 0.01370718776132936 -109.51371822821065 0.5597755808195529 0.17975866645493876 0.8090199858337668 395.07187151959016
0.7637587682824314 0.27514035198932235 -0.5840599075987164 243.44917324509 -0.32469467062951274 0.945623547319184 0.02095453807318079 -109.49568639560488 0.5580501366962503 0.173626240088413 0.8115464488015134 395.89200741043186
0.763822883698836 0.28112556294528934 -0.5811189482419127 242.84809094739566 -0.3260455654309783 0.944956583318201 0.028665962319594222 -109.46902567401575 0.5571746926268076 0.16756531239565944 0.8134209459965355 396.73888714203053
0.7646056984297028 0.2812058181591976 -0.5800498089419163 242.28097656877895 -0.3251303462102703 0.945238675928938 0.029752698413378045 -109.44826189341353 0.556635708120491 0.16583258364002687 0.8141449546400962 397.54340331725496
0.7651103509785526 0.28064981987933696 -0.5796534948464951 241.70717562669637 -0.3244765032957376 0.9454694463048785 0.029557837284601082 -109.42787742271571 0.5563237671234385 0.1654586108997601 0.814434068454789 398.35541149247143
0.7645133865202641 0.27876543354279304 -0.5813481514438625 241.12240654069004 -0.3269303751272912 0.944801417496064 0.023193125538999743 -109.4196135962804 0.5557077883370665 0.17231838987890125 0.8134313771858622 399.1661711983984
0.7643784709364115 0.2772986580737445 -0.5822261216105518 240.57102614691243 -0.3273694815957537 0.9447171056277565 0.020237222303830946 -109.41242078495007 0.5556344269090059 0.17512381087190382 0.8128815029827127 399.9385276444033
0.7644103103044159 0.2769787093932052 -0.5823365032046867 240.02407781227535 -0.32726616282198884 0.9447608720475595 0.01985283611650509 -109.4019102160355 0.5556510691754993 0.17539302557707795 0.8128119270044648 400.70353225323925
0.7643077988777752 0.2817341391544463 -0.5801860671135661 239.46230178088277 -0.33058563745671343 0.9435389117177427 0.022761901749579115 -109.38064289350118 0.5538242685930681 0.1743938269216591 0.8142724040568488 401.48986413946506
0.763171550804024 0.2889075264574009 -0.5781509274044894 238.88420899459058 -0.33717593940562784 0.9411394035747966 0.025300437324987272 -109.3566868624287 0.5514131530745138 0.17561969349399784 0.815644286879475 402.2998707192936
0.7636743347478979 0.2888704899030816 -0.5775051328383051 238.31324877647003 -0.3373172874625705 0.9411027056433092 0.02476939209228481 -109.33923144964736 0.5506297781567734 0.17587663134451295 0.8161178497255438 403.1122060265524
0.7642260017365797 0.28375047484655586 -0.5793111223363597 237.7337634022598 -0.33592477630906226 0.9417501772632991 0.018206999174468958 -109.3381073056108 0.550715653519169 0.18068005253777802 0.8150096486590264 403.93459823507266
0.7663164505338967 0.2753900575068265 -0.5805834506258809 237.1668400616796 -0.3324354166547516 0.9431237109791011 0.008653827735415901 -109.35262801547653 0.5499285442067262 0.18636380343927195 0.8142613656436658 404.7435031405359
0.7660658318528207 0.2722208873527429 -0.5824060861531847 236.60130177118603 -0.33313218676461515 0.9429140274493003 0.002623428141889363 -109.36459937500754 0.549856473200782 0.19199719353545322 0.8130005847821761 405.5333214221402
0.766325305195704 0.2734039423896894 -0.5815099180606471 236.06045058320507 -0.33279717365691586 0.9430232189576622 0.004889656579956425 -109.36437783976675 0.5496975048606767 0.189766491254743 0.8136317379403475 406.2947849871503
0.7676136311309604 0.2727379055965717 -0.580121556097356 235.52394835546644 -0.3285484644802498 0.94447737972311 0.009384533383152049 -109.35929579577137 0.5504549145059378 0.1833830770965809 0.8145827070835284 407.0586840055392
0.7692140719037269 0.2714244411318299 -0.5786156743117069 234.9776237533887 -0.32374413418270576 0.9460852610928966 0.013497014008999282 -109.35201717374868 0.5510669782445821 0.1769302331361966 0.8155952378009858 407.8429924190594
0.7699473740628662 0.269811391672693 -0.5783950021507004 234.42232504450826 -0.3220566494899854 0.946669107194376 0.01297227608884151 -109.34877952885732 0.5510323651275012 0.17627652647723424 0.8157603170839525 408.63353379638966
0.7714916496114691 0.2662096653268628 -0.5780057234269488 233.86868986365434 -0.31807596079432987 0.9480245894453033 0.012158725782577451 -109.34685949495507 0.5511839912628291 0.17445810443434434 0.8160485872824276 409.4291710586445
0.7729681654691594 0.26157822050422425 -0.5781473486087648 233.305995787864 -0.3131288522677851 0.9496821469507027 0.011112696162079785 -109.34473155069458 0.5519470227436758 0.17243358449370444 0.815962881231756 410.23725007183174
0.7743019886442573 0.2606696457628579 -0.5767713672971162 232.77658338683014 -0.309460101482187 0.9508401233073501 0.014367485289167791 -109.33636636845924 0.5521467713822223 0.16735171170423216 0.8168852686691072 410.99806775571943
0.7749617739464124 0.2606387677343042 -0.5758982085340512 232.2530105513249 -0.30815686547328464 0.9512385588244385 0.015917766428648533 -109.32755147505489 0.5519495507124405 0.16512017867254633 0.8174723636355259 411.74847394384665
0.7750695965359732 0.26054511441726674 -0.5757950683091029 231.722632144422 -0.30841173896402657 0.9511651744187812 0.015332112161353908 -109.3236847061899 0.5516548975085368 0.16568793450624936 0.8175561228549812 412.50674748422915
0.7744467274665454 0.2606366490118721 -0.5765912925566687 231.20520572432912 -0.3121095770103556 0.9500258402285656 0.010313271183858694 -109.3236640056281 0.5504490137333408 0.17196167579545313 0.8170735127537521 413.2327752974269
0.7747232942684421 0.25885778096267265 -0.5770209695100927 230.7019196590146 -0.3140384833032451 0.9494358089139155 0.004372752330588372 -109.33324255433115 0.5489606981170145 0.17780800080144807 0.8168233786467436 413.94763544357295
0.7748315703877902 0.25868688602024553 -0.576951985156954 230.20960721074954 -0.31537847628250104 0.9489992358306372 0.0020379355573935543 -109.34200747233302 0.5480387484802761 0.1803680663636607 0.8168806060906791 414.6474341482285
0.7750998856643999 0.2610945589375447 -0.5755061679525943 229.70963997143542 -0.3162661101380791 0.9486958293393664 0.004534475731972899 -109.33800222229488 0.547148279366985 0.1784870974828173 0.817890221051764 415.36176884331286
0.7750722297993479 0.26387482911871635 -0.5742740564206669 229.19882037757503 -0.31753177822277495 0.948256211115005 0.007242295650822727 -109.33139115539097 0.5464539253458456 0.17672555158460893 0.8187365801160715 416.09152610031066
0.7750829752229805 0.2667916552542519 -0.5729107932582809 228.68807249945232 -0.31840703772799 0.9479296633441279 0.010745333633339361 -109.32201086860475 0.5459292317809585 0.1740787934810267 0.8196533931660681 416.82511890814925
0.776672529628191 0.26199725624265163 -0.5729709061713548 228.16917808951104 -0.31377838680197795 0.9494906282997623 0.008916946723807943 -109.32335369487747 0.5463501687672007 0.17284891300377453 0.8196332602137718 417.57995511704803
0.7775233985022862 0.25761254155035523 -0.5738048195774293 227.66566050621427 -0.31138794937507214 0.9503074143658922 0.004788936112965573 -109.33106636114294 0.5465082015983493 0.17494070671422848 0.8190841891542638 418.3060460526918
0.7765644747653337 0.25930270857348126 -0.5743423342772619 227.14454437003974 -0.31419185607442196 0.9493883799655495 0.0038948184108522042 -109.33104187807591 0.5462672771118451 0.17741725142841017 0.8187126896932693 419.0395219484371
0.7755200204377878 0.2624965049343456 -0.5743026981079628 226.62208651434437 -0.3157542023373326 0.9488489920275026 0.007389819507892375 -109.3225108327792 0.5468500913918654 0.1755955911256841 0.818716245505081 419.7766715515638
0.7744817846912204 0.26614959700810403 -0.574022374068484 226.0888796218404 -0.3160768244901603 0.948674528391834 0.013486720400545209 -109.3082128893256 0.5481335739718776 0.17097813771822828 0.8188352247094776 420.5354063307685
0.7742489165738754 0.2676685677621635 -0.5736306843955514 225.57021826872605 -0.31616963647913093 0.9486055180649752 0.015979516294204604 -109.29581320515861 0.5484095194988948 0.16898055838087928 0.8190651769842259 421.27467642327287
0.7736402470465453 0.26585974637800763 -0.5752912998030312 225.080808687333 -0.3178032020039663 0.9481319761565431 0.010869751681406692 -109.29801776972688 0.5483252340902878 0.17440769868052308 0.8179839549436662 421.96650814523065
0.7713031711846102 0.26957659615668117 -0.576697656029695 224.5824948208802 -0.32546717628202887 0.9455664438650064 0.006792652220631443 -109.29308613145444 0.5471206804910239 0.1824443816162016 0.8170366765413002 422.6505873923065
0.7699898137140312 0.2716128231661455 -0.577496420747877 224.0919304570043 -0.3311252412797791 0.9436208546939172 0.002398530356402538 -109.29342878162724 0.5455730873080993 0.18936404095297446 0.8164960769722707 423.33084870257017
0.7702737695532584 0.2727659459650318 -0.5765734034293165 223.63619579019058 -0.33315638692611005 0.9429081976242307 0.0010755499643661766 -109.29722622518769 0.5439330357183516 0.1912478185768285 0.8171509467524829 423.9740129768687
0.7713313224046873 0.2729494668067176 -0.57507071565872 223.20280094006992 -0.3335188231960157 0.9427804171555008 0.00021963777250234037 -109.30447893880209 0.5422091627566066 0.191614834222678 0.8182095711273464 424.5948722826527
0.7729033653659544 0.2741430937394332 -0.5723859513034335 222.76625975661304 -0.3345694310955843 0.9424082831853547 -0.00032609706389155027 -109.30896442157925 0.5393155002054523 0.1917423063483355 0.8200900539831273 425.2223149427384
0.7746096105396115 0.2770176787517084 -0.568682957732506 222.33201252929143 -0.33495183686644275 0.9422677398552846 0.0028415267798263654 -109.3086083716748 0.5366233108181719 0.1882672568089148 0.8226569791070517 425.8598840089867
0.7766504868579996 0.28002138175458413 -0.5644120100201314 221.91718180832925 -0.3355852424861915 0.942029203733421 0.005675976865517165 -109.30464136595243 0.5332668807557798 0.1849871014485429 0.8255782474133535 426.47884790177386
0.7814952348980607 0.2758341548990715 -0.559767876497638 221.53022012034145 -0.3322212803251378 0.9432378286815778 0.001064284726107612 -109.31919030513637 0.5282724731651585 0.1851220394995113 0.8287530942380741 427.0709640162124
0.7874521533255032 0.2688323866720522 -0.5548048473562106 221.17764893315817 -0.3280645664277839 0.9446600807289979 -0.007808310197565056 -109.34726871375864 0.5219876727871261 0.18814730412860411 0.8320477329386996 427.62774385902367
0.7934027553474128 0.2624042633942543 -0.5493783674838005 220.83528154354445 -0.32383085719686244 0.9460213140604944 -0.0157273389513385 -109.37514276688538 0.5155816370745542 0.1903706061511119 0.8355291251698217 428.17207051082704
0.799604459460991 0.25729477446153387 -0.5427631856867393 220.5040808441808 -0.31903016980824606 0.9475540565330103 -0.020727256654309613 -109.40041021597177 0.5089498802129181 0.1897182382763639 0.8397328271447815 428.71227041878177
0.8042012899411022 0.2572673979907559 -0.5359420647320907 220.18916505177788 -0.3178557728768018 0.947924117580835 -0.02183540457249974 -109.4222117159174 0.5024000702327316 0.18789971928494648 0.8440748063283688 429.23170538259853
0.8091342770178662 0.25584114880157965 -0.5291563493022483 219.87855664294878 -0.3132317641208687 0.9495062681299974 -0.01979927730431692 -109.44405166667944 0.49735763591255094 0.1817562539915358 0.8483950455922779 429.76066797083985
0.8139236070428066 0.25451739347060043 -0.5224065182782112 219.57920920327948 -0.3086206124241996 0.9510620022069972 -0.017390501612167007 -109.46249738631829 0.4924010013592533 0.17536734213895536 0.852620515815108 430.2783378155722
0.8190535061304008 0.2511139852354659 -0.5159970550961307 219.28690350757446 -0.30439764481617687 0.9523796203489393 -0.01960259887584863 -109.48540273770462 0.48648852575472823 0.1731112831562174 0.8564672081451499 430.79106774480834
0.8224170897714893 0.25117409166062393 -0.5105893711135735 219.00218867791486 -0.3047731975303306 0.9521978511806316 -0.022397526184377098 -109.50924733009714 0.480542586546507 0.17402141032483942 0.8596336256374871 431.2769898891195
0.826856209692747 0.24802447202523156 -0.5049276986900756 218.7366361130558 -0.3018131832603147 0.9530485861873921 -0.026003074044875327 -109.53714297874413 0.47475759014032276 0.17388228456583407 0.8628700034562311 431.7516649599865
0.830897673344865 0.24196032960670769 -0.5012224083003192 218.471693223441 -0.29596079720381563 0.9547764793126631 -0.029623842355982435 -109.56653390972959 0.47137413490154634 0.1729442466079029 0.8649111038862313 432.23332550678697
0.8329512124674936 0.23387510416398297 -0.5016519732186617 218.2190804966615 -0.29025250229096783 0.9563083601128538 -0.03600587417997053 -109.60391104393376 0.47129980876374866 0.17558430531665498 0.8644196437694383 432.68835202295907
0.83415225566378 0.2263568769422171 -0.5031024924818172 217.9649087508918 -0.2855598461490859 0.957449749675652 -0.04259216210208592 -109.64108517536074 0.47204071408036724 0.17918180452841834 0.8632761726245909 433.1341204012893
0.8334370014042608 0.2257401302749615 -0.5045629542556144 217.70292112219425 -0.28770647497705654 0.9565923369225027 -0.04716397126642364 -109.66954666843365 0.47200068194208605 0.1844617792839126 0.8621851913440037 433.56657213669007
0.8296051901959457 0.23332965390108582 -0.5074172253692927 217.43900343024518 -0.2965994976385515 0.9539204381147656 -0.046186728459872976 -109.68048404281319 0.47324505861067745 0.18880385485302745 0.8605617208246297 433.9777828093175
0.8262943132379796 0.23366185436630085 -0.5126395280682617 217.1920130647438 -0.29745656860946357 0.953726413829991 -0.04465255702974296 -109.70110018278004 0.47847035247152647 0.18937140542184952 0.8575419421887576 434.371298921949
0.8254767615375055 0.22703422808756868 -0.5169172939951162 216.92027037484326 -0.28864707189987915 0.9566060776832745 -0.040707568211720245 -109.72168750071101 0.48522964377921074 0.18279725193558743 0.8551673010866843 434.8222470456936
0.824437785745442 0.22264559181676205 -0.5204715540801413 216.63270394167407 -0.2805995366918426 0.9592568164142555 -0.03403876553931368 -109.73491102513134 0.4916728498492599 0.17409434428578272 0.8533007822047841 435.28724727236255
0.8210252151797471 0.21994075401371524 -0.5269745952001981 216.37066534210288 -0.2769246210375907 0.9604425015316884 -0.030505579989575777 -109.74173610159656 0.49940481376638785 0.17096573704859258 0.849434213975433 435.683023447647
0.8142520265278498 0.22084096941103437 -0.5370119455921922 216.11475063962212 -0.2783611099895205 0.9601283381839781 -0.027139935669474292 -109.74780937683886 0.5095919800562552 0.17156932383303092 0.8432400046814671 436.039584550548
0.8063686967578825 0.2228089395687972 -0.5479829911935484 215.85620370395284 -0.28147501524519136 0.9593026445946027 -0.02406233738060337 -109.75347265774866 0.5203049852971235 0.17363351048763664 0.836247145093396 436.3820742470344
0.7977106363464949 0.22489965976969659 -0.5596763971234249 215.60332132121894 -0.28516306501666205 0.9582783743236777 -0.02128995067014177 -109.75793645808706 0.5315221541798708 0.17656906364041156 0.8285425680774093 436.70263093611186
0.7884553395350763 0.22385187672211854 -0.5730524883359691 215.36241936314337 -0.28654792370098137 0.957893333204168 -0.01999509718639273 -109.76730062131908 0.5444315820935277 0.17995860401643343 0.8193813962984946 437.00032623336654
0.7796136944133027 0.21632520167657374 -0.587849204033895 215.11802836098852 -0.28083937666234543 0.9595976976767693 -0.01924849641248937 -109.77898316663057 0.559918834479887 0.18008396777085253 0.8088494655016347 437.29848154650875
0.7697829931802312 0.20942500546939788 -0.6031051048351939 214.86698435870852 -0.27476056652323266 0.9614016612765647 -0.01677774763048055 -109.78552528900232 0.5762963115432947 0.1786113201304802 0.7975946280283135 437.5931671054469
0.7563082700069325 0.20925176707428472 -0.6199772505726846 214.60107572926734 -0.2747083175296742 0.9615054154920669 -0.010519516317954652 -109.78366903481596 0.5938933811776832 0.17825563633955954 0.7846603602508736 437.8806420180126
0.7390520628535148 0.20957420314577865 -0.6403437974598745 214.31927423598307 -0.27520003886278016 0.9614178915161491 -0.0028940839020345256 -109.77607709348705 0.6150137282507305 0.17834819663990958 0.7681962099201928 438.1595446439927
0.7199617358931389 0.20881068841550388 -0.6619764925543993 214.0291067849956 -0.2739684033766801 0.9617585161099114 0.00547484431518099 -109.76705532185639 0.637786427694915 0.1774055495522249 0.749620755269273 438.43236178721156
0.6990093830250169 0.20892012183096742 -0.6840299003175802 213.7329578691887 -0.2737270923791865 0.9617392757309478 0.014085157930855583 -109.7531279366248 0.6607821226071677 0.17737834629101215 0.7294372187187474 438.68464084419963
0.6757300167238813 0.21092861862347503 -0.7064395097997613 213.4329045035113 -0.2767227754027021 0.9607278455341963 0.022225376059563345 -109.73027071829004 0.6833646672069933 0.18045591443796613 0.707547160836045 438.90778339429636
0.6509918595056032 0.2141323533192441 -0.7283646790820355 213.12833218914088 -0.2816194729453149 0.9590819996126455 0.030320510247558743 -109.70085443382129 0.7050344227415836 0.18536969113153043 0.6846447011865284 439.11290309012793
0.6274786657373956 0.214454007077559 -0.7486240737920566 212.79913267844412 -0.28070567777472105 0.9590154883958993 0.03950412968380569 -109.6717632227735 0.7263935743498262 0.1853415648238561 0.6619474626485337 439.3362160834367
0.6040024816086224 0.21335471439309975 -0.7679963935056376 212.48558896916 -0.2778554984266762 0.9594536783602855 0.048079246160585655 -109.64519200971667 0.7470943086795485 0.18433854233818617 0.638782223667374 439.5424897112469
0.5801732236565414 0.21252866858916397 -0.7863767453305327 212.17562380750942 -0.27400385892001283 0.9600508391619278 0.05737013218886184 -109.61571204584766 0.7671335053999949 0.18217253104022785 0.6152178323401845 439.73532812660505
0.5548776206438643 0.21357308071747813 -0.8041485654574395 211.8462471109121 -0.27423330545341434 0.9594545531271854 0.06565165748776929 -109.57792984245081 0.7855438973910258 0.18408245009968294 0.5909376947087854 439.91476638777493
0.5294894661949237 0.21470667667944207 -0.8207920109337504 211.50629086882734 -0.27474433367045425 0.9587304834026943 0.0736092302029544 -109.5355466404445 0.8027009848034414 0.18651917696249734 0.5666165215397102 440.0868461125317
0.5023461021053999 0.2160328921557376 -0.8373386716258447 211.1515249272152 -0.27519446679905946 0.9579115819263909 0.08209760415372389 -109.48813477341461 0.8198100703001656 0.18917592543325523 0.5406441845996015 440.25192413498615
0.47560524183302594 0.21662627669208182 -0.8526608971433074 210.79532220256957 -0.27427418394872416 0.9574362015094855 0.09031200861013029 -109.4396692956523 0.8359098247540564 0.19089635026750498 0.5147674395774485 440.4087241847255
0.4483973597516201 0.21687343200300985 -0.8672160112566583 210.40306702528216 -0.2716656234678697 0.9573215581387331 0.09899413213302173 -109.38630553058701 0.8516508669022702 0.19119055286881642 0.4881691217508474 440.5780843958587
0.41999386466729594 0.2171263470142654 -0.8812597074816371 209.99164144942665 -0.26866945738827136 0.9572105019894347 0.10784783178163075 -109.32784854120172 0.8669443490411606 0.19145848177814548 0.4603502468562971 440.740696807397
0.3905350263511206 0.2172928357716911 -0.8946638379015033 209.55623421478484 -0.2646103003721976 0.9572610088507494 0.11704078337169355 -109.26313900925727 0.8818356886364712 0.1910152404830637 0.4313352017540904 440.9001775403011
0.3599108567052703 0.21745575922119095 -0.9073779996571033 209.13146254374817 -0.26269156157536616 0.9567644521870284 0.12514507098361502 -109.19514399524004 0.895337381443014 0.19330665535515582 0.40146756331163236 441.0302912916061
0.32789200282253594 0.21746908814963956 -0.9194300810004312 208.69257383322466 -0.2622625854431037 0.9558761682037917 0.1326096068742193 -109.12175120091429 0.9076762569132163 0.1976376459199861 0.37045276011142686 441.1454130907677
0.29650101791995975 0.2156726211673657 -0.9304460876385517 208.24567800639568 -0.26046075069669483 0.9555280643393453 0.13853562600620978 -109.0495112384978 0.9189220433338045 0.20125564055675677 0.33948468716000435 441.2489181736872
0.26372054990999094 0.2131109976273872 -0.9408470564290764 207.77965990929204 -0.2559512111264481 0.9558167560778745 0.14480682243320198 -108.97623309948179 0.9301131256367275 0.20260917181331134 0.30661089869504876 441.3470554225696
0.22966237566436123 0.21058502106228938 -0.9502985895505047 207.3083962258084 -0.24998857387209358 0.9563480361210189 0.15155781143267677 -108.89929280485798 0.9407073715581793 0.20274355958879098 0.2722784230643559 441.4287539316669
0.19440733749628603 0.20914347919380788 -0.9584483557893257 206.80900503666146 -0.24415350490152732 0.9566032112037535 0.15926534244128748 -108.81258111077103 0.9501395734878575 0.2030335496129027 0.2370316983745615 441.49813840358917
0.1578788069085657 0.20970607424335524 -0.9650157473418668 206.27620781010495 -0.23903030268226175 0.9562709942784405 0.16874755316669726 -108.70787356646447 0.958179660023 0.20401342602434128 0.20110017629408583 441.5458311381932
0.1195817633493859 0.21051381749303766 -0.9703308990819998 205.79790505054677 -0.23542643358265106 0.9554284090350658 0.17831473825599137 -108.60637088015456 0.964595151589185 0.20710527885499722 0.16381254458604935 441.55864456123203
0.08017237133204033 0.21089811638100564 -0.9742959094727435 205.2962868905408 -0.23083956028487918 0.9547464358354882 0.1877184207063743 -108.49704245652278 0.9697703048744561 0.20984338798509522 0.12522895575884696 441.55507297315535
0.039552082846335226 0.21036618439973365 -0.9769035523520294 204.75598009938554 -0.2245579954676282 0.9544794576847544 0.19649241921491656 -108.37764809863587 0.9737453397258754 0.2115877810509342 0.08499266725757394 441.53630670653786
-0.002332745896565701 0.20979524629194085 -0.9778239062332179 204.22313630334014 -0.21839316244419493 0.9540633846498696 0.20526527987119694 -108.25365581670249 0.9759449973421089 0.2140165574574574 0.0435948368201597 441.4927231685545
-0.04534429198802169 0.209208312206311 -0.9769007073955112 203.6692735134416 -0.21203750141847855 0.9535556628294792 0.21409813273878894 -108.11822342314977 0.9762954040508024 0.21683498108984675 0.0011254405504479426 441.4230775584712
-0.08960510915589028 0.20789697389396156 -0.9741199499173845 203.08965562918448 -0.20346672829823223 0.9535532825736153 0.22227079305613573 -107.97279976086249 0.9750598966001548 0.21810541428449057 -0.04313835566449478 441.3273672716613
-0.1342208942131653 0.20622336640277475 -0.9693382156037155 202.485306733296 -0.19450560925863183 0.9536236828174756 0.22986000481805047 -107.81746324626236 0.9717620638850477 0.2193811650182713 -0.08787859977878137 441.2018463817273
-0.1797408142091053 0.20448320197759373 -0.9623099968419357 201.8943931618483 -0.18740922036200863 0.9531507393291846 0.23758904101778086 -107.65652255112172 0.9657850006207044 0.22303796858464245 -0.13299123267196233 441.04343796415276
-0.22490523567068316 0.20295661829624614 -0.9530929586713193 201.33188270786744 -0.18184916034744444 0.9521656255163747 0.245719314550837 -107.49090017177069 0.9573491470071499 0.2285703138702692 -0.17723136717206012 440.85728657591034
-0.2689183344317676 0.20178233835219203 -0.9418742262179558 200.77823489982 -0.17553238458913442 0.9511924574711905 0.25394455048849907 -107.31977690272414 0.9471219001825918 0.2336073078580518 -0.22036456489908698 440.6491246732743
-0.3108664322422163 0.2006502941550682 -0.9291192297973268 200.15200579173234 -0.16806300117737913 0.9504821007808697 0.2615440113241834 -107.12622323560042 0.9355671878159475 0.23744329363925903 -0.2617409752454538 440.4055541223779
-0.34925303933264884 0.19985545366692847 -0.9155548193908982 199.5380360373082 -0.15980364106456257 0.949999193317282 0.2683844231285832 -106.93220241681767 0.9233926091319836 0.2400302841799394 -0.2998413432258269 440.1436205125098
-0.3834196732007132 0.19893882729078716 -0.9019826724119406 198.8914094421804 -0.15223620011240727 0.9495805943901321 0.27420148935215866 -106.72513798691018 0.911033326126413 0.24243589555022266 -0.3337903435066378 439.8530546521476
-0.41267271586003346 0.1967696427608955 -0.8894622766504943 198.2722819123563 -0.14683133355995864 0.9492755320095358 0.278177160871403 -106.52158788838399 0.8990605625023753 0.2453844571724752 -0.362835646297648 439.55272117319873
-0.436910566499483 0.19452883267845053 -0.8783096449862346 197.64068562330928 -0.1418669468628151 0.949239895856787 0.280861939032576 -106.31286969894529 0.8883416271193573 0.2473020955388687 -0.38712262539650844 439.2352577714998
-0.45581095652980835 0.19202008173399207 -0.8692091111528133 197.01417027276895 -0.13846434209289038 0.949293204360736 0.2823750191939944 -106.10286071127702 0.8793360149657056 0.24905151860753563 -0.40609688925834014 438.9035348714092
-0.4703191354629451 0.1901067655057833 -0.8618703918569328 196.37176715347994 -0.13736500312461208 0.9488751902334667 0.28431079952786514 -105.88551893863793 0.8718366401210838 0.2520948793891185 -0.4201462287974742 438.5571666879859
-0.4811558617349644 0.18868013976907244 -0.8561821797647649 195.71351968561552 -0.13701913319303202 0.9483997375385206 0.2860580040170493 -105.66095595770197 0.8659574776728897 0.2549391869543323 -0.4304613217463678 438.20421547572187
-0.48710761520179524 0.1876776205855126 -0.853031111598126 195.03080996280846 -0.13786287150038007 0.9478939667768653 0.28732641375936663 -105.42596504096778 0.8624891273483215 0.25754758304523 -0.435838490705617 437.84043860197914
-0.49039362554989935 0.18668139484342114 -0.8513649615086542 194.33835455732148 -0.13919951685160345 0.9474959438280048 0.2879941880528745 -105.18801378221502 0.8604096588278978 0.259727415273088 -0.4386457417954678 437.47365158190297
-0.4905470288004784 0.18558234804580248 -0.8515164985089886 193.62039194944592 -0.14062650864942103 0.9474197835954595 0.2875509323566196 -104.94622270554217 0.8600899203181678 0.2607903599807731 -0.4386420906209473 437.1001904542712
-0.4894887576439479 0.18470630386214817 -0.8523156966232281 192.88081863923057 -0.1422809875914768 0.9473211111427625 0.2870617912617214 -104.7008882055924 0.8604206500692142 0.26176898267957677 -0.43740884410844333 436.7210608615966
-0.48872786297002874 0.18459892911001016 -0.8527759430958991 192.11567366964536 -0.14285139022896778 0.9472620536050216 0.2869742709381371 -104.4488303376493 0.8607591838340334 0.2620594205979265 -0.436568785398055 436.3327679200206
-0.48784496394564686 0.1827473534414065 -0.8536796357807788 191.3432724146307 -0.14257810828819595 0.9480546298029255 0.28448157359310333 -104.20260371976526 0.8613050271358318 0.2604858583614004 -0.43643370453656616 435.94361464191013
-0.4871552881193704 0.17758096073607055 -0.8551626546766958 190.55413593248076 -0.14365016387262097 0.9495037118784406 0.27905736080090887 -103.95909099523402 0.861517194321438 0.25877541351578076 -0.4370319256401355 435.54427498588757
-0.48633504293227797 0.17309417688458387 -0.856548827962399 189.7535976535365 -0.14479153478507403 0.9506919534413666 0.27438254268413365 -103.71499064526478 0.8617898346187777 0.2574496772157986 -0.43727766464111345 435.13957310396074
-0.4855868570455264 0.1722201372390658 -0.8571499657121449 188.92026404307197 -0.14611153470771937 0.9506486268678941 0.2738331427972781 -103.45571446461355 0.861989272467367 0.2581958635787083 -0.43644445911972746 434.7162024995355
-0.4848814457453692 0.17373141718797164 -0.8572441537004468 188.05719352866618 -0.14700745688405228 0.949962598808688 0.27572665268022833 -103.18190083658864 0.8622334503725932 0.25970306214257655 -0.4350649623592307 434.28008021986295
-0.48437101073705563 0.17490660258365853 -0.8572939763415836 187.16604247018694 -0.14789285541805108 0.9493663900969657 0.27730370979067853 -102.89790418674248 0.862369234043829 0.26109227033931426 -0.433963393515638 433.83063387301587
-0.483646462833454 0.1746564512193029 -0.8577540527252812 186.2564696546639 -0.14855324542272774 0.9493182863317855 0.2771154486389019 -102.61182917567689 0.8626626465059661 0.2614348164661601 -0.43317371320391046 433.3745620474947
-0.48373213760994377 0.17371349681978349 -0.8578977861396112 185.3269449431865 -0.1490003661633126 0.9494788204519083 0.2763248967837946 -102.32284383673472 0.862538014025756 0.26148080425582687 -0.43339454182547166 432.90704372448636
-0.48447106137107976 0.17326006043120865 -0.8575730399642018 184.38024591437056 -0.14923546672913904 0.9494815520429457 0.2761890135428367 -102.02449664086146 0.862082977453494 0.2617721961021287 -0.4341239997798798 432.428962191491
-0.4857186697008525 0.17361280987645636 -0.8567960550187145 183.4334917092533 -0.14921795456251655 0.9492511165736356 0.27699061850534823 -101.72155825833174 0.8613841769714012 0.26237501645782163 -0.43514669984657817 431.9479850939447
-0.48677858139899277 0.17369859317216454 -0.8561767989562274 182.46776376081306 -0.1497232001357715 0.9489642045235236 0.2776998786383646 -101.41220048268083 0.8606977808469242 0.2633540887200535 -0.43591262129251523 431.45479822119626
-0.4883832180427093 0.1742980894660337 -0.8551409290947974 181.478407362971 -0.14966963343723869 0.9486259740647156 0.2788826857901523 -101.09443137023318 0.8597981758781781 0.2641761156624064 -0.43718944275538285 430.9484751063633
-0.4906743455551628 0.17408964840300395 -0.8538713902920959 180.45526823748816 -0.1500902273742177 0.9483338513207364 0.27964934058577856 -100.7647996065115 0.8584197679204573 0.2653600419057715 -0.4391770644407988 430.41983201682626
-0.49151284727534084 0.17377825179672984 -0.8534525597335372 179.4255484078151 -0.1500971225023715 0.9483487250962592 0.2795950541909164 -100.43677284945751 0.8579387782048501 0.2655107726669547 -0.44002512096331087 429.8901261781946
-0.49220761206531294 0.17267390645303593 -0.8532759976370604 178.38284018011433 -0.15144565913850427 0.9482209443884512 0.27930002598575326 -100.10214748774004 0.8573029535546315 0.26668390507988005 -0.4405542112313357 429.3489657102665
-0.49250168670469 0.17131842885705972 -0.8533792130294039 177.31786762562044 -0.15290571190142055 0.9481790165492238 0.2786466100733889 -99.76315830911717 0.8568745315064478 0.26770594141490145 -0.44076745015703234 428.79756964433153
-0.4925033043017703 0.17008804763215582 -0.8536240226618665 176.23965942292122 -0.15359800858170813 0.948363328677704 0.2776365349349444 -99.4245566569337 0.8567494802277991 0.26783752836572994 -0.44093037439277144 428.24321906439116
-0.4929408699559619 0.16937830896832182 -0.8535121059558776 175.1329674028256 -0.15459081196251165 0.9482384232195687 0.2775117091940227 -99.07221295561624 0.8563187976411113 0.26872776741479965 -0.4412248219382381 427.6694910008471
-0.4932117605095539 0.16934973682897128 -0.853361519954292 174.0277707208862 -0.1549186868266004 0.9481173143583395 0.2777432549641173 -98.7207209195503 0.8561036518567101 0.26917361121159616 -0.44137076032307965 427.0989651053403
-0.49403262518775465 0.16993692072871724 -0.8527696763388142 172.927362422398 -0.15471185845018195 0.9479065072582379 0.2785765371496044 -98.36971047982739 0.8556674018566253 0.2695453664689582 -0.44198921841926087 426.53102433996935
-0.49541241211306786 0.17092777878076276 -0.8517705298946939 171.84023997496584 -0.15421502593526487 0.9475954889494809 0.2799055103634545 -98.02015730876896 0.8549587849681375 0.2700103924731896 -0.44307491158437606 425.9677693151151
-0.4975078974811051 0.1724988502521311 -0.8502307131296324 170.74245331961697 -0.15385229346424242 0.9469719458396103 0.28220487300261293 -97.66243499842221 0.85380605419243 0.27119527768671176 -0.444570685217005 425.3946765575572
-0.49957201815343055 0.17516277361085394 -0.8484743427866414 169.666330489926 -0.15362480890847857 0.9459339029962309 0.2857883923532102 -97.30487967960808 0.852641626866778 0.27310412766513004 -0.44563705853983165 424.8299978847821
-0.5009348675525712 0.1766877733375892 -0.8473539559798579 168.59255936299877 -0.15447802796060933 0.944994290908424 0.2884241364852234 -96.9441628691146 0.8516873807793925 0.2753648563839411 -0.44607047659594956 424.26332437121965
-0.5011979612902971 0.17665298404751134 -0.847205116301538 167.50014707410946 -0.15497384955207275 0.9448162496527764 0.2887409219021355 -96.57699927138312 0.8514419825628916 0.2759969430977546 -0.44614812098383133 423.6885313439768
-0.500968178588222 0.1755484221174186 -0.8475703445292839 166.40276376629274 -0.1563992731606098 0.9447546192470271 0.28817311907478627 -96.21123558032134 0.8513166203449876 0.27691077279791115 -0.445821105482321 423.111598378606
-0.5002743268496376 0.17446794740669944 -0.8482029857240595 165.2987910206468 -0.15745330697579032 0.9448546961473866 0.2872689814001668 -95.85014265564055 0.8515304796096699 0.277251425669887 -0.4452007634133952 422.5361991783958
-0.49993108817998144 0.17377616166700985 -0.8485473565457979 164.208594147415 -0.15757388421379395 0.9450873002876667 0.2864369998377935 -95.49699180248226 0.8517096963747439 0.2768934377323903 -0.4450806828982613 421.9710671660383
-0.49992859409324325 0.17385337896310113 -0.8485332396937145 163.11624574792637 -0.1576669510002223 0.9450315099432773 0.28657066659980046 -95.13942818863971 0.8516939382903868 0.27703626656661695 -0.4450221131687109 421.4030078050174
-0.500157568298962 0.17390118242882846 -0.8483885055307914 162.01341269177598 -0.1576945394736477 0.9449811916161391 0.28672146468492965 -94.77804514547243 0.8515543532731682 0.2771779233876404 -0.44520097739228204 420.828182102403
-0.5005854262213593 0.1730403806233663 -0.8483119058064468 160.90154137375345 -0.1584888516786803 0.9449658382936975 0.2863336605075028 -94.41474417017622 0.8511551491327071 0.27776832158350867 -0.44559602334472403 420.24653584610434
-0.5010197078446269 0.17192047189156442 -0.8482837637785897 159.7896529770747 -0.15932180601140034 0.945023623302561 0.2856802764506417 -94.05393977518526 0.8507443164384928 0.2782671977291552 -0.4460694360614838 419.66455124663173
-0.5011115944525572 0.17163144711236464 -0.8482879412273879 158.69313460337352 -0.1592731169806762 0.9451266374961439 0.28536627759279026 -93.69847906063423 0.850699251576652 0.2780955007520132 -0.446262313033183 419.093253961458
-0.501357547811092 0.17049354831071717 -0.8483720600139675 157.5926236890961 -0.1604581518156256 0.9450938341512571 0.2848102037227909 -93.34071032504626 0.8503317471571804 0.27890558710739893 -0.4464574512881117 418.5166709847999
-0.5013156675142774 0.1700969338780896 -0.8484751463076833 156.4996823549768 -0.16061050316382222 0.9451806068635549 0.2844342110659318 -92.98789368921832 0.8503265634339012 0.27885146758832646 -0.44649981026143265 417.94770801565323
-0.5012875391757935 0.1695655531916739 -0.8485985378345494 155.4122346306384 -0.16107961903553006 0.9452079843850936 0.28407768483434565 -92.63622875074604 0.8502548002889305 0.2790824550649194 -0.44649244075428596 417.38034050819124
-0.501060244128509 0.16941369794015104 -0.8487629864466261 154.29990070553674 -0.16122735465098403 0.9452349674562185 0.2839032635974416 -92.27633446131529 0.8503609561080323 0.27908227913002553 -0.4462905956456804 416.8010592291942
-0.5007369423934486 0.1700972422309612 -0.8488172994611755 153.19934787313602 -0.16251513980153218 0.9446178877147784 0.2852206502427603 -91.915165149919 0.8503064015446394 0.2807516790705796 -0.4453467608072008 416.2263156808852
-0.4999572205737561 0.16717742463240795 -0.8498559709665132 152.07450091646382 -0.1654947226306732 0.9446946986714504 0.2832455864935827 -91.55367489556674 0.8501902327132628 0.2822429309450514 -0.444625134586258 415.6410342063611
-0.4991810463782781 0.16378178277130231 -0.8509732657907597 150.99183861450533 -0.1660198447877238 0.9457297798552384 0.27946033749935345 -91.21540193102743 0.8505441543249855 0.28076519358752905 -0.4448837792865208 415.0838911758939
-0.4992308004327317 0.16173017348216528 -0.8513360901845222 149.85646726103627 -0.1681554160366672 0.945689657953978 0.2783165638779642 -90.85343154282485 0.8500949998099255 0.28208641755486924 -0.4449060724545562 414.4911737266044
-0.49922105233738584 0.16315978157291056 -0.8510689393729802 148.73787087066555 -0.16917656604708095 0.9448810548795741 0.2804345545267269 -90.49143123644605 0.8498979876842578 0.2839653762387924 -0.44408636883616676 413.9095157088897
-0.49920617333901024 0.16334647225888832 -0.8510423676450413 147.61787183735652 -0.16972345301305175 0.9446387317549965 0.28092131709122237 -90.13105427874501 0.8497981236237049 0.2846648947182674 -0.4438301912331261 413.3289551238801
-0.4989303079264668 0.1599892532786496 -0.8518410421945987 146.49041825438917 -0.1693294556940397 0.9458998009260099 0.27688589480749826 -89.78110169183208 0.8500385383121076 0.2823742247764795 -0.44483188464493817 412.74688030515426
-0.4987094972883353 0.15515772252856105 -0.8528636643557383 145.36920118508397 -0.16942260164702505 0.9474469885680992 0.2714875124511314 -89.44300781683124 0.8501498678595121 0.27987342918983515 -0.4461978844120495 412.16595135344977
-0.4986650758311398 0.15389383194043435 -0.8531181708820033 144.26797822724032 -0.1701754550877131 0.94760495619969 0.2704627933439935 -89.10810499102683 0.850025300198668 0.28003587296613813 -0.44633300639574597 411.5940311590637
-0.49844284071083333 0.15377908182083136 -0.8532688539752324 143.17006482502512 -0.17061121595489803 0.9475211316404039 0.2704824882526886 -88.77088906406765 0.8500684184502559 0.2803830557795067 -0.4460330593432044 411.02406758572135
-0.49840065249695553 0.15336475548006262 -0.8533679956204862 142.09513197868756 -0.17138226745954302 0.9474021254165537 0.2704114953754167 -88.43987666144969 0.8499382301926238 0.2810110788363416 -0.44588618245211475 410.4641669080745
-0.49819322898325263 0.152455175410187 -0.853652127428482 141.02220415797785 -0.17218400756742408 0.9474463706506739 0.26974615358171916 -88.11303274528235 0.8498980266596269 0.28135632845051606 -0.44574520638204784 409.9082426693398
-0.4980661569875656 0.15149045580483245 -0.8538982307173664 139.94168288239396 -0.1735459930628724 0.9473125611230415 0.2693428133073292 -87.78163071546057 0.8496954041006476 0.28232646415152846 -0.44551796477467576 409.3461439069463
-0.4978453567721709 0.15072684133777026 -0.8541614705012139 138.86322827210302 -0.17479383656934694 0.9471607852543662 0.2690690588278637 -87.45074019194045 0.8495688610750001 0.28324225547599013 -0.44517785328197096 408.7858014110119
-0.4977399566517525 0.15037618682865855 -0.8542844732173006 137.79211509809684 -0.17513925441704925 0.9471666921664841 0.2688224678457975 -87.12506560577879 0.849559403587879 0.28340768189415083 -0.4450904810812458 408.2331055038135
-0.49771448012293085 0.14920532403270317 -0.8545051673801197 136.7117880298587 -0.1761528837476343 0.9471990373693542 0.268045580222972 -86.79846678361382 0.8493650420180437 0.28391890972083744 -0.4451359524635484 407.673732249046
-0.49777072332592254 0.14823157873419474 -0.854641427470963 135.63541104005705 -0.1770356392602545 0.9472026258614737 0.2674499423323419 -86.47254079830638 0.8491479841499526 0.2844160798003808 -0.4452318298321651 407.1149429160049
-0.4979030706039786 0.1473505905278639 -0.854717138835187 134.58170730772673 -0.17763720224902516 0.947262755113361 0.2668378658362202 -86.1549116032304 0.8489449560589558 0.28467404888028347 -0.445454152302739 406.56811524926565
-0.49791441673304043 0.14656734231537474 -0.8548456940795063 133.52375263540702 -0.1782868691028478 0.9472880348655315 0.2663147585879683 -85.83644300001146 0.8488026143754294 0.2849944117383819 -0.4455210920696888 406.0187619393753
-0.4981105974391588 0.14566594857372395 -0.8548856405673843 132.46640963347102 -0.17897855673594903 0.9473155358646642 0.26575194654161216 -85.51450645143163 0.8485419336029116 0.28536460716384227 -0.44578058523466546 405.4674613513247
-0.49834656917702963 0.14493406800511566 -0.8548722696218911 131.42896936283378 -0.17913352278326597 0.9474659211506392 0.26511020666259755 -85.20073336200213 0.8483704364397178 0.28523778045156956 -0.44618770871664726 404.9267975158045
-0.4987529537442496 0.14430709419364512 -0.8547417294992942 130.4062358939456 -0.17944619064135858 0.9475128125113884 0.26473107898079073 -84.89169713674924 0.8480659615308865 0.2854000509813335 -0.44666306795069044 404.39184028329544
-0.5009424337675124 0.14574727537191778 -0.8532155649626741 129.39201966611944 -0.17959368967619252 0.9467841391309605 0.2672263855582365 -84.57755181456339 0.8467432026579834 0.2870816170121902 -0.44809267792219654 403.85635907771535
-0.5036331754408527 0.14823566454364231 -0.8512004408104508 128.37508365319917 -0.17958214058354413 0.9457127446929532 0.2710010078459566 -84.2556307016505 0.8451481123277819 0.2893298714122493 -0.4496553165304344 403.3158281526283
-0.5071459867856805 0.15017333064274305 -0.8487716947051597 127.3531669585948 -0.17907943711314622 0.9448767538258782 0.274230616406499 -83.9289640390335 0.8431517061154646 0.2910568677313424 -0.45228085530283346 402.7687245250317
-0.5111047267205888 0.15032788914199216 -0.846366368132932 126.32617979619876 -0.17833860161576015 0.944638571756123 0.2755305896654345 -83.6002833223227 0.8409154538280065 0.29174896371373354 -0.45598327057472154 402.21214780363965
-0.5152217232673215 0.14825939029393426 -0.8442323565637206 125.31066224980648 -0.17994038144082972 0.9442860257508979 0.2756977881576484 -83.27280758714241 0.8380566732195255 0.2939411561223858 -0.4598221803116461 401.649357839706
-0.5200700613702566 0.1445336854803011 -0.8419028907457282 124.31887162736584 -0.18105336042974163 0.9445527037749114 0.2740516616885722 -82.95685912118152 0.8348161456265377 0.2949393562595125 -0.46504811621283404 401.09267768174414
-0.5245155295122021 0.14118297099810348 -0.839710696375383 123.32678009625513 -0.18260230435851119 0.9445795958187124 0.27292846732892645 -82.64050101561759 0.8316916670877881 0.2964724688404024 -0.46964937511740823 400.52714904232835
-0.5295824761911451 0.13920999590262376 -0.8368547648516745 122.33991837051397 -0.1830981543620799 0.9444538582288521 0.27303129040259 -82.32465431227628 0.8283649566673972 0.29780329624702695 -0.4746600648731266 399.9596504355727
-0.5355053694760548 0.13941180590827737 -0.833043535272707 121.3809920927228 -0.18172411946359968 0.944182098579072 0.2748823025585593 -82.01077597765557 0.8248525684750576 0.2985688680694796 -0.48026278086979085 399.39930674942684
-0.541479347108363 0.14036638519805436 -0.8290114646741432 120.42360483734637 -0.17988009222006415 0.9438132972734727 0.2773495185280796 -81.69210877253369 0.8213489286044051 0.2992856041163977 -0.4857892923215981 398.8316600232369
-0.5473479234189459 0.14037017626518963 -0.825147544952479 119.4619566490879 -0.17766166758204377 0.9439017864503072 0.278475641067395 -81.37208480544474 0.8179343961248229 0.2990041464261251 -0.4916873338107459 398.25300705915515
-0.5526376550429705 0.13870894301047426 -0.8218968359102311 118.51437946426309 -0.17750311083519363 0.9438655426676044 0.2787001107323592 -81.05585589458983 0.8144047624666582 0.2998931101302486 -0.49697718865083795 397.6708656183852
-0.5572508359857394 0.13689358593311454 -0.8190804675475571 117.55904861565018 -0.17882238062209904 0.9434129382176495 0.27938774633913177 -80.7331415296987 0.8109646435863551 0.3021429482149773 -0.501221177262178 397.07606766028243
-0.5614730611098955 0.13625823811521273 -0.8162991645618078 116.58435659812451 -0.18110169750009092 0.9422299012215477 0.28190111841795124 -80.39717436637271 0.8075396210471062 0.30609655800549673 -0.5043437024644861 396.4653280945365
-0.562682934782148 0.13337971158916345 -0.8159414676610198 115.63596761765972 -0.18304631219544498 0.9423242021857571 0.28032569685477454 -80.07812709777212 0.8062578282505257 0.3070730330066348 -0.5057986950647066 395.8710481960499
-0.5641924372468791 0.1261099118403381 -0.8160563551319678 114.68775635378752 -0.1828635076276847 0.9446627568083812 0.27246528090038796 -79.78200628588637 0.8052444343245166 0.30293296665610364 -0.5098933550057189 395.2793575453959
-0.5659648462887401 0.11748705284136819 -0.8161169556082821 113.74735336561154 -0.1838271866089212 0.9469176486398372 0.26385406621548696 -79.49874813433811 0.8037805694879235 0.29933966436306597 -0.5143068917863687 394.68220654566477
-0.5669270109039545 0.11389748331183129 -0.8159578449130198 112.79848151111987 -0.18054213419115417 0.9491635317674386 0.25798780257085036 -79.21822178523881 0.8038471198600607 0.2935582312161093 -0.5175251923202244 394.08791176335154
-0.5677779763109454 0.11439478418269045 -0.8152965180444248 111.8949751471154 -0.18009383643134472 0.949071458199134 0.2586392077759437 -78.93810512444506 0.8033470639520913 0.2936625328072074 -0.518242009208094 393.51381099553294
-0.5693700647268467 0.11907226658640237 -0.8135145962071779 110.94549365329992 -0.17977608005613682 0.9474976649090013 0.2645626861337149 -78.6324587673099 0.8022906807539497 0.296867596272109 -0.5180524291831907 392.909513471108
-0.5700814142374256 0.12014731423277912 -0.8128578718310967 110.0249777567509 -0.18045794656407713 0.9468070276390748 0.2665632561200605 -78.33605529244801 0.8016318227562745 0.29863268422372696 -0.5180575990506199 392.3225654206022
-0.56984225120236 0.1158561313502564 -0.8136486530044653 109.13343490030195 -0.18169282819340196 0.9477725003652331 0.2622599145578943 -78.06337063444137 0.8015232607506554 0.29726394080290647 -0.5190121034901177 391.7595774433503
-0.5694379742919882 0.11271384334779116 -0.8143717915842571 108.26721694935304 -0.1836208201532131 0.9481124914967934 0.2596752243976595 -77.79970945338229 0.8013702695212863 0.2973877391175525 -0.5191766330630664 391.2107793757093
-0.5676915861304022 0.11553038732774787 -0.8151959428763665 107.3936399260891 -0.1836097445651212 0.9474224863732567 0.26218958383751306 -77.5280761995085 0.802610810948099 0.29850380730862247 -0.5166133859185187 390.6683615898486
-0.5638720962100398 0.12303904917659604 -0.8167462249026378 106.48220819821084 -0.18321058408317206 0.9455907117011173 0.2689915246341742 -77.2360272252555 0.8053894233509505 0.30129658375084944 -0.5106328202651529 390.11065101845634
-0.559793697472741 0.1298166398787625 -0.818500700664993 105.57254532879614 -0.18837101746553353 0.9418836306544823 0.2782734937931774 -76.93228167946015 0.8070420657455607 0.3099404743209651 -0.5027897057663965 389.55799668681715
-0.5537205766263608 0.13386094210303717 -0.8219727315660862 104.63684188600334 -0.18806764137054777 0.9414145923059495 0.28005973891682673 -76.63036606621637 0.8112912563190874 0.3096441637242435 -0.49608875646257894 389.013433348135
-0.5472180472880964 0.13145947883140224 -0.8267009302938446 103.71325879287251 -0.19161044433108082 0.9417120056394669 0.2766358454290555 -76.33904224370593 0.814865534784334 0.3097671877189885 -0.4901167858425575 388.4740876614653
-0.5408134334925311 0.128002453469775 -0.8314441738342311 102.79127335410726 -0.19716073596335204 0.9415540448507859 0.2732518960982542 -76.04946952626398 0.8178114807232798 0.3116888431908571 -0.4839523974280585 387.94183018034363
-0.5357136270227453 0.1260914149731764 -0.8350298276472399 101.87665568882767 -0.2019980145683164 0.9409676531383115 0.2717341129211814 -75.75921038801674 0.8199842210262549 0.31422824453100184 -0.47860378019008354 387.4244137609638
-0.5296522183685834 0.12549185315331746 -0.8389779945012943 100.92262025608868 -0.20450570749345945 0.9409530804844548 0.26990470529376026 -75.4677017200176 0.8232942873533844 0.3145136936061463 -0.4726984348372947 386.89861583984236
-0.5239203848927162 0.12394314992162059 -0.8427986551250178 99.9480972363476 -0.2084948294751792 0.9406245183577161 0.26799294764960646 -75.1714143818017 0.8259572399043408 0.31610846774614526 -0.46695485322077135 386.3668250607079
-0.5181571585329634 0.12328059096441414 -0.8464508308930079 98.96685276267695 -0.2115526664938651 0.9403617815352256 0.266514204233138 -74.87755989777045 0.8288105640445983 0.31714739320091956 -0.46115891755457494 385.8426178476341
-0.5125194021000641 0.12141051273527276 -0.8501456490540826 97.98098070719801 -0.21555659381985984 0.9400890898430846 0.26425955960176195 -74.58670670191319 0.8312805718465881 0.3186749282763877 -0.4556269758066341 385.3215520617553
-0.5063816441279911 0.1191957178699358 -0.8541278197969456 96.9797810054719 -0.21942445349423248 0.940014684223247 0.26132375193070184 -74.29819014205094 0.8340254869445494 0.3197282604510446 -0.4498359504596549 384.8025274325143
-0.500036926924836 0.11517196819764289 -0.8584069830361477 95.98319607414106 -0.22199821333841468 0.9409773530203492 0.2556212487901315 -74.02231277404087 0.8371660239184521 0.31836681598425454 -0.44494025494833495 384.29682557096316
-0.49335521219981426 0.11241614347049299 -0.8626281400601744 95.00423437748698 -0.22260571656684727 0.9422993475197293 0.25016452941017064 -73.76058419457944 0.8409603698505839 0.31542797878954454 -0.43984876354851726 383.8110726456029
-0.48769445985570714 0.11272601190815285 -0.8658009371070021 94.00287550214027 -0.22145241949741404 0.9432471028900825 0.24760331895127116 -73.49416788686021 0.8445594259446433 0.3124704559007376 -0.4350379269826757 383.32207033279445
-0.4838161123795085 0.1172565727047799 -0.8673737361500714 92.98066947447317 -0.2197395463861888 0.942988693369154 0.25010050392899963 -73.21398138183584 0.847233517672424 0.31158118334578266 -0.4304523663305829 382.82875526801473
-0.48224061155116216 0.12082426182808292 -0.8677614933339718 91.94313862212002 -0.21790090827694772 0.942797958751304 0.2524184672328236 -72.92461029457584 0.8486059749969976 0.3107943306859234 -0.42831285034218775 382.3280863411265
-0.48183638515747224 0.12078720400970452 -0.8679914144752833 90.89642022879508 -0.21774919172740595 0.942907700048308 0.2521405731437049 -72.63378285174805 0.8488746566167862 0.31047657835483783 -0.42801079373713424 381.81904811234625
-0.4817335081334858 0.11889358407766407 -0.8683108451912454 89.86490080453994 -0.2185684929247636 0.9431674828077145 0.2504553685233077 -72.35096149887114 0.8487231327641994 0.31041970484025183 -0.4283534580357562 381.31572106132546
-0.4815743229836402 0.11755430901505173 -0.8685816062284334 88.84064538791726 -0.21906172335387789 0.9433890797853125 0.24918659657207276 -72.07103307841092 0.8486864454993086 0.3102562241543431 -0.42854472667743243 380.8154785618711
-0.4814813667443322 0.11677056052880386 -0.8687394156334155 87.81103014632698 -0.21962929831393138 0.9434160579280403 0.24858474893425814 -71.78830299006425 0.8485929463940889 0.3104706729593236 -0.4285750892938514 380.3105714070283
-0.4811107795096301 0.11637732824993711 -0.8689978565639933 86.78120302199004 -0.2192060697823473 0.9437221693712685 0.2477964729789493 -71.50760202416814 0.8489131976820133 0.30968798767986483 -0.4285081334084416 379.8089057228449
-0.48104879460795935 0.11618823696301842 -0.8690574712736504 85.73063444172621 -0.21918625929970798 0.9437896794276174 0.24755688577486698 -71.21639094330563 0.8489535845092878 0.3095531353225389 -0.4285257761745644 379.2944553069429
-0.4809977415645579 0.11612370345323095 -0.8690947159986927 84.66326141209144 -0.2192003181131979 0.9438088677635663 0.24747319397051493 -70.92077132575048 0.8489793047022806 0.3095203987781861 -0.4284988669076602 378.77155785473474
-0.48124750790529414 0.11624509303798762 -0.8689396887281092 83.61648696453707 -0.21942948082351488 0.9436640616111798 0.2478200985870326 -70.62946727663422 0.848778263990372 0.3099145047638518 -0.4286119860869388 378.25653412769947
-0.4815158699336929 0.11642292269473781 -0.8687678085948131 82.55812817238838 -0.2190798008571453 0.9437136791276409 0.2479423135902022 -70.33717704492904 0.8487172212294789 0.30969783866358597 -0.42889033936860366 377.73701986394263
-0.48168643018407836 0.11650259876856232 -0.8686630880425191 81.50028218703935 -0.21897169515893547 0.9437130595282258 0.24804137340709229 -70.04536006444137 0.8486489246019452 0.3096705340281949 -0.42904575472403483 377.2174244235181
-0.4820448051902289 0.11646339884294206 -0.8684690533785027 80.45033131456162 -0.2190133637419322 0.9436713834658493 0.24816247894021473 -69.75425345328254 0.8484340532955752 0.30981191938800345 -0.42936789771485523 376.6996564495892
-0.4823245001783525 0.11675530574293803 -0.868274364965533 79.39375008951076 -0.2186272956581753 0.9436996415538681 0.24839532578399773 -69.46130651149143 0.8483745340353521 0.3096160677082294 -0.42962669861915953 376.17942338372535
-0.482753902042279 0.11662222997681243 -0.8680533864159659 78.36266661934799 -0.21862923920725325 0.9436918697552342 0.24842226786534682 -69.17592175463001 0.8481298301077027 0.30968899555843593 -0.4300570222778959 375.6708407521811
-0.48320561078112595 0.11637162966386186 -0.8678358108156263 77.31579084587138 -0.218870097743341 0.9436284521691 0.2484513363968245 -68.88540917484151 0.8478106131084554 0.30997666434297955 -0.43047925769417017 375.15218803393634
-0.48355539675842363 0.11598675306827565 -0.8676924195046531 76.27854042399814 -0.21935410651492426 0.9435248327653861 0.24841808573682145 -68.59719239770176 0.847485924420426 0.31043628670701684 -0.4307875179628605 374.6373206253652
-0.48363040411340175 0.11508805040368686 -0.8677702018748064 75.21295353311079 -0.22006880316365085 0.9435118553268274 0.2478343000201043 -68.30312306122404 0.8472580382241152 0.31080971154411935 -0.4309669187215349 374.1094749611138
-0.48326826263970096 0.11297566434586268 -0.8682492257742966 74.16400129487629 -0.22008643466790082 0.9441431731509997 0.24540220909178997 -68.02119158250065 0.8474600391684782 0.30966538265497034 -0.43139315706500414 373.5936739782453
-0.48298043491797055 0.10881353083508473 -0.8689395076285692 73.15012763424366 -0.22133030712508223 0.9448844647951216 0.24139620243201473 -67.75418940335544 0.8472992566546251 0.30889309852519475 -0.4322609934095249 373.09228446396696
-0.4828982076013286 0.10821091262122082 -0.869060153513501 72.1166967792163 -0.22183047385988233 0.944877331287946 0.2409637839404335 -67.47854074273747 0.8472151719726647 0.3091259363648918 -0.43225938421369126 372.57965935436664
-0.4829053332423469 0.1088057105839226 -0.868981983942703 71.07618232907556 -0.22212148365112128 0.9446051378275326 0.24176181522319112 -67.19676600138425 0.8471348299352329 0.3097485481730621 -0.4319710240627828 372.06466258876304
-0.4825948774516563 0.10924272088940366 -0.8690993585805425 70.0325708843473 -0.22177982002209112 0.9446396624509908 0.2419395231878526 -66.9155440996086 0.8474010581717797 0.3094885294821815 -0.4316347658486251 371.5506450264753
-0.48220773822681684 0.10833877754683986 -0.8694271975576431 68.99621303245655 -0.22204949603634067 0.94483159274746 0.24094093042060416 -66.63864811794002 0.8475505264303854 0.30922069755949416 -0.4315329697312429 371.03957878593576
-0.48216227028434305 0.10808752473128287 -0.8694835168135299 67.95098200845584 -0.22236736589873513 0.9447894543062962 0.24081241452585778 -66.35694922702058 0.8474927506080171 0.3094367565173796 -0.4314915275200546 370.5232202994089
-0.4822298420127753 0.10868971930634795 -0.8693710546176249 66.92361206051648 -0.22233862698739804 0.9446263508974347 0.2414787014633147 -66.07937723113776 0.8474621293656636 0.30972436398605296 -0.4313457715486888 370.0172192952204
-0.4820413007909921 0.10828943343324303 -0.8695252007865595 65.88475716230579 -0.22220673680661168 0.9448042355141132 0.2409023155015116 -65.80384131666057 0.8476038857701438 0.3093205800012024 -0.43135677716411674 369.5070336803839
-0.48177539879970543 0.10691398630813516 -0.8698434080201191 64.8618120666959 -0.22240962370489578 0.9451372622222578 0.23940507486891163 -65.53631995073808 0.8477021946857922 0.30878210633459574 -0.431549650177162 369.00480918930367
-0.4815641960240394 0.10684009291896102 -0.869968977933073 63.85664653107493 -0.22202679214819737 0.9453173860752393 0.23904716839650114 -65.27140958711963 0.8479222698293224 0.3082541966697785 -0.43149439374571213 368.51113452290457
-0.4814214040701213 0.10722643402375973 -0.8700008691433195 62.84713959401483 -0.22192848516387134 0.9452613378208764 0.23936053686838538 -65.00251658724952 0.8480293960391521 0.3082921346317649 -0.43125705674988235 368.01392842057163
-0.48110133173339054 0.10775822601236579 -0.870112465632613 61.85149099947859 -0.2214050975015882 0.9453377033505186 0.23954539520051113 -64.73701894561852 0.8483480992370357 0.3078737051619021 -0.43092933383446214 367.5248571807222
-0.48085428704737315 0.10773701193386541 -0.8702515206135272 60.856553053879225 -0.22124977483589361 0.9454245344672786 0.23934610182212182 -64.47337415381472 0.8485287470970712 0.3076144918629452 -0.43075892123191767 367.03613823315925
-0.4807201042885991 0.10717059810363455 -0.8703960328905037 59.85088191630026 -0.221211152219065 0.9456077121759184 0.23865826458581166 -64.20966865771037 0.8486151430300825 0.307249725799515 -0.4308494027925251 366.542546252304
-0.4806786107153587 0.10629019929310661 -0.8705268164312847 58.83592358034638 -0.22161744714359338 0.9457056063296854 0.23789184042838213 -63.94391352515444 0.8485324387543572 0.3072540750497905 -0.43100887380290553 366.042779656414
-0.4804164629235603 0.10554579366297372 -0.8707627347125987 57.8343962124999 -0.22192306285534294 0.9458245623980568 0.23713449787789562 -63.68379262275741 0.8486015324446061 0.3071463020455411 -0.4309503568129404 365.5524403163183
-0.48011295268694876 0.10436144926197835 -0.8710731236268479 56.84773246555378 -0.2222736941819342 0.9460494058450827 0.2359063524540365 -63.43024625618679 0.8486817909792365 0.30685906360977 -0.4309972839692731 365.0701173115729
-0.47962591050046066 0.10283566587278495 -0.8715227886605303 55.87419489437762 -0.2223895389066399 0.9464664981729375 0.23411707952152627 -63.18400424674525 0.8489269802670772 0.30608673390778707 -0.43106375679994563 364.59545982960327
-0.4791238056719665 0.10258467795412787 -0.8718289936753151 54.900425018832706 -0.22233656162506987 0.9466022568591846 0.23362042895376192 -62.93589169760893 0.8492248280453514 0.3057528278718297 -0.4307143926494623 364.1206212901275
-0.4790285603175458 0.10392806426474195 -0.8717217221015197 53.95675900881082 -0.222646067837927 0.9461371298857185 0.2351991924414155 -62.68838322298509 0.8491966771830515 0.3067334841766433 -0.43007125469452057 363.6584555923245
-0.4790918192427714 0.10583599015607242 -0.8714573849349161 53.00133618964576 -0.22364619832346358 0.9452508044358723 0.23780029403117817 -62.42858625599289 0.8488981652504486 0.30880694516650503 -0.4291760598214364 363.18776223532427
-0.47900717338255294 0.10772290428681928 -0.871272804095138 52.03271066522827 -0.22373378807044142 0.9447104473358783 0.2398575084020094 -62.166348976207445 0.8489229984778929 0.30980721149106033 -0.4284056533681194 362.7139767006833
-0.47920476408743296 0.10698640523800787 -0.8712547029747206 51.065089539436855 -0.22472048294719285 0.9445324690982108 0.23963544103409187 -61.90675812027225 0.8485505720815278 0.31060385582327016 -0.4285663714997909 362.23838336874485
-0.4792418604508564 0.10454288006855082 -0.8715301998933404 50.0897874919122 -0.22526854434135743 0.9449967918925494 0.23727811768592724 -61.65401563965611 0.8483840324346376 0.3100228010722217 -0.4293158286814805 361.7607104786814
-0.4792609553657204 0.10350592656123651 -0.871643387867534 49.12290382742329 -0.22583127389468338 0.9450707762620885 0.2364460739281129 -61.40258547856348 0.8482235184874456 0.3101445786278313 -0.4295447677397348 361.2851904080256
-0.4792458482012949 0.10318793097834106 -0.871689928108763 48.16311269161541 -0.22613562828842437 0.9450477210827523 0.2362485614361492 -61.150801050146335 0.8481512899708907 0.31032216101389437 -0.42955959636406477 360.8129090930098
-0.47909201056215733 0.10316542371271177 -0.8717770488341559 47.18938201025258 -0.22599710097009484 0.9451198164254526 0.23609297347613234 -60.89605076988267 0.8482748776353237 0.3101104554507359 -0.42946823106201615 360.3359362994359
-0.4789357267455572 0.10215245413624356 -0.8719826082558233 46.258645457428 -0.2258214770789073 0.9454732514814218 0.2348433712628412 -60.65796542313279 0.8484103661718405 0.3093684009314367 -0.42973619886862036 359.881759223118
-0.4788588205677644 0.10165268310793706 -0.8720833803236062 45.31890468491964 -0.22642526793233325 0.9453951834469748 0.23457691777873724 -60.413702989065484 0.8482927612533048 0.3097720983773273 -0.4296776009685133 359.4204189410411
-0.47864927909192484 0.10214740313656318 -0.8721405764940837 44.360768412261216 -0.22599893686936268 0.9454382328364516 0.23481433262556226 -60.16299671086553 0.8485247250837151 0.3094775245577565 -0.42943163362379366 358.95239527463906
-0.4785219653350704 0.10192956373344424 -0.8722352720404614 43.412958211622055 -0.2261302239978813 0.9454607263013862 0.2345951994410963 -59.917398858215165 0.8485611490275954 0.3094788056248311 -0.4293582964519094 358.48909010149134
-0.478337078541113 0.10118829310801468 -0.8724222369053449 42.4859822539354 -0.22653142033759094 0.9455309595376299 0.23392237904434776 -59.680575431854116 0.8485579192340188 0.3095061557360558 -0.4293444066667357 358.03678406994743
-0.4780318808735496 0.10072945229349044 -0.8726419298792577 41.54023195640358 -0.22704333342885524 0.9454963600958677 0.23356394832144634 -59.4377851220728 0.8485925785121473 0.3097603981064018 -0.4290921549982658 357.5760759854489
-0.4775763752255553 0.10094010938496395 -0.8728672260074775 40.58928304239759 -0.22696378437243866 0.9455137161075666 0.23357156268815354 -59.19197252693134 0.8488706109116546 0.30963927002121416 -0.42862982887214707 357.1144443422607
-0.47719180834836844 0.10110474602735198 -0.8730583139844409 39.65224313168219 -0.2271881632308843 0.9454252137728056 0.23371113183314726 -58.948806967533805 0.8490266912662424 0.30985546695292654 -0.42816395194858453 356.65958013436307
-0.47680992972387665 0.10113608602873839 -0.8732637068729094 38.73030413570492 -0.22732796153987175 0.945403559001353 0.23366402031253206 -58.71116976406829 0.8492043372760525 0.30991208470686277 -0.4277708554922049 356.2135700851858
-0.47631069843933965 0.10087903578893254 -0.8735660777881405 37.81318640976338 -0.22690010977635808 0.9456771872464255 0.2329729483580352 -58.47634764951161 0.8495992069441226 0.30916121233175825 -0.4275304910108282 355.7719787797316
-0.4758109246050449 0.09993270097156284 -0.8739473027392582 36.88638310955678 -0.22678246547727265 0.9460200788552617 0.23169250228819024 -58.243191352763716 0.8499106168482135 0.3084192533018943 -0.4274475656173104 355.32596813268356
-0.4754672129311451 0.09983075517601175 -0.8741455881698291 35.953365193942005 -0.22680503156731405 0.9460714331297116 0.23145928433773078 -58.006417694595065 0.8500966012653366 0.3082936053933342 -0.4271680035636653 354.8764088341335
-0.4752775343368203 0.09993644062704049 -0.874236403619476 35.006828161331356 -0.22703395371720358 0.9459782891750463 0.23161465771195303 -57.76417247415383 0.8501411855633494 0.30854445449200485 -0.4268977010698921 354.4191565321383
-0.4752619579747428 0.10016985691979317 -0.8742181410788741 34.059800574937306 -0.2271788300442421 0.9458655703236 0.23193368464600192 -57.520425301587146 0.8501110568974631 0.3088148262447329 -0.42676174616894424 353.9603948139738
-0.4755046919199884 0.09932038253170782 -0.8741833533252196 33.14131511381688 -0.2273667693065797 0.9459992069489427 0.2312037276929972 -57.288819827972866 0.8499251177744737 0.3086803627543493 -0.42722899000235687 353.5146325241726
-0.4753872274600139 0.0985672562911163 -0.8743324951562602 32.235093686637384 -0.22614774035372143 0.9466505039522262 0.22972914981746406 -57.06279063691977 0.8503161597931038 0.30692042999029534 -0.4277188256339397 353.07758311324375
-0.47542333246883617 0.09660197476782396 -0.8745326960428511 31.357360867002384 -0.2251418876677354 0.9475225949775795 0.22710744848587516 -56.84784942055658 0.8505633244319029 0.3048477853666514 -0.42870881238590347 352.6534544720737
-0.4753191235749997 0.09650977685277565 -0.8745997175641415 30.473645862265894 -0.2248552717867758 0.9476591795183381 0.22682199827934021 -56.627172434372326 0.850697873928621 0.3044528378008178 -0.42872315965623875 352.2240907161045
-0.47531995302540686 0.09777866268687588 -0.8744583813125465 29.62802538789679 -0.22455815775788604 0.947435455464445 0.2280474276844449 -56.410049904155464 0.850775956897012 0.304743745211068 -0.428361398538183 351.8117927107107
-0.47562142830673515 0.09882484598032874 -0.8741766906174734 28.77899183480367 -0.22485117070272703 0.9470282481601795 0.22944570468824602 -56.19048786378429 0.8505299583182256 0.30567051355185443 -0.42818945084290877 351.39614811952225
-0.4755711148955103 0.09769334882290032 -0.8743319414865719 27.9571940800971 -0.22401967443579754 0.9476277753366829 0.22778020654391987 -55.98718783508867 0.8507779521957031 0.3041745727015065 -0.4287621031311714 350.9970215665069
-0.47569870410835324 0.09535901870990744 -0.8745202114589631 27.152465467913366 -0.22366447692599176 0.9483471734328882 0.2251194854711044 -55.7914094446769 0.8508001737931128 0.3026694737517225 -0.4297818551973284 350.60433766394397
-0.47567339792445223 0.09463140562255414 -0.8746131159346578 26.351195293593964 -0.22408155361743357 0.9483881750655533 0.22453097792579416 -55.59395907110783 0.8507046603782976 0.3027693458043556 -0.42990049523341867 350.21180816884157
-0.47581784266666677 0.09463476254016039 -0.8745346247936812 25.548978752039712 -0.22454483672343004 0.948209599907793 0.2248240745767303 -55.39058172317025 0.8505018390014549 0.30332849755339997 -0.429907667218104 349.81647670220735
-0.47561804668919455 0.09456672288847265 -0.874650518141536 24.75796645405062 -0.2243937557751911 0.9482989093989451 0.2245970761394033 -55.19377992453092 0.8506534427388106 0.30306934768438304 -0.42979033853663084 349.4304460469097
-0.4755078844040743 0.09367739697913204 -0.8748061708382235 23.993101206119086 -0.22507159034115987 0.9482955058693786 0.2239327871213564 -55.003561715782055 0.8505355713824492 0.3033568230455814 -0.42982041294481693 349.056392062656
-0.47538685153483845 0.09287355209757735 -0.8749579774092384 23.232995053705295 -0.2254666854170067 0.9483713397539861 0.22321421184525245 -54.81667707495578 0.8504986696340996 0.30336807858145687 -0.4298857882004747 348.6852148966641
-0.475218273348698 0.09264772505267788 -0.8750732124515723 22.46941321003556 -0.22572970120090863 0.9483502470507414 0.22303766382574516 -54.627614056218036 0.8505228111391415 0.30350279419998627 -0.42974263527295176 348.3125914860647
-0.4750733392444508 0.09257710804007278 -0.8751592070118136 21.7359072745928 -0.22621030140403264 0.9482097192431609 0.22314807277589874 -54.44405134412807 0.850475939236236 0.3039629138526219 -0.42950995251417085 347.95325240154466
-0.47457425085944027 0.09225325091321654 -0.8754643522238345 21.004772359789715 -0.22674674302847408 0.948145996138433 0.2228746781113119 -54.264361051661815 0.8506117474816979 0.3042603932355108 -0.4290302281954808 347.59726718771816
-0.47333791532619224 0.0918348731815707 -0.8761773259072574 20.289655977066943 -0.22740702140302535 0.948128328449454 0.22227585466528219 -54.09234102927872 0.8511241004667719 0.3044415795976704 -0.4278839214068255 347.2526550659778
-0.46921077735127525 0.0915760420339308 -0.878421381316314 19.593377513930946 -0.22839975951278296 0.9482111407338072 0.22089920636290114 -53.92982067543495 0.8531409349550153 0.30426078472340384 -0.4239779660892145 346.92380535292176
-0.4636614092987567 0.09145485321509382 -0.881375190366486 18.922816508810723 -0.23019117921825866 0.9480968304595632 0.2195203828823649 -53.77359121363559 0.8556892015933494 0.3046492379328338 -0.41852781707683884 346.6134762829499
-0.45764212262113385 0.09240389016743575 -0.8844169034844144 18.23737100184616 -0.23150194145444486 0.9479261218635792 0.21887633753414634 -53.615629391663504 0.858571174520039 0.3048925897605894 -0.4124034165057988 346.30752821154255
-0.4506126467231905 0.09336557709548672 -0.8879184587877798 17.56420801078184 -0.2318357832760086 0.9481830362754057 0.21740361779652057 -53.46521493349306 0.8621916169289785 0.30379768018918923 -0.405602063385037 346.01568883511885
-0.4427440593923586 0.09366513531701094 -0.8918368967332865 16.922220102363664 -0.23241094943905233 0.9485793966638377 0.21504859324313588 -53.32729891701994 0.8661046375146694 0.3024656404906993 -0.39819343051289163 345.7440941412554
-0.43399155079472734 0.09332791329912968 -0.8961641374884712 16.301729305251087 -0.23387203963573014 0.9488796255713992 0.21212262890458414 -53.19805987764705 0.870132085036251 0.3016288581553071 -0.3899630889981611 345.4898368689832
-0.4245417944726886 0.091269084344317 -0.9008902385372228 15.682224273786575 -0.23578275198657386 0.9494620825766991 0.2073475935618515 -53.07428881687076 0.8742686661218333 0.30042398647067564 -0.38155082743733104 345.2426654735776
-0.4148349469601309 0.08954566881801877 -0.9055727417318373 15.0778719572092 -0.2380722580426875 0.9498246087797262 0.20302561650566567 -52.956413947433035 0.878298278568915 0.29979560728967797 -0.3726865503917146 345.0086677876435
-0.40481952480892786 0.0898210661267796 -0.9100673800525987 14.499443722539848 -0.23908323274822343 0.9501763921389381 0.2001748341476854 -52.843959599386615 0.8826863460399555 0.2985980834305741 -0.363159670730379 344.7952109281607
-0.39370323447526323 0.09068310525751393 -0.9148464919313207 13.905388510250063 -0.23897392864633876 0.950839404118957 0.19713858712176974 -52.730146447390574 0.8877299675713747 0.29621970443832435 -0.3526621988209439 344.584209606676
-0.38364885482265937 0.09147380939968042 -0.919029929685022 13.33344937799126 -0.23818622572654607 0.9516424242830813 0.19419608959266327 -52.619436694424074 0.8923321137756375 0.2933843971663756 -0.343293393256593 344.3897783964851
-0.374099516359146 0.09208899286485223 -0.9228970698600386 12.76779619029306 -0.2368426578609015 0.9526030507782174 0.19110340039001417 -52.513117311152115 0.8967332696894073 0.29005434351153864 -0.33454281302011024 344.2021240452007
-0.3652440400986285 0.09316908484690646 -0.9263294281037867 12.201617809879904 -0.23562158664467128 0.9533577811196503 0.1888364016354762 -52.4083337291635 0.9006971915701898 0.28721571948545627 -0.326240846170167 344.01805965234263
-0.35727630936543714 0.09428324376836845 -0.9293191378606968 11.6280008776467 -0.2337991758187375 0.9542190811882365 0.18673844419921226 -52.303932657715364 0.9043606167627092 0.2839725706768052 -0.31886198848039304 343.8356098893069
-0.3498617538939423 0.09555050924781902 -0.932006964187771 11.051304345271195 -0.2315316036261094 0.9551339367813704 0.18487988415469647 -52.199237100187474 0.9078366991606313 0.2804524698293173 -0.31202738414566505 343.6553668893923
-0.34277885209650427 0.09760535039779385 -0.9344229011103036 10.478539954874169 -0.22923050687164753 0.955862831136773 0.1839792768842009 -52.093335181788774 0.9111173313110493 0.27724314536125877 -0.3052610786418274 343.4795410609239
-0.3359512428615768 0.09931136838531668 -0.936720135700293 9.909619115599343 -0.2269774291264617 0.9566136259256262 0.18286967016633565 -51.988027425804155 0.9142194989606961 0.27402988112423876 -0.2988199289317558 343.3066649240459
-0.32929429603084015 0.10052118846246709 -0.9389524390667213 9.350033419325767 -0.22522672587539677 0.9572853873830128 0.18151636888434683 -51.88673728403848 0.9170703293921421 0.27122970041426575 -0.2925744009611745 343.1398399283917
-0.32267949263694035 0.1022622404601171 -0.9410585367239457 8.80223384267717 -0.22305771879107844 0.9579609717433702 0.18062772472367417 -51.78781918015674 0.9199470738371472 0.2681756278980341 -0.28629006648029204 342.9818573988262
-0.3162208316042 0.10441356930390135 -0.9430126924189102 8.256508137547115 -0.22079383857055457 0.9585622184757286 0.18021846782591067 -51.688564602874756 0.9227318695093751 0.2651806041869603 -0.28004989318520684 342.8278399428595
-0.3095105421427632 0.10542248145215904 -0.9451245361012711 7.70505074624218 -0.21851993305437278 0.9593821298351701 0.17861818594485088 -51.59098067409093 0.9255440631657407 0.2617933503175278 -0.2738886127817103 342.67566667144376
-0.30266956902987857 0.10586591302909731 -0.9472876764530815 7.173743405514359 -0.2163479766329626 0.9602679439086718 0.1764863415925521 -51.50001148600173 0.9283123281686503 0.2583418558267101 -0.26772682784906754 342.5335323809332
-0.2957530037562008 0.1063766844116392 -0.9494130215762789 6.6533432920665785 -0.2159968051667316 0.9606258410578231 0.17496234650850778 -51.41291129086348 0.9306208139660739 0.2567969732869703 -0.2611178635648412 342.4000075374932
-0.28795064171656726 0.10734167586107328 -0.9517001603183639 6.120147859715675 -0.21427017592407385 0.9613140076755295 0.1733004051035027 -51.32461030932939 0.9334628382661675 0.25380379303629663 -0.2537979006046894 342.26992498632615
-0.2804707804165073 0.10796277775016803 -0.9538611537472448 5.586808715242241 -0.21275224073971527 0.9619772416821536 0.17148229032546505 -51.23764402532589 0.9360838493520077 0.25101253913385735 -0.24682435890814838 342.1425073327196
-0.2731283846233644 0.10838912379639291 -0.955941059847968 5.074794537818816 -0.21277130303941957 0.9622460408337523 0.1699399956079547 -51.156052036488056 0.938248042051903 0.24979318200231787 -0.23974203813394174 342.02586298387814
-0.26483186559398264 0.10904610531021598 -0.958198433321199 4.577489544611235 -0.21239948716404594 0.962617849548746 0.1682968917288017 -51.075760296316574 0.9407079294539705 0.24807181275200818 -0.23175802089953498 341.9225139094517
-0.2564750444709317 0.10998599134463787 -0.9603621093534044 4.08529407336238 -0.21317815073195714 0.9626337130696051 0.16722153989011723 -50.99711496461114 0.9428447416483179 0.2475969563228993 -0.22343276911754478 341.8246714601847
-0.24666256654939722 0.11070672398172239 -0.9628465380378817 3.594934716362847 -0.21234759012291077 0.9631683792785112 0.1651867933870273 -50.92170142255162 0.9456461878180339 0.24518432340511728 -0.21405736025329347 341.7326304303392
-0.23609194932305058 0.11022765386460495 -0.9655476242925884 3.1278551584736367 -0.21101561777126368 0.9640529362166814 0.16169738890530247 -50.853582495865474 0.9486376277099182 0.2419017928610221 -0.20433367266082633 341.65036016322995
-0.22334413446959142 0.10915461162737763 -0.9686974344979044 2.6780349673727017 -0.2107126562191623 0.9648393272973271 0.15734544149585886 -50.79046506427394 0.9517872735245827 0.239239440000331 -0.19247959154432118 341.5782937013139
-0.20991943773540536 0.10726785933539881 -0.9719048286269145 2.2403773147161634 -0.21346635268061548 0.9649872081115138 0.15265342168874968 -50.7304550813854 0.9542253227551468 0.2394936823684237 -0.17966088943587039 341.5135085919182
-0.19518471867376913 0.10589950845183602 -0.9751202812022933 1.8268593885368243 -0.2167765647489033 0.9649390291678365 0.14822757257882768 -50.6750847064555 0.9566039028402971 0.24029493708725644 -0.16537456431706557 341.46152635012857
-0.17943480084288682 0.10281668770775028 -0.9784698602078242 1.4203355557467359 -0.22016054542714336 0.9651342716395287 0.14183168550685224 -50.623806039793436 0.9589125623403388 0.24085011376617868 -0.1505323564519589 341.4178554634431
-0.1616408050912775 0.09913290956120153 -0.9819453056210864 1.0143446068120026 -0.2228411056446327 0.9656092688982827 0.1342087214357528 -50.5766066806242 0.9614551050049385 0.24049175881904325 -0.13398107319767738 341.3841263523821
-0.14172545506933593 0.0974299866572217 -0.9851863739815364 0.6053644738161985 -0.22560703900452792 0.9658081382406885 0.12801141005192895 -50.531859351000634 0.9639479602552042 0.2403877622913111 -0.11488879778160868 341.3620202319587
-0.11862246659643041 0.09702394629160893 -0.9882743439773636 0.20743934696338379 -0.2284683004350166 0.9658768713520299 0.12229112182709073 -50.49130891677829 0.9663912594617179 0.24027598123927227 -0.09239857233401702 341.3564097535139
-0.09384501455708366 0.09843373447854038 -0.9907954174676254 -0.1708103489228589 -0.23179340803257795 0.9656268301363881 0.11793068837669814 -50.45193003405959 0.9683215874574073 0.2407067131448733 -0.06779447208159203 341.36539447484824
-0.06738258651913119 0.09969748366584577 -0.9928199886546077 -0.505437683948499 -0.23221060567080748 0.9661369605459992 0.11282057987936904 -50.4212474560832 0.9704221898152997 0.2381252992580923 -0.041942199123098295 341.3894431466026
-0.042963337072847343 0.09990515882037242 -0.9941552068129978 -0.7992399671109878 -0.23143124302176368 0.9669616525442899 0.10721651037272018 -50.398688216027985 0.97199559335976 0.23466482344692957 -0.018415383813124873 341.42064468737584
-0.02230136931018966 0.09983908785877692 -0.9948400611138412 -1.0442691029205162 -0.23196678880119617 0.9673634112016085 0.10232426716995956 -50.38025646643511 0.9725619557582317 0.23303152597932542 0.0015924088451965378 341.45343640644995
-0.004559598802989413 0.09917369984635611 -0.9951463035703323 -1.233833546990379 -0.23447996944816257 0.9672548820936762 0.0975112859542797 -50.36543223104912 0.972204966790533 0.2337664995579481 0.01884987601212316 341.48219201440946
0.010402214809145213 0.09781094199950968 -0.9952372532846518 -1.3967308301632548 -0.23593944139291642 0.9673777556617351 0.09264997876509484 -50.35288272827226 0.9718068278220651 0.23383208338144762 0.03314596859334741 341.51050848229625
0.023413049157138745 0.09739354961734148 -0.9950571752564299 -1.5011323967895276 -0.23582751198590593 0.9677280565750277 0.08921282561231371 -50.343869729785844 0.9716074734289276 0.23255335641651553 0.045630981775763996 341.5360983530418
0.03166607521773557 0.09760785514642628 -0.9948075752932818 -1.5879831623266891 -0.2345059446382244 0.9681987497490729 0.08757554774558667 -50.334935779496575 0.9716935100196767 0.23049525375834073 0.05355384405450763 341.5567537918988
0.035642815760086474 0.09745555888245418 -0.9946880923797168 -1.6317590016539716 -0.23447392314612928 0.9683032921086121 0.08651132654060129 -50.32853498057901 0.9715642877709155 0.2301242335005877 0.05736878544295861 341.56591346339064
0.035857795055107736 0.09725890214194298 -0.9946995197284878 -1.6332134203717914 -0.234584682673109 0.9682984484643007 0.08626394430673599 -50.32535540963796 0.971529608333199 0.23022741269413008 0.057541503974178405 341.5652207466273
0.03540121831545741 0.09601040913649775 -0.9948368786127422 -1.617309917607831 -0.23652154754178545 0.9679352408321142 0.08504064231749417 -50.323800978062586 0.9710762446789345 0.23226926367754336 0.056979465396351625 341.55896023534746
0.03558675469782794 0.0906151391599087 -0.9953361624409717 -1.6117059920521053 -0.23828016199764154 0.9679627984356247 0.07964683662215434 -50.32621390431617 0.9706392156590945 0.2343138933347485 0.056043323519100505 341.55265166793794
0.03536140873248654 0.08652259631062513 -0.995708099134872 -1.603888705975022 -0.23834878453515027 0.9682612416072859 0.0757158209889448 -50.32740907889121 0.9706304458836342 0.2346279292399812 0.054866482232110235 341.54733107964654
0.03549336111053117 0.08649873703283399 -0.9957052354055957 -1.6022758898780922 -0.23823967700116325 0.9682912949383877 0.07566800022477033 -50.3249798814175 0.9706520644558058 0.23451066765238746 0.05498008402568676 341.5464354742743
0.03567523686215263 0.08743546474479769 -0.9956170135936083 -1.5783405177695071 -0.23843415056080625 0.9681760586674156 0.07652507728437247 -50.323558584569554 0.9705978024020506 0.23463880469859255 0.055392308984453985 341.5466874356692
0.035790715449469726 0.08745634947646974 -0.9956110486731451 -1.5692705713090334 -0.2386197339967254 0.9681317464638006 0.07650751286866261 -50.32202353267009 0.9705479657792837 0.2348138728975249 0.05552379306294184 341.546324108008
0.03590361321035568 0.08742148373573054 -0.9956099016884677 -1.5617032858075977 -0.23883698197280706 0.9680837096079845 0.07643509430862236 -50.32054541767898 0.9704901413359723 0.23502416990348152 0.055641970261515655 341.54606595078525
0.03611521861640752 0.08737110338615482 -0.9956064640931885 -1.5512279399552735 -0.23901812176695736 0.9680473027376113 0.07632594860253425 -50.31933102121408 0.9704377325983884 0.23519162248497508 0.0558490849207757 341.5465275201395
0.03629669538903134 0.0872355810609802 -0.9956119036483776 -1.5380853787444801 -0.23911868946556283 0.9680368058013987 0.07614555015114335 -50.31865875676147 0.9704062082360181 0.23528570564048554 0.05600069746417324 341.5462129394423
0.03647308796118187 0.08716069708820759 -0.995612166942053 -1.530127770280866 -0.23924270915535745 0.9680159998725286 0.0760237990173135 -50.3173364736757 0.9703691723661185 0.23540010351598198 0.056163637723402354 341.5463410694228
0.036648210830873176 0.08715602755800424 -0.9956064273963882 -1.5211657078221952 -0.23941647976836306 0.9679777458166346 0.0759674957936719 -50.315721144670974 0.9703199910703394 0.2355601651432654 0.056345828382505445 341.54651047171234
0.0368012203653703 0.08704130054284115 -0.9956109765351397 -1.5258955855115395 -0.23955287658449115 0.9679563354323798 0.07581176114864728 -50.31454070305578 0.9702809246974874 0.2356911251381047 0.05647745188631681 341.5456255825201
0.036975827569765425 0.08694548579603716 -0.9956129116077753 -1.4894569553545798 -0.23966727741813926 0.9679390421615249 0.0756706490658958 -50.31543746229455 0.9702460565836022 0.23579755162465663 0.05663269306720358 341.5433365933887
0.03709956548973418 0.08690865330183255 -0.995611512032156 -1.461065698051862 -0.23983357645901468 0.9679037024119521 0.07559612656799643 -50.315534926719465 0.9702002603282791 0.23595621632168157 0.05675684204715446 341.54198591656615
0.037322586253097256 0.08677792835226152 -0.9956147574344393 -1.4387533453974257 -0.2400278135945613 0.9678707229244347 0.07540463047789524 -50.31543231912823 0.9701438376248632 0.23614069007005561 0.056956980397124844 341.5415152472331
0.03776543424008114 0.08661118718638552 -0.9956124706278925 -1.380699154544525 -0.2402257259170675 0.9678431970913284 0.07512598313361893 -50.31736904463712 0.9700774640938 0.2363145674486178 0.05736154657334167 341.5398589048624
0.03859451644685742 0.08626803596070483 -0.9956106392294582 -1.161202463487945 -0.23905809600237235 0.9681678110874475 0.0746660700021742 -50.328818097067376 0.9703331242203918 0.23510704266005195 0.057993400296050324 341.5247387562561
0.0398760778789904 0.08632683795222085 -0.9955551157083817 -0.9030589480653217 -0.2370203002638767 0.9686781303037569 0.07454552934552525 -50.34118551740964 0.9707814021695953 0.23297419915976594 0.059092607123747753 341.504252204345
0.0413959943879505 0.08631971579644514 -0.9954933464560531 -0.8465078791834002 -0.23676488274757368 0.9687667758687686 0.07420024941214536 -50.34229628926259 0.9707798032492894 0.23260670338080525 0.0605445802762342 341.5036119350386
0.04274700235559756 0.08619417906303196 -0.9954470966146703 -0.839963472919106 -0.23675186565433748 0.9688033280500716 0.07376375610388605 -50.341383771622965 0.970724512935343 0.23250106787982153 0.06182410906238692 341.5090907987062
0.04433032550720601 0.08603147846643781 -0.9953918816966418 -0.8607887556603169 -0.23666065186797489 0.9688646721351742 0.07324273200455379 -50.33802519613271 0.9706754449362552 0.23230373220379136 0.06331440034658545 341.5173667305998
0.04929815368917916 0.08597519038729455 -0.9951630916549332 -0.8755865110727183 -0.23681961082135117 0.96891779979352 0.07202020090643395 -50.334162683678 0.9703971103197783 0.2321040212051146 0.06813045169046728 341.52713937262587
0.05711896516970846 0.08537411568966968 -0.9947967884398151 -0.896293866032528 -0.23734223436105628 0.9689688420402987 0.06957382844435057 -50.3293392916773 0.9698406312553979 0.23211368430879412 0.07561319258029937 341.53901883175615
0.06681725330030712 0.08369281426487704 -0.9943352080192676 -0.9281267317137609 -0.23785939941227555 0.9691167861479708 0.06563048146533816 -50.32445112667691 0.9690937310983379 0.23210703533360952 0.08466440534922597 341.5537150860687
0.07876624434843638 0.08243081047150777 -0.9935653865137405 -0.9898808677734292 -0.23865439856609286 0.96919008208429 0.06153274660457948 -50.31877375250337 0.9680003281127414 0.23225214493657595 0.09601512889669361 341.5760055494838
0.09353785737848674 0.08183197326331566 -0.9923332472087673 -1.0710971089212622 -0.23938058398104117 0.9692638480637933 0.05740977402963755 -50.31364471702091 0.9665050498628526 0.23215514559786077 0.11025470706303073 341.6067571591146
0.10967356434234866 0.0815211554497543 -0.9907059555824538 -1.1798356738517286 -0.23964721913878045 0.9694338262990857 0.053285807798237037 -50.30957438195338 0.9647419893309078 0.23155555828251842 0.12585947903206454 341.6477686989534
0.12741839163154067 0.08122551520454452 -0.9886045830504079 -1.3354504270495653 -0.24012355594813162 0.9695540006360674 0.048755770857227945 -50.30603595701802 0.9624399094235259 0.23115447849580836 0.1430448049489318 341.7036937453933
0.14742952381898627 0.08071790087505648 -0.9858604880298514 -1.4514293436192822 -0.2407136799285765 0.9696603955351543 0.043438700228981914 -50.30511418002687 0.9594305281370197 0.23088561622555553 0.16238751054920836 341.75910264842366
0.17015137479506118 0.08010638462089587 -0.9822440071440692 -1.602374836511604 -0.24105382382061313 0.9698283167318785 0.03738161531460128 -50.304540237998836 0.9555768335115209 0.23039294958165085 0.1843280713400674 341.82508548494036
0.1945239370803073 0.08003082670213699 -0.9777149217551908 -1.771191621723736 -0.24136004075718576 0.9699635841705896 0.03142066330885066 -50.30496688926692 0.9508365900463832 0.22984927933529112 0.20799756391696425 341.9001065931067
0.21974723855249406 0.07991856225995779 -0.9723657950057408 -1.950558710530646 -0.2408152919654715 0.9702760687524097 0.02536935817284551 -50.30713915434135 0.9454648180302837 0.22856573223174564 0.23246073912376314 341.98296816625833
0.24343715531111157 0.07973797862075517 -0.9667218177460137 -2.144098256938772 -0.23949444130034003 0.9707323320989447 0.01980474869886027 -50.310434907683515 0.939981067225857 0.22668331345511114 0.2554081887803127 342.07321555823347
0.2652960592184632 0.07922904557819892 -0.9609945043533374 -2.3568267807725998 -0.2384472786426777 0.9710865186731318 0.014279197563042165 -50.31459754622993 0.9343143829668551 0.22533875368028114 0.2765164615190709 342.1708120657955
0.28369041093547037 0.07851940426850212 -0.955784570825978 -2.5795345171520565 -0.23918419674118543 0.9709701749253843 0.008818853881667883 -50.31837741871387 0.9287053477328957 0.2260871518928555 0.29423402701994517 342.26874594631994
0.30111859039445144 0.07696166441404258 -0.9505651980229368 -2.817707485809372 -0.24179409612363884 0.9703616727333472 0.0020146179701723407 -50.32102778248907 0.9225217651615477 0.22921474534432495 0.3108007756213204 342.3668986076734
0.31901571994143096 0.07581947826247423 -0.9448014986991189 -3.079847278681326 -0.24333612193667864 0.9699685382980514 -0.004278453837589923 -50.326041847047 0.9160778769254069 0.2312493293284357 0.3278827485647567 342.4821050216738
0.34066016363424756 0.07649504940093063 -0.9371595663128858 -3.372607864765833 -0.24432993952984003 0.9696803798299857 -0.009619407456722438 -50.33334347557428 0.9079839364863989 0.23223310796620983 0.34901935624647884 342.6246035572628
0.3648823765135025 0.07832129408764327 -0.927844288579833 -3.6798341715465774 -0.2461740993963925 0.9691461207680273 -0.014956064501827158 -50.34294184492332 0.8980203892892971 0.23384855779067526 0.37290232233012277 342.78471538547046
0.38978223529725897 0.07902507997420832 -0.9176023705739966 -3.9933994068635763 -0.24719853361485175 0.9687617187532778 -0.02152787597363139 -50.35904002080808 0.8872116418609872 0.23520132285240375 0.39713724177016857 342.96156261883345
0.4168822056300749 0.07837157923374354 -0.9056687387364183 -4.323631604041288 -0.24531923833493452 0.9690440210927692 -0.029017913880362102 -50.382651214726536 0.8753335162248972 0.2342553780261707 0.4231990416125227 343.1617698388384
0.4451980141091181 0.07694189539496198 -0.8922147491666409 -4.674892762129369 -0.24229632825188646 0.9695231304929326 -0.03724408668684334 -50.41214855982588 0.862132262231935 0.23274169850211657 0.4502677075304837 343.3861089465438
0.4736935289845096 0.07328814611313818 -0.8777310441846758 -5.02062303231248 -0.23798869413545048 0.9701472886343766 -0.047383755393211956 -50.448372581682236 0.8480310577012018 0.23131570926636758 0.47698861336506737 343.6241793800927
0.5022983334676175 0.07169247862816981 -0.8618149848069169 -5.400422352417629 -0.2358327687745838 0.9701742086885855 -0.056695457209617654 -50.487737576272025 0.8320216360998387 0.23170245162961708 0.5042179992949054 343.90162972428914
0.5318394822307063 0.07186195415234077 -0.8438900426285031 -5.774554057218271 -0.23451347814563075 0.9699629081854951 -0.06514645187640025 -50.53114851348291 0.813836846758077 0.23253118382952923 0.5327105608799362 344.19396976523933
0.5603730053739728 0.07249337727686737 -0.8251635084005466 -6.15940598467125 -0.23361146673953023 0.9695903609683909 -0.07341234773989162 -50.58100811000345 0.7947251165042843 0.2338859445358135 0.5602599724154855 344.50994214135335
0.586785993317832 0.07312056133283938 -0.8065369195438391 -6.535522377803766 -0.23116787387274385 0.9696362016499863 -0.08022171639003305 -50.63268099263697 0.776158354359604 0.2334985869182184 0.5858647162683149 344.83743469852794
0.6120664609535671 0.07294357049378872 -0.7875399902810196 -6.910451966319891 -0.22618538973666105 0.9703279535488102 -0.0858587206222783 -50.685954796682054 0.7578865658087574 0.23066161196195323 0.610396442600351 345.1823393635951
0.6357538020269596 0.0724281125070201 -0.7685938049717274 -7.303844681953361 -0.2207614555692813 0.9711048561435071 -0.09103708603377882 -50.74458596901337 0.73976887477044 0.22753356358067073 0.6333648203212382 345.5576529662518
0.6573624446687061 0.07208760926781878 -0.750229837104524 -7.698927264295535 -0.21544108215526486 0.971888094747412 -0.09532781242533862 -50.806314417240344 0.7222446089943004 0.22427566493586173 0.6544038384826305 345.9497280932361
0.6751522264955104 0.07365011874143015 -0.7341065151583958 -8.114129847458225 -0.21227011468701792 0.9723594035467288 -0.09760973758622284 -50.871518906799686 0.706603632838733 0.22171096375762364 0.672113945719322 346.37267054755495
0.6912267749449491 0.07275242108608643 -0.7190820272555698 -8.550597511176438 -0.21019541300048594 0.9721869895202928 -0.10363138808869199 -50.95195063795469 0.6915202757652892 0.22276123892908115 0.6872833582366163 346.82936960111846
0.705706696962102 0.06961963533269828 -0.7051933640272283 -8.985038349075902 -0.2085759863994481 0.9715207202187501 -0.11275265680410114 -51.040101121280856 0.677237927644032 0.226637255082277 0.7001184602573848 347.2933060677833
0.7189283161378217 0.06818292621070908 -0.6918523639188431 -9.423872270529035 -0.20622229657065666 0.9713387159274295 -0.1185022911018412 -51.133777492280494 0.6639211049712946 0.22785067988064986 0.7123723900715769 347.78001634708653
0.7328312553577493 0.0666151714164151 -0.6772650096334377 -9.865087777390839 -0.20221822601972775 0.9715990316561494 -0.12317803135231611 -51.23218574026307 0.64980253909427 0.2272048109212853 0.72547665136184 348.2922663610175
0.7456652893885375 0.06689266633381212 -0.6630810742183081 -10.313350928862766 -0.19939480862121997 0.9718046708438757 -0.12612430202883004 -51.33259400614232 0.635926582909138 0.2262421313359282 0.7379658003090708 348.830986784485
0.7578042663036418 0.069662973651089 -0.6488816298408143 -10.777749347528115 -0.19780088242169544 0.972071573607635 -0.12657509919540302 -51.435802181126796 0.6219202881677729 0.22424937921494184 0.7504059578379496 349.407646964232
0.7698919665283788 0.06893355025442043 -0.634572877489729 -11.217584595452024 -0.195984035465336 0.971697658991856 -0.13215092050472976 -51.54777901700727 0.607482089839244 0.22608907307668902 0.7615978751530904 349.9721188100811
0.780267866027589 0.06294900363366847 -0.622405395892674 -11.656589861201038 -0.19166124557932968 0.9711736979056759 -0.14197871845290574 -51.67285176337029 0.5955054284812634 0.23005352692848433 0.7698255953307476 350.54964481151416
0.7886843437641496 0.059043941789811795 -0.6120942184516729 -12.098631420818363 -0.18766274622051546 0.9710460129968932 -0.14806178875067064 -51.79403125262721 0.5856089040901339 0.23162245170271772 0.7769142144561885 351.1403203232958
0.7941774953994225 0.060621319418469675 -0.6047937628765933 -12.575020073207947 -0.1866523986966046 0.9713003036115796 -0.14766840210758747 -51.919293441794416 0.5784644335716698 0.2301418190372913 0.7826849287964094 351.78134350419543
0.7982598068126163 0.06377116252420628 -0.5990680955379898 -13.064236806330365 -0.18627601029200622 0.9718210218034758 -0.1446878497777401 -52.045399264536606 0.5729403100454343 0.22707100193447485 0.7876294702754956 352.4445302770061
0.8016629322897091 0.06502611491109363 -0.5943708673427616 -13.556584098311957 -0.1853220187677081 0.9721768910777461 -0.14351910356214545 -52.17374487541641 0.568480965863254 0.22518467783511673 0.7913936073798882 353.11555014633683
0.8038776175609021 0.06475416567054214 -0.5914017627015479 -14.052934762535031 -0.18447875516728116 0.9722317509298152 -0.14422885655070217 -52.306198671565134 0.5656203352674352 0.2250242845556191 0.7934861010014939 353.7920720875024
0.8056929758014175 0.06482085968402443 -0.5889187461952488 -14.550433908545878 -0.18403983319516037 0.9722454852430906 -0.14469356285190108 -52.43701780354473 0.5631749905803811 0.22494414649515257 0.7952460629070179 354.47149142922177
