1.0 0.0 0.0 0.0 0.0 1.0 0.0 0.0 0.0 0.0 1.0 0.0
0.9999516606330872 -0.0031633973121643066 0.00933198630809784 0.023218296468257904 0.003160715103149414 0.9999948143959045 0.0003209412097930908 -0.0006420982535928488 -0.009332850575447083 -0.00029158592224121094 0.9999564290046692 0.3292995095252991
0.9998581744790638 -0.00591570370506167 0.015784852305583463 0.038254120837819594 0.0059117502710890335 0.9999824928455707 0.0003110376149910721 -0.0023527241282151334 -0.015786299482197563 -0.00021776380301474774 0.999875468867728 0.6235367945545895
0.999816227075245 -0.009395571961190556 0.016735022624258217 0.04553516600105717 0.00941745401078819 0.9999554014301201 -0.001233956902120934 -0.005492097108483616 -0.01672255207805111 0.0013911442566726367 0.9998592804151565 0.9183045369133078
0.9998147862462724 -0.010897696107077602 0.01587367832245533 0.04342428071785689 0.010944339303702626 0.9999364123892307 -0.002836829884947341 -0.009473559377308979 -0.01584188800369584 0.0030100169589470926 0.9998698114771064 1.198885261950513
0.9998570364908532 -0.014374330733897428 0.008952102454867987 0.03439749896402183 0.014413204592094834 0.9998876193663372 -0.0042460852775306835 -0.014499411369448795 -0.008890169104394953 0.004374354883668342 0.9999507812839784 1.4908274894437956
0.9998641573174053 -0.016437588603445137 -0.0014254022659403714 0.014294727559703794 0.01642941404908692 0.9998478435580451 -0.005906021254628567 -0.021996493596982795 0.001522023639692954 0.005882146294857549 0.9999810848716636 1.802437125410319
0.9997402585913998 -0.01569542569002658 -0.01651622753779021 -0.018853937060035315 0.015599044688703297 0.9998605116557209 -0.005980455841853339 -0.02822403778932527 0.016607262444134636 0.005721777140399107 0.9998446355395327 2.1608251642116993
0.9993519927804387 -0.012390735564688707 -0.03379738294492057 -0.06783366230335908 0.012186905933155998 0.999906341552387 -0.006246187577406502 -0.03182844387156836 0.03387114602359112 0.005830626685940908 0.9994085572243336 2.527012967843257
0.9986466989908058 -0.009435219309923698 -0.0511487274563136 -0.12080919161861353 0.009076897085323119 0.9999328438280954 -0.0072430499086767125 -0.038066860923559286 0.05121328848172484 0.006769461255272371 0.9986648482397192 2.897052254099891
0.9975727340187946 -0.008569867908236274 -0.06910135747552201 -0.1767213709061331 0.008071390389417578 0.9999393180159234 -0.007497677221547169 -0.045007940410185784 0.06916076962937119 0.0069224840521370425 0.9975809456287859 3.2849659460194136
0.9960677837867472 -0.008732649345380216 -0.08816272308356683 -0.24067004332663847 0.008133488772077393 0.9999410675830529 -0.007161036010568867 -0.050658523313723086 0.08821919001525143 0.006416513874015147 0.9960795796134594 3.692314227932962
0.9943782736481249 -0.00853248645905431 -0.10553899110643465 -0.31160248109344985 0.00787902441825618 0.9999468202552689 -0.006613839813873602 -0.05510231390327172 0.10558878513343034 0.005745941731535751 0.994392134600134 4.102751399210712
0.9925400564424175 -0.006953448343979407 -0.12171978623197693 -0.39009564239347017 0.0062562640112022345 0.9999615511624675 -0.006115903304049425 -0.058902531872217466 0.12175655399612875 0.005309470974378662 0.9925449419330048 4.510284102036875
0.9906837959025764 -0.0052481305599705935 -0.13608001823766785 -0.47268721483484755 0.004526652155728795 0.9999738925833058 -0.005616917414197882 -0.06210720630134954 0.13610485694554791 0.004949274613684842 0.9906813490493452 4.921141571359238
0.9888589820197454 -0.0038154471413679642 -0.14880509980569512 -0.5595641618453211 0.0030175329979422157 0.9999794413777968 -0.005593165205543738 -0.06715250148721257 0.14882214157486556 0.005082676158543635 0.988849409977072 5.349806747958189
0.9871367364397274 -0.0043759768314146665 -0.15981762200068583 -0.646976379552582 0.0034748647420849424 0.9999758848276713 -0.005922042769925387 -0.07339182076303553 0.159838612042663 0.005291205691766316 0.9871275594747096 5.781535898462683
0.9857083531664278 -0.007197324399811815 -0.16830607294396846 -0.7340589759407604 0.005892926804341865 0.9999480090872873 -0.008253456737442074 -0.08244962014588006 0.16835535942421678 0.007144482085711973 0.9856988326244748 6.221197603240345
0.9844227296851671 -0.005533820436664917 -0.17572958479229067 -0.8275648811133468 0.003869643212560482 0.9999438625334905 -0.009816090696270385 -0.09078114112028077 0.1757727657847707 0.008983908363836404 0.9843883387095794 6.665594503638231
0.9830856994457491 -0.004549589396849546 -0.18308683612704266 -0.9263803466810127 0.002583469731116529 0.9999355548852524 -0.01098037358610307 -0.09918735105568759 0.1831232834857337 0.010322633593530547 0.9830334976808193 7.136279741745751
0.9815503338842372 -0.004635551026060229 -0.19114725891692108 -1.0299872706824766 0.0020104463778249614 0.9999002498772713 -0.0139296683180408 -0.11058231286117652 0.19119150967180923 0.01328921250510811 0.9814612640242701 7.609415593889517
0.9800438171182394 -0.008714629962884388 -0.19859150031858866 -1.1381646509677623 0.005704566904930035 0.999859809571271 -0.015727151388323538 -0.11931546590753486 0.19869950250448148 0.014281005730910725 0.9799552101453249 8.10444531160113
0.9785349894061792 -0.015002856129510429 -0.20553631649647372 -1.254443022366568 0.011660603976363839 0.9997794108770502 -0.017466081202449996 -0.12838521523856045 0.205751772195685 0.01469518993326626 0.9784927925151193 8.626955765943311
0.9767612769861352 -0.014971102392846346 -0.21380897535187232 -1.3825818393415665 0.01092543441642629 0.9997382579572639 -0.020094400200553114 -0.1433930217390469 0.21405225960169078 0.017292296742738057 0.9766676146662865 9.149267197703134
0.975196501113066 -0.011295366539378448 -0.22105543909466996 -1.5264676107877033 0.006175996428101106 0.9996964795514754 -0.02383950143174114 -0.16137067029729846 0.22125646803878485 0.02188387519165185 0.97496904862161 9.684559930278672
0.9734307673385859 -0.008160438475762786 -0.22883825519849213 -1.6787187951422666 0.0021880604423125975 0.9996499880323768 -0.026343865131659816 -0.1806738942791314 0.22897191768205438 0.025143931666438493 0.9731067837700952 10.24863101053499
0.9714446523038864 -0.009772750073159697 -0.2370674004623373 -1.825995885562194 0.003218052060772148 0.9996014831210861 -0.028023828546502885 -0.1994172900437997 0.2372457758119699 0.02646134920269882 0.9710876652585921 10.81698424353311
0.9694053030300416 -0.011868539982408435 -0.24518165751254162 -1.9814747310071983 0.004648308190379854 0.9995381777869243 -0.03000961892231934 -0.2195679846987522 0.24542354683425446 0.027952576847011346 0.9690114185738532 11.39773829062468
0.9674272823631609 -0.010934819268431512 -0.25291571218993114 -2.1481842161820914 0.002872050634272598 0.9994757896454551 -0.03222958618132952 -0.2432940111019776 0.25313440602535364 0.030454214987946465 0.9669499915329327 11.991415815802121
0.9654346170867304 -0.009782633161793048 -0.26046520387671523 -2.3257079318051406 0.0004570232105614071 0.9993571523498644 -0.035842628690338586 -0.27190901215954877 0.2606473193085311 0.03448564110601575 0.9648169585662126 12.603180049172556
0.963583175031458 -0.009729502178837557 -0.2672353536801355 -2.5078078121597076 -0.0013113523156592563 0.9991535922912196 -0.04110816542678411 -0.3071374062769254 0.26740815983312877 0.0399625387885181 0.9627533194327494 13.225954836987016
0.9626002454937359 -0.009994464112997578 -0.2707446615686778 -2.695703457245492 -0.0031781758672221236 0.9988332828053735 -0.04817427976390739 -0.3523968890488563 0.27090923246419857 0.04723398961941089 0.9614438346045068 13.8674349775274
0.9619016124205602 -0.0102384320711832 -0.2732081894372878 -2.8872416693545606 -0.005118902956053209 0.9984483912370131 -0.05544142159160662 -0.40473822813613825 0.2733512371112676 0.05472852720771253 0.9603553451965738 14.523942420766756
0.9611602867936639 -0.01034997320860166 -0.27580180220671946 -3.085178625318176 -0.007383175286999581 0.9979745274075374 -0.06318282410014121 -0.46233535331392556 0.2758965501482475 0.06276576999822633 0.9591355167662193 15.177475210069336
0.96042921569366 -0.01009181604167602 -0.2783463373611144 -3.2965883825211924 -0.010113744531582362 0.9974202697339632 -0.07106197277053379 -0.5292131064613227 0.27834485288928645 0.07106558761045319 0.9578481256266589 15.867868295847389
0.9597264897692369 -0.009619789713857796 -0.28077597361385687 -3.5109181312109805 -0.012802686834150694 0.9968775408406353 -0.07791698918033006 -0.5990613856426228 0.28064833421833973 0.07837424287584342 0.9566055140017732 16.56603075047731
0.9588833812895231 -0.008116434038729105 -0.28368870179344763 -3.735320573565681 -0.01657395417548341 0.9962834051172713 -0.08452604147879354 -0.672642849942484 0.28331993470500333 0.08575315403773577 0.9551838597971118 17.273761678493933
0.9580596219200885 -0.007155860401781303 -0.28648346027893545 -3.959959653653174 -0.01968853562609735 0.9956820391288312 -0.09071418145594946 -0.7501456939958131 0.28589498135328567 0.09255071638833218 0.9537806324807399 17.982774581374013
0.957185318584349 -0.005603245684640839 -0.289426144856166 -4.19256770389206 -0.0233878325962192 0.9950469745889226 -0.09661287266782057 -0.8314989564002684 0.28853338131055534 0.09924602927698943 0.9523120391375561 18.701735580824188
0.9559641882340908 -0.0028662831383003515 -0.2934742836052451 -4.42688630626727 -0.02773049257768781 0.9945964796882216 -0.10004407746126244 -0.9103604837232941 0.292174922302932 0.10377734813224061 0.9507181129270506 19.412950698753615
0.9543700921728524 -0.0013156166458829065 -0.2986286059283771 -4.662288787108083 -0.03047791153964077 0.9943394806825511 -0.10178426457084952 -0.9906220205449037 0.2970717138293422 0.10624190998515079 0.9489266195366947 20.13098013049276
0.9524099323708559 -0.0007753796646853236 -0.3048245290200726 -4.91062192100394 -0.03157785626137168 0.9943654233243705 -0.10119392552583777 -1.0685403165941771 0.30318521436531126 0.10600411440593056 0.947017656084847 20.87072075148607
0.9504188478495197 -0.00024014315895339695 -0.31097782877628777 -5.171447399624918 -0.03252626537912105 0.9944378367466498 -0.10017637035595535 -1.1461183750197168 0.3092719048827373 0.10532482197242093 0.9451233715335182 21.628421210665255
0.9481992056666415 -1.4829452926480016e-07 -0.3176804647092239 -5.44224879128947 -0.03315901514196132 0.9945372159663115 -0.09897332652653355 -1.2234720859989723 0.31594477506784113 0.10438083795159844 0.9430185036041654 22.396162109531037
0.945632158464005 0.0009207407420495407 -0.3252420751894225 -5.726269878976522 -0.03418790626003134 0.9947374697434667 -0.09658482745097308 -1.2981420584035532 0.323440513309716 0.10245340494785518 0.9406860916546342 23.171542020161468
0.9433658108339759 0.00267379629243139 -0.33174821090700757 -6.033185206620805 -0.035359236528441855 0.9950818349355182 -0.09252873135221606 -1.3720658424713723 0.32986826760029186 0.09901908498004519 0.938819674840126 23.988655980994302
0.9408155205080116 0.005729604581895131 -0.33887445649767733 -6.3473976329989625 -0.038087941939183155 0.9953106161314405 -0.08891522615894944 -1.4429806991103993 0.3367749847026075 0.09656040053376837 0.9366208864979702 24.798626776112805
0.9382195199442904 0.008868054860438018 -0.345931705309278 -6.669704738959826 -0.04104579196056008 0.9954663416029722 -0.08580380168943423 -1.512909351663114 0.34360094810451475 0.09470233441772037 0.9343291298007934 25.614255626969108
0.9351420912219719 0.009701916587625604 -0.3541444498874624 -6.994799374734716 -0.04240403283226784 0.9955040449629294 -0.08469940014012724 -1.5845365563720197 0.35172897032055817 0.09422352189498975 0.9313482374765327 26.427010135381654
0.9319757059850883 0.009681169070579379 -0.3623956834461744 -7.3053703482052255 -0.043129890982263955 0.9955046080399896 -0.08432394659055456 -1.6551712159054186 0.35994855506701157 0.09421844384141904 0.9282026976028644 27.188880662670215
0.9288743707080351 0.009936096751180887 -0.37026655320926904 -7.636830072252718 -0.043921139463525175 0.9955420765018242 -0.08346833637932013 -1.7255756768966533 0.367785124874844 0.09379446039647499 0.9251690408982585 27.98429946730842
0.9257061048283541 0.0108674526577574 -0.3780921526516225 -7.981044380358171 -0.045287370871989835 0.9955812710302185 -0.08226494348552768 -1.79494328281305 0.3755259450533631 0.09327596809045827 0.9221069193717512 28.78745717197244
0.922436736611548 0.010644380307373085 -0.3860058188083524 -8.32731276517322 -0.0452304745237849 0.9957172837368576 -0.08063103440030753 -1.8616304306306892 0.3834933395625964 0.09183616372584588 0.9189668095101781 29.584190127240543
0.9193474534924702 0.011580732925236037 -0.39328051315080165 -8.68761874308087 -0.045614282979759134 0.9959635203773155 -0.07730359134624218 -1.9253525552954447 0.3907967956400222 0.08900788465689566 0.916163911381638 30.391948974341446
0.9167624740741075 0.013497286329476287 -0.3992092812094406 -9.075960503807874 -0.046409567674383645 0.996259194896528 -0.07289500252701799 -1.9884606893301833 0.3967307990374657 0.08535429261011616 0.9139586016982869 31.243607472647316
0.9136747246815998 0.013930670284573171 -0.4062117521792732 -9.458776111148845 -0.0460247598613904 0.9965299425755634 -0.06934820485811385 -2.047515440920891 0.4038352118881045 0.0820571503028038 0.911144596119722 32.07424683991345
0.9103336064376157 0.0137735162563405 -0.41365201118478634 -9.854176046000282 -0.04581414232966598 0.9966574279869396 -0.06763817562624026 -2.108848214853227 0.41133653209622095 0.08052398309504172 0.907920085962909 32.920670081154114
0.9073129289973001 0.0136656193853342 -0.42023926859172445 -10.255225245269404 -0.04581356252787453 0.9967337504372894 -0.06650097976123319 -2.170215811186193 0.41795645262125 0.07958964422253097 0.9049742274372556 33.76524493567176
0.9045164196324262 0.014550823980973591 -0.4261957517481781 -10.674057751330896 -0.04631125830956223 0.9968582371877152 -0.06425297314291666 -2.2304469198550088 0.42392056326506544 0.07785543989658789 0.9023471008629798 34.63147201449914
0.90170858041666 0.014517953712740471 -0.4321066112511589 -11.098095126732321 -0.0461737997598739 0.996953812799198 -0.06285838298834817 -2.2908926518003008 0.4298764222491482 0.07663170994469756 0.8996302326982971 35.50071644794547
0.8991792741422154 0.014554027266923808 -0.43734541270632243 -11.527882521594199 -0.04645605749139628 0.9969737003419138 -0.06233558577947065 -2.353933330470586 0.43511369590271826 0.07636770091112925 0.8971319437932518 36.37181715207543
0.8971522617593354 0.014894387404469583 -0.4414775381308524 -11.966195504479908 -0.04707785413357987 0.9969633876201272 -0.06203417573859477 -2.4188711401028815 0.43921208033443776 0.07643746684743068 0.8951268203374245 37.251707861385995
0.8962747613451986 0.015690763813151754 -0.4432294926136898 -12.414515679029563 -0.04821863665897623 0.9968976214517812 -0.06221348784846731 -2.485476585165063 0.44087773549217474 0.0771314868875387 0.8942486000183432 38.1446629074055
0.8961009746162723 0.016354326539370728 -0.4435567274344956 -12.87899033928184 -0.04879833315593511 0.9968931295680951 -0.061828753862801254 -2.552762735788382 0.44116695429746766 0.07704914569555422 0.8941129078125859 39.074702972091
0.8959873298624557 0.017315632507587702 -0.44374973236693455 -13.340686094018926 -0.04944027586884669 0.996916987845061 -0.060925241760838196 -2.618692567321251 0.441326107479733 0.07652712990442788 0.8940789731537823 40.00124989391041
0.8959002380702119 0.017297135851613715 -0.44392630762023166 -13.800578134146289 -0.04939336903245596 0.9969248823893196 -0.060838073128808644 -2.6858401356521995 0.4415081767538639 0.0764315883478546 0.8939972755267317 40.933777144356235
0.8957371741971273 0.016685957571641367 -0.4442788739019522 -14.259992744136293 -0.04908730465330124 0.9968979294767963 -0.06152680216457321 -2.7563845726881073 0.44187330244702977 0.07691989927200328 0.8937752021466336 41.86383761825808
0.8951718354441266 0.016033583183390925 -0.44544136863651995 -14.734210192346948 -0.048594962051218514 0.9969067047315631 -0.06177446152627407 -2.8290262108056976 0.4430722567777757 0.07694458718069186 0.8931793677291517 42.81865209581828
0.8936680433619385 0.016823221814326713 -0.4484227146406553 -15.211960394779995 -0.048862899716473444 0.9970035753750349 -0.05997521562237924 -2.895796009366643 0.44606924225527583 0.07550870595223186 0.8918092328922838 43.76609270435043
0.8915656097115803 0.018584548882018798 -0.4525193616529648 -15.710250215066953 -0.049308853260433355 0.9972016572372889 -0.05619555326446188 -2.9594095352920884 0.450208397373708 0.0724140187047357 0.889983888398448 44.73836862402504
0.8889819300060232 0.01946760353592815 -0.45753872453528377 -16.213018247238455 -0.04884720730102836 0.9974275869586543 -0.0524685247929761 -3.017243775629221 0.4553394915900309 0.06899223263225462 0.8876424469261937 45.706004790861705
0.8855335645588078 0.020008570455952977 -0.4641547945489955 -16.73120078496262 -0.04906105309092388 0.9975137021462855 -0.05059909830429049 -3.0760218816698828 0.4619876698599033 0.06757820426901655 0.8843099176862345 46.68318190612376
0.8814432925763926 0.016820093187968402 -0.47200052541322607 -17.249115840158584 -0.04729596879181011 0.9974861411122637 -0.052775880358408155 -3.140906562319201 0.46992572991309906 0.06884176125022118 0.880019208223053 47.64020732798369
0.8767790207541641 0.014634329112370786 -0.4806808672897164 -17.7859113746635 -0.04729127704798501 0.9973162496907766 -0.055896182988890195 -3.2124658790102214 0.47857197753069014 0.0717396137966309 0.8751145402728787 48.60185325777629
0.8717531864607091 0.014990662839907546 -0.4897257327018447 -18.32857406421495 -0.04805162016904232 0.9973295206814182 -0.05500590161651694 -3.276923316489621 0.48759227487458723 0.07148243201122988 0.8701421250074538 49.5485716485631
0.8672222679273984 0.017656126236871145 -0.49761697634021534 -18.897218318223292 -0.04956371538753065 0.9974691326883067 -0.05098421002682349 -3.3333808282870137 0.4954562782116139 0.06887719204192926 0.865899338151233 50.51483439332809
0.8634407401828569 0.021690981398794967 -0.5039932042029927 -19.48082002015169 -0.052706980841846794 0.9974865699517259 -0.04736599853522429 -3.3869885450295216 0.5016974072185817 0.06746054488355255 0.8624107827376163 51.48883145634334
0.860202279554561 0.02254867589297956 -0.5094633558555297 -20.05677126043371 -0.054637288722667494 0.9973469343686544 -0.048108525069989104 -3.4491660663777184 0.5070253317625736 0.06921761411223057 0.8591494856960715 52.44975344356027
0.8572478117289273 0.021355015444704216 -0.514470169848726 -20.63069801103879 -0.056379500855906706 0.997025450651617 -0.0525568866243627 -3.5181858065893623 0.511815689374356 0.07405866630297792 0.8558992557697661 53.39798666530432
0.855366260171085 0.019551745607318646 -0.5176640582342563 -21.20899050506643 -0.05870316035427916 0.9965096284669414 -0.05935960833623271 -3.5991434937508884 0.5146948449563226 0.08116155073172143 0.853525944287109 54.33973694621255
0.8520224219822973 0.019019725544235214 -0.5231691234892607 -21.771923084784383 -0.05919915127460059 0.9964307309969919 -0.060183556288608546 -3.6731776018390474 0.5201552681097203 0.08224813962556982 0.8501043446505404 55.253153058612384
0.8490803148553308 0.020707607623090582 -0.527866796237374 -22.350200662569016 -0.05940949436915121 0.9966361792108674 -0.056462192953121854 -3.733879886047737 0.5249199204175525 0.07930069936398668 0.8474516881216438 56.17211097184934
0.8463483870792832 0.023063835551009482 -0.5321403368080124 -22.95297004771455 -0.05999483501852357 0.9968329450356392 -0.05221306265781941 -3.7914072457041605 0.5292483567041775 0.07611552500922106 0.8450483978917873 57.11632066826794
0.8434790949311491 0.025018552771074187 -0.5365897496730989 -23.55892688842943 -0.060936000414427136 0.9969240453497114 -0.049302889485638414 -3.8494649720467167 0.5337030409163275 0.07428314026323496 0.8424057682618236 58.05979886035931
0.8406935382569266 0.025962719238907226 -0.5408990537822035 -24.17917041089199 -0.06234494898532105 0.9968494437968936 -0.04904964123792184 -3.9128894459207326 0.5379189380181175 0.0749575040849931 0.8396602045399283 59.01662326481365
0.8374128591691097 0.026120503401662852 -0.5459564043776388 -24.784528016930018 -0.06358545054838692 0.9967315918838987 -0.04984101582635737 -3.976510374017081 0.5428675872529585 0.07645185843012497 0.8363336101511016 59.93927680428232
0.8335654921028841 0.024624663870951087 -0.5518813881249692 -25.394225306193604 -0.06377754247749604 0.9966162981243567 -0.05185989951371098 -4.042469374182399 0.5487342132459735 0.07842553059382712 0.8323125103304766 60.85739720052221
0.8295962798821865 0.024173047236448864 -0.557850351671114 -26.002623514823743 -0.06362327347943214 0.9966488597451109 -0.05142737346394972 -4.1044589241116824 0.5547352256743279 0.07815507080472978 0.8283511422125701 61.75756472584952
0.8257112947923562 0.024474454088279685 -0.5635713188542772 -26.63081668864603 -0.06378074117606129 0.9967028379598798 -0.05016216507770197 -4.1642071897387964 0.560482782037069 0.07736359508426546 0.8245471603345252 62.67060507775214
0.8215301850968744 0.0249609635402652 -0.5696283649089915 -27.279146652951546 -0.06440168663229573 0.9967109429492126 -0.04920457399352818 -4.223768435299647 0.5665243178984666 0.07710680368249734 0.8204331190734114 63.59526766929878
0.8170449227903335 0.024557977176618895 -0.576060344761602 -27.93762352112953 -0.064954766716172 0.9966535482047746 -0.04963785986290917 -4.287740139619667 0.5729109860286746 0.07797297507828148 0.8159032086113466 64.52166137560606
0.8122664410096962 0.02378072887544413 -0.5828112823234519 -28.599141127658623 -0.06482634790246286 0.9966599581331288 -0.04968024038312844 -4.351172926805344 0.5796809296060202 0.07813355235321079 0.8110926612573113 65.4367493492945
0.807413306843665 0.022795648550140647 -0.5895552878743747 -29.270046335094076 -0.06442306142671107 0.9966858516811183 -0.049690359811443985 -4.414706140165987 0.5864661983373245 0.07810003330522103 0.806203534113363 66.35026204150049
0.8024335303288882 0.021446954741348633 -0.5963657839373753 -29.93836743654057 -0.06390388689816398 0.9966968154625789 -0.05014003410530726 -4.478076940247376 0.5933180848588563 0.07834232958504106 0.8011512973211784 67.24421566170258
0.7972226737484805 0.019771485472202806 -0.6033709880116523 -30.639645771256752 -0.06310545111379046 0.9967181174750268 -0.0507178428869872 -4.544747319745999 0.600385671776436 0.07850793954464066 0.795851778371774 68.16469055537165
0.7920024080367464 0.018940679307133192 -0.6102334198759372 -31.336127719814336 -0.06246365976814653 0.9967884687572348 -0.05012963714342219 -4.607977883126607 0.6073214873418998 0.07781870689482118 0.7906396879763814 69.06244379897028
0.7868070814562963 0.019066363587514467 -0.6169139223836495 -32.055938827526 -0.06221007702172666 0.9968839157632148 -0.048530825859578665 -4.667629713349635 0.6140634300925177 0.07656094222988125 0.7855385607523159 69.97166136805689
0.7814899897062145 0.01888738837780312 -0.6236413767286363 -32.774033837580546 -0.06197905189929683 0.9969492136967636 -0.04747174390090526 -4.725813815503198 0.6208394707598871 0.07574984706243068 0.7802734925575671 70.8632479173922
0.7759888087921477 0.017221871860102277 -0.6305215239348926 -33.494256197642244 -0.06101592126944784 0.9969903488085594 -0.047859912810912154 -4.787284284043857 0.6277971889427775 0.07560881069255031 0.7747009976902337 71.74362704173376
0.7705452023198771 0.015783941511321488 -0.637200054790127 -34.230138546887645 -0.06088154136113971 0.9969468398440849 -0.04892546333682383 -4.85174099115645 0.6344799220421152 0.076491134186492 0.7691505180501027 72.62663831032836
0.7656061401062844 0.01651673115460272 -0.6431076646124166 -34.97328182021764 -0.062090994911307436 0.9969019688305769 -0.048313124407582876 -4.912368879958603 0.6403147484415213 0.07691850147425895 0.7642566048319147 73.5005181187192
0.7611068631239244 0.01722973092451641 -0.6484077453682849 -35.736452226395436 -0.06258134125704228 0.9969357027697371 -0.04696600387605072 -4.971886834685532 0.6456088498066737 0.07632276333628189 0.7598495804541154 74.38945704949515
0.7571628394679315 0.018094516997079948 -0.6529858557011926 -36.511737501026886 -0.06373822951092001 0.9968945236843032 -0.0462808590898576 -5.031906484677116 0.650117848972248 0.0766607252118052 0.755961511768475 75.27965849135563
0.7527723734655725 0.017749092532255314 -0.6580519677896041 -37.290018366931605 -0.06412800961815188 0.9968605333689685 -0.04646932042219143 -5.095035413362743 0.6551584192119302 0.07717882217672216 0.7515438624696955 76.16705046162413
0.7480205698151114 0.01677009283203972 -0.6634741125877652 -38.07722786863295 -0.06547463361060102 0.9966705341783261 -0.04862410671335889 -5.162450446165214 0.6604467908956289 0.07981091590139945 0.7466244813265497 77.04814132982388
0.7433140687951237 0.015359088553432971 -0.66877638141707 -38.85146448373089 -0.06606740499335388 0.9965358064056365 -0.05054264460445307 -5.230852168855769 0.6656803015785392 0.08175177584828183 0.7417502781210347 77.90441659376488
0.7391743078687887 0.01588557920302696 -0.6733366590865365 -39.64363985391078 -0.06733317520965258 0.9964579483895756 -0.050406282299308935 -5.2976893742800995 0.6701478334421813 0.08259535570236495 0.7376222468011084 78.76716581885621
0.7348913154788708 0.016725145563962207 -0.6779885033097328 -40.44264887444621 -0.06775260918876315 0.9965066692355968 -0.04885435231950227 -5.359736012192798 0.6747997464699275 0.08183671276551775 0.7334539434282457 79.62861008956848
0.7305325974125548 0.017150434375021242 -0.6826721423471062 -41.24867672709499 -0.06798592060457397 0.996546004148544 -0.04771482025539036 -5.420893633563325 0.6794925932294148 0.08126790862144323 0.7291719804070407 80.48656250535096
0.7258557514130753 0.01677776950879048 -0.6876523269071815 -42.06183033401528 -0.06808413956088065 0.9965471628955702 -0.04755058747292882 -5.484393866747871 0.6844771940269435 0.08133161561479832 0.724488365902103 81.34167933414112
0.7215901748757316 0.01662080733242511 -0.692130857329235 -42.895628386905045 -0.06813942284543559 0.996564328645913 -0.047106442122665425 -5.548596990847298 0.6889670680979737 0.08115146991391012 0.7202402291851088 82.20926796564095
0.71768543317112 0.01708444342656897 -0.696167810558897 -43.72917984191464 -0.06874103832862616 0.9965558996506727 -0.04640771097706117 -5.610974394314876 0.6929746826615722 0.0811600163813151 0.7163847061491563 83.0652981335979
0.7138405135030168 0.01725733977685378 -0.7001055221947189 -44.58770322857144 -0.06889496284875667 0.9965791172619637 -0.045679338331483285 -5.674443695992499 0.6969196544265065 0.08084000345541267 0.7125842761366159 83.93997198221699
0.7100935792023526 0.015182817193893585 -0.7039533638753263 -45.418149148697914 -0.06744577578813482 0.9966383888300033 -0.04653668867912781 -5.73659148289721 0.7008777936763316 0.08052271393322641 0.7087274641011592 84.78114009831623
0.7064129281014078 0.010448239387612974 -0.7077325970944826 -46.26966484239322 -0.06462502450867702 0.9966679041891059 -0.04978851569082683 -5.805390411278475 0.7048516388305129 0.08090732230124031 0.7047312529535685 85.63382117668785
0.7017450013461075 0.006422064698719778 -0.712408895188668 -47.12037125336742 -0.06112398401658564 0.9968161198454197 -0.05122080030953316 -5.873899987956129 0.7098092620032362 0.07948806548559875 0.6999002126852286 86.4760632238411
0.6962352658349943 0.002460638433331322 -0.7178191597967926 -47.98359430554526 -0.056793837608321136 0.997049595823716 -0.05166561194902474 -5.940792078775082 0.7155714688191138 0.07673784390100823 0.6943177265958218 87.31488778530695
0.6900555606202972 -0.0017951870223343524 -0.7237639586231345 -48.848269543909936 -0.052500009782236366 0.9972400235956469 -0.05252551465470999 -6.008322770789719 0.7218579649137801 0.07424176126111644 0.6880535823246485 88.13455412305129
0.6829099463336502 -0.0022287609485242975 -0.730508957910724 -49.73761756085624 -0.05149685922848455 0.9973621814785728 -0.051181143448900304 -6.073972036434175 0.7286933161526012 0.07256956435884603 0.6809906673192613 88.95776699082562
0.6759204909694315 -0.0006785231384827334 -0.7369843946854737 -50.64468269532662 -0.052127352499777777 0.997452566377974 -0.04872343690754812 -6.136351993665653 0.7351370321446993 0.07134864740676612 0.6741603285876683 89.7786568995682
0.6687007140738191 -0.0003294152761284407 -0.7435413787159085 -51.57059075440531 -0.053048989321176986 0.9974316623176592 -0.0481479468090629 -6.201918224213491 0.7416446672134583 0.07163917870376642 0.6669626794254849 90.60037543231346
0.661315730951733 -0.0010317806124692727 -0.7501165613838409 -52.50342193303895 -0.05426225133200397 0.9973143445891718 -0.04920656245934587 -6.272046150495507 0.7481500172598208 0.07324274508157495 0.6594804806947765 91.41014670807222
0.6535863569607294 -0.0027254462548081436 -0.7568569728356632 -53.457749752986864 -0.05405708963934603 0.9972728535301324 -0.05026908375535618 -6.344999012873904 0.7549270787141877 0.07376682240959433 0.6516537565885023 92.2248044215144
0.6457485038845947 -0.0036982596432756677 -0.7635515493965476 -54.42434233848933 -0.05406944733135363 0.9972579576717835 -0.050554436224461874 -6.417948718958413 0.7616420627830811 0.07392825154812559 0.6437751226461014 93.03353515943041
0.6373158331828971 -0.0037060366954871637 -0.7706041578474484 -55.407591621441405 -0.053376987313008564 0.9973755748318814 -0.04893794896284258 -6.48497511104231 0.7687607307253145 0.07231951745279529 0.6354426229526065 93.84086135444372
0.6283945077499538 -0.00357839846106331 -0.7778969569047027 -56.408546653220355 -0.053002558932446805 0.9974699699717023 -0.04740140552763173 -6.550606321861631 0.7760959325843101 0.07101518104223657 0.6266121291104975 94.64283350861118
0.6197302206848658 -0.003888394240466395 -0.7848154993773117 -57.42531228803158 -0.05315801287104882 0.9974847614033955 -0.046915182684937114 -6.618563103291067 0.7830212214707394 0.07079181672541104 0.6179618832322246 95.43686209863412
0.6113187579076645 -0.004180539928445507 -0.7913836772971793 -58.45592647081915 -0.054115885262268626 0.9974260859744735 -0.04706870092443312 -6.688806505125186 0.7895405715604957 0.07159831545028585 0.6095162422250281 96.2227729670651
0.6030918098707052 -0.004284907578689874 -0.7976701221677718 -59.48742924296912 -0.05558484913936174 0.9973301657741392 -0.04738010226245805 -6.7585923383327 0.7957407447086772 0.07291097132895373 0.6012404683641829 96.99071564046628
0.5952235201046614 -0.005130582234758134 -0.8035537951608078 -60.516148511589115 -0.056290739075465654 0.9972578237540685 -0.04806088102189205 -6.82809547100589 0.8015941001813393 0.0738377549270284 0.5932996646723707 97.74159588345098
0.5874065860980424 -0.005024464164147427 -0.809286204293023 -61.561293706321315 -0.057128362547797046 0.9972297442077146 -0.047653847278731384 -6.896121751032517 0.8072809607232005 0.07422355681766954 0.5854894564109061 98.48899766845574
0.5805118108331692 -0.003320271357378649 -0.8142547641800214 -62.62615578505382 -0.057919264993333185 0.9972911385255373 -0.04535625724165162 -6.9600914438382695 0.8121973225856837 0.07348911389305555 0.5787439259544105 99.2397987976156
0.5737317778361597 -0.002087946838189694 -0.8190500868513914 -63.699534742497 -0.05779246390784415 0.9974020072322568 -0.04302239471933235 -7.021434911332383 0.8170097422128089 0.07201669092181905 0.572117559377479 99.98732005499106
0.5673894531057205 -0.002645585748403349 -0.8234548060674689 -64.78838229806442 -0.057412979639282324 0.9974351864775314 -0.04276100134847027 -7.085464267587008 0.8214537254209953 0.07153771651361668 0.5657791097091982 100.73309311856097
0.560786374523271 -0.005795332596766491 -0.8279496485042259 -65.88571748956335 -0.05554145264857761 0.9974607637653778 -0.0445980023806335 -7.154881599287553 0.8261037543875023 0.07099390769537202 0.5590372535717915 101.47518755644347
0.5547532599231774 -0.009539974600884642 -0.8319695195080823 -66.97084477803982 -0.05259165611447023 0.9975337778994409 -0.046503100193495704 -7.225807593118961 0.8303591344626561 0.06955086880584642 0.55288015920293 102.2006730420666
0.5486837385245619 -0.012111753358063297 -0.8359513329330639 -68.05859973955866 -0.0516003658297654 0.9974989870295519 -0.048317205457898416 -7.299389071903618 0.8344437736219996 0.06964491998225575 0.5466831953343767 102.91525383273591
0.5440426068572465 -0.015891963344725403 -0.8389162572292712 -69.15804514463446 -0.04968235367438447 0.9974573033710521 -0.05111129640523445 -7.3776870206386285 0.8375932440237155 0.06948456285921274 0.5418665240235716 103.63157186131825
0.5396607691739801 -0.017222515420208515 -0.8417150227580382 -70.3384069288436 -0.047256694830743566 0.9975952904960287 -0.05070751807973906 -7.458053306984821 0.8405622428970616 0.06714032034986582 0.537546519383682 104.39300782017732
0.5357525887585384 -0.01458071820693282 -0.8442578477209985 -71.54731712734569 -0.046898434032939626 0.9977943225700886 -0.04699010825227085 -7.531821834777805 0.8430788175136721 0.0647682783735708 0.5338841738928937 105.1602837344637
0.5323126794836065 -0.012672880118114469 -0.8464613359357137 -72.73244195690249 -0.04543240542380658 0.9980198515385171 -0.04350983522913153 -7.599486644037396 0.8453349322220032 0.06161654838299126 0.5306799177941974 105.90882813792902
0.5299038460151344 -0.012187177194797392 -0.8479782549997193 -73.86396024823298 -0.04480136246603064 0.9980984520422463 -0.042338492843704716 -7.663588358609252 0.8468800522573741 0.060424937293281716 0.5283477640692175 106.61953748030929
0.5281865129720839 -0.011959910985122647 -0.8490519272316824 -74.97179011595868 -0.04446392971547977 0.9981390306784824 -0.04171796289053734 -7.726541946580463 0.8479690744951096 0.05978668179701155 0.5266697864802118 107.31251486570224
0.5266167064252052 -0.011224227878603388 -0.850036412420328 -76.08414903480157 -0.04355299713789336 0.9982431975026812 -0.040160820989640654 -7.787219444042437 0.8489920388730257 0.0581708218233709 0.5252007239609555 108.00638656847393
0.5252619333796109 -0.010340100156811735 -0.8508854572841162 -77.15471578312278 -0.043183840588075666 0.998313657006174 -0.03878725225480002 -7.843648806614003 0.8498495601444207 0.057117906797005236 0.5239277355149319 108.67065062898725
0.5246026021472016 -0.011367499697246031 -0.8512788590888228 -78.22820354379574 -0.04141171941847585 0.9983861534216393 -0.03884968090388303 -7.899338749412185 0.8503447284753681 0.05563353258854139 0.5232834167219585 109.33691447653719
0.5235379538997581 -0.011478927617909723 -0.8519323855943064 -79.29420356179011 -0.040560297464948665 0.9984390484123086 -0.03837641802569841 -7.954538763080052 0.85104117790845 0.054646519123419675 0.5222535802948062 109.99566439689836
0.5225752795677249 -0.010992720911079324 -0.8525292461132353 -80.37559172140347 -0.03826968594252913 0.9986053798852489 -0.0363333010082964 -8.007947594828105 0.8517381423844496 0.051613578647433406 0.5214248419781238 110.6634578289098
0.5218440061223059 -0.010447359127314208 -0.8529838079235833 -81.44858710306161 -0.03765496474610869 0.9986667407123327 -0.03526742206391781 -8.059705906451015 0.8522135857236165 0.05052402377028198 0.5207540837897067 111.32261281287388
0.5217701351544909 -0.011912384719699767 -0.8530095960708506 -82.50442484903525 -0.03588078739529716 0.9987093602401667 -0.0358938461784662 -8.114471419700969 0.8523349745970646 0.049336189346871645 0.520668731196362 111.97494093992854
0.5216499592720046 -0.012836236964328012 -0.8530697635221517 -83.55774768836223 -0.035210186262079224 0.9987093008755783 -0.036557788336583436 -8.170884423852288 0.8524366329183054 0.04910829282834173 0.5205240434032712 112.6254868467648
0.5217027859797896 -0.01362350194350432 -0.8530252781240214 -84.59460920539546 -0.035593828615963795 0.9986526920940293 -0.03771699430958008 -8.228556156580717 0.8523887385024822 0.050040453599928314 0.5205143858655829 113.26522828234597
0.5220095881035336 -0.01415591522560521 -0.8528289264776485 -85.6189041485941 -0.03675575475349169 0.9985585601919013 -0.039071647364241596 -8.286437478103233 0.852151462662433 0.051743179410071734 0.5207364003308462 113.89759922043265
0.5235146176027655 -0.01419480040031781 -0.851905205210215 -86.6300594515279 -0.03829116520204303 0.998457571306229 -0.04016622347810061 -8.344855057357424 0.8511597937645912 0.05364926569485352 0.522162837493066 114.52602048828213
0.5272416519268478 -0.014368902398409029 -0.849600508185265 -87.62677653120029 -0.03946770673178304 0.998362317157541 -0.04137659074177019 -8.405344868726791 0.8488018516961989 0.05534824431578617 0.5258103975462156 115.15205448409264
0.5319199097294167 -0.014878544533455317 -0.846670584430423 -88.6040443605906 -0.04002717037543232 0.9982847456781784 -0.04268900946812101 -8.467500275028778 0.8458517221108428 0.05659797131455099 0.530411310248142 115.77653381303342
0.5372458840682643 -0.01531628277726002 -0.8432932542862721 -89.58320939813713 -0.0399903642010053 0.9982466306092518 -0.04360686688721047 -8.531180072400538 0.8424805310802871 0.05715204154670614 0.5356907167956566 116.41214803046155
0.5430395998266997 -0.015409418300649505 -0.8395720414261327 -90.5408514356424 -0.03992273543654443 0.9982246787137604 -0.0441431254615079 -8.593596624108752 0.8387606987457764 0.05748965627887858 0.5414600677715877 117.04414514162677
0.5496025470375885 -0.01541822258286182 -0.8352906233912757 -91.52098142163501 -0.04027506604328005 0.9981764784511868 -0.044924291212452436 -8.658064417710564 0.8344583053145173 0.058332529296146206 0.5479788352029729 117.70314662060511
0.5569632627226343 -0.015745816107706107 -0.8303944621205154 -92.48518453012102 -0.04019766877360464 0.9981357432929209 -0.04588710709670435 -8.724824580853236 0.8295671265387523 0.05893790203267773 0.5552914467147902 118.36634300310128
0.5650450828790897 -0.016217406849241632 -0.8249075414551892 -93.45209796054415 -0.04023005638463583 0.9980743421912749 -0.047178080516781344 -8.79383320895739 0.8240824172952078 0.059844708222420204 0.5633039850571041 119.04456894522211
0.5735317550668397 -0.017382455766310683 -0.8190053099265442 -94.3938832690644 -0.04061715435908229 0.9979395023518832 -0.04962268017670809 -8.860401935490424 0.8181785006732408 0.06172608153877301 0.5716439525313457 119.71737333025234
0.5823064622047164 -0.019030277155112782 -0.8127532005435889 -95.3102599558141 -0.04166735356891604 0.9977115603574559 -0.05321347270421169 -8.933089418923338 0.811904284439973 0.06485266830177745 0.5801804222844427 120.38734515385687
0.5918967980454245 -0.0205716266777269 -0.8057579253351045 -96.23537539349113 -0.04195772377331945 0.997530362677445 -0.056288524902231914 -9.01247554369311 0.8049245083669795 0.06712554439160227 0.5895714693226219 121.08284867733846
0.6022724139102522 -0.02081309106766982 -0.79802583871856 -97.16251141010922 -0.041735349986650266 0.9974698113145353 -0.05751187278751334 -9.092646130928925 0.7972024593233225 0.06794429442071502 0.5998794691163285 121.80131108323022
0.6128869623183605 -0.02065197015894053 -0.7899074849068534 -98.07312721169286 -0.04126911755777184 0.9974553894255478 -0.058098247964811375 -9.172419192379957 0.7890960404548509 0.06820713053465717 0.6104745625104537 122.52933325960824
0.623302776295771 -0.020488088155674534 -0.7817190617068921 -98.98008222323882 -0.04030888079642683 0.9974839301747227 -0.05828263629181473 -9.253090327177935 0.7809449135988121 0.06783849070151479 0.6209081235903392 123.27423521956344
0.6334112990803089 -0.021581932768964893 -0.7735213354236278 -99.87813630361087 -0.03845007511684577 0.9974964877588781 -0.059315739342193224 -9.337097196324313 0.7728637603490527 0.06731383140383651 0.6309949726129729 124.03158592177067
0.643494739280999 -0.023116438264382238 -0.7651089350935943 -100.7434951854306 -0.03674486141846129 0.9974567864089326 -0.061039893823460756 -9.422067852099657 0.7645731084258295 0.06739336106676128 0.6410077490205952 124.78033006158964
0.6527523900302018 -0.025286174801099324 -0.7571567314022046 -101.58437300804962 -0.03483152246306644 0.9973822767158514 -0.06333656272418459 -9.508878331920933 0.7567752087201448 0.06771656717802202 0.6501618261976442 125.52610021880604
0.6622112204274937 -0.027899586014553123 -0.7488058534144553 -102.4203887126712 -0.031629884653616325 0.9973736794135609 -0.06513204699678053 -9.596540194938125 0.7486551134638189 0.06681628687568394 0.659588052244872 126.28784457817348
0.6716114367035347 -0.029287631339610508 -0.7403331156776805 -103.23749063853872 -0.02966268854232246 0.9973528601089248 -0.06636384761665323 -9.684262090214402 0.7403158295259203 0.0665314325302761 0.6689629543154005 127.0505985698608
0.6802061224732534 -0.029185107757555354 -0.7324483964806381 -104.05378860120234 -0.028932586428079075 0.9973579741193289 -0.06660913003284272 -9.77005987880243 0.732456375077088 0.06649989951799755 0.6775626353431722 127.82998702255463
0.6886163010159729 -0.028665273177497196 -0.7245682261910232 -104.8688464403482 -0.02704113350917248 0.9975069963579997 -0.065162265042417 -9.85391465991795 0.7246286321442349 0.06446519904202466 0.6861221491382424 128.62671418997016
0.6973012770979635 -0.02873540945404678 -0.7162115230017297 -105.66978770886224 -0.026536451875039065 0.997475247418632 -0.0658553345043632 -9.940179124715412 0.7162943140528806 0.06492713833768604 0.6947757602576957 129.42685512357227
0.7059405071623982 -0.02927818313264583 -0.7076756566051018 -106.43598812887257 -0.026720444389372495 0.9973324351003976 -0.067916495150594 -10.029088233868706 0.7077748862680386 0.06685527856841816 0.7032723912103624 130.21109788469002
0.7137965718182661 -0.030120010469095557 -0.6997152812101566 -107.18719883838132 -0.02629246301746975 0.9972175908307643 -0.0697475863013685 -10.119072834422958 0.6998677288375744 0.06818382825624936 0.7110157053652914 130.9985017072936
0.7214617638885599 -0.030838258002323867 -0.6917781294208172 -107.94833189501186 -0.02488983239225478 0.997208100367347 -0.07041117484417013 -10.204536537753341 0.6920162050423748 0.06801933557980086 0.7186763011993155 131.81408447801246
0.7285446402963396 -0.030532341402741914 -0.684328825919456 -108.65706579743414 -0.023793430397499923 0.9972763570532678 -0.06982508316547244 -10.284080616729561 0.6845950339420002 0.06715555059090834 0.7258297787967092 132.59340215277416
0.7348907030641576 -0.03019028755041057 -0.67752513889445 -109.38196849383793 -0.022899434423495076 0.9973358205685957 -0.06927858122564914 -10.366907515744543 0.677809559693591 0.0664297559449672 0.7322372009215997 133.40410607076592
0.7409429611421374 -0.030165607996471902 -0.6709020723111326 -110.06865294306276 -0.02224922605474503 0.9973409264491727 -0.06941445132165247 -10.44922459600082 0.6712101777910984 0.06636161992040515 0.738297152367543 134.18706813281108
0.7470923038351163 -0.029907589771725942 -0.6640592721699554 -110.75855859095998 -0.0227199947560713 0.9972560385906492 -0.07047399891687295 -10.534446665244552 0.6643430035224143 0.06774036734235508 0.7443583289907764 134.98188932823336
0.7528068667945773 -0.02937033410214653 -0.657598575062535 -111.429991827205 -0.023232020486965797 0.9971980600901234 -0.0711326111695166 -10.618063787408937 0.6578433665036978 0.06882939583608455 0.7500101852024814 135.77082596277117
0.7581854777815046 -0.027657055576712927 -0.6514645998532795 -112.10495638450462 -0.023509955860323187 0.9972922209939983 -0.06969912995279226 -10.697602636544973 0.6516267131091367 0.0681633087384256 0.7554774902073775 136.57656647058172
0.7636451803958005 -0.02605615848241001 -0.6451230354393415 -112.7643741005335 -0.02373948827506901 0.9973777915541256 -0.06838369572212807 -10.775346011467537 0.6452117133264876 0.06753810659370593 0.7610194785909347 137.38024614637376
0.769266674525762 -0.025470243591139165 -0.6384330493909904 -113.39857742216674 -0.023946281028307943 0.9973549507857147 -0.06864204588420492 -10.853338732838465 0.6384914731725005 0.06809441558464312 0.7666171850655389 138.1663075815009
0.775338701766759 -0.02519380781702788 -0.6310559240172404 -114.010754253789 -0.024009367092488864 0.9973065538946213 -0.06931348874410208 -10.93200787462577 0.6311013875485425 0.06889444534647346 0.7726409276362801 138.94156140410124
0.781638936575077 -0.024197327379539075 -0.623274747521318 -114.61829859153609 -0.024671127264643603 0.9972663775091828 -0.06965555959805411 -11.009328753857112 0.6232553630779216 0.06982401729778406 0.7789009197389742 139.72613022185473
0.7890650236370232 -0.022754020895538178 -0.6139012609067962 -115.21253684213502 -0.024455269394343854 0.9973585641226901 -0.0683990749417834 -11.083491742401812 0.6138351164217495 0.06898614246437218 0.7864200642759006 140.5184997349883
0.7964933266120309 -0.02057523538982756 -0.6043104741434798 -115.80353909760784 -0.024981982544756236 0.9974483197736564 -0.06688672132140286 -11.15621766206021 0.6041436780723298 0.0683734105189086 0.7939425153379838 141.32577748218833
0.80498300881204 -0.019668834901088398 -0.592985414460164 -116.36387902181278 -0.025238359440236977 0.9974114627684981 -0.06734434161695749 -11.23213464956417 0.59277413982386 0.06917863977517448 0.8023981693327051 142.11861549825645
0.8134514845215554 -0.01917922518143499 -0.5813304381999836 -116.89157302728161 -0.025495926279777367 0.9973206562127733 -0.06857939703974487 -11.30899695276893 0.5810873382822871 0.07060904062174558 0.8107782792026985 142.8892864334127
0.821867172237685 -0.019905062065998836 -0.5693450553911105 -117.39759769208051 -0.02463834777702781 0.9972130897303549 -0.07042931849989123 -11.38747561350608 0.5691596621154245 0.07191268770917224 0.8190815825698434 143.65306306417952
0.8300362070672296 -0.019186872034643806 -0.5573927256695365 -117.89784484369508 -0.0244807893519865 0.9971913675221848 -0.07077990798331886 -11.457753547346089 0.5571848774347997 0.07239613315895292 0.8272314008201275 144.43173123466656
0.8384883596157005 -0.017732386511978813 -0.5446446485281274 -118.37552542071042 -0.0244207545695976 0.9972435316559642 -0.07006267733887575 -11.527165099667428 0.5443851676972032 0.07204825087771258 0.8357402088088614 145.20574106472156
0.8469833142379605 -0.015188918759077118 -0.5314163534940203 -118.83981949708274 -0.02473063986147756 0.9973837086736291 -0.06792202841934979 -11.59450373976529 0.5310572895395335 0.07067189712572204 0.8443881186548521 145.98488345528276
0.8548417784506945 -0.014023411666547693 -0.5187140276035683 -119.29379080219742 -0.02422290309001367 0.9974666459094917 -0.06688445505553553 -11.66316358505028 0.5183375413073478 0.0697417505594127 0.85233241322668 146.77482097200715
0.8623505226943096 -0.013136319006568769 -0.5061562157872513 -119.73084640998765 -0.023155216716406187 0.9975940344930102 -0.06533922063724698 -11.729508790960125 0.5057967567800231 0.06806649082597184 0.8599679063281885 147.56179689098002
0.8693753909376469 -0.012661978094183894 -0.49400558147708845 -120.15688483056756 -0.02221697534994011 0.9976595589253029 -0.06466833876821552 -11.796160525447762 0.4936681466211762 0.06719766847278612 0.8670552196183843 148.35330789212804
0.8754432338239555 -0.013534802663929042 -0.4831478240731803 -120.58077653664749 -0.020053063245728496 0.9977304220793803 -0.06428371682083953 -11.864071181949932 0.4829212628585716 0.06596690319686943 0.8731807294352616 149.1627076169491
0.8807282381255275 -0.013718921488975671 -0.47344008567015416 -120.99237637343471 -0.019256274398557156 0.997717906661634 -0.06473136085105345 -11.933626647629021 0.47324743108649137 0.06612926968591636 0.8784494654549744 149.96695309482894
0.8863752914719474 -0.013596872823176172 -0.4627849280665263 -121.39680418345927 -0.018891322361448356 0.9976748776472888 -0.06549299649440107 -12.00511746720776 0.46259931975450047 0.06679569765546357 0.8840530640514426 150.77968915317115
0.8922714277102213 -0.012970290262941025 -0.451331834237683 -121.79658222520673 -0.018820931768309217 0.9976511903919183 -0.06587729337202414 -12.075973648333932 0.4511262081559384 0.0672770512834531 0.8899266001376589 151.60732276808307
0.8975516144621797 -0.013003263340809245 -0.44073674951013087 -122.18280645476696 -0.018078880654480448 0.9976402498249426 -0.06624912423338364 -12.147640432915933 0.4405581392825893 0.06743205333177112 0.8951934525377668 152.43468626084268
0.9025347102590581 -0.014101139712651242 -0.4304050976101423 -122.54781470044122 -0.01624621279179555 0.9976377058790975 -0.06675033264285116 -12.218469005347998 0.43032989999109034 0.0672385419490936 0.9001690855502661 153.242711455083
0.9066572838709301 -0.016581698937435534 -0.4215619054530261 -122.90776908598167 -0.013445274517990047 0.9975847720782111 -0.06815312780830338 -12.291225070750837 0.4216739864985094 0.06746121201993466 0.9042397432073684 154.05727761650473
0.9101613451612756 -0.01729830491724445 -0.4139137085122493 -123.2637568429722 -0.012352734430041527 0.99755125741198 -0.06884954499562611 -12.363833375173323 0.41409137808694924 0.06777893036338593 0.9077137180253997 154.8754643660784
0.9130934950675464 -0.017249800050484293 -0.4074065887579091 -123.61643076571754 -0.011841782699816913 0.9975621743185074 -0.06877497941236763 -12.433715071345132 0.40760010784192063 0.06762359549656626 0.9106584130412148 155.69546370643133
0.9157122586154821 -0.01612402497878059 -0.4015327511984865 -123.97338381865346 -0.011282442860343994 0.997769551544999 -0.06579420036376765 -12.498969709709723 0.4016984302839941 0.06478009891949095 0.9134830635319876 156.5399272951941
0.9182189623928222 -0.013758026830569975 -0.39585571601051217 -124.32730986993478 -0.011723005520959267 0.9980146361500859 -0.061875984576787973 -12.555895494998879 0.3959217882853118 0.06145778571367388 0.9162301498696765 157.38686187154892
0.9207868389385333 -0.01260691626485106 -0.38988427105221934 -124.67969265513442 -0.011721996358206163 0.9981321373005969 -0.059955817496462435 -12.614891773892513 0.3899125435166129 0.05977819189142785 0.9189144022431611 158.25017751698127
0.923326100435004 -0.011762937213539567 -0.3838589263933863 -125.02979700270392 -0.011794101517526353 0.9981907470013524 -0.05895515666113789 -12.675713338269114 0.3838586906056213 0.05896355664716618 0.9215122963455405 159.12527851074424
0.9258394582856526 -0.011122099974268808 -0.37777604856807345 -125.3786854012956 -0.011557698768851755 0.9982658861091018 -0.05771239652992302 -12.737219685225796 0.3777638704367596 0.05780011273650073 0.9241007391018574 160.01685042990565
0.9283598543881181 -0.0104794401516881 -0.37155883467057593 -125.72299629441547 -0.010933974911277445 0.9983999524459631 -0.05547489694182499 -12.796978693077605 0.37154671085702246 0.05556490585246999 0.9267547483160715 160.9163616097255
0.9309432825389108 -0.010655856532038549 -0.3650335489575122 -126.06588788300978 -0.009847520723244081 0.9984780857157103 -0.054257659441891475 -12.857905310889782 0.3650574015092418 0.05410728199667735 0.9294161633305671 161.83480446229672
0.9336035323419695 -0.01090852971249053 -0.35816729385148227 -126.40799937446238 -0.00907285839414513 0.9984962656948734 -0.05405667382577192 -12.921294586735677 0.35821972086715115 0.053718716180052355 0.9320954067314543 162.77138953476287
0.9364151707913517 -0.011580177749300459 -0.35072902186555543 -126.74169368079195 -0.008008721935206962 0.998489625610235 -0.05434666969283624 -12.987284947541404 0.3508300556254684 0.05370132578607285 0.9349029213902736 163.7100525062182
0.9394431359526398 -0.014118583213289538 -0.3424390278865136 -127.06659793487009 -0.005063337695501735 0.9984693290461273 -0.05505479143922164 -13.054695183712393 0.34269393024260586 0.05345590004856515 0.9379296001557815 164.65419718399238
0.9425044392245825 -0.01526553010395866 -0.3338714963408991 -127.38432184774513 -0.003723430994565064 0.998413922080851 -0.056158979219380796 -13.124597114347436 0.3342011076374296 0.054174549208702835 0.9409482455133673 165.60264419560218
0.9460809725684078 -0.015823219796652188 -0.32357045127251716 -127.69630584685777 -0.003249312177468949 0.9982917665072886 -0.058316515907654874 -13.198211770441933 0.32394232333524814 0.05622475542061568 0.9444090946704657 166.56938945174213
0.9503302407751631 -0.014881514216680837 -0.3109150215119331 -128.0099457095666 -0.0038849853598369147 0.9982103785580908 -0.059649394273660124 -13.274775559228223 0.3112482170827799 0.057895671470084294 0.9485678238414346 167.58561637856351
0.9553715790763776 -0.01315550036397256 -0.29514392594732425 -128.31190270706958 -0.004749250718717477 0.998194048686225 -0.05986297798915455 -13.350401059138683 0.29540049393948425 0.05859410113816052 0.9535795199205002 168.63206241508027
0.9606786802239075 -0.01106790374524737 -0.2774725021330518 -128.58488968632398 -0.005307839263850865 0.998289967636265 -0.05819341959183879 -13.420887597876414 0.2776443711094084 0.057378839886855146 0.95897326355653 169.66233862007397
0.9662461481305621 -0.009063984771595455 -0.25749455535439625 -128.8436277951269 -0.00602329429460756 0.9983124092268417 -0.057739942207028404 -13.493413862320143 0.2575856175249384 0.05734269497390987 0.9645568369866341 170.7199232220875
0.9715714157471776 -0.008605005515534406 -0.2366255070660957 -129.074368602272 -0.005369522847690577 0.998280765932403 -0.05834622425849365 -13.56676372640025 0.23672312398120735 0.0579588737435877 0.9698511744574629 171.77012483101507
0.9764379995817949 -0.00837719003429949 -0.21567363928849773 -129.28867688447207 -0.004314357659827464 0.9982883989017035 -0.05830385464838627 -13.634094272528353 0.21579531602698207 0.057861221001715875 0.9747269041898384 172.85003252175906
0.9808677340476574 -0.008661274868905567 -0.19452502366762095 -129.47850711334956 -0.0024948308802320296 0.9983683493627583 -0.05702724914695449 -13.701351389456104 0.19470418015411567 0.056422120929800236 0.9792419444828346 173.93411076660936
0.9849956990708939 -0.007011972099904634 -0.17248310248278856 -129.64801746090413 -0.0024529153286437055 0.9985044210745513 -0.0545942392714461 -13.765480804482577 0.17261095654190345 0.054198815393209324 0.983501871415029 175.0278581224681
0.9886450806589879 -0.004966485145420067 -0.15024734559476247 -129.79427849597948 -0.002709420571843874 0.9987024622896211 -0.05083380418303161 -13.826009725132682 0.15030719163765427 0.05066415016664803 0.9873448443555297 176.1352437508536
0.9917474525452338 -0.0037409897624671555 -0.12822715490133318 -129.92179094620832 -0.0024939345821037226 0.9988233028283864 -0.048421727038411494 -13.887440343807468 0.12825930091763507 0.04834216897649523 0.9905666396279472 177.2864854123754
0.9942728728161954 -0.002996263189392856 -0.10691976039290957 -130.02651433058705 -0.002291863235183077 0.99878117814757 -0.04929373392254571 -13.955969762333545 0.10693892778155438 0.049256602267312266 0.9930496159219087 178.4615850556665
0.9963191251891164 -0.004027105449483484 -0.08573543657629705 -130.1046996139915 -0.0004234707572363112 0.9986558101934 -0.051817677146681555 -14.030796208490983 0.08583102396220663 0.05166345028501138 0.9949739638386808 179.6260130111157
0.9978593704594385 -0.00468683088490729 -0.065372205589252 -130.15871157072635 0.001201629707974772 0.9985808159720142 -0.05323466703138279 -14.106945401312272 0.06553108353288487 0.05304209009116428 0.9964445403253007 180.78307374091582
0.9989079026836086 -0.00595538906885857 -0.04653932179068977 -130.19077986938706 0.0035102355983036102 0.9986181971617651 -0.05242349199803383 -14.178915266874316 0.04678953762087109 0.05220266883602157 0.9975443581044746 181.95833128604872
0.9996107248166713 -0.0054977254458296035 -0.027691896114977816 -130.20400030869035 0.004052344463020751 0.998640967863368 -0.051948737756439226 -14.251360820714478 0.02794214654527464 0.05181584672402602 0.9982703540346839 183.16071215568317
0.9999564964913171 -0.005220056183604797 -0.00882072117825038 -130.19400939662873 0.004753824562357464 0.9986368423352986 -0.05196813017335118 -14.326659320789167 0.009082450986661241 0.05192366404779639 0.9986142821999044 184.38255908587516
0.9999473601434709 -0.004207903450215911 0.010259588058002651 -130.16223482945912 0.004737469685445312 0.9986222143394101 -0.052249564261459235 -14.402367918235447 -0.010022993732465567 0.05229526281252007 0.9985859920104002 185.6099090949115
0.9995763357807878 -0.0043700377673516555 0.029092350308696203 -130.10503711341485 0.005889901922914454 0.9986082932014193 -0.052397994470209416 -14.479224551867269 -0.02882034819772048 0.052546918447427066 0.9982073291713413 186.83941410000216
0.9988323923800656 -0.00286797810644442 0.048420747624771165 -130.02675660402832 0.005450424117641371 0.9985629672503193 -0.05330454435307437 -14.558783286365601 -0.04819580145358823 0.05350597761298016 0.9974086812433536 188.08710439573588
0.9977611538913759 -0.002235239178230665 0.06698175283690821 -129.9229025898874 0.005886585925004097 0.998502437681494 -0.0543792500823176 -14.642072631345284 -0.0667572422358441 0.05465171381286576 0.9962762025597917 189.34019206380304
0.996323090731892 -0.0025361144133890182 0.08574703994119777 -129.79563601888734 0.007384262692010269 0.9983870785522463 -0.05628161698476109 -14.72912874611825 -0.08546325805992692 0.05670782161819944 0.994730829921456 190.5864832780508
0.9945685018422042 -0.0008954957825704695 0.10416816597122522 -129.64161935698974 0.0070372174324027145 0.9982550598524397 -0.058617315367864936 -14.81672295330994 -0.10393109568602943 0.059031923363486484 0.9928356018620583 191.901741574771
0.9925286228733675 -0.0009774696287747995 0.12208371686042999 -129.46216639187045 0.008367591554378469 0.9981600821481461 -0.060043898370293135 -14.908444867346807 -0.12179765288363688 0.0606166214992318 0.9907068823176489 193.19023628847893
0.9901624662120926 -0.0010301118420887826 0.13998529729340423 -129.26018638279785 0.009884817259531262 0.9979903340616223 -0.06258215357216619 -15.006054219695617 -0.1396367415824708 0.06335004127443607 0.9881788946685518 194.4705507684407
0.987449538371842 0.00040903373699064586 0.15799728407386074 -129.0329727036155 0.010492927732512496 0.9976186211654218 -0.06816576000951716 -15.112949596856245 -0.1576460370569308 0.06896773352671164 0.9850891313847874 195.77055715062784
0.9844975655194272 0.00323475474430231 0.17542710838594708 -128.7824244596975 0.010097146741733294 0.9971286156441574 -0.07505410415198538 -15.229965435070982 -0.1751629685486332 0.07566127566473975 0.9816331058037105 197.07587720867252
0.9813026089260302 0.006076231315805671 0.19242634427322275 -128.50735021591507 0.009527884536176506 0.9967437495744134 -0.08006648583536571 -15.354750629445082 -0.1922831055847115 0.08040236108126661 0.9780451502161989 198.3848935133789
0.9778135843056536 0.008891466231077906 0.2093318147502361 -128.2071185635392 0.008876232513407736 0.9964429579367847 -0.08379246013052279 -15.485656145089168 -0.20932899323904783 0.08379100983823187 0.9742534689912116 199.69807515707086
0.9740605862984321 0.011088765785978004 0.22605553842734274 -127.88024584329771 0.008666439208504979 0.9962377655935414 -0.08621756134570703 -15.620912287358781 -0.22615775599930327 0.08593965704015263 0.9702971630843602 201.02044306845215
0.9703741113801932 0.009955855352476135 0.24144029634753558 -127.53090986487122 0.011180288146651922 0.9962299049121658 -0.08601935852884708 -15.752653871758293 -0.24138290446748056 0.08617003648090106 0.9666016316436411 202.32682619323532
0.9664504364924098 0.009202657691898162 0.25672376001190406 -127.15405162171702 0.01346434351260023 0.9961687939649548 -0.08640133852771865 -15.888075982864114 -0.2565316619984844 0.08695874877786144 0.9626212281449235 203.6582599699662
0.9621638708387332 0.009618625959523253 0.2723347002820722 -126.76280936430722 0.015773007425390985 0.9957345696045296 -0.09089911891758719 -16.029121916456656 -0.2720436953568638 0.0917547441274005 0.9579056106630168 204.95821539633195
0.9576257278823683 0.011743516815352895 0.2878103589037756 -126.34421511184009 0.01628205860932833 0.9953638863314527 -0.09479055978342203 -16.178265599119605 -0.2875854462981847 0.0954592154552037 0.9529914802264713 206.28299843835302
0.9529920313499219 0.013292752321056254 0.30273761535911664 -125.90677662343744 0.01631280947377264 0.9953386262952082 -0.09505554214099575 -16.324302345605314 -0.302586152687001 0.09552452297511532 0.9483289048531774 207.59882488200805
0.9478384089466629 0.014967602371008006 0.3184326873416513 -125.4412988756856 0.01637444711457247 0.9952930545026021 -0.0955230033636446 -16.47327699716137 -0.3183595989948501 0.09575320778814649 0.9431275652369404 208.92225386860378
0.9420134585052928 0.018287863923561038 0.3351087325947989 -124.94818186600185 0.015539677306007502 0.9950676077370993 -0.0979870026598779 -16.628911655478454 -0.3352436148588585 0.09751098764598712 0.9370777999543658 210.25456024322455
0.9359778018567962 0.018855566855502444 0.35158498958799683 -124.42980558018871 0.018050727215495905 0.9946833063035327 -0.1013990735405849 -16.791089286285317 -0.3516234354849923 0.10125222455815573 0.9306559459828585 211.57097569748268
0.9299179474093803 0.019573324686563528 0.36727647559015025 -123.87311666812097 0.01964307607141243 0.9945160840621617 -0.10273527824633132 -16.953285604142984 -0.3672690913613094 0.1027483773010537 0.9244283298417572 212.92690138197412
0.9233523343407213 0.019326825205981484 0.38349717768284464 -123.29771025660618 0.02359997531403919 0.9939897851278848 -0.10691457973336985 -17.12312137046942 -0.38325422713486257 0.10776880204398732 0.9173409164890388 214.252781790486
0.9155047749977755 0.022562990473651814 0.401701410192299 -122.69622224173017 0.024806017454733167 0.9933622021378622 -0.112330677790105 -17.303467981524687 -0.4015650480033447 0.11280267623717967 0.9088635209185568 215.57596292043576
0.9061637166206598 0.026150521968415715 0.42214364932740384 -122.06261923946437 0.024913897369532267 0.993054134071871 -0.11499660758338769 -17.48816524949618 -0.4222141764451929 0.11472193763868968 0.8992140283732832 216.888564728966
0.8951260277859912 0.02928951283641115 0.4448746016484739 -121.39124007775584 0.025035676511621384 0.9929637568345705 -0.11574850423651978 -17.67289971501863 -0.4451299461825087 0.11474615079728316 0.8880905591062649 218.1909209855738
0.8827630652855795 0.033892289408143095 0.46861796685463314 -120.67426457619315 0.024028713565316155 0.9928338494299931 -0.11707006427913867 -17.863636051762285 -0.4692230083581934 0.11460404112490628 0.8756188972820705 219.49538510070676
0.8700343453963855 0.0380758667372667 0.491541617067961 -119.9163737306608 0.023806972761737284 0.9926066009892116 -0.11902801853084828 -18.05896588008552 -0.4924351951650154 0.11525908839959687 0.8626914701843739 220.78840630746197
0.8563432902464968 0.0420403029478273 0.5147150395042979 -119.11527080657626 0.02360736559345825 0.9924536634580603 -0.12033657303150014 -18.258618010352585 -0.5158856457785322 0.11519881714579598 0.8488846828452412 222.0780586863939
0.8426319533681469 0.04329628518264875 0.5367683144068305 -118.27946600801582 0.026286502936489882 0.9922690934410445 -0.12130275945212735 -18.45927430832784 -0.5378666510956214 0.11632126018929363 0.8349754272544472 223.34234715195691
0.8281674457812624 0.04481476535881232 0.558707270936595 -117.41159520904245 0.02859516900423135 0.9921235855406499 -0.12196630247045373 -18.661245326242557 -0.5597684692553153 0.1169829699311914 0.8203591885559147 224.5859966389028
0.813727478532388 0.04656173506757083 0.5793992286338202 -116.50465011868529 0.032513828892003396 0.9915814219010012 -0.12534869804494378 -18.871463832542194 -0.5803537773131147 0.12083638903568247 0.8053592930949595 225.81313386877616
0.7992109392236879 0.04849092298416467 0.5991117373681981 -115.5717301249954 0.0365225110425928 0.9909829271015838 -0.12892828664275952 -19.086772322543414 -0.5999573434586155 0.12491994229322408 0.7902292925472842 227.0127465030266
0.7843987745341531 0.05091047293660772 0.6181838973314691 -114.6103586667956 0.038837717403117256 0.9906412983685038 -0.130863692421474 -19.303710338334493 -0.6190567290861608 0.12665605474465802 0.7750765052600929 228.19058281372185
0.7693906125889972 0.052631667641625614 0.6366259256525916 -113.62392142983136 0.04218667321027436 0.9902399214801173 -0.13284957320516289 -19.523259226640498 -0.6374004730948899 0.12906830972342342 0.7596568535418318 229.33976938562196
0.75464373398743 0.05361259069775308 0.6539592083046518 -112.61404872666195 0.0452506199774497 0.9900330629770272 -0.1333810143746692 -19.741550916022618 -0.6545881777904434 0.13024522698332533 0.7446923393586908 230.4632093118802
0.7403347302135382 0.05483501138948815 0.6700159400720703 -111.56982082624674 0.04787310152748386 0.9898385532673235 -0.13390669828980367 -19.962584041715985 -0.670546077498664 0.1312096072358085 0.7301829487425443 231.57589943027332
0.7268206831439509 0.05516321857472691 0.6846257169688924 -110.48346842250928 0.05194955146855836 0.9895008986646736 -0.13487901603919422 -20.184549622304573 -0.684873773441578 0.13359699048929108 0.7163202913301395 232.6858394820181
0.7134265111605207 0.05648203608758334 0.6984668542696882 -109.36254041916747 0.055764786872676886 0.9890107180206473 -0.13693575647887565 -20.41537295372908 -0.69852116035657 0.1366415534815595 0.7024329759264346 233.78683303045062
0.6996330862703447 0.05863563881531506 0.7121087622340808 -108.23312303585777 0.059721846194128944 0.9883423592282197 -0.14005613393882768 -20.65030630332669 -0.7120151402087133 0.14051436517724042 0.6879715615933765 234.85122948322956
0.6858154698527825 0.060515129108238065 0.7252715623353468 -107.0787548784999 0.06228737514758011 0.9880020756017214 -0.14133498906328457 -20.88889573927175 -0.7251184007926269 0.14210277666061985 0.6738140610923475 235.89784624235463
0.6724012195485198 0.0613319979428204 0.7376577109852592 -105.9169717045139 0.06471659995589585 0.987875585855608 -0.1411271406212307 -21.12384605522276 -0.7373649894458156 0.14263059436090902 0.6602761727518578 236.90929269255562
0.6579786751518371 0.06261542660060884 0.7504450648066725 -104.7058926431421 0.06626872560930472 0.9878582931207948 -0.14052744731020983 -21.36137737124429 -0.7501280023206383 0.1421926475804839 0.6458368381277794 237.9276098735677
0.6422409831660547 0.06337441109347385 0.7638943953715297 -103.46554806112297 0.06685724000928367 0.9881486294770109 -0.13818855310802933 -21.595153692011525 -0.7635942379277438 0.13981957222051353 0.6303891949824847 238.93130194851622
0.6262131743540811 0.06430451566495012 0.7770113407696659 -102.20937321689141 0.06732360271414234 0.9884126401775726 -0.13605757099972027 -21.82424007564429 -0.7767525812625098 0.1375095662590263 0.6146245855358003 239.90514900654628
0.6103633389411937 0.06589853309542089 0.7893912943803479 -100.92761645043062 0.0677058739050107 0.9885486086936828 -0.13487489370217948 -22.053736668959615 -0.7892351048603616 0.1357664540437545 0.5989089886180073 240.8574495634433
0.5940723247522129 0.06904255596582784 0.8014583439922858 -99.65044255854826 0.0692727159799736 0.9882194156873595 -0.13647904709773995 -22.28501851728469 -0.8014350903904653 0.13659522426416576 0.5822881865438998 241.76212469657557
0.5779888692471923 0.07247270497801571 0.8128353933230289 -98.38224475788789 0.06966149810620181 0.9880330358654626 -0.13762799087839322 -22.51315541769413 -0.8130781395427968 0.13616798192576576 0.5660204668138094 242.62383790832263
0.5609800322941896 0.07283043911756155 0.8246346230856294 -97.12612636295712 0.0722304286600005 0.9880193490284361 -0.1363969331427932 -22.73171259490505 -0.8246845151581077 0.13607690093380198 0.5489955564665254 243.43388097714626
0.5417210797716462 0.07234520984936786 0.8374542531465861 -95.84574267323052 0.0740267331560977 0.9883140456531581 -0.1332629063982789 -22.942841704439974 -0.8373046402634025 0.1341824270968049 0.5300322792129444 244.22310696300232
0.5220738977751093 0.07128690848703013 0.8499309002760791 -94.55379142523836 0.07644375335434823 0.9885816185321904 -0.12987182635196673 -23.14678775785321 -0.8494804677493534 0.13277154999163227 0.5106608339714948 244.97696132339587
0.5023485744459225 0.07058566019453758 0.8617944932140306 -93.27094220080913 0.07841936509854912 0.9888384008311779 -0.126702738132086 -23.34211706453368 -0.8611152705961214 0.1312271430946448 0.49120436653699023 245.68614242602072
0.4828645572977982 0.07058732369194386 0.8728608708645651 -91.98011028499756 0.08104320787078116 0.988868843950952 -0.1248018540918286 -23.53384644135451 -0.8719504896927315 0.1309986670465451 0.4717672518710362 246.36147824618172
0.46333919609854146 0.07111707540514202 0.8833381298695271 -90.69968543344254 0.08387330358674763 0.9887838347378882 -0.12360106068719541 -23.716194542975348 -0.8822167869667147 0.1313544742684932 0.4521756839862417 246.99485352451393
0.44454768265079947 0.0709522033665367 0.8929559664389869 -89.4154590454007 0.08807154351101279 0.988568904555322 -0.12239529807635384 -23.89817446580053 -0.8914287423130152 0.13305120525618797 0.4332155691659666 247.59237754258373
0.4257512391194357 0.07205030944211968 0.9019823003581934 -88.14335162317603 0.09141025166929556 0.9883030622353324 -0.12209305788725057 -24.079869282526985 -0.9002250752968878 0.13442828616236904 0.4141837095113806 248.15132383171624
0.40624755724876366 0.07255483353965625 0.9108929287963395 -86.87248270863924 0.09596484923634896 0.9879453418472454 -0.1214917499216517 -24.25888234776545 -0.9087232910471235 0.1367660718166905 0.3943862733970615 248.67598470590144
0.3869798135454662 0.07220543047408122 0.9192714892984449 -85.55872899459588 0.09868180337075122 0.9879635262361615 -0.11914256333877171 -24.436397080486344 -0.9168056484477971 0.1368178916510093 0.37519520562243114 249.19096335458065
0.36782488521097595 0.07319492012316801 0.9270246224097073 -84.22490087909244 0.10074176750755484 0.9878962105131551 -0.11797390949228931 -24.615373185275715 -0.9244349890326223 0.13678048121652775 0.3559979057178079 249.68351667696135
0.3482759688580092 0.07910065360582275 0.9340633852904257 -82.90960952444773 0.10085377202545853 0.9874904078810633 -0.12122997102620561 -24.79932656107233 -0.9319634426883999 0.13642213751881102 0.335940716628565 250.1401319907739
0.329905547786335 0.08855848689360851 0.9398656141235854 -81.59745690444491 0.10061117069731661 0.986624099771059 -0.128280353456936 -24.994891083100416 -0.9386500632915763 0.13687795289397373 0.3165818557030504 250.56587802793945
0.3112705283859044 0.09718203782315617 0.9453538461008878 -80.29961335156696 0.0998611862206357 0.9859083751450147 -0.13423189022083745 -25.193089054650034 -0.9450725215233657 0.13618337487907844 0.297178714649494 250.95898028575397
0.29191455189894816 0.10191865660980919 0.9510132090939035 -79.00008003194847 0.09923454738462316 0.9857159353544762 -0.1360979767674206 -25.39234884115117 -0.9512952280189337 0.1340989173928917 0.2776302720494193 251.3229460247769
0.2726438033236203 0.10412427058385283 0.9564787115720469 -77.74392108727776 0.09845504987943264 0.9858916259066025 -0.13539086027417388 -25.581170756643157 -0.9570771629330581 0.13108007892562243 0.2585452620008826 251.64430724753075
0.2530888421578261 0.10549026110916877 0.9616895448945159 -76.47120385361085 0.09675816902502378 0.9862970926202403 -0.13365363071406103 -25.7668142476351 -0.9626058121309906 0.1268735557349643 0.23941369614168526 251.94340470214942
0.2345351505423935 0.10681785135197645 0.9662361865338225 -75.21609802138425 0.09675549163885605 0.9864480543716201 -0.13253820419484572 -25.948750925402447 -0.9672949332933329 0.12456895515209793 0.2210217897975927 252.20996233582923
0.21651581020200936 0.10658483799226771 0.9704585428403785 -73.9612344232861 0.09770179501667768 0.9866710464666152 -0.13016386279968117 -26.124874136510712 -0.9713923697740875 0.12299335851392647 0.20321679938569684 252.4521962976221
0.19909725584757823 0.1074558118884634 0.9740856560475902 -72.72074991768105 0.09853312537489528 0.9867429373643055 -0.1289924089545134 -26.299288630168792 -0.975028865457088 0.1216560779425372 0.1858703112367601 252.66815549954143
0.18192987566230973 0.10869535751392741 0.9773002546565852 -71.48666030767998 0.09990339156823358 0.9866902004592242 -0.12833792458149762 -26.474162050908554 -0.9782379566298471 0.12097870447155636 0.16865004332580852 252.85912695275013
0.162952867604174 0.1125860835252917 0.9802039099953359 -70.2323751860727 0.09813569423564314 0.9866962138095859 -0.12964676333684247 -26.6457288317289 -0.981755055183719 0.1173143765789577 0.14973698510691474 253.0382046061908
0.14538677942484218 0.11468020128743082 0.9827209160492859 -69.04318557701241 0.09885441361557998 0.9866100094287309 -0.1297592774505935 -26.813206947687284 -0.9844382778768975 0.11600638755489638 0.1321041998225636 253.17773294388022
0.1291797832246201 0.1133224082566724 0.9851395389882243 -67.86078818243007 0.09916584604002616 0.9869968304911412 -0.12653964129762887 -26.971033616041705 -0.9866649799650025 0.11403315092407042 0.11626332321523129 253.29949944011605
0.11484933926135801 0.10978670005925441 0.9873123738670523 -66.68015862004636 0.10118216635610015 0.9874167702715086 -0.12156833384610814 -27.121744307338417 -0.9882313987046895 0.11385505243223601 0.10229685971932902 253.40282949513946
0.10155143945828805 0.10657671879075871 0.9891199840945972 -65.4763594406516 0.10197662036975827 0.9878971933279792 -0.11691444127700792 -27.270508047197946 -0.989605101338708 0.11273457081108484 0.08945545631089556 253.49597394320784
0.09017081743378437 0.10389350330554957 0.9905076296286762 -64.25584501757993 0.1036045092633958 0.9881744166509834 -0.1130801925676842 -27.417683526769622 -0.9905380689467094 0.11281222991822466 0.07834222684286066 253.57513655247007
0.08075745662362006 0.10439997082522108 0.9912661278549848 -63.05594140766189 0.10387972989001706 0.9882069137759081 -0.11254062303167425 -27.565509511627177 -0.9913207822111622 0.11205588984893532 0.06896176535070646 253.64331104045914
0.0722423092599167 0.10640981044055799 0.9917097285110927 -61.89612189779845 0.10328121071465121 0.988154306745677 -0.11355174112027994 -27.71230467526683 -0.9920403957310634 0.11062290651265384 0.06039827777669312 253.70134128000043
0.06528577339309903 0.10780808057682806 0.992040841950643 -60.760113500788805 0.10266670979416817 0.988150204842549 -0.11414148882237826 -27.855794934653247 -0.992586094042299 0.1092962738920681 0.05344593823405249 253.75219614797024
0.058689519531647284 0.1125737323536321 0.991923496464333 -59.65389622102286 0.10185088934604132 0.9877662209759661 -0.11812779955336022 -28.00097149006862 -0.9930819456709693 0.1079560121499443 0.046507998543346675 253.7924563046407
0.052151769511560475 0.12021596248845731 0.9913916567194071 -58.59286559737846 0.10199671732627494 0.9869001263885578 -0.1250365204347233 -28.153084569093338 -0.993431644533565 0.10763444829241879 0.039209325145539195 253.82259126817874
0.04647228446063107 0.12299788853130372 0.9913330902365092 -57.548944705658066 0.10046398636054822 0.9867885162572079 -0.12714306139072354 -28.298266240119073 -0.9938700117703425 0.10549654754334714 0.03350376989552856 253.85087291797245
0.04347179605790825 0.11661635699286715 0.9922397148070272 -56.48098449296286 0.10060513293917374 0.9876098184931129 -0.12047935925966086 -28.429564516244415 -0.9939914915872434 0.10505655347634435 0.03120309857941255 253.87885106182327
0.042268778453175664 0.10887776910405512 0.993170464801067 -55.40271473286672 0.10000185943391432 0.9885964127003611 -0.11263210650934584 -28.552860405524868 -0.9941043249603908 0.10407443741050394 0.03090095370019511 253.909619228657
0.04155332519935675 0.10620666900152664 0.9934900488057907 -54.328109330011586 0.09951387246811119 0.9889550901502541 -0.10988363290886774 -28.6766464654698 -0.9941836545866132 0.10342734945126433 0.030527979945640712 253.9383696685628
0.04127881760028836 0.10827710815314312 0.9932780024678465 -53.226455830201566 0.09824237504648638 0.9888586965937604 -0.11187779487968286 -28.81163797136964 -0.994321677909896 0.10219539095974849 0.03018428494848033 253.96739632044623
0.04118808771533912 0.11147239320955996 0.9929284183978174 -52.15482119506651 0.09810262014739987 0.9885091084901688 -0.11504526924473402 -28.94409000653446 -0.9943392526396834 0.10214254870479526 0.02978170875172956 253.9936724428485
0.04122553279401192 0.1143212687494799 0.9926034295643923 -51.09755394283753 0.09529237782598314 0.9884598863744781 -0.11780086723895748 -29.078665857831144 -0.9946112391243632 0.09943934117515627 0.029857856333801322 254.0287580788075
0.04211214282663483 0.11521807475459059 0.9924622513397797 -50.05108640843867 0.09349001316011074 0.9885210015661553 -0.11872653432414029 -29.21094675177726 -0.9947450090811338 0.09778049985704594 0.030859160030859714 254.06487286781348
0.04396365080933705 0.1169582627204659 0.9921782768914382 -49.00972205947684 0.09202578433584047 0.9884324163028269 -0.12059325392045929 -29.34618697867358 -0.9948013570047148 0.0966030704793743 0.03269416763104296 254.1018479062428
0.046248656491994965 0.11794394937155372 0.9919575206102997 -47.98709365024189 0.08955758520610517 0.9885220130502169 -0.1217100571902284 -29.478868585215253 -0.9949230569723523 0.09446156315119805 0.03515754607536872 254.1439194968539
0.050140167013525465 0.11870114333352921 0.9916779911332292 -46.970081439457985 0.08741455972986734 0.9885852776418985 -0.12274980935340539 -29.612059196801017 -0.9949250459126837 0.09283711469935536 0.03919420381983596 254.18953893909458
0.055682516340834806 0.11789935986732716 0.9914776312643855 -45.94037503969089 0.08603657059227239 0.988748979603738 -0.12240601863692978 -29.742672865749732 -0.9947501336572129 0.09211456885691179 0.04491494828552066 254.24287819082758
0.06222483829554041 0.11689665350568483 0.9912071340750203 -44.92032523588883 0.08556698663392397 0.9888411066804689 -0.12198853608396208 -29.87023671492013 -0.994402525592441 0.09240061619706272 0.05153057804191251 254.30049847183884
0.06926348645860646 0.11642752988038974 0.9907955078125041 -43.912754136279794 0.08552378000610776 0.9888219347889478 -0.12217337599919185 -29.997360979963652 -0.9939406074019455 0.09319408157076399 0.05853458173760582 254.36289942674702
0.076402592515762 0.11725020405338117 0.9901733087100725 -42.92671416200494 0.08494067834766035 0.988691339143292 -0.1236277488652264 -30.125532291805797 -0.9934672411722029 0.0935468834160138 0.06558197921575461 254.43102990932022
0.0827495719104825 0.11701147527917209 0.9896914782033776 -41.92199323834837 0.08383264603587 0.9887508485767498 -0.12390878322243608 -30.25495552989274 -0.993053204471662 0.09321714993483567 0.0720119069974843 254.50966965040254
0.08865959285138363 0.11623928810519274 0.9892701975616839 -40.906699465360084 0.08247952479949325 0.9889043852584178 -0.12358714381126928 -30.383776908662565 -0.9926560354191235 0.09254700514537176 0.07809140649697435 254.59642259187734
0.09467417910587045 0.11451766303295283 0.9889135893278779 -39.88109024003302 0.0813139594641236 0.9891574003828199 -0.12232947801815065 -30.511832589121152 -0.9921963309589684 0.0919889992861535 0.08433860226927951 254.6903157715992
0.1005318948348628 0.11328522843517679 0.9884771074363706 -38.88035587434326 0.08019846589119517 0.9893452868921443 -0.12153989623623758 -30.636637657367565 -0.9917102912130581 0.09148798701505689 0.09037875702098015 254.78803197050453
0.10710015441022648 0.11365481945241648 0.9877441967859073 -37.89309455922012 0.07919739645422944 0.989317047992036 -0.12242157589845165 -30.76397440341699 -0.9911026043839245 0.09133312777830789 0.09695858936525781 254.8894895152321
0.1138647607690545 0.11623324662231262 0.9866869734518386 -36.899264746884235 0.07862698077257398 0.9889673205981788 -0.12557401677387317 -30.897649539152894 -0.9903937104858191 0.0918737097226977 0.10347324918358583 254.99582892983926
0.12005548975096675 0.11743578292854664 0.9858107374264703 -35.94324102482411 0.07765248421028624 0.9888302336447536 -0.12725129430834792 -31.027878261063158 -0.9897394461515673 0.09182285716496692 0.10959870985051673 255.10416898448
0.12612306102374185 0.1190935428210795 0.9848535060035544 -34.986655015206985 0.07535007713457531 0.9887538539385604 -0.12921368364318672 -31.160472847586483 -0.989162502319416 0.09050064693687777 0.11573465749615747 255.22242878056198
0.131858833189777 0.11961582172506643 0.9840391571370606 -34.03532068493229 0.07283902141775922 0.9888444003960465 -0.1299593878650183 -31.29097371969844 -0.9886027703735965 0.08880771296478694 0.1216785909964073 255.34824558403005
0.13819555658915716 0.1194880574937519 0.9831846704738418 -33.06507329683628 0.07145403926977043 0.9889103363121329 -0.13022643857015775 -31.422792806813018 -0.9878378365987162 0.08824429613218782 0.12812859927841583 255.48125867709487
0.14397322625968204 0.11756090406708285 0.9825875422308464 -32.0959427319199 0.06994407422867573 0.9892303932419027 -0.1286035118689972 -31.550221162170747 -0.9871200489193183 0.08723661526477024 0.13420309941763983 255.6215736415304
0.14988918633615905 0.11617239546072354 0.981867622988373 -31.10311028164527 0.06883263126866648 0.9894413037539094 -0.1275755343205429 -31.680876782042798 -0.986317208128725 0.0867017550249521 0.1403132339887871 255.7700187199518
0.1560013929040695 0.1156734060439465 0.980973789469403 -30.119818192925354 0.06787995536321442 0.9895198537194058 -0.12747496439586062 -31.811455201311606 -0.9854347441846029 0.08646980618557293 0.1465181381382904 255.9211283973617
0.16241637809511236 0.11672043060775181 0.9798074518523898 -29.14561954593451 0.06665333620051565 0.9894166956551337 -0.12891279485562504 -31.945712826495374 -0.9844812926131513 0.08624005987331254 0.15292165117675716 256.0762845608252
0.16975295103606877 0.11714464555996654 0.9785121030128575 -28.202354357259246 0.06804920179806567 0.9891498341089842 -0.1302222749318265 -32.074356680031464 -0.9831467342731606 0.08868741284603444 0.15994372436402018 256.23089713048506
0.17817533795620727 0.11882238714227783 0.9768113212067265 -27.247947546332597 0.06851806691647487 0.9887783210611939 -0.13277542658712552 -32.210008032302234 -0.9816230335779977 0.09058129530119137 0.16803815979804504 256.39851743574064
0.18661446874138993 0.12122871435148902 0.9749383001725498 -26.313832927568104 0.06749917682707289 0.9884341579782457 -0.13582634444453517 -32.34775224621896 -0.9801243119220497 0.09114941454236329 0.1762768458639292 256.57334839255
0.1954020378345207 0.12227215830177869 0.9730846642529526 -25.394060781537178 0.06688565854803051 0.9882298016204794 -0.1376057757612771 -32.48389894299334 -0.9784522781524795 0.09196855062086802 0.18492725206071875 256.7541719691895
0.20224730930214793 0.12155951480257947 0.9717746854073885 -24.45637550360816 0.06510796737511983 0.9884063975533938 -0.1371900477640419 -32.61794740650721 -0.9771805375890871 0.09101131305610426 0.19199124231652448 256.94788722015716
0.20745174975546626 0.12020169161904046 0.9708460075512085 -23.516980419600912 0.06318326973463685 0.9887077719475241 -0.1359138954296292 -32.74999511006659 -0.9762154852312681 0.08953159405791472 0.19751750125973544 257.14587388558533
0.21043921548168346 0.12063936696241717 0.9701489599361075 -22.56131601397962 0.06094825937847487 0.9888115533951927 -0.13618045994321634 -32.88759226902178 -0.975718185133343 0.08778135027719706 0.20073493928253047 257.34988526191466
0.21208702999951118 0.1222263802245976 0.9695912854339931 -21.6253070928061 0.060416534994781765 0.9886141845239272 -0.13783943850628133 -33.02686309809085 -0.9753945317186941 0.08780798325434268 0.20229076098016638 257.5456032057123
0.21395356007897356 0.12338415898332754 0.9690343353933659 -20.680496920177116 0.060212037835288876 0.9884430519009602 -0.1391491163977724 -33.16811860578534 -0.9749993835173911 0.08811366343682608 0.20405490254371628 257.7433877982713
0.2166012168658572 0.12316825782597489 0.9684736778812859 -19.74122440419463 0.06002040193045105 0.9884571442359517 -0.13913286278774914 -33.30633347276518 -0.9744265401221328 0.08825924057784545 0.20671159370356085 257.94319686294733
0.21878553477111373 0.12317728694916588 0.9679814415618178 -18.79122197624731 0.060387178385448166 0.9883938997452283 -0.1394231768133664 -33.44707436741282 -0.9739156475817174 0.08895221906543067 0.20881117705786997 258.14726194529453
0.22092043330304476 0.12392377294622767 0.967401007826516 -17.86146788376831 0.060009657769828424 0.9882923555552348 -0.1403035919235467 -33.5878256663255 -0.9734568819765221 0.08904417049290664 0.21090063978601717 258.35048126217447
0.2232313117683549 0.12431044233514062 0.9668204122209733 -16.90534235159668 0.05963673606120841 0.9882394024487808 -0.1408334275800526 -33.732730246699624 -0.9729522374931615 0.08909109450891861 0.213196127518432 258.5625028135433
0.22688775959809732 0.12288518807557215 0.9661513726786535 -15.937254875577079 0.05856651411539103 0.9884953094363654 -0.13947990981443653 -33.874751177781754 -0.9721711748534767 0.08822506041625769 0.21708408527871825 258.7827748839035
0.23079900977808876 0.11938353142656016 0.9656640108710404 -14.966456943560148 0.059437092627393044 0.9888652989517562 -0.1364566574958423 -34.01206904017057 -0.971197440726775 0.08888514606226483 0.2211369673679211 259.00585085285326
0.23455706548614513 0.11874541979651042 0.964836793065963 -13.966861006848722 0.058412373194879054 0.9890006850965388 -0.1359186500605811 -34.156205981690775 -0.9703590168825519 0.08823399307872679 0.22504414476175394 259.24198193488576
0.23968642425119238 0.12048938503795369 0.9633585749760399 -12.975641890304741 0.05854313118348699 0.9886738748552085 -0.1382198858908683 -34.30507966487603 -0.9690969997469554 0.08952245732163472 0.22992095297647866 259.47755798012906
0.2461143303637268 0.12292095911527841 0.9614289540694506 -12.015231998389863 0.05811789891628407 0.9882736079185387 -0.1412291128926619 -34.45348544210965 -0.9675104038497656 0.09062972334904519 0.23608734813153656 259.713391504916
0.25132455938812676 0.1225103873315288 0.9601326410983974 -11.045617075286557 0.05675190853980644 0.9883898760574941 -0.14096975499906866 -34.599282373906604 -0.9662513533913643 0.08991347558370989 0.24145698548586345 259.96189079071416
0.2576710239896271 0.12202452062266819 0.9585107175557414 -10.07846234781927 0.05608636726660359 0.9884362243865088 -0.14090982297242505 -34.744562670629605 -0.9646169250742727 0.0900626520939617 0.24785067045045958 260.2159073340545
0.26479030679986676 0.1212162376883838 0.9566710276280264 -9.109414801364727 0.05547549336406039 0.9885142766471534 -0.14060380722002744 -34.88906274660387 -0.9627222095039562 0.09029714141269639 0.2550277951524255 260.4798575450533
0.27306186067642885 0.12248141782467334 0.9541818870605532 -8.154458783610986 0.05677271400828341 0.9880855264709155 -0.14307871747054016 -35.03744965841259 -0.9603333955527925 0.09323561596752683 0.2628579681659379 260.7466885874571
0.2818610885655314 0.12308381885804029 0.9515419914615363 -7.216263275721364 0.05792679232175286 0.9877493796424248 -0.14492468002291867 -35.18475555853478 -0.9577188509861512 0.09596311608647215 0.2712812960226494 261.0203723224141
0.29111756729048227 0.12316327777913015 0.9487403220883082 -6.285357108004105 0.05768050921459574 0.9876190801663365 -0.14590798625547707 -35.33215191547994 -0.9549605729408188 0.0971948866781075 0.28041226031520716 261.3035314895288
0.3007450336582595 0.1211788384822612 0.9459888435661239 -5.321502691621491 0.05582689692287785 0.9879615316496656 -0.14430222733609502 -35.479012714173486 -0.9520827776250363 0.09620460169114055 0.29036252835694115 261.61199357172615
0.30974357428093596 0.12105137518639722 0.9430978502737264 -4.3683400330092415 0.055089040501077075 0.9879162141943065 -0.14489613049145983 -35.62854822500014 -0.94923696078546 0.09682989193331666 0.2993345232740628 261.9237467090052
0.31781179480902144 0.1229039946577809 0.9401699381555648 -3.4174385898106245 0.05138899879158347 0.9878776645174261 -0.14651104771422835 -35.782926869745374 -0.9467745347467464 0.09487219381682686 0.3076454862597485 262.24971542424174
0.3260823818322882 0.12583028590085304 0.9369451752485293 -2.484634269828437 0.04931826802241371 0.9874923425628029 -0.14978198596495274 -35.939695122536456 -0.944068397673343 0.09504462891585738 0.31580053338210085 262.5743807507814
0.33461288540887824 0.12675226143901558 0.9338084758337217 -1.5374512551148145 0.046209337084545596 0.9875183452620299 -0.15060030585617998 -36.09667185516193 -0.9412367200015683 0.09353825835658892 0.3245813264965596 262.9173663003698
0.3423836021164657 0.12685085100321813 0.9309747168522821 -0.5952063404820714 0.04320568743669365 0.9876752094024825 -0.1504658597328571 -36.250396282763056 -0.9385814845367688 0.09173526375529811 0.33268474741080606 263.26753852598375
0.34965174855148357 0.12643100981351893 0.9283271958375452 0.3543963046832511 0.04160529887711693 0.9877846048055215 -0.15019853549989734 -36.40551919663119 -0.9359710933455847 0.09113540490853239 0.3401218207995551 263.6268888787852
0.35615545433287044 0.1256393696570363 0.9259592686107266 1.3085518048830143 0.040443383543600595 0.9879233200278846 -0.14960257855995215 -36.56073745925501 -0.9335670833322326 0.09072555202954338 0.34677410111916573 263.99336283905905
0.3628956502849022 0.12516467256732114 0.9234027254658139 2.2527667249534673 0.03943125944490742 0.9879923346302699 -0.1494156139845144 -36.71528387317755 -0.9310110574151433 0.09062811611598204 0.35360412848883327 264.3630157047262
0.3693946933483189 0.1242230527764768 0.9209491774541628 3.2094310883275927 0.03797239357719376 0.9881839042663632 -0.14852244945198187 -36.87104057415637 -0.9285121208489946 0.08982895584769535 0.36031444986744376 264.7477894327967
0.3758849835148047 0.12484640677943507 0.9182351663145562 4.157071572920734 0.03592948051332069 0.9881788347493999 -0.14906384248288196 -37.0289706167444 -0.925985655368864 0.08901743793603978 0.3669572651317228 265.1368612451483
0.3831289463248325 0.126552063404869 0.9150018954813838 5.087375217446673 0.03507253903890442 0.9878672966126159 -0.15131527453214097 -37.18907244276397 -0.9230448772743638 0.09005956720781792 0.37404333866212763 265.5225743096213
0.3900923638603944 0.12870044701275418 0.9117544402805584 5.997836587509843 0.03347113236363673 0.9875516400681916 -0.15372010901093155 -37.34934670070996 -0.9201833653738044 0.09047735800897301 0.38092981374482787 265.9107038028436
0.3968683223061474 0.12845262266185994 0.9088604719522775 6.91756945098374 0.03210387501196373 0.9876155351558525 -0.15360181227287478 -37.50779393510161 -0.917330305628804 0.09013247002102574 0.3878305973901651 266.31255552339877
0.40440834132919534 0.12779020250639583 0.9056236180136846 7.813517459928488 0.03173751130587249 0.9876375696357861 -0.1535348349509958 -37.66192046706073 -0.9140432915633182 0.09082776011652018 0.3953546526649945 266.7107684865191
0.41156465222500216 0.12690242841268226 0.902519177375049 8.711859472237922 0.030083968723755843 0.9878316352965956 -0.15261626105090106 -37.81504855372583 -0.9108994996615487 0.08995739843699167 0.402740335163794 267.12366559608046
0.41853775102093405 0.12479879088323993 0.899601304903482 9.609383325530134 0.0291458167035617 0.9881627257980555 -0.15064411172031145 -37.96448276796373 -0.9077478003899729 0.08926466866798136 0.40994748623188754 267.54280100060146
0.42566249855906785 0.12311822798459224 0.8964849614811573 10.497913742354626 0.027819578041251652 0.9884569407891517 -0.14895764378954948 -38.110921653396915 -0.9044708604743479 0.0883405218826771 0.41732546603626947 267.96791799082933
0.43246278355678863 0.1240091325555213 0.8931006359827415 11.376257495555983 0.024732911042868535 0.9884972620682565 -0.14923055502967525 -38.25978233175125 -0.9013291691878124 0.08662082349919073 0.42442307309474214 268.4001523783416
0.4397309152149564 0.12431663609553255 0.8895018989038379 12.244790734643994 0.023382545293343635 0.988458410027132 -0.14970544466095723 -38.408727743683144 -0.8978421364743128 0.08662397630341527 0.4317505016790115 268.83133755320614
0.4467308634535459 0.12402707929244666 0.886047874850731 13.12677326564033 0.021591377107179392 0.9885660026535823 -0.14926285136932174 -38.55806016342782 -0.8944251138415589 0.0858063045849514 0.4389463551911995 269.2807167355443
0.4540138056163584 0.12377136780583382 0.8823740904095929 13.989294338375673 0.02032041095466633 0.9886132286055243 -0.14912872922318696 -38.70506326438932 -0.8907803700310553 0.08563182661318437 0.446330432504467 269.72833716020625
0.46140731909231514 0.12442505537605748 0.8784391598800524 14.825130142431728 0.019165785367206097 0.988492665515556 -0.15007998409705994 -38.85082850072579 -0.8869996740494388 0.08607890032455646 0.45371382370955093 270.17009766310207
0.4691337899569158 0.12476571181701442 0.8742890723660742 15.660398129044477 0.018373199753202108 0.9883821000921976 -0.15090616799734105 -38.99808556564586 -0.8829548177033045 0.08685339661573506 0.4613912526518263 270.6199884719197
0.47653960873528445 0.1259031212587497 0.8701102075568975 16.466666495808024 0.017259456563223016 0.9881669846678464 -0.15243805439111424 -39.1427568736513 -0.8790020543108706 0.08765515425101478 0.46872828331630356 271.0646173273227
0.48377930397611535 0.12517975164440195 0.8662106832056385 17.26513622837581 0.016491668691280676 0.9882436792656547 -0.15202559698650123 -39.28318531191352 -0.8750531453803695 0.08782680448866088 0.4760279823125825 271.5133366000848
0.4911610093450341 0.12419456981411507 0.8621881012466458 18.076466129883098 0.015708154463631503 0.9883648561155222 -0.15131720767912163 -39.42512391805085 -0.8709447689331291 0.08785861927758203 0.4834968680023299 271.9779441392481
0.4970029016794753 0.12274972852562994 0.8590415474752094 18.89025385807907 0.01468830318095939 0.9886173641907959 -0.14976204799714946 -39.5657032015325 -0.8676422439625342 0.0870441032540421 0.4895441191940391 272.4514574612913
0.5017583607912036 0.12175740372410458 0.8564144466284229 19.71620028869037 0.013419641377959882 0.9888339641222242 -0.1484450925762233 -39.708526513592 -0.8649218164554248 0.08597039990842384 0.4945231718473499 272.936410437994
0.5057848052242498 0.12047071433898399 0.8542250588306667 20.552586845369255 0.011590377312290245 0.9891673720554739 -0.146363231579376 -39.85144369758376 -0.862599745240681 0.08392319174439879 0.49891078652708265 273.43247163117854
0.50918487545218 0.11866568113391643 0.8524561536958694 21.407249837958886 0.01046346627459267 0.9895275680906553 -0.14399566543468734 -39.99595361803699 -0.8606117755798922 0.0822340013200276 0.5026119594767888 273.9410195431039
0.5113184893695427 0.11694862899775353 0.8514157945123643 22.263690522779672 0.00968767612261083 0.9898555152182857 -0.14178113949603896 -40.13927693913544 -0.8593556489617511 0.08073798262925774 0.5049993107737524 274.4526143281826
0.5122463238463477 0.11668919867370152 0.8508935716580233 23.09864786148139 0.009223044296376815 0.9899278208830201 -0.14130743862434922 -40.278466687286134 -0.8588081241578274 0.0802265614822743 0.5060113507080395 274.9508427465181
0.5127023861976984 0.11804002975935143 0.8504325060786851 23.907027507372508 0.008597472487549614 0.9897539327016103 -0.1425604708906265 -40.419025753001414 -0.8585425360559322 0.08039706867376473 0.5064348612217374 275.43261102169686
0.5130575677596295 0.12023923084698201 0.8499102772630581 24.699685456579463 0.008386837083639348 0.9893961825488666 -0.1450356978541143 -40.56050961431298 -0.8583325366983346 0.08153386351902113 0.5066090379776352 275.9047035977956
0.5136668213610768 0.12159891540217493 0.8493490127154023 25.501974118866624 0.00877782173226543 0.9891152435424607 -0.14691828132762363 -40.70418891852399 -0.8579644737781272 0.08291663813123733 0.5070081524738795 276.3833580705962
0.5145370297634371 0.12126454401825337 0.8488695176727142 26.323748169671422 0.008682685265306795 0.9891672224950849 -0.14656970086517637 -40.84812583692093 -0.8574433358699134 0.08277974970804142 0.5079107795847798 276.87652234342613
0.5153500594336574 0.11944841381894614 0.8486340592229216 27.159739732968063 0.011063787875964294 0.9892343329081578 -0.145957166111736 -40.993403629801115 -0.856927944903717 0.08460213060096809 0.5084807135310401 277.3754132828613
0.5163619917751079 0.11773406818942789 0.8482584551811684 27.99389629717897 0.01082426803162836 0.9895337149019604 -0.14393164053117047 -41.13597199221387 -0.856321491048315 0.08349660266961421 0.5096836165218401 277.8778388705954
0.5171645379973879 0.11629016920244566 0.847968437459207 28.831032454888035 0.010630239369790243 0.9897828044669575 -0.14222167296084792 -41.278215024868864 -0.8558393089247969 0.08255984982829331 0.5106447358614085 278.3833906769471
0.5183965375161895 0.11433386492441246 0.8474823414783683 29.66262905276646 0.009676819825785348 0.9901791150981417 -0.13950484314557096 -41.41601652926948 -0.8551054191398043 0.08051366301495559 0.5121995198510347 278.88976388178577
0.5183734336512419 0.11458492407746419 0.8474625460158627 30.515036263585216 0.009691200384135429 0.9901366851966195 -0.1398044045329112 -41.56168084954708 -0.8551195417893348 0.08067747926584123 0.512150566846926 279.4024248185819
0.5184498361426748 0.1151213877172546 0.8473432281780882 31.344346608263155 0.008656244082490076 0.9901441468077486 -0.13981988526642705 -41.701278456726676 -0.8550845316147071 0.07981812000120302 0.512343779073583 279.9074457327753
0.5182526510111247 0.11663057883248217 0.8472575912762882 32.18342069090346 0.0068088130968066264 0.9900684817926271 -0.1404554129311379 -41.84420325983297 -0.8552207586741201 0.07855400728299915 0.5123117408469936 280.41726295960996
0.518377454099315 0.11624243493419664 0.84723438581449 33.02273704319267 0.006248661167299744 0.9901818192844823 -0.13967908257787717 -41.98339516146754 -0.8551493071538679 0.07769426704146663 0.5125619102786985 280.9266664439003
0.5185937520723393 0.11542861065313285 0.8472137005354127 33.870499961476696 0.005494451590203704 0.9903806600477203 -0.13829895714716453 -42.12281111998868 -0.8550239759126702 0.07637009697752586 0.5129705757820308 281.4422773271776
0.5187714502761863 0.1141127049238129 0.8472831156565082 34.724998374866644 0.005103284672525984 0.9906263601419899 -0.1365439728572897 -42.26208838058124 -0.8549187087848316 0.0751532378011692 0.5133255959687443 281.96070716360765
0.5189760782692248 0.11412813718353525 0.8471556729409097 35.589464317742035 0.004740117391752616 0.990652801219119 -0.13636474209799257 -42.40414784217068 -0.8547965650703696 0.07477970602062754 0.513583510091879 282.4854762180052
0.5192227159936217 0.11444190825294052 0.8469622692852151 36.43464852021949 0.0040978083476655765 0.9906547611804634 -0.1363711389207332 -42.541358154305804 -0.8546502413712628 0.07427171132130754 0.5139008324876979 282.99983024877207
0.5204395226418098 0.11381520913780159 0.8462995829180033 37.29334078035235 0.0034082754339739185 0.9907979868309611 -0.13534530222759167 -42.679128881311314 -0.8539127645238623 0.07331738622002554 0.5152619876779563 283.52472205618716
0.5219744986306103 0.11327782561013201 0.8454260071855279 38.15123346884936 0.002386236264861813 0.9909501769549564 -0.13425097404092748 -42.81616588647599 -0.8529790697371071 0.07208685144856646 0.5169796355985216 284.0529638101563
0.5236243183384315 0.11334049692138082 0.8443968258578954 39.00080093866266 0.0011968079679920162 0.9910180781233043 -0.13376442162122543 -42.95248263683173 -0.8519698564880771 0.07104674708438737 0.5187846512338726 284.5787690136046
0.5251731123102961 0.11416912881091619 0.843322742244564 39.84049639655731 -0.0005830642801938149 0.9910139774833162 -0.13380163526966768 -43.088434703515624 -0.8510167403664844 0.06977121745832834 0.52051938439798 285.1032811767697
0.5272192227519402 0.11413309428839359 0.8420495254350819 40.688877540495184 -0.0018867504603365499 0.9910992425316923 -0.13315539601948867 -43.223915132629905 -0.8497483221659212 0.06860720199806028 0.5227409945218405 285.63515063965497
0.5307218121389955 0.1128385967031935 0.8400214927547595 41.53215255799526 -0.003342908551325585 0.991375171644471 -0.13105873202643806 -43.35596540259949 -0.8475613983283052 0.06674168747640637 0.5265207016128808 286.16852729147666
0.535406061112752 0.11109260655272743 0.8372771393698163 42.38933314250369 -0.004264894257126227 0.991660808922775 -0.128850694072501 -43.488428080904725 -0.8446060162267738 0.06541060620433929 0.5314140950457996 286.71768337555
0.5409123677121385 0.11074115007480906 0.8337765984284219 43.22915662878505 -0.0052643150728002245 0.9917265690807621 -0.12830567954772687 -43.619633369269096 -0.8410841789984869 0.06500692625831997 0.5370196544001314 287.26612624601376
0.5475645611343035 0.11023094211055356 0.8294909169427807 44.05130902131378 -0.004860890603264917 0.9916933727607723 -0.1285781207416461 -43.75026508353163 -0.8367710778422304 0.06636683055512511 0.5435515059952811 287.8090306136893
0.5525901759105964 0.1124110109473477 0.82585833549175 44.843558111657806 -0.008409505583867724 0.9915707693431943 -0.1293403381151584 -43.87752567658391 -0.8334326376094727 0.06452147703146022 0.5488768284109838 288.35192791565663
0.5580455708151735 0.11261842158112347 0.8221534338150547 45.65404756292362 -0.009699838421097272 0.9915719221079174 -0.12924183094223898 -44.00690288119428 -0.8297757573737408 0.06414243377472893 0.5544337628584047 288.9089355857068
0.564077927652536 0.11152604109218411 0.8181762783330859 46.48978689958853 -0.012004196957426331 0.9918462609363309 -0.1269234081066299 -44.135758688740204 -0.8256565997199861 0.06176746777542266 0.5608163722861088 289.4970224055061
0.5699162583529572 0.1097033568667872 0.814367684146594 47.319745917905365 -0.013054797422138172 0.9921380876897089 -0.12451522017521136 -44.261973080974556 -0.8216210059385172 0.06032609258572553 0.5668667767561147 290.08700087310467
0.5765959710281537 0.10967264515745097 0.8096563555984665 48.14034286833339 -0.014500264938952432 0.9921738964223108 -0.1240698164279644 -44.388093492683154 -0.8169227754718243 0.059792068206211225 0.573672751755782 290.6824290319091
0.583678696935376 0.11166833645911287 0.8042894973951767 48.92924000306818 -0.01624543872201767 0.9919121455709768 -0.12592856388813325 -44.516971935540596 -0.8118434966574817 0.06043009651010358 0.5807719892119841 291.26588653849024
0.5919541387559552 0.11208405332635926 0.7981600064015679 49.70299252093457 -0.01739037397766311 0.9918349867737059 -0.12638388334217565 -44.64446053695821 -0.8058054553696944 0.06092739524037021 0.589069869828241 291.8503528017841
0.6002286398894392 0.11250152081017195 0.7918964648715066 50.49248931142277 -0.018755217492504382 0.9917719531854543 -0.12668090717151018 -44.7750488496924 -0.7996296481170596 0.06117965979816043 0.5974001030634184 292.45822185489845
0.6092528967354534 0.11240496238332516 0.7849886064194969 51.26548526006121 -0.02041572514667197 0.9918038064636013 -0.1261736293549885 -44.90059725676604 -0.7927346636055076 0.06083989410161386 0.6065542553469206 293.0684543007847
0.6190961272563753 0.11195928526998647 0.7773140277750396 52.03025105743996 -0.02262063674084086 0.9919230753966792 -0.12485361903829935 -45.02299616922625 -0.7850113288094225 0.059707295613801795 0.6166281296019984 293.6891340716851
0.6286074853998992 0.1118205391150283 0.7696627568439107 52.78288220235179 -0.025467079247941782 0.992044652629413 -0.12332942995164389 -45.1429572643613 -0.7773276118243491 0.05791885232331717 0.6264542232483425 294.31843648069685
0.6380292296399122 0.11143584832818246 0.7619277875621566 53.549912153500316 -0.026731054780704453 0.9920881922917293 -0.12271407960015629 -45.268561488141756 -0.7695708335905833 0.05792195487055242 0.6359592201978947 294.97118281413276
0.6473993249684087 0.11092829751187991 0.7540567967292622 54.316535561747045 -0.028948697505991217 0.9922226869481702 -0.12111054000724711 -45.39241982115505 -0.761624035933053 0.05657224635236505 0.6455748393017718 295.6426675085242
0.6565277865722914 0.10854514117521022 0.7464721144315284 55.071836252648104 -0.030377042666835708 0.9925996359776657 -0.11761750138641094 -45.509776660818545 -0.7537126000590085 0.05453804077736375 0.6549659587025131 296.3188299014252
0.6658901938530712 0.10509326114945362 0.7386320604784548 55.833604765323926 -0.0307772187549442 0.9930613625553821 -0.11354704764996414 -45.62507209560386 -0.7454377731118232 0.05287132942956622 0.664503518447576 297.0176082684524
0.6754648511768665 0.10302553420517921 0.7301818745489767 56.56968296238655 -0.0308480930729584 0.9932788645196443 -0.11161102342743472 -45.737332117221044 -0.7367702469843276 0.05285883149626581 0.6741020245030583 297.70851997055604
0.6851187676028258 0.10193046049537056 0.7212875836652516 57.29092847643888 -0.029713493175132378 0.9932537204157573 -0.11214111683687712 -45.85397611558091 -0.7278495307496553 0.05539215111407188 0.6835240420368843 298.403886324691
0.6952420721351962 0.10108376129674186 0.7116558348726817 58.00447480205803 -0.030415967033608462 0.9933183640172348 -0.11137744143170046 -45.96955373637986 -0.7181566119914334 0.055782403709206035 0.6936698255237284 299.11466660890983
0.7054155570244421 0.09999461304857805 0.7017291050436417 58.71687754053355 -0.03202824958612144 0.9934902963350746 -0.10937419898587768 -46.082016740040025 -0.7080949757524759 0.054673139829475845 0.7040248373750126 299.8470162648804
0.7151425000645609 0.09864283080831472 0.6920079032933979 59.42978975414803 -0.033408111414831916 0.9936906436921737 -0.10712249981091027 -46.19357714918131 -0.6982053290423966 0.05348313113132655 0.7139242508807767 300.5981731617887
0.7249110011093343 0.09753225089518593 0.6819281716593589 60.12972050837737 -0.03483856638087843 0.9938561212900838 -0.1051120964008738 -46.30278182231272 -0.6879867435763234 0.05243361225943218 0.723853651418167 301.3572966526606
0.7342599234561996 0.09787938654358988 0.6718017675105279 60.82503030371858 -0.03711831972576524 0.9938659539403395 -0.10423509747743374 -46.414744139505565 -0.677879689621668 0.051593649568542115 0.7333873678035132 302.13618079645164
0.7438495344352454 0.09587636087401152 0.6614610674442903 61.5105879635116 -0.03746149099384317 0.9940887632166123 -0.10196300398236824 -46.52059605236678 -0.6673235667520341 0.0510599735979517 0.7430422383269605 302.9211515850961
0.7526060965597405 0.09673924884104469 0.6513522010463483 62.1947788443639 -0.04020224324643625 0.994060883144499 -0.10118727678455808 -46.63094807298416 -0.6572696697779242 0.049962782297200546 0.7520236882678812 303.7317494141664
0.7604757633054533 0.09734083428400496 0.6420558234185366 62.87412147381528 -0.042601529528187625 0.9940561222842732 -0.10024835894478182 -46.74098380837899 -0.6479948948681018 0.04887849273205648 0.7601006656298146 304.55080626028877
0.7666535642635248 0.09984001475643677 0.6342783029007492 63.55010611661842 -0.046748297240716406 0.9939006590463493 -0.09994265490343641 -46.85185357512289 -0.6403849359637311 0.04696458784558268 0.7666427688204952 305.3874369348436
0.7715052806857965 0.10212950339225492 0.6280005987210902 64.22741930319908 -0.05084150068454211 0.9937787832370375 -0.09915569747306323 -46.96180072021381 -0.6342170291146614 0.04456530813289913 0.7718957534155176 306.2378491270675
0.7767301559834625 0.10470496368904181 0.6210987007558744 64.88194694932263 -0.053780142170381066 0.9935162791574889 -0.1002314955212623 -47.0739035733743 -0.6275627280556353 0.04444476336938338 0.7773226568387194 307.0729020095774
0.7820006755145784 0.10706216210903932 0.6140428365536504 65.5322815501946 -0.056585210623927844 0.9932705192211528 -0.1011203584216818 -47.187218012575485 -0.6207331903552794 0.044325057214276264 0.7827937242753469 307.91748003873073
0.7869274139684806 0.1077608161458179 0.6075930956936111 66.18259645670115 -0.05969764055474177 0.9933164147887791 -0.09885409921837304 -47.29482808665849 -0.6141812496604508 0.0415138855294493 0.7880983183660287 308.7757745549564
0.791605376578102 0.10826245391666858 0.6013957571077129 66.82412157972742 -0.0637882713330753 0.9934499881869137 -0.09487682825933452 -47.396245072968625 -0.607724870792276 0.036737623730945315 0.7933232396697208 309.6398090392476
0.7955252787270816 0.10996522750524111 0.595889008566623 67.4680831088983 -0.0677520641583324 0.993377311983303 -0.09286760615994816 -47.49923914947581 -0.6021517177072188 0.03350050897521744 0.7977040187871837 310.51755914926457
0.7989593772728509 0.11226174575303778 0.5908448205607582 68.11025695344549 -0.07167204358992657 0.9932020491643229 -0.09179359270110504 -47.60238169347754 -0.597130037025796 0.03098708784357414 0.8015709505315135 311.40392471228256
0.8021466982491664 0.11367669511974987 0.5862375593535277 68.76528040922196 -0.07585065195826063 0.9931642114001106 -0.08879779617983678 -47.7040117478296 -0.5923210848289833 0.02675700956824733 0.8052827160639895 312.31604495354605
0.8048101404740735 0.11523785690809356 0.5822692262554825 69.43565265786289 -0.07864066062142791 0.9930328411962074 -0.08783662055131336 -47.8090185267775 -0.588331060464868 0.024896373508971475 0.8082619286476944 313.2558749351515
0.8055607474440536 0.11972278488059311 0.5803219606661489 70.09102376756269 -0.08083829394682394 0.9924298651495074 -0.0925289634961588 -47.92507519755296 -0.5870038042657756 0.027620170001595532 0.8091375608143566 314.17462035763117
0.8058438785396702 0.1255082530954034 0.5787041115174628 70.73679160235123 -0.08354546186857971 0.9916086079493608 -0.09872204536550372 -48.0505340396238 -0.5862355134036692 0.03120092090789053 0.8095642943364684 315.08295375284746
0.8057446576974467 0.13033128989626183 0.5777759153795644 71.3731521276276 -0.08615206609947151 0.990910709517923 -0.10338010825115161 -48.176320426296115 -0.5859950206589251 0.03351584655657351 0.8096459473311559 315.97664232671707
0.8058737528300655 0.13140154176684093 0.5773531500627467 72.02544278302308 -0.0871763521696511 0.9907758119141755 -0.10381255589724053 -48.29918941074415 -0.5856661023673825 0.0333228637965574 0.8098919826973145 316.89266397689084
0.8060804783028234 0.1313202041315584 0.5770824410042251 72.69049239491491 -0.08737464763404065 0.9907991504319664 -0.10341792402099202 -48.42268265623843 -0.585351519188895 0.032935420405942564 0.8101349606606936 317.8234913109337
0.806233087358379 0.1317237157988667 0.5767767595406746 73.34919390967306 -0.08797593020560825 0.9907586643659313 -0.10329246214194289 -48.54597528854016 -0.5850507890108967 0.03253009803630313 0.8103682819020367 318.7486154194527
0.8062829424578232 0.131787462332789 0.5766922823266846 74.0292581863274 -0.08768006013287613 0.9907300540658069 -0.10381652578930137 -48.67766099606713 -0.5850262737855438 0.03313594377206611 0.8103612423984399 319.6961852065106
0.8063899605685771 0.13243497395262907 0.5763944097233316 74.70587784162684 -0.0878608912938091 0.9906222662962262 -0.10468916846679882 -48.81084954031995 -0.584851677116768 0.033772616520566 0.8104609883059096 320.6415926602241
0.8065074452366381 0.13334401071847876 0.5760203164952106 75.37996249668576 -0.08817818575086524 0.9904734412268905 -0.10582384963571705 -48.945277004638584 -0.5846420196603749 0.03455035831250927 0.8105795915962892 321.58544795458903
0.8068609309229087 0.1338138870089088 0.5754155211187997 76.05291995152663 -0.08795585501957158 0.990369248763352 -0.10697704163280607 -49.08051671499053 -0.5841871069753737 0.03569962194968398 0.8108573556809986 322.5288647268743
0.8075616223312356 0.1337276822107241 0.5744513497550571 76.7206171772796 -0.08800999519949912 0.9903803404430229 -0.10682631122939856 -49.211899899398375 -0.583209544805369 0.03570668555859752 0.8115602826941906 323.4723441815175
0.8097141296590941 0.1334378491107143 0.5714812123059697 77.39135792746076 -0.08844591003818736 0.9904366448047902 -0.10594324595561685 -49.34287070258538 -0.580151035071966 0.03523382364148562 0.8137700173401715 324.42805679255946
0.8132086534898162 0.1338460738568239 0.5664010006012222 78.06286980081464 -0.08952777929688896 0.9903871592365366 -0.10549674964327795 -49.47591164409317 -0.575074869618005 0.035077222883307835 0.8173717913391074 325.40044716656854
0.8180558310892387 0.13416417430329594 0.5593021711009664 78.71824206575 -0.0902328618009585 0.9903150728059449 -0.10557489201402785 -49.608514017180525 -0.5680476876065021 0.035893599191063545 0.8222359769917802 326.36973395661056
0.8241221790311506 0.1337642489891148 0.5504219355822668 79.36562416171635 -0.09103712648600937 0.9903687545799597 -0.1043731157315982 -49.73764930637307 -0.5590800606987691 0.03590232875966184 0.8283592166337154 327.3519565444361
0.8305333961682332 0.13492815843541353 0.5404106628786668 79.99931892476536 -0.09379190099138165 0.9902455582713664 -0.10309531249974728 -49.86483272340315 -0.549047795865641 0.034932927894705076 0.8350838177238898 328.3483714097181
0.8371076624719189 0.13658481483123733 0.5297459318163752 80.61811228771383 -0.09619839174024741 0.9899997766543434 -0.10323763098481625 -49.99490242237318 -0.5385471649009143 0.035455350920004625 0.841872284470085 329.35015423342605
0.8437140606872212 0.1377640766305652 0.5188466517796912 81.2103328493848 -0.09866305138234929 0.9898456621024667 -0.10238223111975005 -50.11972504762938 -0.5276814827764797 0.03518563122577699 0.8487358692516144 330.3395287996997
0.8504421577617779 0.13820069775876836 0.5076255649941199 81.79251035292042 -0.10127002202613146 0.9898439962021687 -0.09982186042837585 -50.2380866756661 -0.5162640942371292 0.0334808491557275 0.8557974454863577 331.3381274651394
0.8569530343145649 0.1379929489692507 0.49661455547207506 82.36327582936876 -0.10277949689094651 0.9898999034747294 -0.09770508682355261 -50.35392410494022 -0.5050793066545085 0.032682015258455495 0.8624769899142924 332.34754494839507
0.8633343934079669 0.1380537600997467 0.4854179576930143 82.92011332442976 -0.10390102711476443 0.9898781241730786 -0.09672997122233411 -50.472185613052034 -0.493857457252773 0.033070293796521405 0.8689363504266804 333.3619435844216
0.8695350463698966 0.1386269263742139 0.474055016877083 83.45514950165244 -0.10557427166501793 0.9897924429953415 -0.09579279227359475 -50.58818639223218 -0.482493851173394 0.03324228645444288 0.8752911053934531 334.36963125587425
0.8753639430793214 0.1397812071607466 0.4628580319593616 83.97828966425789 -0.10816468252552855 0.989655799475121 -0.09430922295403611 -50.70101353052274 -0.4712501143766854 0.03248494916829598 0.8814245890116864 335.3868286005864
0.8805660108376774 0.143264862139488 0.4517917095317454 84.49001034780055 -0.11292302959217568 0.989192702997478 -0.09358301683796318 -50.815453481362624 -0.4603142214923787 0.031383551587818956 0.8872237045860966 336.4213950927734
0.8853862879421093 0.14667293882988197 0.44115156272029366 84.98029819775785 -0.11721972410246101 0.988704020951874 -0.0934618067351743 -50.92889559150567 -0.4498752514827299 0.031033642819936973 0.8925741982871159 337.4435539768701
0.8894133498629714 0.15038145914959483 0.43170127811609615 85.46714424308328 -0.12205474974431425 0.9881842405353657 -0.09276561824566994 -51.042027797236784 -0.4405493546265484 0.029811160433047212 0.897255315237047 338.48346555389514
0.8918721147896741 0.1546787557265412 0.42505914991468063 85.94283087513536 -0.12768476771771117 0.9875931952235777 -0.09147157403909746 -51.15026117416491 -0.4339331118573676 0.02730267492092496 0.9005531939113472 339.5175668352372
0.8941669148110527 0.1556350153779388 0.4198578867773185 86.42011219732774 -0.12938592899717596 0.9874627303442305 -0.09048553632333647 -51.25896466865346 -0.4286752924074152 0.02658056315316741 0.9030894152353868 340.5549153573384
0.8960710122874733 0.15617414149304656 0.415576247558779 86.88740654334026 -0.13022477953766004 0.9873729566830007 -0.09026352838328185 -51.36789201214752 -0.4244240755213683 0.026758993554201953 0.9050899807879931 341.57750755224487
0.8975262672668055 0.1561669097981161 0.41242583771119307 87.35282748786423 -0.13034278216683695 0.9873618708175099 -0.09021422552971388 -51.47738272079059 -0.42130082616325887 0.027207953180369147 0.9065344491245981 342.5998427398773
0.8992172519595345 0.15617714317862402 0.40872215952040386 87.81905294140988 -0.13068757466540382 0.9873581857635447 -0.0897575870303856 -51.58769891924363 -0.41757176466197077 0.027291696774549172 0.9082557411641973 343.63596160556733
0.9012290306466392 0.15560992675703952 0.40448504569420407 88.27949310674086 -0.13038379821126422 0.9874336585643577 -0.08936837801908001 -51.69747195798082 -0.4133073113703397 0.027798249122905152 0.9101888725035581 344.6676830962308
0.9031569957660663 0.15585194198127614 0.4000676300882055 88.72372733363912 -0.1304299968143327 0.987353033368837 -0.09018832770974546 -51.80647126235798 -0.4090624876265952 0.029268645289633185 0.912058430018278 345.6771074897197
0.9049697376358764 0.1563860466729445 0.3957389763792382 89.16133458103047 -0.13071375582081907 0.987221325776708 -0.09120926387621213 -51.91633632762315 -0.40494477653412964 0.030808470549624385 0.913843343913138 346.68479949926115
0.906701656663413 0.15847868125389192 0.39091240163594565 89.59226895067883 -0.13293062774215586 0.9868740109949273 -0.09175860002798118 -52.026449710167306 -0.4003224347499648 0.03122859084003132 0.9158632135729611 347.7050382008222
0.90871706972231 0.1598332067124463 0.3856452402561648 90.02239446095145 -0.13460995446841784 0.9866487567581941 -0.09173275623330522 -52.135834679618775 -0.39515769952575375 0.031442679650202386 0.9180958754069454 348.73890592778463
0.9110287961636244 0.1602364054939477 0.3799816669699181 90.44719301445508 -0.1360101672265712 0.9866198849977722 -0.08995873373119787 -52.239604999202115 -0.3893117593267353 0.03026893372782497 0.9206292668922753 349.7819424294345
0.9132425187783082 0.16085539301097412 0.3743648423613608 90.86344891390678 -0.1384847940209625 0.9866199921892296 -0.08609858660165387 -52.337041504340334 -0.3832046601374674 0.02678045912928382 0.9232957587167305 350.82739777486216
0.915247628006657 0.16083424555933315 0.3694453170609923 91.28924205751332 -0.13952241980584762 0.9866644343823375 -0.08388595239620011 -52.43714887147102 -0.3780097434329164 0.02522588310031088 0.9254782702436333 351.9042009396234
0.9170229535518523 0.1617445323669095 0.36461436574907313 91.69731002520194 -0.14057182014968025 0.9864997109430574 -0.08406916794945091 -52.53925128078986 -0.37328921934957615 0.02583432638582974 0.9273756062701554 352.9503222496189
0.9185224017819484 0.1621636203110733 0.36063297217697116 92.0915352126749 -0.13961303095798736 0.9863007147836541 -0.08791217293527541 -52.64387503435911 -0.36994804893436245 0.03039570916235719 0.9285753730103337 353.9616741860928
0.9197769473964285 0.16133704766229703 0.35779573089866706 92.48639676699317 -0.1382633551286326 0.9863627061166638 -0.08933910231302228 -52.749868698826 -0.3673293604416664 0.03269752098284995 0.9295362874823773 354.98129233939306
0.9200672212141796 0.16112023000214065 0.3571469066831614 92.87844292017276 -0.13795834602839013 0.9863830924587902 -0.08958553995749453 -52.855223341289545 -0.36671701173182136 0.03314864494730725 0.9297618990910421 355.9970119915636
0.9197640554036318 0.16298348128915272 0.35708300052065484 93.27293655616724 -0.13993614902179594 0.9860995442993917 -0.08964213216927873 -52.95890988050118 -0.3667285182249645 0.03247598833831994 0.9297812509900136 357.02328067159544
0.9171837790461745 0.1667847451647305 0.3619312018844443 93.681311101477 -0.1436811902917831 0.9855243079200101 -0.09004046401122519 -53.06517811703862 -0.37170825615072356 0.03057623602197849 0.9278657566139404 358.0584976180005
0.9134392464185228 0.1707720616267203 0.36946415168868935 94.10861467216262 -0.1469648235049371 0.9848709084098237 -0.09187606763284893 -53.17782227811375 -0.37956289972897794 0.02962036813264516 0.9247118683163382 359.09660720843874
0.9092768805138005 0.17319651794620236 0.3784939846120683 94.54953221046661 -0.14843703301500694 0.9844608908479681 -0.09388381856695502 -53.29521202674378 -0.3888713048399374 0.029179356141620996 0.9208503417729391 360.13103029732054
0.9053559622099181 0.17381156967272016 0.38750263950936253 94.99081162110929 -0.14799094704537719 0.984346969099182 -0.09575808884180277 -53.4150919379212 -0.39807967858998516 0.029343679217270296 0.9169016241983857 361.1310093084362
0.9021678863824556 0.173163598474636 0.39515282819002606 95.4312822367928 -0.14654314777421948 0.9844580106718428 -0.09683806303411506 -53.532975906044804 -0.40577891646519154 0.029452689006420337 0.9135168811461591 362.10740057487504
0.8994782417254203 0.17170363197356023 0.4018650353288074 95.86908916962543 -0.1440699028518492 0.9846827116679637 -0.09825690191794084 -53.65100412402503 -0.4125793154148196 0.030478834752766578 0.9104322909765368 363.0645700039737
0.8969459114795163 0.17189118275997742 0.4074077425049019 96.2933047549779 -0.1431669356033747 0.984615816296682 -0.10022843830482586 -53.76759124674037 -0.4183672070741983 0.0315677162809819 0.9077501103126918 363.9853682022624
0.8956602977979808 0.1721483299580956 0.4101195515145806 96.70731875150119 -0.1417178919501295 0.9844624958680173 -0.10373276181493636 -53.879433466391895 -0.42160353587353927 0.03478319890854839 0.9061340136340723 364.87784276431967
0.8956425054521071 0.1723175032516317 0.4100873800514937 97.11543607086239 -0.1403990873834806 0.9843052863837106 -0.10696727242638646 -53.99334354894754 -0.4220823937170485 0.03822370039822777 0.9057725086288421 365.7631695516093
0.8961540759238916 0.17180107949113327 0.40918525223414115 97.51881111652918 -0.13908865808890147 0.9843061542517527 -0.108655671461394 -54.10713124453983 -0.4214298069320725 0.0404543376639614 0.9059794515043316 366.653476873482
0.8990630747423994 0.1707473757765622 0.4032028454489514 97.90747573787777 -0.13792714161696268 0.9843964157809237 -0.1093213998220072 -54.218547113661316 -0.4155763739865467 0.04266934638740557 0.9085784765788546 367.5322461180242
0.9029398346678779 0.16835245632689977 0.39547266468870973 98.28459453418428 -0.13499598248914943 0.9846223854825664 -0.11093312069465427 -54.329100437184785 -0.4080658281894871 0.04677377280035709 0.9117751212210167 368.41222503461347
0.9071499879214626 0.16725850925107563 0.3861916825289506 98.64646977526708 -0.1341157130295857 0.984686031257729 -0.11143266917722561 -54.43949892806697 -0.3989149042311186 0.04928703170264128 0.9156836571705539 369.29356920621984
0.912370290655617 0.1666523419369096 0.37396282750339144 98.98856781772517 -0.13444396435236283 0.9847106653951706 -0.11081795649026155 -54.54788813414506 -0.3867127752952969 0.05082518466691168 0.9208198839764664 370.16716945082163
0.9186054679484362 0.16522534040775516 0.35903341541681166 99.30945094870499 -0.1343930953566666 0.9848779899165665 -0.10938453761459432 -54.652734865399076 -0.3716766805125083 0.052224659217667266 0.9269132598482769 371.0369078979303
0.9257686928019614 0.16336983606487654 0.34103244417666034 99.60509853029166 -0.13379559756654372 0.9850379578982295 -0.10867472664729594 -54.75565364843101 -0.3536836389030086 0.05497405118107204 0.9337692923022648 371.9004884718495
0.9329854888897401 0.1626899305896512 0.32110812696882834 99.88397375316823 -0.1344810846533198 0.9849850279600808 -0.10830622200915695 -54.86178429504829 -0.33390681159061536 0.0578603570514364 0.940849304062104 372.7837533106525
0.9392760088848798 0.1647156512694949 0.3011132580639077 100.14408276216773 -0.13793966341465178 0.9845110985078784 -0.10826683589672333 -54.97025000963975 -0.31428266043772457 0.060152139367857196 0.9474423683916624 373.68887092186606
0.9458152583348179 0.16626125574702674 0.27897808557457243 100.37627629819697 -0.14134064977476443 0.9841321123764223 -0.10732130930135014 -55.075327009831526 -0.292395362089332 0.062070176828880164 0.954300968240858 374.58047479833283
0.9522821765058618 0.16697662542592975 0.25556863116233147 100.5943764352321 -0.14383021552258884 0.9838225728913994 -0.10685079983182896 -55.18509915538868 -0.2692766386118633 0.06498871707177543 0.9608873587685565 375.50494445098354
0.9581522819168554 0.1689910616623785 0.2311365848280542 100.78127058982653 -0.14750945606361066 0.9832201798870236 -0.10737520746479083 -55.29577696703238 -0.24540476203101003 0.06878181058070218 0.9669970213729667 376.4223371161174
0.9637139359833298 0.17194829501179879 0.20427211078552446 100.95557896954669 -0.1530144931327697 0.982610801877403 -0.10522954339125606 -55.40837630702265 -0.21881540600926191 0.07014922342160684 0.9732609675783942 377.40601203884034
0.9689714783469568 0.17287042519765297 0.17677337131809326 101.09223445290684 -0.1565512648263382 0.9823399778482031 -0.102522578408639 -55.510525148161676 -0.19137593534591302 0.07166207571243594 0.9789169696929162 378.3350107174185
0.9739520715399579 0.172357880109974 0.14747407199595058 101.19953948598206 -0.15900381555468865 0.982400959898749 -0.09806520447871926 -55.60418659423794 -0.16178259616214927 0.07205667440299668 0.9842116887482001 379.2761656572178
0.9777834428857749 0.17329803370628588 0.11809455530923757 101.27435673039695 -0.16250435527228071 0.9820661910015973 -0.0956502425186101 -55.69776720754454 -0.13255425462464865 0.07432895900130422 0.9884042772824738 380.1907020674877
0.9809709349287639 0.17265546493722522 0.08902661030807958 101.32691842358257 -0.164408147302787 0.9820141319816615 -0.09289483628938687 -55.790364099388505 -0.10346598925745226 0.07648513708455816 0.9917074310238442 381.10046888861035
0.9831693965178024 0.1724789670511094 0.06057236093758342 101.35490219035414 -0.16671631043717608 0.9819015753204375 -0.08992222681401309 -55.87940104408623 -0.07498782865495654 0.07830524986383398 0.9941247642683649 382.01593050282713
0.9837806425710599 0.17586000381015038 0.035915233592679494 101.35793586893574 -0.17208562423575396 0.9809922794271141 -0.08973093092167163 -55.968064879338655 -0.05101474728636976 0.08208963704843797 0.9953380618424397 382.9321340836028
0.9839237315900167 0.17791259862667214 0.01679579700378977 101.34988270664796 -0.17579832786054583 0.9805141627572388 -0.08773707404226284 -56.05398955039633 -0.03208006339791811 0.08336832830135282 0.9960219960712776 383.8685620258594
0.9830901031651514 0.1832260281543578 0.0019050402500709034 101.3324811529967 -0.18244636532822864 0.9797632463190995 -0.08239593411601792 -56.13118885316235 -0.01696545075862545 0.08064895445968606 0.9966189020118345 384.8426635022306
0.981993010599108 0.18887673549610978 -0.007560512565353877 101.31249599526855 -0.18889903036995226 0.9790772830346802 -0.07574346121179931 -56.203261148467135 -0.006905836960259008 0.07580144730376794 0.9971201948949063 385.8617284223408
0.981534534135098 0.1909776267714711 -0.012644415048669214 101.29460909825988 -0.19138284820743984 0.9786471670337709 -0.07506484411920102 -56.28270326666168 -0.001962995049378276 0.07609237603580915 0.9971202975478191 386.86287708802126
0.9810029803990031 0.19353110955694214 -0.014880562676272791 101.27647416208737 -0.19409603978846357 0.9776289309821622 -0.08111666511339473 -56.371957535234024 -0.0011528878838213985 0.08245740287809535 0.9966146751695236 387.8196062715711
0.9806372793449593 0.19529697492428222 -0.01587318344925912 101.26217513924847 -0.19593339297981896 0.9768243153954608 -0.08623120983203232 -56.464199627290135 -0.0013375532202422572 0.08766517802710656 0.99616953371016 388.75721377526145
0.9803707017062566 0.1966719130480767 -0.015321642733531942 101.25121500725858 -0.19725153460298356 0.9764415154665266 -0.08754931224093276 -56.55871333055878 -0.0022605769969851457 0.08884720991218713 0.9960625498842601 389.72520857731985
0.9804026569314188 0.1966623655722677 -0.013260512676766464 101.24599607551933 -0.19705725367446855 0.9764426112585594 -0.08797314849037625 -56.655470625104186 -0.004355724642507946 0.088856300366014 0.9960545408055753 390.7191720299127
0.9805373169885063 0.1961118242653758 -0.011302430288575312 101.24376280165669 -0.196333313880798 0.9765596845377795 -0.08829011393207427 -56.7549561070935 -0.00628002468700141 0.08878488314499368 0.9960504525299833 391.7293137566671
0.9809223659425177 0.19425591514662033 -0.009790219818453613 101.24470698579206 -0.1943343777881374 0.9767702156900714 -0.09035227570803205 -56.86173375774727 -0.007991544231759443 0.09052547394567159 0.9958813491982388 392.75326952682485
0.9812656558468803 0.19254177561089683 -0.009212928141554985 101.24561777772445 -0.19253173122054765 0.9766633219025344 -0.09523577095790543 -56.9717479090103 -0.009341763335999651 0.09521996809085552 0.9954316416910356 393.74431202292675
0.9814643204659438 0.19155010970177117 -0.008722689451441378 101.24318874839938 -0.19144367184067962 0.9763480376569585 -0.1005164759506343 -57.088342275143475 -0.010740267182385788 0.10031800722950984 0.9949167132962438 394.7782476312909
0.9815430326749998 0.19118193788703447 -0.007890633650951818 101.2427249419176 -0.19096971045594488 0.976227838530254 -0.10255977773992483 -57.2036614648856 -0.011907507676711511 0.10216880558858513 0.9947148165920422 395.7982907624977
0.9814840875958488 0.19152318716648165 -0.00688832255631826 101.23886427350958 -0.19121365733998477 0.9762356812794285 -0.1020280714430992 -57.31713958030703 -0.012819067853266959 0.10145125877420387 0.9947769853040521 396.85495110693273
0.981235383991724 0.1928215660638737 -0.006105587961536044 101.23407065234326 -0.19244669784116492 0.9761520965448653 -0.10050029932856631 -57.43076470591016 -0.013421384673433347 0.09978458030826694 0.9949377172303286 397.93462856301664
0.9810630612519162 0.19370643019007205 -0.005837072077629505 101.22932133261803 -0.19330383168141352 0.9760063079031005 -0.10027444936445816 -57.54601459669686 -0.013729191470417982 0.09949855552949233 0.9949622971487472 399.0268207336404
0.980782081866089 0.1951274119831219 -0.005740213137274821 101.22418731864573 -0.19470149976934284 0.975682737603863 -0.100714815166948 -57.6629759272731 -0.014054179282753479 0.09989184136938731 0.9949181251237629 400.1188215371808
0.9804396468940038 0.19683245871063165 -0.005999035275519321 101.21765573126768 -0.1964160574189611 0.9752847950236693 -0.10123731713829505 -57.78494959831212 -0.014078798770595667 0.10043029312916238 0.9948633213813568 401.2447714040652
0.9803515177792546 0.197267651746117 -0.006094331367771747 101.21393084906924 -0.1968532693986055 0.9751580284888638 -0.10160644975717233 -57.910340161807625 -0.01410350909721761 0.10080486291723147 0.9948249448316792 402.3796904600117
0.9801927772637687 0.19803817504566645 -0.006590316748351277 101.20837483274437 -0.1976481967190903 0.9748338560604918 -0.10316166561593668 -58.04054571127067 -0.014008106430975173 0.10241584406296174 0.9946617491329174 403.5252680931472
0.9804477043427949 0.1967278844293501 -0.00784832853255841 101.2036870157251 -0.19642891673823193 0.9747063173541962 -0.10663931573302683 -58.168962772446555 -0.013331481278800439 0.10609058380611279 0.9942861437587095 404.6229391484414
0.980999439416149 0.19381888226690328 -0.0107711529886672 101.19575815153787 -0.19382629013033997 0.9749959060408322 -0.10873700546019026 -58.29624983926444 -0.010575722010858706 0.1087532531196644 0.9940317482884642 405.71209389662425
0.9814609986398876 0.19108252662171385 -0.01624100790972767 101.18123292704209 -0.19171134741630855 0.9755690058621186 -0.10733965612705544 -58.42299354709894 -0.004668975909223017 0.10845785976539474 0.9941093397129124 406.83339020284313
0.9821709385449484 0.1866683035343964 -0.02318992077879813 101.15854631921854 -0.18807845840141418 0.9764220042995687 -0.10600567892533282 -58.54733647868007 0.0028526160272098183 0.10847187240531064 0.994114869878539 407.9630832045714
0.9824867671245685 0.1835896197411906 -0.032518429214218346 101.12075008617767 -0.18602393496186925 0.9769394915767139 -0.10486088027219981 -58.67205392419138 0.01251450779716865 0.10906814908810877 0.9939749368935866 409.1031368386965
0.9829161295427565 0.17925867237975712 -0.0422560791962176 101.0713219710525 -0.18279855708704873 0.9775001412465469 -0.10530990859721563 -58.79900404273959 0.02242487545698751 0.11122961186658314 0.99356123319869 410.2463658354052
0.9826955365971327 0.1780879002590012 -0.051360647313992834 101.00949246985155 -0.18268519933009394 0.9774208106448609 -0.10623981281764257 -58.926860699892806 0.03127843737309841 0.1137786850597421 0.9930334315542911 411.3744607656394
0.9823496137796471 0.17700321493360613 -0.06084615286877459 100.93670712898736 -0.18269199001882594 0.9774289002204785 -0.10615181501351009 -59.05375618294096 0.04068068471295518 0.1153890771092985 0.9925063573789589 412.5054464686641
0.9818479331605435 0.17654505715347582 -0.06964673220455167 100.85232218357312 -0.18319799966741704 0.9774728021382522 -0.10487127311083115 -59.17946801175307 0.04956088297436982 0.11572100635228344 0.9920643034405345 413.64811649727005
0.981118423434764 0.17684141027545092 -0.07859786643892365 100.75730819872497 -0.18442451396753157 0.9774515867243956 -0.1029010766079925 -59.30152929436188 0.058626197741008454 0.1154475905596103 0.9916018946050759 414.7907328541174
0.9804877947675527 0.17641038177831594 -0.08698979951635245 100.6538103688894 -0.18490020937801496 0.9774783667526362 -0.10178725559164102 -59.42406972985032 0.06707205258491189 0.11587952566026186 0.9910158387461012 415.9317508892691
0.9795055816546191 0.17768358028728795 -0.09508555822886412 100.53629680784225 -0.18712358821650235 0.9770509540580016 -0.10182408334478647 -59.549125571950974 0.07480844822942984 0.11752400545431957 0.9902675237675893 417.0837846552348
0.9785152205148641 0.17876325712283908 -0.10293655975935628 100.41424298702059 -0.18915910543648679 0.976631388436166 -0.10208743576006887 -59.670884321774146 0.08227903921906417 0.11935949245166505 0.9894552559477701 418.1959312600458
0.9776575329401829 0.17871441655974593 -0.11086560673234196 100.28645554019637 -0.1900933714531426 0.9764251865861 -0.10232529566765697 -59.793705697944006 0.08996231932954923 0.12110782718275696 0.9885737443831779 419.30968196353876
0.9767146035420899 0.17939341552661925 -0.11786234501723752 100.14784658812638 -0.19154617130470608 0.9762345560319825 -0.10143343056056357 -59.91539105849649 0.0968624852394902 0.12164134505014028 0.98785609330289 420.4372952563395
0.9758389148681583 0.17990043816973242 -0.12417520616477255 100.00103706060862 -0.1927422817974617 0.9760908784935729 -0.10054606399395831 -60.03761785623256 0.10311592443567891 0.12204425243848736 0.9871733335319675 421.57880990919716
0.9752379080535333 0.17866107029794764 -0.13052340828251643 99.85655146879469 -0.1922732820779372 0.9761999511456348 -0.10038308759582473 -60.156129294205854 0.10948010999691639 0.12298751095082383 0.9863705261854272 422.67657739666123
0.975060512661912 0.1752574819141501 -0.13633488065859875 99.70576255959755 -0.18972796945282766 0.9765786352119009 -0.10153359290631353 -60.27811085072581 0.11534485761910938 0.12486192927458573 0.9854661932450952 423.7912212393782
0.9747467668802158 0.1728539939787354 -0.1415488873634273 99.54655945318548 -0.18850938721547222 0.9763586552955383 -0.10583288053021428 -60.407523174323366 0.11990690473394557 0.12983699776135715 0.9842785125943785 424.90372663998244
0.974792216843333 0.16817214395571395 -0.14678108640612447 99.38542705483994 -0.1850984895349251 0.9765007630165516 -0.11044432335062329 -60.54259582002526 0.12475671555651537 0.1348221047125265 0.9830051240199212 426.01464066679097
0.9739604668602055 0.16725844771066006 -0.15320460559776658 99.22009005876937 -0.18504064705593104 0.9765361136240132 -0.11022628341266548 -60.668456254719835 0.1311717844765102 0.13569821675908758 0.982048773974397 427.08142598950695
0.9730841259932621 0.16812743620950638 -0.15775602355611257 99.03905216832088 -0.18604297325995908 0.9767488740833398 -0.1065946256239053 -60.790622956657906 0.13616466929390075 0.13306796751057912 0.9817290550960575 428.1945850383629
0.9722282824886097 0.16866281528081764 -0.16239184356315678 98.85870866757557 -0.18709456572380298 0.976638366138862 -0.10576142030635058 -60.91234881986035 0.1407581667084527 0.13320001336866177 0.9810629357062437 429.2760289358303
0.971687687811739 0.16882869005015075 -0.1654307230782708 98.67600107642072 -0.18757896742317456 0.9766181007555191 -0.1050916738476304 -61.03140390968401 0.14381854533517258 0.1331403610242753 0.9806273883232811 430.35367903295406
0.9711305638834465 0.16991711340564003 -0.16757405263911382 98.48733756218158 -0.18889659704041495 0.9764140867961968 -0.10462366640266559 -61.148066956009515 0.14584250891125702 0.1332504442785318 0.9803132953406157 431.43037479188536
0.9707578133834955 0.16988255618915507 -0.16975747651432538 98.30225813431105 -0.18884623464847936 0.976645358063364 -0.10253993435882333 -61.26284536990005 0.14837097108295214 0.131592697877068 0.9801580100606182 432.50494917208084
0.9706470096605976 0.16967391967797563 -0.17059690348654857 98.10664080130717 -0.18814608181803727 0.9771874919123951 -0.098583893693918 -61.37928016034007 0.14997583817709992 0.12778053671885964 0.980418092385151 433.63578662130374
0.9710903507563916 0.16701356410076046 -0.17069952270851657 97.91774418624807 -0.18523701083573937 0.9779020784529577 -0.09699442177376999 -61.4956880399347 0.15072583966243808 0.12580354651523298 0.9805586608547864 434.7559047826101
0.9716813962556752 0.16376371817343457 -0.17048477844659837 97.72958496721088 -0.18197368403597297 0.9784905570442811 -0.09723452631948686 -61.614232893261914 0.15089209119026148 0.12549798995092187 0.9805722937617068 435.8764265938328
0.9723202806952206 0.16021616728447483 -0.1702110131997869 97.5424352022024 -0.17821756020745746 0.9792763348751706 -0.09627377553328426 -61.730279775400646 0.15125690159542793 0.1239369028537384 0.980714549666401 436.99851114249105
0.9727753493582367 0.15741875583965975 -0.17022089590340211 97.35580571059327 -0.17555063591590372 0.9796623519679664 -0.09723992759595124 -61.84953472990932 0.1514495167899396 0.12446838058749646 0.9806175060812378 438.11164807469714
0.9729184753943229 0.15639348191339433 -0.1703487474727986 97.16624661142538 -0.17454144745966382 0.9798386370903931 -0.09728402332797155 -61.96860817257434 0.15169765129942706 0.12437562861122765 0.980590940717585 439.2303778735829
0.9729996829757025 0.15559433874591685 -0.1706165254523672 96.97382121714558 -0.17383266137284742 0.9799247793704337 -0.0976833794707926 -62.09041643357877 0.15199039205095113 0.12469799862698228 0.9805048037675425 440.3605269519178
0.972919607232135 0.1554846116988903 -0.1711715372125678 96.77957491342555 -0.17371127820182458 0.9799982841094453 -0.09715646942434351 -62.20774531155315 0.15263948401595123 0.12425346337176131 0.980460234451747 441.48636256707675
0.9726391581137489 0.15636012520210324 -0.1719658653368307 96.58075186911954 -0.1745322005959899 0.9799550039880571 -0.09611781122106244 -62.32206915110687 0.15348770299995798 0.12349496088508084 0.9804237523567275 442.61337423216617
0.9722187678976958 0.15845844149222718 -0.1724218415738178 96.37702747408306 -0.17642544818918868 0.9797889769495018 -0.09433965693852242 -62.43477040407718 0.15398598853641424 0.12213163173018575 0.9805166376886152 443.7571792004399
0.9719654642327392 0.15991969525484673 -0.17250116854204722 96.1768808093661 -0.17761894485393143 0.979748783335147 -0.09249928759077265 -62.54485007677485 0.1542131757849745 0.12053873864777141 0.9806781734041548 444.88811492032016
0.9715217222271779 0.1623460000913826 -0.17273387448115757 95.97257607994676 -0.1798263078733724 0.9795047905915056 -0.09079972891008475 -62.65499973330185 0.15445052069359622 0.1192694025905791 0.9807954758116391 446.03903037924033
0.9713995841441485 0.16334349854652658 -0.17248226879519837 95.77386227588791 -0.1807063850505981 0.9793989585979466 -0.09019669052048994 -62.76310376334641 0.15419371747403587 0.11877882538516829 0.98089561349889 447.1712221583843
0.9714791477900524 0.16392748472140667 -0.1714775915431864 95.58098102788387 -0.18117265785160666 0.9793126371992145 -0.0901971427567254 -62.8691116000735 0.15314216843085154 0.11868501234175384 0.9810716255884345 448.2886633395224
0.9716092948169069 0.1645317910649226 -0.1701584931419757 95.38844940471951 -0.18153191002789637 0.9792991193948057 -0.08962088551850934 -62.9760429781623 0.15188844803153295 0.11795890314522987 0.981354188084983 449.41755018420685
0.9718052159939428 0.16480583501928397 -0.1687703906771292 95.20072089217389 -0.18149984471582767 0.9793881657588146 -0.08870641689712534 -63.083853710164774 0.15067036714487692 0.11683034832827051 0.9816768008237271 450.541933712104
0.9718888213327026 0.16545460443294807 -0.16764883134404301 95.00992243919708 -0.18191047816991218 0.9793758623233285 -0.08799429900306695 -63.19211226952593 0.14963014104738695 0.11601119909808824 0.9819329314503823 451.681585877469
0.9718785770131012 0.16660246500019407 -0.1665680845614673 94.82128659679287 -0.1827552413820683 0.9793274390101674 -0.0867796265662066 -63.2988978226785 0.14866488334472944 0.11477373057979905 0.9822249002193135 452.81763291877786
0.9717808836110058 0.1678873712108166 -0.16584462938417607 94.63649727047284 -0.18390475244824536 0.9791474754145543 -0.08637958851576284 -63.40265225783774 0.14788240240773456 0.11443486332151588 0.9823826225554109 453.9273361915788
0.9718550102323826 0.1680616360155505 -0.16523367286087465 94.45200160021369 -0.1840870074219379 0.9790675975925519 -0.08690043523301533 -63.514183155081376 0.1471686478811877 0.11486474378180689 0.9824399052144538 455.06468182624417
0.9718744720407261 0.16852539006595066 -0.1646460296374052 94.26820219523108 -0.18459028883312006 0.9789098311804415 -0.0876061282519873 -63.62568977780309 0.146408162921931 0.11552680440171127 0.9824759547497309 456.1934748970333
0.9719200635293855 0.16867538798728268 -0.16422182746727612 94.08737062824589 -0.18463184720948217 0.978936558221498 -0.08721069073719001 -63.73214311484397 0.1460506845492911 0.1150753473465533 0.9825818775847232 457.308011781851
0.9720490946371461 0.1689105501342221 -0.16321511886616996 93.90732080290995 -0.18438166333639985 0.9792027016114166 -0.08471765990320733 -63.83510639744213 0.1455091251534057 0.11243661178823171 0.9829677559654286 458.4222656735607
0.9723879537422022 0.16809975531696816 -0.16203266630085858 93.73255219347695 -0.18308252153116256 0.9796476910271908 -0.08236066165096492 -63.93458378480647 0.144887988216278 0.10974484195266455 0.9833638284402306 459.52735632210005
0.9726251437629944 0.16741279233656323 -0.1613187089513697 93.55676659401627 -0.1822426762931565 0.9798426746543603 -0.0819003897980703 -64.03568584383208 0.14435369421971653 0.10905056890578875 0.9835195314456155 460.6428620669848
0.972789251936237 0.16701367230888975 -0.16074242737589894 93.38060436200112 -0.18183541613705564 0.9798847354985576 -0.08230346154797367 -64.14031871467026 0.1437613130306734 0.10928534979540068 0.9835801857281627 461.76772123499046
0.9732892145676492 0.16492822662952467 -0.15986754025072364 93.21078439457781 -0.1797345110705469 0.9802164051923986 -0.0829708273644727 -64.243682290106 0.14301857939167878 0.10948103970865855 0.983666836194143 462.8678329307652
0.9733709238454545 0.16471364922058854 -0.15959215969103568 93.03525152509076 -0.1795228321855201 0.9802352694610216 -0.08321083726815669 -64.34796209662524 0.1427302159757317 0.10963756235201401 0.983691347091298 463.9853731217039
0.9741187392231455 0.16067923174312182 -0.1591405435722091 92.86787177140464 -0.17546188343061447 0.980939682054716 -0.08357219520907207 -64.44865498270381 0.14267721644022285 0.10932454744247097 0.9837339279828616 465.0739978205944
0.974116395027371 0.16043400900579333 -0.15940063912365737 92.69813905027533 -0.17547617511938618 0.9807992328395578 -0.08517359164359355 -64.55012023155699 0.14267313882885643 0.11093258184538095 0.983554116052454 466.1479905295606
0.9741769970615421 0.16026713733167544 -0.15919817765752817 92.52783080910315 -0.1752670429086928 0.980847565161067 -0.08504807937083332 -64.64806735102486 0.14251659205222733 0.11074659318608655 0.9835979175341785 467.222824106926
0.9741981612959493 0.16016818967486504 -0.15916894436487247 92.35805748329336 -0.17508560164966966 0.9809269395213246 -0.08450561971123964 -64.74395466313157 0.142595897539922 0.11018572905714215 0.9836493700005792 468.28653458280525
0.9741317142901735 0.16097263965588673 -0.1587630169515046 92.18512412566456 -0.17544390133139096 0.9811004656171982 -0.08170199300021784 -64.83708998175533 0.14260866086778512 0.10743486140151805 0.9839519665152563 469.36206467706717
0.9740744858554982 0.1612649702355684 -0.15881755618693347 92.01542994674669 -0.1757770472016306 0.9810217822109267 -0.08192801298945504 -64.93353550468852 0.14258930327692584 0.1077126182741755 0.9839243999070778 470.4248781619336
0.9740262127362069 0.16142161506060995 -0.1589563430178951 91.84409980508912 -0.17595773314980345 0.9809854618396138 -0.08197913129266757 -65.02961540892328 0.14269883656448695 0.10781110417192023 0.9838977421032703 471.4938625066414
0.9740790613454539 0.1610243089473548 -0.15903519274998226 91.6758802650427 -0.17572435942576897 0.9809353007549984 -0.08306961201751734 -65.13037564633048 0.14262503963966983 0.10885461140100615 0.9837934817161998 472.5612209092611
0.9740263494795925 0.16123154166601517 -0.15914808709375144 91.50574665754736 -0.17590691227416344 0.9809250636355064 -0.08280206738393496 -65.22506480297409 0.14276012090820098 0.10863868006248015 0.9837977008573435 473.6181584059
0.9739498986737648 0.16158248454255236 -0.15925757396751217 91.3364007514386 -0.17616338699455342 0.980941291305445 -0.08205494722596192 -65.31701033525593 0.14296152543249022 0.10796531292667069 0.9838424447081898 474.6651218562965
0.9739159976982188 0.16168769722206947 -0.15935623623900327 91.16901051473391 -0.17623248593039426 0.9809557994052771 -0.08172793856086015 -65.4081625949091 0.14310483001511082 0.10767273223346702 0.98385350421444 475.7026508360973
0.9738695971056234 0.16189458008261984 -0.15942925592642207 91.00380692145828 -0.17648262126266964 0.9808913742028509 -0.0819595805055635 -65.50095070846504 0.14311173682366243 0.10794735029095115 0.9838221327438796 476.72713379649787
0.9737538613313031 0.16261235310375527 -0.1594037753624617 90.83661580621474 -0.1772437534766255 0.9807297507414324 -0.08224353988170574 -65.594231661573 0.14295569022237198 0.10833177906244175 0.9838021220226377 477.75837885793385
0.9735230292772791 0.16401489629675242 -0.15937544118914154 90.67097789567322 -0.178652984009506 0.9804739015207202 -0.08224379293055356 -65.68484602727717 0.14277158377709426 0.10853282150336863 0.9838064493593532 478.7745522286382
0.9733806064320301 0.16509098358068747 -0.15913140502733375 90.50717936447558 -0.1796232959597016 0.9803458633892841 -0.08164910720922906 -65.77295591236033 0.1425214415137014 0.10805347821290233 0.9838952709891117 479.78358370395006
0.9732743022973596 0.1659506876673411 -0.1588875001611703 90.34341170200034 -0.18033683981404924 0.980286606060392 -0.08078247864874605 -65.86097556798573 0.14234648328224742 0.1072710182882927 0.984006271035238 480.79894648035184
0.9731692574855781 0.1668090681465611 -0.15863083038510495 90.1819311177748 -0.18100360477687888 0.9802591407112989 -0.07961011307585684 -65.94598452114069 0.14221663198068288 0.10618133953521568 0.984143110586749 481.7983367127791
0.9730452576373094 0.16775180559058683 -0.15839762674832508 90.02298366466702 -0.18165058324604863 0.9802939147738401 -0.07768813762571997 -66.02505990373912 0.1422408584443633 0.10436137920678445 0.9843345350593614 482.7847170335974
0.9729499343667394 0.16847429501412992 -0.15821679268229355 89.86791049097792 -0.18189763019479216 0.9804957686346112 -0.07449606473796178 -66.09828686136188 0.14257743965007674 0.10125435927508036 0.9846102327175857 483.74687370920265
0.9727546373561525 0.16901589110885765 -0.158837914483315 89.71174233249991 -0.18197032075124386 0.9807555021927197 -0.07080643364779203 -66.16830855871582 0.1438111130506334 0.09777518267432188 0.9847821934553764 484.70776287740443
0.9724473582766138 0.16976338155210466 -0.15991687205854815 89.55041326875418 -0.18234529034922525 0.9809186960163742 -0.0675025056954172 -66.23713690979885 0.14540347149930102 0.09479682136539028 0.9848395430459125 485.6836062618231
0.9723289791392521 0.16994899150659587 -0.16044234922929954 89.39008704343664 -0.18225785097083785 0.9810841255811108 -0.06530408811682291 -66.30476395774507 0.14630646261231645 0.09273319553089256 0.9849022940269414 486.65866672505945
0.9721482771004173 0.17027567380651026 -0.16119000445554726 89.2260531698123 -0.18242467633654882 0.9811560177777573 -0.0637395713895571 -66.37234490302724 0.1472966850812074 0.09136366259870043 0.9848827213933309 487.64914070726957
0.9720356643976193 0.17023055424380293 -0.16191516453043034 89.06493983980019 -0.18232441198391325 0.9812273309482658 -0.06292491136408741 -66.43884637818185 0.14816125117467133 0.09068062779973433 0.9848161573181302 488.62646570517137
0.9718622024221293 0.17062250276740068 -0.16254597782359784 88.89931234637757 -0.18268799934129973 0.981199016616808 -0.062321335010109676 -66.5056538079926 0.1488542434415929 0.09025650859749251 0.98475101072894 489.61494777482363
0.9718675289310289 0.17029778447539676 -0.16285470575539873 88.73856721396778 -0.18236430453542118 0.9812690974389302 -0.06216156306582308 -66.57295338926829 0.14921593700682678 0.09010518612944766 0.984709981484966 490.5896706031783
0.9718656207655653 0.17044482343341277 -0.16271474074614542 88.58224854966132 -0.18241048959746625 0.9812980408331738 -0.06156944879558119 -66.6374474813462 0.14917511538227787 0.08951144742080881 0.9847705053430301 491.54492823550004
0.9717563750209081 0.17122921611362482 -0.16254096971661422 88.42642861547488 -0.18321227721836636 0.9811373856093831 -0.06174157777176187 -66.70317784673007 0.14890041417462244 0.08977110081873135 0.9847880927228709 492.49360991709267
0.9719618388823578 0.1707523608134478 -0.16180972902481355 88.27673993242195 -0.18268647414999517 0.9812252462198904 -0.06189578048053107 -66.7708828654472 0.14820010124543126 0.08971506460067678 0.984898752018271 493.43975303278705
0.972766318782581 0.16685952791276118 -0.1610358333034502 88.13248559307996 -0.17882599414021624 0.9818765764196764 -0.06283075011266114 -66.83966092409146 0.14763062256326068 0.08991128634453949 0.9849663502949075 494.37542173197573
0.9729048067394817 0.16655826920658667 -0.1605123098046043 87.98572108111924 -0.17837081597310359 0.982003567117925 -0.06213981472912217 -66.90345145420937 0.14727109514371153 0.08908092046862424 0.9850956510366374 495.2982988628192
0.9729510869461798 0.1667046759405158 -0.16008026824972318 87.84068904561963 -0.17844484240045255 0.9820052887053428 -0.06190893131453449 -66.96717815518795 0.1468765146490674 0.08879356653407386 0.9851807312190163 496.21029065044536
0.9729225899559655 0.16690074353951148 -0.16004849598904103 87.6977029674987 -0.1787350019680288 0.9819116548943714 -0.06254917202140975 -67.03371723562759 0.14671113529971935 0.08945561483944581 0.9851452996551979 497.105484075596
0.9730359485744872 0.16622408067117417 -0.16006245735687746 87.5624729623111 -0.1783486258765989 0.9818535932372241 -0.06453400032443486 -67.09977256364397 0.1464276840522805 0.09133466468935059 0.9850149581859067 497.97270804257244
0.9730884921592998 0.16589331808955216 -0.1600864936538599 87.42949707483763 -0.17823048978870662 0.9817793467435588 -0.0659698301951874 -67.1664265412488 0.14622242075185563 0.09272103087840038 0.9849157158699413 498.82056044344944
0.9729906868403393 0.1665477541569184 -0.16000224845897118 87.29425312313685 -0.17897756998508035 0.9816003965425094 -0.06660814383369015 -67.23168136812598 0.14596185436640924 0.09343982627308575 0.9848865950162423 499.66462905124905
0.9729751642483992 0.16673344490787484 -0.15990410605598915 87.15972473353602 -0.17923904052490272 0.9815142880209906 -0.0671712632233861 -67.29780839597026 0.14574552969651627 0.09401087585892853 0.984864395494478 500.5111385050011
0.9730788061923364 0.1661483644889381 -0.1598803422643408 87.02875326203151 -0.17873875840232856 0.9815626715959777 -0.06779448026474928 -67.36305875242844 0.14566562589076387 0.094540194681786 0.9848255680104223 501.3412291417317
0.9734305271485687 0.1642162550916702 -0.15973509641489897 86.90190801561205 -0.17698333287740978 0.9817827858690873 -0.06919858965640278 -67.42922725115464 0.14545863595340564 0.09562446618676425 0.984751282197966 502.1560404030017
0.9735566105904181 0.16412813120928257 -0.15905666950819683 86.77569738903098 -0.17689783802376555 0.9817647357531551 -0.06967279363365102 -67.49473532639738 0.1447180899709803 0.09596111219839167 0.9848276416392586 502.9652892581382
0.9738400108713007 0.1645424923501406 -0.1568784892702437 86.65110438781576 -0.17722489462087082 0.9816447102451161 -0.0705220634519215 -67.56230264403993 0.1423920717617116 0.09647416186444788 0.9851163178429934 503.77713148635775
0.9749892688873646 0.16216117327343949 -0.15214946829138237 86.5360259423095 -0.17466237361453754 0.9819474014121323 -0.07267091998968563 -67.63480574150377 0.13761536017565962 0.09742222514915028 0.9857018267771122 504.5902946391809
0.9759782534594131 0.1621303995416401 -0.14570465288959447 86.42802647043764 -0.17424111374872003 0.9818831018986348 -0.07452706200305939 -67.70872033857641 0.13097875669693923 0.09811846783394992 0.9865367197933215 505.38629307884247
0.977070205794211 0.1627598698172985 -0.13745225814786569 86.3274724505372 -0.1742296177187149 0.9817772727821444 -0.0759312541073566 -67.78210438897274 0.12258597401322359 0.09813193163392313 0.9876133010947754 506.19993698872395
0.9781947881567943 0.16416341710962595 -0.12742038143628812 86.23839338849602 -0.17451113182031872 0.9818189348587822 -0.0747408183860855 -67.85462155522276 0.11283121302629256 0.09534117123328353 0.9890482314101083 507.03586393185833
0.979668217052793 0.16483266344280165 -0.11459185371715287 86.16270740397788 -0.17368392127505003 0.9821671801531054 -0.07204478414586839 -67.92404769516793 0.10067032992150206 0.09047646903658346 0.9908163968388836 507.88449352650315
0.9814601198087552 0.1638493577481186 -0.09970171682535975 86.10354976191707 -0.1713075378934125 0.9826268473870698 -0.07146353077749756 -67.99556775633454 0.08625766437118564 0.08721214506818219 0.9924673681948059 508.72032712558104
0.9830423576465345 0.16348308877752676 -0.08338551279355352 86.06186276380484 -0.1697415831710172 0.9826765659182969 -0.0744549335771055 -68.0720246854958 0.0697661097304249 0.08734007069814248 0.9937518006123798 509.5277836527322
0.9843156667859253 0.16446227300035499 -0.06422929973889241 86.03686266553241 -0.16921465131118454 0.9825475093736501 -0.07730160781473258 -68.14964046171524 0.0503929591896473 0.08695181151944545 0.9949561870121786 510.33961492151604
0.9853255264994779 0.16545585201859403 -0.04252022538996583 86.03114203639001 -0.16842747598560318 0.9824781390423672 -0.07985889885950365 -68.22414529986465 0.028560341116012012 0.08584277378720526 0.9959180356352174 511.16529073834494
0.9862209290397015 0.16461518394968436 -0.01789237678877676 86.04981036081435 -0.16553687795492608 0.982739771978574 -0.08263287397674757 -68.29992909770756 0.00397961539922791 0.08445064146855212 0.99643836708123 511.9671210746436
0.9866224657526133 0.1629683191795228 0.008249974537224942 86.09053925780394 -0.1616455166530869 0.9830012643398991 -0.08710720017008654 -68.38513365022075 -0.02230670310576776 0.08460294796318489 0.9961839390354784 512.7537268586156
0.9864838235756688 0.16044699291620193 0.03404036268848079 86.15146666694707 -0.1567089802599547 0.9832444964581295 -0.09317420098705871 -68.47980181739239 -0.048420951938564855 0.08657497847143396 0.9950873846267987 513.540993008347
0.9855616871502766 0.15887525352025866 0.058976026129276826 86.23025528923976 -0.15258921904127132 0.9833168230931042 -0.0990632284035838 -68.57796045669356 -0.07373172332575853 0.08862845137079009 0.9933511903673905 514.3218875999069
0.9839793667379314 0.15712221265256202 0.08455391758667562 86.32947149362991 -0.1481386660591992 0.9835159530710895 -0.103730107202449 -68.67983671652699 -0.09945933513910334 0.0895373507042763 0.9910243618398189 515.1079592347849
0.9815749929291474 0.15536889534667464 0.11145341451990644 86.45067607194298 -0.14354292881981773 0.9838133899371976 -0.1073060226412026 -68.78228884702439 -0.12632154001375392 0.08932492029653413 0.9879781103376077 515.8991446800827
0.978484389693452 0.15362066422819057 0.1379144119359698 86.59067769227092 -0.13891708056921045 0.9841108760499967 -0.11061535075911615 -68.88469226157744 -0.1527159660927273 0.08907119492818785 0.984266923848722 516.6721899480025
0.974835711162701 0.15092255195434057 0.1642237418297895 86.75413800946183 -0.13333512719372323 0.9845694455532475 -0.11336884734058272 -68.98874548623068 -0.17879948854995406 0.08861382969465738 0.9799061127045329 517.4525074401217
0.9707388688375721 0.14832119753362205 0.1889952070975862 86.93500628882052 -0.12787378277327804 0.984962911218725 -0.11620885911252053 -69.09433187921974 -0.20338967053180684 0.08863553667777198 0.9750973509190456 518.2196960795274
0.9659268351725753 0.14677779279570355 0.21329301157626954 87.13829311925747 -0.12324815393097953 0.9851238956154283 -0.11978748045890922 -69.20705579005714 -0.2277020759693844 0.08941243580369485 0.9696370738196942 518.9990340326532
0.9604961509061751 0.14445556114675162 0.23797414999367375 87.36418986240928 -0.11767225416770047 0.9853816627790498 -0.12322487920358202 -69.32338066716778 -0.2522953646751231 0.09034848075262536 0.9634432097473326 519.7797065414701
0.9546500848330243 0.1422121818196632 0.26167008795541624 87.61069611202375 -0.11197588369270416 0.9855505602107458 -0.1271209940562292 -69.44531146495534 -0.27596646156095306 0.09204965619019774 0.9567697264163214 520.5629517117274
0.9484967807723491 0.14075509028188507 0.28389277172132527 87.87741519530154 -0.10704825316940172 0.9855874123765613 -0.1310210841172168 -69.57235692001908 -0.298242106012108 0.09387701981823808 0.9498833197498339 521.3482965873412
0.9422400737325448 0.13896858101908635 0.30483714702325704 88.1674597411915 -0.1015613232499669 0.9855769531052883 -0.13539586780944135 -69.70731097900229 -0.3192555531266156 0.09661011742101487 0.942752750705421 522.149416601688
0.9363169121568709 0.13742851043233448 0.323232784443214 88.47029709012948 -0.09665818845796642 0.9855612518491075 -0.13905282260316873 -69.8445859297057 -0.33767510653133725 0.09894852912984618 0.9360696080153235 522.9396258365712
0.9302734484864951 0.13573165682012867 0.34091664415302164 88.7949822198676 -0.09175809455525794 0.9856042149564179 -0.1420358240863466 -69.9804480397802 -0.35528725137736444 0.10084476574311273 0.9293240645278 523.7406499708977
0.9243515709140586 0.1355427852111984 0.3567319401781693 89.12646901963623 -0.08888113088337639 0.985556843801611 -0.14417664551864467 -70.11822342140856 -0.37112111955246685 0.1015578112024621 0.9230364725767601 524.5241764915563
0.9181817992336361 0.13611706641090715 0.37211421401087674 89.48019287527123 -0.08650911721940538 0.9853521694167232 -0.14699015563174583 -70.26566904055858 -0.386670364832519 0.1027670284513216 0.9164965897022371 525.3288715586757
0.9120340954339781 0.13580291632568717 0.38704759931779636 89.84596332411587 -0.08339463083466889 0.9852870577281139 -0.14920933225683172 -70.41462596349089 -0.40161475779961525 0.10380104004395811 0.9099294645731602 526.1215763080912
0.9057204839409836 0.13422454383911475 0.4021301558195486 90.2284670519941 -0.07887666331830336 0.9853478681153476 -0.15125181324935874 -70.56638675737311 -0.4165384362187002 0.10526753693563122 0.9030255913869574 526.9135732545582
0.898979453709025 0.13308693698636298 0.41734659300030164 90.62858130997485 -0.07471653918308925 0.9853572438354111 -0.15328929754185258 -70.72176324768898 -0.4316346061827075 0.10661557475844638 0.895748542819904 527.7080645401242
0.8918690388088877 0.1319836147108978 0.4326717835444007 91.04188873992626 -0.07067550533922415 0.9854007603124568 -0.15491814371902618 -70.87714692005972 -0.44680004798848205 0.1075816927227603 0.8881651921419763 528.4932956577087
0.8848347857863239 0.12892711385795527 0.44777286356204227 91.47752694216923 -0.06493645223554052 0.9857032713843087 -0.1555060299762922 -71.03322788917265 -0.4614184048077377 0.10851459890249159 0.8805452481599896 529.2845579319477
0.8776318842592714 0.12742791189889024 0.4621465982959976 91.9265977558521 -0.060995668828473126 0.9858743180114171 -0.15601481961978067 -71.19055746378517 -0.4754971269173479 0.10872890836460025 0.8729960787344229 530.0765818740571
0.8699089977870292 0.1277635717354516 0.4764357304727991 92.38259099679162 -0.058279088494035444 0.9857324579028052 -0.15794081240519456 -71.35206443084844 -0.4898151527608044 0.1096217993744732 0.8649315544705054 530.8497298397729
0.862555432692693 0.12646710135154998 0.48995915912396787 92.8390024253191 -0.053305362539143544 0.9855894650665161 -0.16056625361820334 -71.51262916702159 -0.5032023855403456 0.1123740208685182 0.8568552564791705 531.5906244385225
0.8551668061499651 0.1268057829321431 0.5026582442079911 93.31284459348655 -0.049236497985555135 0.9851089507133265 -0.16475869203725782 -71.68032922234481 -0.5160626324120053 0.11614147552400221 0.8486647266876323 532.3408558179988
0.8468959051769799 0.12829143057646725 0.5161052447752742 93.81171986344037 -0.046834876135830615 0.9846910173081153 -0.16792737013587936 -71.85437260280499 -0.5297450581871798 0.11803967815316763 0.8399276166765707 533.1061450437896
0.8376614918785183 0.13105087839632035 0.5302873006014829 94.31062438889523 -0.0455343687637919 0.9841708239618335 -0.1713015379610081 -72.0265528196162 -0.5443393614627287 0.11934066751826043 0.8303577153142112 533.8420095845139
0.8277520651407003 0.1306708166087285 0.5457177460699596 94.8366924787533 -0.04159594803723926 0.9841252477231797 -0.1725624300946291 -72.20104432264135 -0.5596001799916634 0.1201333732473806 0.820035259907317 534.5777949363777
0.8176317085934743 0.12806704395362414 0.5613672071246827 95.37283972910444 -0.035881663235381195 0.9843923085883833 -0.17232143876224634 -72.37013149792965 -0.5746708259866382 0.1207465149816994 0.8094538961343574 535.2924727704946
0.8067034876698552 0.1257309380195049 0.5774751229513138 95.93673472281242 -0.030555829873925657 0.984678378074632 -0.17171372677137725 -72.53556741877813 -0.5902138356188616 0.12087082609480165 0.7981734550066937 536.0161222748691
0.793365663282042 0.12416411944219885 0.59599505631192 96.50466470554795 -0.024739184789400667 0.9847511327319989 -0.17223081179709349 -72.70226569014504 -0.6082878946407478 0.12189166933333974 0.7843278043053916 536.706111692872
0.7780718143242927 0.1224139720342165 0.616177779112759 97.1029357281066 -0.018237390019025565 0.9848228174452854 -0.1726305957976934 -72.87514448696797 -0.6279542033615597 0.12307574474780478 0.7684838669737254 537.3965605919815
0.7613435023330066 0.12057418963718608 0.6370824940541648 97.71091121498861 -0.011273146958185317 0.9848740642134846 -0.17293308537907184 -73.04604423910803 -0.6482927406888639 0.1244737707214953 0.7511752612692342 538.0584914060915
0.7443068735203737 0.11854754004858158 0.6572746802795801 98.33751178732425 -0.003683145684038361 0.9848381571226023 -0.1734642958632726 -73.21813003901642 -0.6678679672834407 0.1266841568568684 0.7334470500362855 538.7046964393221
0.7265972502902172 0.1163369008477349 0.6771838861984928 98.96289783752151 0.003995061279165458 0.984833605892699 -0.1734836963648028 -73.384074607933 -0.6870906933739551 0.1287524313466804 0.7151009797220297 539.3141203462561
0.7086640968814412 0.11353190509120442 0.6963915291693724 99.61675684922466 0.012093829282975935 0.9848742176550063 -0.1728773140033731 -73.54955751655362 -0.7054792542527569 0.1309281570856518 0.6965603887836923 539.9182238240712
0.6906373845514353 0.11104615146929461 0.714663692368802 100.28133288173767 0.019839648563542353 0.9848655905054137 -0.17221096351685064 -73.71261011924089 -0.7229648843612119 0.1331080161097588 0.6779704789229194 540.5026870137873
0.6731427631054525 0.10927873960650193 0.7314315549216757 100.95908327244771 0.02698977547769809 0.9847375338717962 -0.17197008881332712 -73.87613120530644 -0.7390542331808189 0.1354955072298737 0.6599084502984933 541.0703803406924
0.6568684965583598 0.10867261952026071 0.7461692000106609 101.65491678886988 0.03353407256431235 0.9843745188079628 -0.17289292738846754 -74.045182230386 -0.7532918506947933 0.13858391409125845 0.6429493961517199 541.6295155339376
0.6424597263235328 0.10744093436306536 0.7587865920246861 102.37113173425094 0.039922726799694705 0.9840907870843525 -0.1731520915347409 -74.21634573572364 -0.7653120858119918 0.1415302964796399 0.6279384459859375 542.1835556809372
0.6293935521884031 0.10544523952543915 0.7699351143433683 103.08673398549371 0.0449385404132851 0.9841590284190431 -0.17152617012437094 -74.38039907373324 -0.7758186361103686 0.14255144685584162 0.6146738092714923 542.7192565254235
0.6160325799452776 0.10380181029265388 0.7808867948812526 103.8304463133232 0.04797292129534933 0.9845009512298153 -0.1687200977895476 -74.5445889906482 -0.7862900264475269 0.1413927024218027 0.6014939613612731 543.2601270492883
0.602124544135194 0.10341821622924062 0.7917104519998786 104.5771478023487 0.05228396774564331 0.984344385217702 -0.16835207112493072 -74.71153173517936 -0.7967190594359669 0.14275688264444708 0.587279914963078 543.7799278198937
0.5877537959130904 0.10493578550464894 0.8022396351592674 105.2972450332344 0.05588549522453188 0.9839232818304456 -0.16965149840519597 -74.87477193346244 -0.8071373782071157 0.1445410621746117 0.5724294479255826 544.2623557438269
0.5734103942494124 0.10376906798185628 0.8127033265062601 106.04891483447096 0.06201441782164018 0.9836073700860466 -0.16935256836924414 -75.03973228991674 -0.8169465429629216 0.14750188882662693 0.5575648772932446 544.7432858004579
0.5592176374821828 0.1002518209529884 0.8229701156926732 106.806103556894 0.06628926207553006 0.984080308553578 -0.16492898318190524 -75.18677712351665 -0.8263947500146525 0.1467793426253182 0.5436589474596639 545.209773508627
0.5433877224209486 0.09636722308867819 0.833965151222074 107.5912604033235 0.06815649451238198 0.9850504553626357 -0.15824110921774423 -75.3312825041921 -0.8367385952353432 0.14282064940646585 0.5286859846178061 545.6771473423655
0.5261893048791662 0.0951272259321213 0.8450625663191239 108.38370962552516 0.0716999398643095 0.9852265337093185 -0.1555568109424918 -75.47882493670781 -0.8473669036519484 0.1424374849697113 0.5115848110693603 546.1218014236894
0.5072366751902001 0.09453945777336156 0.8566380876186933 109.19444131084734 0.07717894826360612 0.9849928350343147 -0.1544108365084325 -75.63172476893536 -0.8583711229531824 0.14443144564217517 0.4923180223811298 546.5512849013817
0.48801054639024366 0.09422920790374884 0.8677689608589348 110.00585616908042 0.08378472553368273 0.9845126821273631 -0.15403078425315464 -75.78434054922079 -0.8688343958113846 0.1478686373579311 0.4725477559580176 546.9543013922087
0.4678151898237842 0.09340880325080211 0.8789081911845663 110.82389928957242 0.09076738753940337 0.9840690239818255 -0.1529043950554791 -75.93496522689237 -0.8791792030461432 0.15130100993330664 0.4518742882597451 547.3369272085858
0.4469407912888286 0.09177389218757896 0.8898749791343468 111.66099504350066 0.09791097300393067 0.9837339158698197 -0.15063634906924764 -76.08333572439969 -0.8892149496437407 0.15444779200626424 0.4306757173527328 547.7045492745922
0.42568421491235564 0.08986076594789719 0.900429818524434 112.5296154582021 0.10584862132305291 0.983285247154014 -0.14817669888405371 -76.2321948991723 -0.8986848202911066 0.15837945241451282 0.4090482474560979 548.0611121825597
0.4030646119437123 0.08794058198031464 0.9109669512575493 113.405922163761 0.11350185162987134 0.9828887757019604 -0.14510956906049916 -76.37700336566155 -0.9081298289779927 0.1618788603393902 0.38617734237025153 548.3963111842286
0.38037190996355386 0.08676440250262606 0.9207849340633808 114.28725551656218 0.11969077863166933 0.9826033252412465 -0.14203910522602403 -76.51880699222303 -0.9170798487401283 0.16423114823516477 0.3633612063718848 548.7091755618253
0.3578171532599851 0.08599927495566767 0.9298530853841972 115.17697338936755 0.12586346033865295 0.9822266515439473 -0.1392825190936724 -76.65893324725651 -0.9252941021213621 0.166866190182243 0.3406251448019118 548.9988411134592
0.3348242350170343 0.08670976473989375 0.9383122887729266 116.0962197812972 0.13102655911982353 0.9818041474580064 -0.1374901080677305 -76.80302190504061 -0.9331499561157325 0.16897272856357 0.3173627111531856 549.2749757287637
0.31119532716211235 0.08833885095317259 0.9462607270530359 116.99486500774572 0.1357186193853619 0.9813390044274914 -0.1362533712653462 -76.94270225382972 -0.9406281789464739 0.17082037175852738 0.2933913603882 549.5178516405671
0.28694303681758676 0.08944166605022365 0.9537921183404952 117.91902942914119 0.13904126883398044 0.9812048927164325 -0.13384804925771998 -77.0824521659022 -0.9478262661410992 0.17101700610019446 0.2691067191392276 549.7446832981664
0.2616692517947309 0.08980180210264721 0.9609996883950415 118.85360923218727 0.1435678268413188 0.9809684380254543 -0.13076578139974945 -77.2191231891548 -0.9544422715617258 0.17217973405215586 0.24378967899674006 549.9473067311161
0.23565151267593193 0.08907739554765481 0.9677750418735975 119.8144727972024 0.14719795240613806 0.9810351196655169 -0.1261465682203832 -77.35108768409327 -0.9606468210300582 0.17217488607063008 0.21806338263983044 550.1319427870201
0.2093800148786164 0.08864459073123168 0.9738362855867438 120.79475320180973 0.15307526520613454 0.9806373820344859 -0.12218192445943513 -77.47453898249363 -0.9657994168511724 0.17464640146149413 0.1917498131735355 550.2925505154793
0.18294943646042874 0.08827665554344738 0.9791793479776107 121.76490272955319 0.15998691741336518 0.9800161223212795 -0.1182499580276206 -77.59368127728055 -0.9700381371927518 0.17828332317869805 0.165163957437255 550.4211774945518
0.1566172881442543 0.08802531531396171 0.9837571916902798 122.74912546537912 0.16718104752855256 0.979289972720526 -0.11424754177568373 -77.71094419273648 -0.9734279142572342 0.1823522809451698 0.13865167531124692 550.5260414057291
0.1302098687758683 0.08752060980739704 0.987643883665747 123.77070783781544 0.17310966248307058 0.9787945837922144 -0.10956526812184134 -77.82867594477393 -0.9762768646219644 0.1852308436406383 0.1122920038290839 550.6098910300433
0.10449727535743895 0.08695787408602816 0.9907437812112763 124.77122126375461 0.17882708864394192 0.978295514241979 -0.1047332533357218 -77.93942533690121 -0.978334997025987 0.18810980701643898 0.0866732003028036 550.6646125972132
0.07971943796908616 0.08842521765965695 0.9929152930681732 125.80080636522119 0.1845082943107626 0.9775419831945641 -0.10187647952865718 -78.05460693636746 -0.9796123025834409 0.19131613519802954 0.06160890828547359 550.6954060645115
0.05551132018967464 0.08975262048633934 0.9944438244471862 126.81244402277069 0.18924477460904027 0.9769576397331217 -0.09874489143220831 -78.16419946377789 -0.9803798924146033 0.19366810451932565 0.03724270098712974 550.6998317465253
0.031017260476789172 0.0905695624062078 0.9954347423867496 127.83651034925687 0.193829273306115 0.9764408987596368 -0.09488703986957685 -78.27039391593162 -0.9805649743108398 0.195880820817924 0.012727323167040908 550.6796694362334
0.0065208150463016736 0.08968176960642685 0.995977011635099 128.8601714930243 0.1974128733790319 0.9762585929231179 -0.08920501867149792 -78.36745562659802 -0.9803188610417186 0.19719371465023575 -0.01134219145702031 550.6360175200554
-0.017434054730177714 0.08793369098139539 0.9960014172223992 129.89473915685593 0.20109480186870654 0.97608295540621 -0.0826613818526708 -78.45762035690714 -0.9794367197959869 0.19884288788529883 -0.03470365483175991 550.5688599558059
-0.04122009549152576 0.08754736267765877 0.9953351982194559 130.94175188109114 0.20411223099975143 0.97588891313088 -0.07739041870380761 -78.54605027650996 -0.9780994124836222 0.19996326914001744 -0.05809886111475232 550.4773889015403
-0.065085701110917 0.08909215522123949 0.9939227601715707 131.98282031059992 0.2064856771903746 0.9756573962341829 -0.07393997515586326 -78.63358271369694 -0.9763028431204042 0.20041142938635806 -0.08190016653368433 550.3596584734531
-0.08932687357081472 0.09104026444193804 0.9918608109255275 133.03152211795435 0.20825079545118708 0.975515813449692 -0.07079140760894236 -78.7192257735626 -0.9740077984826139 0.2002254179036339 -0.1061013836853675 550.2149005525334
-0.11375278230407353 0.09326164771889155 0.9891502112158354 134.07892057596834 0.21101277486215403 0.9751429303816221 -0.06768071001284448 -78.80237047112652 -0.9708613326096306 0.20101778473392867 -0.1306069926943657 550.0428117426451
-0.13719255423111296 0.09473138555836644 0.9860320427804968 135.11274531346564 0.21418490315472777 0.9747095597027535 -0.0638491300173706 -78.87985363786518 -0.9671298040131006 0.2024269233235909 -0.15401520809875002 549.8473942053394
-0.15954834900409817 0.09544586732614786 0.9825937435972116 136.157497807663 0.21840202244416565 0.974069568138106 -0.059161475389057055 -78.95045942611334 -0.9627477534133648 0.20515477873276722 -0.17625828919903325 549.6256848185278
-0.18085629463691502 0.09501311855523896 0.9789383733324197 137.23007166339363 0.22145177278939976 0.9737030715395919 -0.05359947393774303 -79.00822780845488 -0.958274086257329 0.2070872471410025 -0.19714205318082648 549.3784895683895
-0.20143257090108874 0.09746039937826526 0.9746707909940441 138.34227639765356 0.22725659791053454 0.9725415904605901 -0.050288298006424384 -79.06991227037413 -0.9527953341207538 0.21136400101217082 -0.21805042947552572 549.097352350233
-0.22030564343165326 0.10144051663012854 0.9701712247628681 139.46307861186597 0.23082509792259553 0.9717566781643316 -0.04919806909073077 -79.13711981680372 -0.9477470166620172 0.2130946260400991 -0.23749877654376444 548.7941450308181
-0.23861007131709228 0.10279868265895387 0.9656883724591587 140.550382473026 0.23251912705578315 0.9715105757142114 -0.045972783427885536 -79.19924577243299 -0.9428885566353444 0.2135647630097537 -0.2557150353135794 548.4759111890669
-0.2568167287208153 0.10303564053108236 0.960980752173102 141.64455874213698 0.2337517199589757 0.9714078156270853 -0.04169160304840299 -79.2558325900234 -0.9377857787872577 0.21391760497380108 -0.27355904743742687 548.1333807428105
-0.2756586764154321 0.10523933926699411 0.9555060191436641 142.7401366483736 0.23461448949970184 0.9712992970247211 -0.03930031250146447 -79.31178290385846 -0.9322041087902614 0.2133361046730278 -0.2924381735739693 547.7671355636087
-0.2945786736133931 0.10914769354738556 0.9494024380125535 143.83206073676834 0.23583741219294047 0.9710364764866958 -0.03846664156966282 -79.36804941801249 -0.9260889323899477 0.21256720519476247 -0.3117877782094334 547.3791328887239
-0.31303942335519025 0.11229231483287647 0.9431076562300443 144.90452478496607 0.2350792580904114 0.9712532785722104 -0.03762220705929285 -79.4229876629312 -0.9202070844125911 0.20992169053060616 -0.33043791664181965 546.9766191894608
-0.33073746219578715 0.1122156093192639 0.9370564373695576 145.96787455313324 0.23583013211179796 0.9712365865108161 -0.03307841787662017 -79.46874913607945 -0.9138012518384538 0.21003995443816434 -0.34768821987536797 546.5513688795031
-0.3482772049443653 0.11201271516225207 0.9307041479938589 147.0517618566845 0.23647774134545976 0.9712270177448643 -0.028404460700107836 -79.50978972013574 -0.9070923751667292 0.2101923192250513 -0.36474485825968267 546.0966568946957
-0.36497162835973923 0.11258449939185138 0.9242161346440035 148.11600492285828 0.23789234174909746 0.97099177808824 -0.02434608563032855 -79.54658880546893 -0.9001329982867308 0.2109723100323758 -0.3811668704411125 545.6273844483078
-0.37981945050862026 0.1125879729506694 0.9182134442820746 149.18321443191607 0.23868743318804272 0.9708892809260788 -0.0203206342002924 -79.57819243896502 -0.8937569865224844 0.2114419193421023 -0.3956353103000654 545.1404426302798
-0.3920271603512501 0.11250865630266542 0.9130780228318652 150.25641542621275 0.24122781055103634 0.9703421460684759 -0.016001246784950636 -79.60373045438648 -0.8877841258287079 0.2139809932646326 -0.40753951813027767 544.6352817915676
-0.40138863078027953 0.11431069697061758 0.9087767011309106 151.33152707773073 0.2442783552644199 0.9696083303361567 -0.014076598762956027 -79.62961422679668 -0.8827525600821393 0.21633831873968717 -0.4171121139830055 544.1166750077264
-0.40865381379939364 0.1177187974645929 0.9050962274675654 152.41123881840065 0.2482063341102667 0.9686126897023852 -0.013920779285344022 -79.65549679243716 -0.8783125808746093 0.2189558077993441 -0.42504418433239133 543.5858463962509
-0.41440714204712353 0.11967935135327518 0.9022183970900974 153.48527482984795 0.2523408024452235 0.9675635552286642 -0.0124494385584962 -79.67676323498564 -0.8744297041902216 0.22250099598409848 -0.431164023802769 543.049633899144
-0.4183008565581053 0.12046469226658715 0.9003152102212592 154.5644287135446 0.2558628609116596 0.9666617343806094 -0.010471279260295374 -79.69076543938954 -0.8715477242153583 0.22597078645152446 -0.435176439690457 542.5091488644549
-0.4199874092655879 0.12076721671147066 0.8994894789711759 155.62171349623324 0.25955933104693657 0.9656957519680068 -0.008470530406030737 -79.702780632068 -0.8696420015919297 0.22990704235920428 -0.43692436783376093 541.9772598147512
-0.42080115723077416 0.12078640163223504 0.899106222445006 156.65010869756517 0.2616682432390331 0.9651367964370999 -0.007197693687689123 -79.71498483777683 -0.8686157991023392 0.23223237723314966 -0.43773475306671683 541.4626163198745
-0.42144610905193486 0.11978024513986299 0.8989387456830622 157.72509006088842 0.2614163327509183 0.9652129136825875 -0.006059386667014581 -79.72769913195341 -0.8683790381203583 0.232437054021703 -0.4380958181689465 540.9287486143866
-0.4218268670403979 0.11829495919832049 0.8989569225677653 158.8017580414093 0.26104814619431316 0.9653205756834162 -0.004541083730717276 -79.73865520475088 -0.8683050884254251 0.2327487314233028 -0.4380769203523473 540.3951308968361
-0.4224646013576581 0.11559172017468185 0.899008992426651 159.8895256696072 0.2598678474351906 0.9656474599151149 -0.0020496744290790306 -79.7462142172065 -0.8683490276206599 0.2327508041076297 -0.43798852315161 539.8593206143794
-0.42325632529240215 0.11307518776494672 0.8989568949895151 160.98091172302617 0.2598411786119397 0.9656563034047454 0.0008686875939594601 -79.7502905650369 -0.8679715540869297 0.23394704589038606 -0.43809955579621973 539.3170159436476
-0.4238873818844051 0.11346524148664387 0.8986101735362564 162.12353054941943 0.260595178442088 0.9654527331682192 0.001013615451634034 -79.756486254194 -0.8674372153165116 0.23459624700227352 -0.43880962429017967 538.7462172416353
-0.42473454174371855 0.1148391768728715 0.898035497242305 163.26280990376412 0.2599887608186963 0.9656164309925912 -0.0005244802755920903 -79.76805682953278 -0.86720466744295 0.23324937810086327 -0.4399854049436822 538.1757686634818
-0.4252133276009798 0.11703685478657593 0.8975250360585824 164.38117798348222 0.2612952898178014 0.9652611598538948 -0.002085057381502572 -79.78015098574299 -0.8665766867126398 0.23362482742943627 -0.44102082272747994 537.61226983172
-0.4257304056071144 0.11824739289234919 0.8971213476229594 165.51205555296798 0.262112250393314 0.9650381769738053 -0.002820740901069998 -79.79260100017817 -0.866076566027015 0.23393866132006047 -0.44183794404181115 537.0408681835419
-0.4264275313515885 0.11842136603474529 0.8967674007316346 166.62986456877775 0.26191882283893964 0.9650906763434678 -0.002904148295929385 -79.80421987136398 -0.865792292738837 0.23363516907596882 -0.44255579858250904 536.4777602629661
-0.42734932641239803 0.11768776917115066 0.8964249631454504 167.76293877113568 0.2613866406526864 0.9652368773023522 -0.0021189658995344443 -79.81344508454426 -0.8654985966906478 0.2334012980982906 -0.44325307857097807 535.9091175166509
-0.42830960283890196 0.11589319594172437 0.8962005053156042 168.8922382084724 0.2607516726475681 0.9654109101450851 -0.00023263404201870385 -79.81989211056192 -0.8652156027836998 0.23357957671346877 -0.4437118423722854 535.3422060642012
-0.4296409132465963 0.11468111394208437 0.8957189340931084 170.07404137883418 0.25968470324700915 0.9656981312888815 0.0009126345650429368 -79.82555403489988 -0.8648761984365234 0.2329900195509007 -0.4446821330402045 534.7478725166518
-0.430683865970651 0.11397696760110165 0.8953079827715014 171.24037935367673 0.25913832903877826 0.9658440211727749 0.0016936537074402685 -79.82983542810967 -0.8645215357179442 0.23273167144862125 -0.4455069477953824 534.1585495706655
-0.4314708245781612 0.1137764674009327 0.8949545211579496 172.3976986115795 0.25866190868024463 0.9659714242810654 0.0018926349027935988 -79.83171505941732 -0.8642717526677085 0.23230113127055457 -0.44621597635429844 533.5745129366652
-0.4321397986209269 0.11372661500232253 0.894637933456642 173.567586705581 0.25835238662742316 0.9660541009257965 0.0019804020056778584 -79.83504059215963 -0.8640300066287611 0.23198175102929455 -0.4468498936033338 532.9825595882505
-0.4324650259035328 0.1164339219106166 0.8941324718602346 174.72019328373008 0.26062277907397313 0.9654460638944105 0.00032775606789469986 -79.84253067661048 -0.8631851647783888 0.2331670725039085 -0.4478649414414741 532.3907734733394
-0.43294019009399287 0.11977032993958674 0.8934617100919447 175.89697301315115 0.2631947283067916 0.9647465608041775 -0.0017986604596256777 -79.85339487279855 -0.8621663345665956 0.2343697404902069 -0.4491983177012582 531.7841890089875
-0.4332418900940287 0.119290397519886 0.8933795913970983 177.08465354641058 0.262562536022032 0.9649193262266257 -0.001521557300322596 -79.8627424722298 -0.8622076212537507 0.2339033257414411 -0.4493627578630816 531.1818592895114
-0.433385865801347 0.11810536312413752 0.8934671179640281 178.26631945840305 0.26203808121547056 0.9650624677809272 -0.0004726724491573705 -79.87058597214211 -0.8622945729260015 0.2339115958462219 -0.4491906952764632 530.581406393198
-0.4338026510436825 0.11762388768640285 0.893328263356796 179.4878488188087 0.2600734283195428 0.9655936429675749 -0.0008542530962047506 -79.87929035832201 -0.8626795071100776 0.2319545045649323 -0.4494660872839836 529.9624176404892
-0.4342022886550328 0.12190298162328572 0.8925599176244676 180.67075423338744 0.2589174451505171 0.9658861344864109 -0.005970358009431829 -79.899159556321 -0.862826219877954 0.2285010936434403 -0.4509510258492999 529.3528077272472
-0.4341106218877988 0.1257080690478293 0.8920766732580415 181.8459861051753 0.25794368982466126 0.9661065893724458 -0.010625220225943564 -79.92536395443962 -0.8631640035811927 0.22548724495274125 -0.4518210676151338 528.7476905282988
-0.43410646865940344 0.12835833579689304 0.8917012341475545 183.01076775389961 0.25790913966761203 0.9660797711967916 -0.013515299658349213 -79.95358991222665 -0.8631766934370767 0.22410476152150782 -0.4524841056871961 528.14393514183
-0.43391361194822736 0.1264548959716746 0.8920671085912205 184.20551815736323 0.2576439189417656 0.9661750959938616 -0.011646568958028692 -79.97623829049584 -0.8633530671906486 0.22477609505684742 -0.45181454228831874 527.5301440457421
-0.4340902976881443 0.12384502908791671 0.8923474002240225 185.401912309318 0.2572727052290272 0.9663028971089465 -0.008964191111535956 -79.99483816518686 -0.8633753231512763 0.22567914679288775 -0.45132207379270517 526.9150147414771
-0.43435011539266505 0.12381041414136588 0.892225643491957 186.6274596110989 0.2569337917735294 0.9663924397329354 -0.009030534817958843 -80.01566840675703 -0.863345684760824 0.22531420879197198 -0.4515609615644397 526.284501430412
-0.4347400553562083 0.12429820709374535 0.8919679843996257 187.83954045730027 0.25584293878049563 0.9666719924957673 -0.010020106163881935 -80.03947792438497 -0.8634735984246336 0.22384129228735722 -0.452049089158868 525.660291866347
-0.43509744233984005 0.12426802326552151 0.8917978368661315 189.0560613306951 0.25530171624001813 0.9668132336944355 -0.010170365545746771 -80.06176802955406 -0.8634536817523661 0.2232459551189076 -0.4523809584350928 525.0335460209731
-0.43531633436501393 0.12391069613324869 0.8917408754811657 190.2992139764543 0.254845090479317 0.9669359061150784 -0.009960692730970158 -80.08319544760968 -0.8634781203051595 0.22291333056135895 -0.4524982228684644 524.3939800747274
-0.43564996021343794 0.12428131363165547 0.8915263554450924 191.5404335788103 0.254853433427685 0.9669304886970181 -0.010264658120679587 -80.10379080207771 -0.8633073272008106 0.2227302745818168 -0.45291389066553256 523.7533147742056
-0.4358458857934381 0.12568315343699432 0.8912339372931702 192.78041317102034 0.2558770194516562 0.9666499500828319 -0.01119268263011752 -80.12735901878197 -0.8629055979293813 0.2231616691097907 -0.45346688373485133 523.1098475716367
-0.43616477329646863 0.1261936630023635 0.891005872362268 194.02988343702557 0.2561065903101944 0.9665853339619466 -0.011536365175915145 -80.15249680538184 -0.862676872450555 0.22315457665830013 -0.45390636980095467 522.4619296228143
-0.4364499479919803 0.12665157237259053 0.8908012734549077 195.2777156186465 0.25643576908169813 0.9664950350581284 -0.011779767872908742 -80.17800548596469 -0.862434966209706 0.2232859537850958 -0.45430154083882474 521.8125462060897
-0.4366737933444736 0.12625264527685454 0.8907484392372993 196.54048785463007 0.2563376010231442 0.9665267099450529 -0.0113359230357509 -80.20181188687012 -0.8623514293958552 0.22337619854208865 -0.45441690471409646 521.1576576363634
-0.43686421579861323 0.12579994953880197 0.8907189601887364 197.83541829943056 0.2559349860336122 0.9666371579886006 -0.011003146877456928 -80.22580565173087 -0.862373994217172 0.223153096674219 -0.4544824625139839 520.4869869302697
-0.43730066770195886 0.125965885357933 0.8904812463247473 199.13738893251684 0.25444451387826134 0.9670205472207912 -0.011846796622804794 -80.25359871509093 -0.8625937225370155 0.22139130750768787 -0.4549267440164252 519.8113840553895
-0.4386017165614802 0.1269794926993721 0.8896972236458901 200.42054079514924 0.25064457931208173 0.9679749430748483 -0.014596403482447676 -80.28587299038551 -0.8630460668881169 0.21658950894122386 -0.45637906341000434 519.1455291948128
-0.43973208984779455 0.12614851358272733 0.8892568753658668 201.7215368147198 0.2471609132006628 0.9688605289812602 -0.01522876051729901 -80.31759854087075 -0.8634752642681454 0.2130868786432908 -0.4572146685308621 518.4708740965441
-0.4403703429863019 0.12486727643996183 0.8891219613707232 203.01685263153956 0.2444892476629316 0.9695406343517515 -0.015076115604913665 -80.34792396569254 -0.8639104186101646 0.210735711353464 -0.45748240953995717 517.7979032407136
-0.44084702323439207 0.12580293597455702 0.8887539521276014 204.31464399557464 0.24454941104759817 0.9695119059719798 -0.015937987063196914 -80.38316275469683 -0.8636503428931088 0.2103120506306822 -0.4581681942063003 517.1133427908615
-0.44104363417546416 0.127027959998201 0.888482043579637 205.62406480477145 0.24591951018827712 0.9691554826888007 -0.016494507216885588 -80.4185602345987 -0.8631605784462816 0.2112138460776908 -0.45867537106898787 516.4220583026749
-0.4410969557627213 0.12895551167263508 0.8881777147477028 206.91300109822478 0.2491443555813659 0.9683251775704487 -0.01686647958391852 -80.45197587343596 -0.8622081285612412 0.21383850306031935 -0.45925045477328275 515.7385251531956
-0.44114048502257697 0.12896618276485242 0.8881544527843304 208.19041128336457 0.24986266552741568 0.9681465753768337 -0.01648372570141964 -80.48403722263829 -0.8619776726768011 0.2146386146125686 -0.45930923672681384 515.0645160090309
-0.4412427843828084 0.1286629768516524 0.8881477264885131 209.4566937003269 0.25031494509050123 0.968040219406856 -0.01588439804501756 -80.51448210177409 -0.8617943535177335 0.21530164640583166 -0.45934335766839696 514.3956300202383
-0.4414124010720243 0.12796252590385515 0.8881644891419169 210.7569367171885 0.2495553419851473 0.9682428667206374 -0.015479592209120782 -80.54558849368502 -0.8619278676859309 0.21480742246755538 -0.4593245529847947 513.7133375906074
-0.441488762253288 0.1278569339817163 0.8881418037804121 212.05130980378212 0.24925415956918334 0.9683198646883668 -0.015504043219801774 -80.57435296513 -0.861975895273383 0.21452214257556917 -0.45936759383459186 513.0368492671241
-0.441658699551879 0.12789248322662983 0.8880520629246268 213.36131322131976 0.2483941728511666 0.9685333656322148 -0.015954790411949988 -80.60641970280238 -0.8621368468744599 0.21353417244486647 -0.4595252386929784 512.3526684700109
-0.4416450805987457 0.13176374036392968 0.8874925119305159 214.63595182030846 0.25200733166067774 0.9675588331859992 -0.018250814621519323 -80.64082397850191 -0.8610943776915216 0.21558777714652005 -0.4605193570803948 511.6730829961717
-0.44162814373703035 0.13358346880112135 0.8872291769198778 215.91168887580923 0.25418530185544713 0.9669733167096937 -0.019073098306463046 -80.67724250524374 -0.8604631649831829 0.21709124058465132 -0.4609937388413069 510.99587671925565
-0.4410298265220984 0.13658254107939877 0.8870703537937111 217.18006617735224 0.2568164352745615 0.9662364380725197 -0.0210954682719804 -80.71702451602769 -0.8599890384108381 0.2185047166768941 -0.46121173892661843 510.3225909499719
-0.44067042452674926 0.13820610021688515 0.8869974603314835 218.44093807916113 0.2577573925319499 0.9659550283321675 -0.02245844303166578 -80.76002360744397 -0.8598915185115222 0.21872745372837757 -0.4612875372083699 509.6535903220938
-0.440750390812905 0.13223643353177267 0.8878665402414293 219.7144403470541 0.2517749561498499 0.9676024597288119 -0.019133737983732493 -80.79494756113107 -0.8616210883322777 0.21510349413146362 -0.4597613431514269 508.99237813826556
-0.4402878249177492 0.12807574954211756 0.8887053025985103 220.9886043222079 0.2495992476230556 0.9682246760781571 -0.01588421309094988 -80.82491273457099 -0.862490155048221 0.21482081707091763 -0.4582616302794205 508.32837363857607
-0.43984928837694615 0.12709148253059466 0.8890638915406311 222.3034745174878 0.24504228524397856 0.9693630206793697 -0.017346278705512013 -80.86225953952315 -0.8640193794179186 0.21022279162225577 -0.4575129577200903 507.6510537236485
-0.4389887647653766 0.129653932084013 0.8891191720272931 223.61188644770152 0.24496204060412552 0.96932360778727 -0.020409832946243375 -80.90539978940134 -0.8644796501420716 0.20883494106249229 -0.457278720611828 506.9667183360699
-0.4380895314310838 0.13066796953098636 0.8894145273147905 224.90931657053252 0.24396596062878825 0.9695337452694904 -0.022277446097891545 -80.95128979412199 -0.8652174332986027 0.2072217090885217 -0.4566177120422459 506.29450036331616
-0.4373472025497288 0.1329080671111292 0.8894480128893193 226.16822151043513 0.24427735548566296 0.9693955798171063 -0.024748506082722697 -80.99857032917734 -0.8655052150755266 0.2064429348420713 -0.4564258116040344 505.63850715784355
-0.4372993552790109 0.13358249366469777 0.8893705534287109 227.42390927554106 0.2435689668016787 0.9695443533527226 -0.02586963155671345 -81.04709431527868 -0.8657290522838323 0.2053049223640381 -0.45651466940714497 504.9852994274752
-0.4371495505854858 0.13211732776809162 0.8896626981531263 228.67286439648356 0.24269778685089638 0.9697915112717169 -0.024770047673994947 -81.09029378587988 -0.8660488623333681 0.20508523786815358 -0.45600547801661484 504.3389958886702
-0.43682420444289977 0.13095375923187208 0.8899944936725841 229.92810846478818 0.24227238061110903 0.9699218951168251 -0.02380960311262393 -81.13207380845436 -0.86633243591419 0.20521478468377186 -0.4554087496352829 503.68902518167135
-0.4370092448294777 0.13115229879339377 0.8898743963632196 231.20062674987324 0.24228133890219983 0.9699153796015254 -0.02397314280564389 -81.17603107655799 -0.8662362173655473 0.20511743104746868 -0.45563464004842025 503.02721193101
-0.4379373058826314 0.13147191675543488 0.8893707911159499 232.49071058428837 0.24082105974979862 0.9702568610436596 -0.02485170339861344 -81.22077505214816 -0.8661748068224367 0.20328959835750463 -0.4565697495415348 502.35986866445637
-0.43928866185093574 0.13340415574702602 0.8884160426272539 233.75771622943802 0.24134031702483108 0.970088556193553 -0.026340408556067587 -81.26882598182765 -0.8653454112659339 0.2028335781666502 -0.4583417118086671 501.69219100160393
-0.4406654346610609 0.1360011270232553 0.8873400325794856 235.01023515880075 0.24264699402927595 0.9697125993182039 -0.028130405551880806 -81.31945163100002 -0.8642798738051128 0.20290893531519744 -0.46031616855014446 501.02564032964176
-0.4420016489273242 0.13815891473700345 0.8863414554272687 236.24780760735842 0.24504712139035997 0.9690872921323569 -0.028862758119141303 -81.36947363473713 -0.8629193687162208 0.20443256306997656 -0.4621906364558163 500.36087954252065
-0.444062975252079 0.13823818449249264 0.8852984866723501 237.47827417903156 0.24584350174563682 0.9689115267563937 -0.0279858997001498 -81.41696925378504 -0.8616344092276029 0.2052121990895555 -0.464239280232354 499.6984891043489
-0.44651301370340274 0.13737742413192885 0.8841994329837246 238.71856314052468 0.24591724025665435 0.9689382397404395 -0.026363309994336732 -81.462443899894 -0.8603462025711601 0.20566301394249972 -0.4664237061568369 499.02710706614573
-0.44887306524881027 0.13528929176467316 0.8833257442905806 239.9620271961289 0.24539656685397956 0.9691378590260655 -0.023737326843148256 -81.50497043952701 -0.8592658995056488 0.2061046186294268 -0.46821659888145245 498.351302392534
-0.4516534442218855 0.1353510456729517 0.8818977156284641 241.20276615892226 0.24607645045323062 0.9689898334657984 -0.022699173777010966 -81.54591870708735 -0.8576128465230878 0.20675666502222578 -0.4709517024331706 497.66916120312385
-0.4538902353014774 0.13590764144548687 0.8806626805481618 242.43582059816794 0.2463956776041771 0.9689121238450602 -0.022541927979395485 -81.58842695381848 -0.8563386885229042 0.20675418450848582 -0.47326425256471893 496.988382949423
-0.4561985035871234 0.14016064148992324 0.8788019031579501 243.66239990578953 0.24994275206521582 0.9679527817691166 -0.024636820184593983 -81.63300167147636 -0.854082021352042 0.2084058796767272 -0.4766076431623268 496.3001921373737
-0.4596139338677442 0.14127754142888388 0.8768412298400189 244.87009819557167 0.25058771394998564 0.9677871793455697 -0.024586595769588982 -81.67828468997293 -0.852059346377432 0.20842015788729676 -0.4802077999725274 495.62094691249683
-0.4634390976410348 0.14117072556703694 0.8748432876810089 246.09035772197026 0.25005490602850133 0.9679467387187422 -0.023736736466205905 -81.72196861830588 -0.8501425004288421 0.20775336001611494 -0.48388119752366504 494.9331194426183
-0.46671625546763384 0.13968973226943002 0.8733376271647862 247.3048182361328 0.24927295337842062 0.9681972975532209 -0.021655693098917673 -81.76134230115117 -0.8485781167000445 0.2075871562911455 -0.48669065678348955 494.2443450230367
-0.47033529728837226 0.13799217029667601 0.8716642663608919 248.51536891050242 0.24684920512035224 0.9688497613198845 -0.020187679496471496 -81.79869902007614 -0.8472875135724717 0.20566936956733525 -0.4897438723582583 493.5553647695032
-0.4741232722591904 0.1367748455961533 0.8698018747789887 249.68726807044087 0.2454801686262648 0.9692291014571619 -0.01860607867097069 -81.83280771914227 -0.8455724074275682 0.20469218035765857 -0.49310601633339135 492.88095362183583
-0.4767883451518177 0.13643926558214584 0.8683965610683434 250.8656767904244 0.24469933136826447 0.9694382361737008 -0.01796984261598345 -81.86717355221451 -0.8442989904596159 0.2039226389913674 -0.4955999224052778 492.19549956313716
-0.4789493637820892 0.13529988282391509 0.8673850012733676 252.05036128542116 0.2440608441938904 0.9696254446097508 -0.01648948473942024 -81.89475117770797 -0.8432599530463099 0.20379147686039045 -0.49741942944801754 491.50888763200516
-0.4803999629649476 0.1345604315651842 0.8666977607487986 253.2032121539816 0.24372730372794166 0.9697259850711457 -0.015467134811646315 -81.92154243782956 -0.842530898890842 0.20380170239846201 -0.4986490584240587 490.83532442184105
-0.48201209836994535 0.13414288413421013 0.86586715714734 254.32113102961333 0.24236903001551524 0.9700678556687437 -0.015369599839871602 -81.9495408501741 -0.8420019979738806 0.20244541593167134 -0.5000933454450791 490.18104636283397
-0.48383846456588925 0.1340823422994498 0.8648575883915243 255.4393382197699 0.24073720015048394 0.9704675286156412 -0.015782673217898478 -81.98057901005761 -0.8414226732336071 0.20056153071767696 -0.5018255173386673 489.52252584043316
-0.4855194817674761 0.1335575459023032 0.8639964772458634 256.55305327123125 0.23786824619915242 0.9711637010243946 -0.016460235367779928 -82.01254772098315 -0.8412704485596587 0.1975199340209008 -0.5032851705553713 488.8681031003252
-0.48610578811196636 0.13259209743648803 0.8638150679347592 257.6267597277693 0.23561890487406564 0.9717095590791275 -0.016566374552135426 -82.04152062002164 -0.8415646133544352 0.19547253785049704 -0.5035918224009042 488.2374811187774
-0.48612677910289454 0.1321071754318728 0.863877528784007 258.6995062883567 0.23431942454288213 0.9720198252274597 -0.016792943229855858 -82.07091564201298 -0.8419153971932809 0.19425420717298605 -0.5034771128863247 487.60721797047273
-0.48538485899200917 0.13159553312737812 0.8643725521401623 259.74089188273507 0.23284604839340925 0.9723651911286205 -0.01728900538346003 -82.10073325116495 -0.8427517288756335 0.19286845061682695 -0.5026099013155358 486.99949595665305
-0.48379994242378915 0.1311923773739152 0.8653218220520174 260.7647694468823 0.2313886501290352 0.9726979933679365 -0.018108738674039414 -82.13207458489467 -0.8440634110752707 0.19145915427877672 -0.5009446886654435 486.405861676008
-0.4799842348567462 0.1308256756533789 0.8674997776608531 261.76388328028645 0.23012029678316223 0.9729738123350802 -0.019413122277702664 -82.16452271152323 -0.8465851893754979 0.19030569680557793 -0.4971148285774292 485.83284399933973
-0.47410839759449214 0.13042867030107874 0.8707849814776811 262.7592400931484 0.22942762122552435 0.9731081680731802 -0.020846439374985332 -82.19691005279226 -0.8500777343402124 0.18989294300787626 -0.4912800707269621 485.27350436243694
-0.4661690069345513 0.13047631922091477 0.8750542645516025 263.77948101045956 0.22855360097987965 0.9732564159446304 -0.023366860913001997 -82.23385050757125 -0.8546920748760714 0.18909799232222244 -0.48352077686402417 484.7152759411972
-0.4552497481115827 0.13048520632272959 0.880783014877375 264.76660032886844 0.22743570971294005 0.973433543922967 -0.02666214355215598 -82.27437906726603 -0.8608539807469675 0.1881776733609667 -0.47283048572676967 484.19324007379595
-0.44243072804414607 0.1315844474024355 0.8871292700797646 265.76530708037666 0.22674814049177375 0.9734556224203753 -0.031310202397915377 -82.32220481734176 -0.8676920490658292 0.18729647040297864 -0.46052170046910473 483.682529730994
-0.42894409991065535 0.13334993794969638 0.8934669586657105 266.75335072510086 0.22458608381990522 0.9737376287182192 -0.03751451314217215 -82.37897863628332 -0.874995892998161 0.18456270200303967 -0.4476265932714013 483.19855066953164
-0.4154201622939522 0.13149094627232483 0.9001079787341615 267.75272945968084 0.21748792371881906 0.9751610470968943 -0.042084874646022064 -82.43986310609748 -0.8832750609535713 0.17827381820820692 -0.4336982996475084 482.7367091394428
-0.40152628875963636 0.1326077555313241 0.9062288716878302 268.7170870253134 0.21303788787468966 0.9758497089490857 -0.04840912744809304 -82.50450487902002 -0.8907535485216185 0.17361748468108792 -0.42007938279507057 482.3098067345805
-0.3863764633816395 0.13628359411270854 0.9122493090050359 269.6835206789555 0.21058917801823349 0.975939860503726 -0.05661016310401549 -82.58125565477674 -0.8980063594851313 0.17023106531152074 -0.4057796167278044 481.8916438408849
-0.3708904737226366 0.1352826983640662 0.9188022732766846 270.6375093129031 0.20437986469587419 0.9769727534045837 -0.061351138775027104 -82.65903313681945 -0.9059357301934808 0.16502417971125774 -0.38999843425984926 481.50841840042625
-0.35336665005574425 0.1369198947688458 0.9254425581667044 271.5885629262596 0.20307165780441483 0.9768748458595408 -0.06699402883350596 -82.7420030551139 -0.9132056848901439 0.16425156802176505 -0.37299913400561274 481.13759148513793
-0.3363525532081251 0.136239249896453 0.931860346476869 272.54167046036105 0.1998087407325681 0.9772815700848272 -0.07076384547697163 -82.8261036126375 -0.9203224813770142 0.1623861644229566 -0.3559321729451248 480.7917610317589
-0.32015155470636525 0.13494006331121808 0.9377372650666264 273.5079436213797 0.1965031862160436 0.9777410057857455 -0.07361294049279317 -82.9120379668912 -0.9267898460487128 0.1606949683920523 -0.339540554728017 480.45942420925115
-0.30273583799525294 0.13118918982942074 0.9440324928112492 274.459602908912 0.19126807487221906 0.9786979822599342 -0.07467418162816672 -82.99382569564303 -0.9337117293959568 0.15795070053970867 -0.32137848664103175 480.1571052695732
-0.2855735771247503 0.12918340480967755 0.9496404138980715 275.4182644959421 0.18777542624773913 0.9792141350574546 -0.07674328927358746 -83.07980729984016 -0.9398075010671044 0.15639726944845636 -0.303894865782155 479.8682936247646
-0.26801136493168815 0.12636223154209805 0.9551227094251914 276.3991351693266 0.17994376443754648 0.9804856782020617 -0.07922842097136472 -83.17067862620458 -0.9464881636387105 0.1506282566996484 -0.2855189967751165 479.5978792933204
-0.2508163337732221 0.12571599854597257 0.9598667545104269 277.40187382296347 0.17370219876782134 0.9812873939182183 -0.08313595791722984 -83.26983519189636 -0.9523492785238102 0.14587296320244691 -0.26795982343326186 479.3372174222152
-0.2339723039684875 0.125519812613025 0.9641362646431049 278.3950244359292 0.16673434615225105 0.9821246367298834 -0.08740261343221764 -83.37291405764057 -0.9578658645191497 0.1402987146052526 -0.25071813411114796 479.100004766707
-0.2169351665557101 0.12563323007600838 0.9680973184244053 279.4098871468603 0.161530211843035 0.9826372797881846 -0.09132707691322267 -83.48079105086491 -0.9627550237442236 0.1365588897280504 -0.23346207100757732 478.87428488912934
-0.19725042274774265 0.12666291542147304 0.9721649014957956 280.43582373219476 0.1595083039712055 0.9825553431773608 -0.09565562236178493 -83.59415490800734 -0.9673151864596583 0.1361942128602363 -0.21401268161652065 478.66257010148655
-0.17519509440011966 0.1297515140539928 0.9759752332347256 281.4775213196195 0.15663262445295725 0.9823298903746432 -0.10248264859790028 -83.71845459267765 -0.972019792481392 0.1349089426568567 -0.19242260127227317 478.4726262216297
-0.15197612913473754 0.13465232607374567 0.9791978441685517 282.4798995845463 0.15654292602771108 0.981455485651587 -0.11066961173076359 -83.84917243921909 -0.9759334302246873 0.13646134396455337 -0.17023654075534397 478.3099923378348
-0.1279365761661239 0.13953057945629482 0.9819469080471785 283.49380103969855 0.15508310256771063 0.9806940517154316 -0.11914990944863409 -83.99148389120934 -0.9796069016226736 0.13703384568304414 -0.14710548860940434 478.1716047207364
-0.1028418113933973 0.1426042742087067 0.9844515968254394 284.4913983178653 0.1526671357887491 0.9802114135198499 -0.12604452694753876 -84.13295351182857 -0.9829375122730801 0.13732478286215588 -0.12257888947030424 478.0672106795571
-0.07727015604444538 0.14407024926657042 0.9865752028838293 285.5134052587536 0.14884974611368523 0.980086468097562 -0.13146751203316726 -84.28296160496946 -0.9858618667966201 0.1366869539106457 -0.0971777461476937 477.98877861176936
-0.051888739691394355 0.14500480873985663 0.9880983616800434 286.56194725898354 0.14371083477977784 0.9801931316626502 -0.13630118091814555 -84.4412573478062 -0.9882840468033648 0.134921855632808 -0.0717013302997773 477.9351561552387
-0.026251132327166995 0.14628207097470927 0.9889236904269803 287.6044738647443 0.13788066136621163 0.9803153271282764 -0.14135185064345354 -84.60406186089443 -0.9901266404170895 0.13263668661459616 -0.04590561872779893 477.9104705425494
0.0005624987735243052 0.14691573539842626 0.9891775965586274 288.65815512795757 0.13124533652901527 0.9805866744259615 -0.1457178601257337 -84.771861049978 -0.9913751226818892 0.12990085816220356 -0.018732235440325415 477.915840625388
0.02750704420037715 0.14664179633108132 0.9888355536668092 289.73528579177474 0.12174863389083582 0.9813302650473994 -0.14891899214580956 -84.94444488595148 -0.992205098195366 0.12447956353613947 0.00913810131509175 477.9535467746095
0.054504597096686175 0.1468623061546319 0.9876824477749239 290.80764554297485 0.1138913205943303 0.9817594360097888 -0.1522699974152616 -85.12013366174519 -0.9920222968441691 0.1207818576046844 0.036781948385416104 478.0170693140698
0.07962514996681994 0.1505371084885616 0.9854211662716371 291.8851817896913 0.10172242243929133 0.9821482586099857 -0.15826013741436834 -85.30739083650265 -0.9916466943034415 0.11283486698195867 0.06288841505572117 478.11392300914343
0.10504424166484132 0.15374182978903483 0.9825408796820927 292.95697849414717 0.09295307949511016 0.9821390371115891 -0.16362035537187683 -85.50078585663265 -0.9901398580797272 0.10851135260750915 0.0888745442622888 478.23314231250123
0.13035395351219597 0.15762596661943942 0.9788868262013719 294.0378285362407 0.08538176693417528 0.9818338061435278 -0.1694739990619044 -85.7043898751936 -0.9878102965468958 0.10566444428519965 0.11452451228090887 478.380127577425
0.1553718883624114 0.1612555046932876 0.9746355398574702 295.11801213540645 0.07653175518272173 0.9816617104326204 -0.1746214845792731 -85.91382872213575 -0.9849131695377441 0.10171564079505543 0.14017818050653863 478.55661882466126
0.1802996410075807 0.16487030759617477 0.9697256394535505 296.2046695160047 0.06803952917139704 0.9814052328030252 -0.17950969988202362 -86.13016858873499 -0.981282091699163 0.09833906843342345 0.16572590819100963 478.7616515487407
0.20560997241600126 0.16506822773263444 0.9646425928028259 297.27492014981635 0.061759205624805184 0.9815240698226635 -0.18112375404576986 -86.34194700338774 -0.9767099753678977 0.096810392721671 0.19161289799413184 478.9938290199798
0.23068487497376644 0.16493172029117895 0.9589789179702967 298.3615292063633 0.05506307642609006 0.98174269969108 -0.18209532204733156 -86.5582205777924 -0.9714960443020384 0.09480500857195837 0.21738757960165644 479.2609110129855
0.2561010839423731 0.16485579095372105 0.9525194298046763 299.4461079256088 0.04956612260679357 0.9818194733978949 -0.1832564574338907 -86.77696724835569 -0.9654052715322247 0.09413894134818639 0.24326970998034161 479.5570394880711
0.2811138420936237 0.17027624910974584 0.9444789675345237 300.53838179542566 0.04068310428055548 0.9811393190413945 -0.18899745302192658 -87.01160199917129 -0.958839098109048 0.09154816024121099 0.2688799042821942 479.8907957753873
0.3057884436969351 0.1734714916064404 0.936194566055559 301.55770254583035 0.03643675852538028 0.9804144329372603 -0.1935694728430003 -87.23571242711093 -0.9514295414559535 0.09329721373109645 0.2934738231305973 480.2323036723731
0.3288221487879959 0.17668592532440777 0.9277482074504722 302.59370005267897 0.027741313498892764 0.9801169386832487 -0.19649490459462804 -87.46766015756717 -0.94401194514478 0.09034280369327144 0.31737786815055397 480.6149182968622
0.3497632029501683 0.17621277132090554 0.9201487014532306 303.60526891920927 0.01899801713417288 0.9806204908339257 -0.19501808697505305 -87.68937601555974 -0.9366732621747902 0.08568516318872416 0.3396322293230927 481.0171409631003
0.3706983858355822 0.17522587690503813 0.9121063892485514 304.6140792016792 0.010962580743492562 0.9811526273522357 -0.19294918854997192 -87.90933541572511 -0.9287168510885502 0.08151899165642564 0.3617854091089076 481.445060068156
0.3911920377607306 0.1731360721859246 0.9039093500758667 305.6238230110905 0.005737382659662681 0.981672115144706 -0.1905168875817925 -88.12799307553998 -0.9203198358391372 0.07970873432599175 0.3830234848397817 481.89531921468466
0.41107550147786026 0.1732861193235893 0.8950127657809387 306.6329314554551 -0.00021027352810564642 0.981790269627407 -0.18999354197057686 -88.35094857181952 -0.9116302711450386 0.0779075220677696 0.40362086645754375 482.37274171722567
0.42919424110092486 0.17548608545823194 0.8860343557619133 307.64518586399305 -0.008092588003464959 0.9816574093346139 -0.19050815002244917 -88.57926675260786 -0.9032053357994728 0.07458857769300198 0.42273603367190715 482.8812073932881
0.4470500843987192 0.1764104091740624 0.8769755997861696 308.6531854155389 -0.012663906396058204 0.9815158058993101 -0.19098737152937517 -88.80931729657655 -0.8944495074497494 0.07426883266804789 0.44101456560728014 483.40580382250806
0.4627646512835267 0.1776939567618002 0.8685249272310774 309.6600739731411 -0.018359436807662343 0.9814210182049397 -0.19101332769053772 -89.04100267777062 -0.8863218914522536 0.07244237796816128 0.4574226673537559 483.95469207710886
0.47606297335048214 0.18088872764782532 0.8606431345435475 310.6764628023361 -0.027384312888702522 0.981197006371493 -0.19108352528402847 -89.27704135977062 -0.8790161327708373 0.06739351442642078 0.4720583427351299 484.5331351147176
0.4884566680211937 0.18235432847560695 0.853358373035093 311.67990071441926 -0.03231751961913966 0.9810352184389629 -0.19114409382165687 -89.51232901329548 -0.8720211028397271 0.0657809439688151 0.4850794959475537 485.1170979394966
0.4991592592077526 0.1847468877910402 0.8466241688680077 312.6948934348197 -0.039706948537954215 0.9808630279451188 -0.1906342176476608 -89.7505730796414 -0.8656318903457924 0.061533764126697324 0.4969355608866416 485.72754421102184
0.509300129367501 0.18573538808454462 0.8403448967927284 313.7122259710265 -0.04409540413303858 0.9807874784600366 -0.19005684853148583 -89.98931072823424 -0.8594909578459208 0.05973454057467788 0.5076981643497276 486.3508723984902
0.5190033607271071 0.1867002699145116 0.8341721440885678 314.7278864535904 -0.047615957107400526 0.980659965129756 -0.18986606873787873 -90.23007507653928 -0.8534780023895497 0.058815212111125 0.5178482983723501 486.98864352556046
0.5280962987074241 0.18823421348585603 0.8280980949832442 315.73003618010716 -0.0500900368133112 0.9803355059609472 -0.19090028746084223 -90.47299541137954 -0.8477394359449066 0.05932859513044629 0.5271328905761065 487.6318968731119
0.5357460418185278 0.19251243867439283 0.822179068594868 316.7318962313457 -0.053421744362718966 0.9794455606780239 -0.19453007140485748 -90.72418134318292 -0.8427211480751549 0.06029084564645043 0.5350113099637914 488.2907775250111
0.5437689820552825 0.19469529994527254 0.8163776674115947 317.7293773880029 -0.05556983668301801 0.9789417794032853 -0.19645562946364936 -90.97595357858778 -0.837427157755355 0.06145471614092571 0.5431300925801095 488.96109763255123
0.5497110930619226 0.19520474191602163 0.8122667569731905 318.7083128447274 -0.058000225847206384 0.9788921626695046 -0.19600096567832564 -91.220004614605 -0.8333734973703764 0.06062635721032484 0.5494222044998742 489.6294732584329
0.5541622840183239 0.1944892132995171 0.809409165304372 319.68370895219715 -0.059358022375982755 0.9790854529440097 -0.19462541024589497 -91.46115109557239 -0.8303248411238814 0.059803348722804295 0.5541086745998418 490.2978336902026
0.5569801002729997 0.19435409309122662 0.8075055494079811 320.65079093093624 -0.061394906946235145 0.9792148303757696 -0.19333950807105446 -91.69883632067733 -0.8282890787181884 0.058103770973010054 0.5573272191910275 490.96845621829385
0.5594303280602605 0.19305636633641401 0.8061217064022673 321.6026535213168 -0.062492032212848755 0.9795595750799304 -0.19122970238364329 -91.93051304328222 -0.8265536543777883 0.05659765345202111 0.5600515127497117 491.62898904291274
0.5608804797443373 0.19294153835682462 0.8051410442054692 322.5644702707896 -0.06367413441277625 0.9796440570187309 -0.19040701996572412 -92.16485015887461 -0.8254799828756676 0.055522997907632266 0.5617399971490885 492.30174569716786
0.5624876479726034 0.19243128227027514 0.8041413769060508 323.5573220834098 -0.06419829469951535 0.9797741378776944 -0.18955959751309062 -92.40697299867072 -0.8243451777744688 0.05499451938281473 0.563455902150991 492.9949504803156
0.5644432685934604 0.19240034631514213 0.802777885310245 324.5360197597336 -0.06541356982606897 0.9798314513415823 -0.18884725233194935 -92.64540126427093 -0.822912455671138 0.05407522181394836 0.5656356245373209 493.6848174146122
0.5650678397506638 0.19463396964225985 0.8017995814809776 325.48967874651487 -0.06710490176676509 0.9794047929491988 -0.19046056549529508 -92.88309466881263 -0.822347438544854 0.05381288122481977 0.5664818418694115 494.359245899181
0.5658536828919721 0.19498594534000813 0.8011595908853482 326.4506437351621 -0.06554617482821469 0.9792040084090741 -0.19202931696384576 -93.1249309935327 -0.8219323460135657 0.05614201730231189 0.566857808394855 495.03106427620327
0.5662305810154555 0.1958732457261241 0.8006772774851167 327.40302701617344 -0.06476269065566832 0.9789301233186064 -0.19368701563934784 -93.36741015536803 -0.8217355061785835 0.05781187330496033 0.5669757977874139 495.69677832952993
0.5661820582160363 0.19591275237395814 0.8007023253826151 328.33952171477256 -0.0646941584287593 0.9789170487747145 -0.19377875955422078 -93.60378616134446 -0.8217747776995706 0.05790765988117802 0.566909505411541 496.35206448978323
0.5657256338479083 0.1952805590274371 0.8011790794084912 329.26911819195726 -0.06495496355825332 0.9790953346903254 -0.19278686569930953 -93.83548333680963 -0.822068196216079 0.05701817403839317 0.5665738287441716 497.0010561528046
0.5641152380434019 0.19440156116432994 0.8025273663529054 330.1939301685712 -0.06549007325219192 0.9793689961995902 -0.19121097610191728 -94.06391524592651 -0.8231320941111411 0.055302235615026174 0.5651982445944957 497.643688727992
0.5612908673647545 0.19383987949724707 0.8046405701248205 331.11981424401023 -0.06553536767124504 0.9795496194265889 -0.1902669329101588 -94.29148129900858 -0.8250569059386512 0.054057477662873804 0.5625055250149253 498.2794684238105
0.5573141194300973 0.19298100399343587 0.8076056501964571 332.0477383707236 -0.0655004554138388 0.9798098595102727 -0.18893532119495815 -94.51792842026441 -0.8277510908961928 0.052392869955071364 0.558692337870142 498.908699812651
0.5524888947166777 0.19273082932067126 0.8109734505494655 332.9786967449014 -0.06468356156115133 0.9798868521527881 -0.18881331744377866 -94.74118535110902 -0.8310432691546568 0.05185514836298834 0.5538336298155555 499.53092990469383
0.5468037477287142 0.1936017226863984 0.8146115808589699 333.8866871652191 -0.06414863807652421 0.9797336013998421 -0.18979106582724808 -94.96430163042095 -0.8348366452433965 0.05151661456430272 0.5481313408410132 500.1281966580467
0.5389549506799772 0.19626138490741765 0.8191929270039066 334.7772879313524 -0.06357954686124971 0.9791891482668768 -0.1927690884636303 -95.18875411167288 -0.8399684175348303 0.05180435761872551 0.5402070821256757 500.69979826532636
0.5304018223704615 0.19785721370025527 0.824375288983581 335.65952522199024 -0.0626220925383312 0.9788782434320489 -0.19465359795416762 -95.4119596447141 -0.8454669174587236 0.05161465521991697 0.5315788825901524 501.2506245501902
0.5206044606243113 0.1972911422172837 0.8307321173505225 336.5401994684033 -0.05690031318428877 0.9787986999818317 -0.19680201420759025 -95.63556477674886 -0.8519368697821319 0.05518201826188075 0.5207827579586175 501.77517541614264
0.510682235643742 0.19726627524927773 0.8368741684871231 337.4221477866884 -0.05238938459784095 0.9786623527968669 -0.19872342991435454 -95.8613126082434 -0.8582088728279867 0.057636381856005246 0.510110232024789 502.2876821295241
0.5005884267837437 0.19693850873596042 0.8430274621946604 338.31071773353926 -0.04631790077815654 0.978486578160215 -0.20108420845768857 -96.0892620638761 -0.8644824559783958 0.06160824855811251 0.49893099090205184 502.7848025403949
0.48950478870446734 0.19673258143052003 0.8495591104266111 339.20190703779275 -0.042014672906369684 0.9784164556425489 -0.20236850932675587 -96.31752849379352 -0.8710253960478276 0.0633617895457881 0.48719563693259377 503.27047516915286
0.4781968761697052 0.19585077684992105 0.8561773117969731 340.09507749976507 -0.03562724610397359 0.9783510771344381 -0.20390405344951426 -96.54459151791367 -0.8775667771258119 0.06699812005905134 0.4748125112191025 503.7348214683281
0.46680069305835986 0.1973440593685866 0.8621032407266225 340.9752686591771 -0.02875135976934963 0.9776651264655126 -0.20823397098753824 -96.77498735470509 -0.8839316624108923 0.07241213113535895 0.46203927455755023 504.1752663645878
0.4548041221121951 0.20083078325039103 0.867692213043809 341.8467838171124 -0.021658441154270104 0.9764582823262045 -0.21465743771693424 -97.0095756501067 -0.8903647760736021 0.07882875884455602 0.44843764175027406 504.59124330426147
0.4431664425155144 0.20975549739694446 0.8715935612111978 342.675291343337 -0.018123453240044708 0.9741470034063757 -0.22522545276395378 -97.24979718573564 -0.8962922454824851 0.08401053095103608 0.43550175982122136 504.9763989789456
0.4280831746604271 0.22023033268257583 0.8765343860903675 343.478998140228 -0.017355443785935735 0.9716878458867954 -0.23566637305749819 -97.48706904595126 -0.9036082653625493 0.08566662377083879 0.4197768156784946 505.34073104802087
0.41101707652356056 0.228129949134396 0.8826611615034708 344.26061212577093 -0.014048951724730026 0.9696623743988746 -0.24407875877667193 -97.72169439696984 -0.9115545597318566 0.08791446479352694 0.40174442262530774 505.668860166807
0.3935770854892806 0.22949003496127934 0.8902247088013849 345.01975268420995 -0.008290119311753875 0.9691955202149988 -0.24618734596868813 -97.946216503696 -0.9192886137867022 0.08950805464036363 0.3833474267511377 505.9603552080204
0.370935842562995 0.2298821308647306 0.89979425987607 345.7694623538635 -0.0054846579632147514 0.9694121872200185 -0.24541191948107932 -98.15885327485226 -0.9286763624092347 0.08609147603794715 0.36084243436669333 506.22941965108004
0.3467254003472043 0.22807045456086322 0.9098540617525595 346.537309391788 0.001143214545183794 0.9698940177078629 -0.24356068002570047 -98.3626661369823 -0.9379999353838384 0.0854832553418287 0.33601865512884255 506.477390556902
0.31970035694115184 0.2246520476628112 0.92053909613706 347.302084984484 0.009529104998087278 0.9706849575398407 -0.24020380556528734 -98.56017998379888 -0.9475042064340019 0.0855595618362077 0.3081803390416668 506.69408468610385
0.29076849789711956 0.221427148015113 0.9308561002303385 348.0949927980016 0.019680328967420595 0.9712726353307077 -0.2371932274607565 -98.76133174640368 -0.9566240224162416 0.08728221071268384 0.278050905175107 506.88628781592126
0.25931273590066295 0.22120896392817133 0.9401559878969894 348.89585952071155 0.03128652797088345 0.9709914907456438 -0.2370982865136441 -98.96870103954795 -0.965319032015425 0.09089117069860211 0.24486303573746404 507.04693779866165
0.22584149490228486 0.22594516665031275 0.9476362140523437 349.7163992089658 0.0444469258174798 0.9693385243760763 -0.24171689803708118 -99.18979211475485 -0.9731818592262611 0.09670326641472443 0.20886815226756245 507.17866046535033
0.192114055092221 0.2327395680699212 0.9534117549523383 350.5129783679154 0.05799869099420321 0.967091309942429 -0.24777032933624893 -99.41217829792949 -0.9796888013412669 0.10289096442638837 0.17228754973799096 507.2723927431434
0.1557972429391463 0.23978242729928495 0.9582802304011175 351.3167779515256 0.06834091742043642 0.965159208676204 -0.2526192135625248 -99.63980375470337 -0.9854529691246751 0.10484145252013631 0.1339770090360859 507.3391658049438
0.11730873692812416 0.24342176011370614 0.9628364786459604 352.1126755625469 0.07878545041522098 0.9641679540034195 -0.25336207133123634 -99.862903117921 -0.9899964012432311 0.10557310346371396 0.09392275840552065 507.3705028256625
0.07917067937088004 0.24303067156889704 0.9668182201722725 352.8894488550127 0.09073303120899587 0.9640538902238525 -0.2497703931318342 -100.06993221269427 -0.9927538654739156 0.10749111854489145 0.05426990966301514 507.3650747354413
0.041836035896082285 0.24075932308112385 0.9697186422539904 353.67778616723035 0.1016252996240797 0.9644834676199716 -0.2438488997352156 -100.26955269807792 -0.9939734382045478 0.10874364006098154 0.015879711764065725 507.3285970893735
0.0036659264315118054 0.23726766951559483 0.9714731489794873 354.5036427266596 0.1109879453965493 0.9653552662377661 -0.23619721424095805 -100.46854308086277 -0.99384557199096 0.10868192769493398 -0.02279785502548962 507.2595214560258
-0.0366355773695277 0.23583870082108335 0.9711372013134726 355.3253728479735 0.12165197899874641 0.9655885308208116 -0.22990668705328884 -100.6646327619743 -0.991927068771605 0.1097125217250567 -0.06406756001872667 507.1535798736571
-0.07666799286170872 0.23562003869976614 0.9688521552148627 356.11459335611795 0.1349117463104062 0.965201021477304 -0.22406087132662403 -100.84775337002266 -0.9879177549099719 0.1135257064957976 -0.10578980783308353 507.0109984166568
-0.11650563034652332 0.23583929847983368 0.9648190031795237 356.8672428820216 0.14614882548945382 0.9649044191550431 -0.2182171308603249 -101.0202194735442 -0.9824092433752318 0.1155776975887571 -0.1468854827659124 506.8463323523428
-0.15613495765443952 0.23745402957821868 0.958804900109038 357.61929867075685 0.15500964769664077 0.9645459744191112 -0.2136386681817528 -101.19477214225468 -0.9755278212391993 0.11526145981005224 -0.18740761162350464 506.6503178548143
-0.1914206385473946 0.24097627640409827 0.951503158912806 358.34760092284887 0.16681761457045607 0.9632866556861268 -0.21040590995050834 -101.3628792843375 -0.9672595592002805 0.11844502177945858 -0.22459180315587435 506.42673263681564
-0.2223760582901731 0.24499064513626834 0.9437149875816875 359.09071820805076 0.179380560665672 0.9616818723196757 -0.207391363570867 -101.52614105886767 -0.958348827019684 0.12315879389854774 -0.2578011071661019 506.1698702254282
-0.2503055769222178 0.24660757507813413 0.9362698287835143 359.78286933492814 0.18919543373413414 0.9608418933375377 -0.20250507918731636 -101.67800517016136 -0.9495330171787298 0.12644333624265697 -0.28716040636284806 505.91269556129254
-0.2764799021848807 0.24609317584775445 0.9290137233463166 360.4624565011291 0.1957351007283969 0.9608250362140499 -0.19627365978818478 -101.82396413546527 -0.9409074642318701 0.12756853708002538 -0.3138171114321185 505.64358507384213
-0.2986743572330787 0.24439535829566544 0.922569141865094 361.1302849109148 0.20129507870205174 0.9610504610228218 -0.1894274456649608 -101.96293745668646 -0.9329166331879238 0.12912530546074608 -0.3362357326157978 505.36285699952094
-0.31547463336361636 0.24487411365266956 0.9168320993905482 361.8090046097691 0.2074538311824795 0.9605687995126122 -0.1851782765593574 -102.10553101316222 -0.9260117909270635 0.13177502975354527 -0.35383392369240496 505.0625216349305
-0.3300541927264141 0.24608759873108618 0.911358472427015 362.51253920184325 0.21342377692852563 0.9598863391844783 -0.18190428561422609 -102.25303331072946 -0.9195512380475384 0.13446096784762934 -0.36933359183369446 504.742251152476
-0.34415097273508555 0.24687342053044112 0.9059152916155238 363.2095695895587 0.2182067115264557 0.9594369155539977 -0.17856938617001022 -102.3986953951444 -0.9132390153670646 0.13621564794817329 -0.3840584893486303 504.41481310604837
-0.3581119639285841 0.24795668247936312 0.9001903199166735 363.90925780824614 0.22383634025917884 0.9587873077577399 -0.17505674245155198 -102.54220551922526 -0.9064839628707686 0.13879909603755886 -0.39885213273463677 504.0696540333939
-0.371735245775048 0.24854216462947792 0.894487926238986 364.6072008743203 0.22852007632238 0.9583562576303882 -0.17132477196693044 -102.68310063013736 -0.8998061722613577 0.14071447837153286 -0.41304883077239246 503.71523799204533
-0.38539882114069157 0.25026812818046645 0.8882022742860984 365.3092778892475 0.2344681704441226 0.9574972037680293 -0.16806099932222793 -102.8236370714566 -0.892497907561979 0.14347821162903782 -0.42769496646349325 503.3397880233083
-0.4001884905987292 0.25159547405324034 0.8812594702264717 366.00678390863163 0.2394587477543152 0.9568885440414239 -0.1644522499763324 -102.96319413098557 -0.8846288326432432 0.1452070279683361 -0.44317919342418455 502.95185053508044
-0.4181704133172444 0.25192806318545463 0.8727746845223547 366.68511486900104 0.24259459187355345 0.9568583618841807 -0.15997100442106804 -103.09599968645325 -0.8754093008829678 0.1448288478018242 -0.46124229528522975 502.5534351450599
-0.43804001476710225 0.2536731645617916 0.8624617241032856 367.3473430570191 0.24751036317643954 0.9563235896774804 -0.1555771171483057 -103.22470471541479 -0.8642447217350643 0.14531292358835063 -0.48169103166933597 502.13883709788445
-0.45930721013854 0.25647604284643893 0.850485928376554 367.99541489320467 0.2527699191800414 0.9555761942933183 -0.15166480770713978 -103.34977132804781 -0.8515888606805614 0.14531047817370563 -0.5037285842274587 501.7087133937608
-0.4816832420838583 0.26189198053997026 0.8363388762023272 368.6228482589706 0.2608178292990804 0.9539090544293726 -0.14849812483441682 -103.47134248780087 -0.8366683225170537 0.1465970715541613 -0.5277841680839839 501.26049899791764
-0.5072330409445956 0.263301980346879 0.8206431908595357 369.2536348749271 0.2667372416267452 0.9534044580244828 -0.1410362987589335 -103.58623187750574 -0.8195270187194559 0.1473518845923273 -0.5538262499455857 500.7833158428925
-0.5337739231465195 0.2633814025480605 0.8036066489403911 369.9009791620999 0.27248731615364075 0.9531535863170629 -0.13140903283107228 -103.68872512127545 -0.8005587552734112 0.14882389388626427 -0.5805321911622459 500.26245499165736
-0.5619046797876975 0.2633076935425873 0.7842206033396465 370.5160919458304 0.2792835099914831 0.9527192761659752 -0.11977915214228779 -103.77556055712702 -0.7786682922918836 0.1517091197156069 -0.6088688328993509 499.7216768221695
-0.5898611876394682 0.26468791807125613 0.7629378375309529 371.110489682698 0.286751499516851 0.9518479875080097 -0.10853392988313512 -103.85549046707564 -0.7549160298567882 0.1547472084007182 -0.6373511762319994 499.15793386237505
-0.618071062155354 0.2674549179021822 0.7392733936399669 371.70336999875735 0.29339147641636304 0.9508906348471913 -0.09873078429094911 -103.93393217085803 -0.7293622428437414 0.15586776645143144 -0.6661805435302237 498.5568358710131
-0.6456344410270155 0.27015682021894977 0.7143112435880734 372.2689249086013 0.299036883880969 0.9500875177497312 -0.08905012607537854 -104.00559565234902 -0.7027040894019714 0.15610558473338332 -0.6941891417224116 497.93818586395054
-0.6728269219774338 0.27248734173782635 0.6878396392523146 372.7865054386107 0.3044114683308322 0.9493256427464785 -0.07831541863958508 -104.06506697045641 -0.6743128239096683 0.15668765869579093 -0.7216727180418461 497.32265912944354
-0.6993686749935907 0.27443561873738376 0.6600280757808037 373.29058078368354 0.310019117227815 0.9484550287045491 -0.06587261349147167 -104.11225539985183 -0.6440744609362542 0.15854630295548935 -0.7483926265662615 496.6755845271549
-0.7249614571607504 0.275941402625963 0.6311542598681975 373.76585562508586 0.3147056911698528 0.9477248721924383 -0.052875425072338555 -104.14742033881062 -0.612741008474427 0.16028950260301691 -0.7738966803942202 496.01639565414655
-0.7492151109601737 0.27716840417717703 0.6016000015453442 374.21428131216965 0.3188581059751054 0.9469997186266973 -0.03921311172819657 -104.16991445001513 -0.5805742033023842 0.16244029693394646 -0.7978763756300666 495.3388933528155
-0.7712596271017513 0.27896896138827404 0.5721911631353989 374.62211129978147 0.32254762839203704 0.9461885970817502 -0.02655514701945942 -104.18250942121962 -0.5488001860903897 0.16407229913407076 -0.8197306941373297 494.66988987215757
-0.7906175111292711 0.2810422714836407 0.5440652343987815 375.00015586390197 0.3254170958505575 0.9454515653533357 -0.015506491003897581 -104.18944219607846 -0.5187367640158315 0.1647827215939782 -0.8389389532628181 494.0022644653507
-0.8073432983314742 0.2843858180902772 0.517097689353647 375.346040389449 0.32829639612103034 0.9445580812698164 -0.006916961966308685 -104.19287606531002 -0.4903872267000367 0.16417135176048342 -0.8559369745085084 493.342315846845
-0.8218144067865579 0.2889783644387672 0.49110064276252813 375.66595931473995 0.33186993794982456 0.9433329791708996 0.0002596385263774247 -104.1923469044965 -0.4631885354714169 0.1631892449750152 -0.8711403177129208 492.68531930524483
-0.83448142860837 0.29380937079972397 0.46624425948725434 375.9666401795274 0.3355235938443898 0.9420144782789613 0.006886453889102034 -104.18790450894619 -0.43717810269275065 0.16217680234117837 -0.8846658129317563 492.0252026490309
-0.8464114332437807 0.29668662038259136 0.4423034611073289 376.24816044002785 0.33803789681719587 0.941010110086125 0.01566610019445431 -104.17569445169126 -0.4115568737602086 0.16276930786097923 -0.8967648322928349 491.3667400608159
-0.8582035218714024 0.29816037103114457 0.41791643008231744 376.52150397528095 0.33927612642531857 0.9403403971425234 0.02582090315723138 -104.15410556227845 -0.38527791957487495 0.16394285712484216 -0.908154094091542 490.6846598981617
-0.8692449695500566 0.30040278129901776 0.39273107142538266 376.77848373569003 0.34107599072296224 0.9393390024480986 0.03639655305104109 -104.11803382315532 -0.3579671062122849 0.16558313715321402 -0.9189679461290973 489.9881091885156
-0.8791454669464127 0.303323538233317 0.36764793824711944 377.01618410892365 0.3431994058642435 0.9381093117690641 0.04669424925423166 -104.07518553247301 -0.33072371763405095 0.16722191296689431 -0.9288267313196649 489.28371019726023
-0.888931891925096 0.30483987737464824 0.3419623534596625 377.2299727774916 0.3436045606786889 0.9373548729379433 0.0575901011426607 -104.02737374367467 -0.3029781082708166 0.16868754514188694 -0.9379812154061916 488.5874188870079
-0.8981818271204434 0.3069256493219578 0.3148523309967711 377.4322043125893 0.34429565819577296 0.9362982463452375 0.06943510157455768 -103.96675169191788 -0.2734781720603484 0.1707616182670344 -0.9466311861855835 487.85335761791515
-0.9065268582485413 0.30875104556233135 0.28800423129423325 377.6086134623959 0.343807683323939 0.9357157594701305 0.07903981686789191 -103.90497472972642 -0.24508086934077894 0.1706637801362208 -0.9543947698947682 487.1266096923001
-0.9136738718403027 0.3129789266392656 0.25943787723051787 377.757896622218 0.3446095955548474 0.9348175170622331 0.08587455873315392 -103.84170842001387 -0.21564516928354552 0.16785982088089088 -0.9619667751577872 486.4022672033827
-0.9206485887454204 0.31596780805602936 0.22942159602279313 377.88539882652015 0.34379623449166796 0.9344728766761741 0.09261833723107447 -103.77425768681451 -0.18511923036179054 0.16413683678013136 -0.9689425633057197 485.67776692694525
-0.9264734143569907 0.3187299308136345 0.20030386583330453 377.9863636706465 0.34350494006461807 0.9334382035114537 0.10349320150227635 -103.69595415497929 -0.15398053293726977 0.1646825907704005 -0.9742840113325137 484.9706851941276
-0.9316919429974222 0.32056267715101205 0.17103166223749802 378.0718472864466 0.3422539986965739 0.9323010112088596 0.11700334724946272 -103.59906879274328 -0.12194246898952274 0.16754083487769605 -0.978324635356338 484.24593368015604
-0.9360814116099307 0.3219655730503905 0.14195578846480417 378.1368916620366 0.34019599915902515 0.9311331900366102 0.13141651652206288 -103.48827975407956 -0.08986498541624813 0.17130297164527383 -0.9811415327418039 483.5170542411641
-0.9404058966618979 0.3210911430056661 0.11224308651115573 378.1806495488712 0.33504448082472743 0.9313085401540586 0.142905632891822 -103.3756537035254 -0.058644436604094706 0.17198945902593876 -0.9833815938142165 482.7792974252651
-0.9428202666122987 0.32326079617488523 0.08157246423610462 378.1953867792283 0.3323385339021653 0.9306649924656863 0.15305629854273076 -103.26118046634973 -0.02643700406323951 0.1714078509952717 -0.9848753697941633 482.06224809398645
-0.9446792272260666 0.32405356414969094 0.051309052656341614 378.1916825875308 0.3280571593479347 0.9309121010246284 0.16060500453826626 -103.14199387580142 0.004282674122639565 0.1685460432492913 -0.9857146918784316 481.32847872570966
-0.9451753984373347 0.3259990264295307 0.020759567664337553 378.16522216919225 0.3246645429767011 0.9304908404156699 0.1696863394335968 -103.01366365895186 0.036003371885693386 0.16711688702893818 -0.9853099253599437 480.5864869286729
-0.9444248999222461 0.328715007594724 -0.008403377770438186 378.11801234753 0.3219626806416854 0.9296023760443074 0.17942472184108996 -102.87505955906738 0.06679344093357069 0.1667412333452024 -0.9837661551071128 479.83950280561777
-0.9427421249073251 0.33166508103301123 -0.03603520367338838 378.05116301517955 0.3195792051888823 0.9287791621370262 0.18775655882143064 -102.72806427164828 0.09574303966226369 0.1654837022841453 -0.9815849049742381 479.0715855558977
-0.940197262292295 0.33490393221150777 -0.06270328672736787 377.96323531712693 0.3174975991037523 0.9279110371383815 0.19542388067031521 -102.56630087657165 0.12363323468309842 0.16382279297510766 -0.978743034659195 478.29082762574495
-0.9374988647071605 0.33706889309697263 -0.0868642881581646 377.8588359773519 0.31469034950271757 0.9273879512639196 0.20232704533393417 -102.40504576395487 0.14875736912244636 0.1623395424743549 -0.9754891521756587 477.52188132269805
-0.9343091034332446 0.33982100983050517 -0.1079524154644853 377.73743630253995 0.31308453721964713 0.9267549562384755 0.20764932858461257 -102.24066016431313 0.17061137839226587 0.16020371828218702 -0.9722595762017666 476.74914830347257
-0.9316672025225817 0.3410708990946807 -0.12542571951611614 377.605823847825 0.3106500777640443 0.9265629674028675 0.212113268424046 -102.07579987577311 0.188562433409273 0.158648678227205 -0.969193524068131 475.980040861197
-0.9296759533808734 0.3400812820968139 -0.14181535258248812 377.46371960657314 0.3064620334366512 0.9273368298565514 0.214804699315585 -101.9083196222929 0.20456334559342584 0.15623091216002621 -0.966336822941629 475.193789156947
-0.9271608270835955 0.34027333728368003 -0.15700376807216096 377.31124865194164 0.3036910011614192 0.9276905878659076 0.21719680038353503 -101.74098927936708 0.21955865653049653 0.15368861904088715 -0.9634492674289581 474.4190317186017
-0.9245880397666647 0.3407484551130476 -0.17056076273113316 377.144629611578 0.3010912574660901 0.9276252525206199 0.22106195311515428 -101.56218392494964 0.23354452298176448 0.15302954898761786 -0.9602602005994398 473.617160359562
-0.9226059760291032 0.33961825799169015 -0.18308658434608463 376.9658429174422 0.2970648454462528 0.9280747381323516 0.22459406181803085 -101.37271758417376 0.2461957650857488 0.15281591552165064 -0.9571286882818701 472.7873248532014
-0.9205181889210594 0.33916052917632067 -0.19411236566787549 376.77562295130167 0.29390901940703884 0.9282295494865631 0.22808077429162785 -101.17896745953507 0.25753823182054575 0.1528937172422395 -0.9541266260656829 471.9601934859801
-0.918824419741941 0.33948646710708635 -0.20142974985038042 376.57451837112467 0.29213946031036603 0.9279666663041177 0.2313987446792126 -100.97443816296722 0.26547834013633326 0.15376164962626226 -0.9518081947587461 471.1063417925537
-0.9165612960526903 0.3418908767619933 -0.20758201049738817 376.37096357964884 0.29268442724145854 0.9270157940777993 0.23450127972184365 -100.76884953487992 0.2726071936250304 0.15417090818176968 -0.94972483069802 470.25801568501566
-0.9148626017055588 0.34399471363138806 -0.21156289201631046 376.1696655951657 0.29378774089881565 0.9263405052469595 0.23578748334710983 -100.56601989352325 0.27709044480543105 0.15355059569832732 -0.9485272654669267 469.4189442999533
-0.9140913754267096 0.34481598196951163 -0.21355300537791308 375.96929036000574 0.29475321766375184 0.9264305832812031 0.23422481664824854 -100.37074690317645 0.2786074957238791 0.1511495170469119 -0.9484686943027133 468.59394808575985
-0.9138397162003109 0.34414904351545406 -0.21569527731896818 375.7726505952083 0.2947852998864149 0.9273157267472835 0.2306542634328466 -100.18401756311087 0.27939794944840346 0.14718926624177697 -0.9488588117122787 467.78626148310985
-0.9130697559184688 0.3454148341139508 -0.21692786030720485 375.5685376813378 0.29630998273017917 0.9271930864073267 0.22918818732837498 -99.98716435738254 0.2802998844948494 0.14497895817571457 -0.9489329333189186 466.9455509163768
-0.9124261010973812 0.34717821452458236 -0.21681884628539033 375.37022501263465 0.29742706214434383 0.9262546736717603 0.2315223018430057 -99.783424139161 0.2812096796463571 0.146751808245457 -0.9483908978415069 466.1042235614021
-0.9121346047502567 0.34824271505107024 -0.21633834814114047 375.1682837092109 0.2975255257892841 0.9253256688608017 0.23508432142598648 -99.56741296341342 0.28205049104831903 0.15005496397801646 -0.9476241243410604 465.2387593646125
-0.9120845869060183 0.34855587804924315 -0.21604486710939097 374.9613340607159 0.2972361862002201 0.9248582699672353 0.23728072812451012 -99.34574348944994 0.28251705451312215 0.15219618611873129 -0.9471434020547435 464.3502316824508
-0.9116715547944673 0.3493125192213652 -0.21656753389633854 374.74910869055503 0.29787532958697827 0.9246157698565294 0.23742461415506638 -99.12550723034491 0.28317760258816654 0.15193546279243278 -0.9469879428726137 463.4575970925917
-0.9108398780938665 0.3508027280030875 -0.21765434701334657 374.529407606155 0.2994645532070264 0.9243188014752991 0.23657952381503292 -98.90470728718707 0.28417534439757064 0.15029866098491 -0.9469502075570202 462.55223075266696
-0.9108268897969655 0.35040141643835193 -0.218354399632518 374.3106555965647 0.29901997628970495 0.92452696168706 0.2363281335151214 -98.68416944267256 0.28468465616678784 0.1499543417701476 -0.9468517292618946 461.63851218222516
-0.9108320393754025 0.35004467260824734 -0.21890584356477846 374.09118564458277 0.29870580019490095 0.924744539880318 0.23587469270409708 -98.46455731199785 0.28499903148924705 0.14944645807698806 -0.9468376744328011 460.7264074755187
-0.9101330233231661 0.3513756954812488 -0.21967529336999156 373.8679285481227 0.29990909667132054 0.9243327264552212 0.23596002794724658 -98.23961405704318 0.28596427016049014 0.148865218022795 -0.946637952195768 459.8058566341287
-0.9097262141760167 0.35225079299085377 -0.2199595629917644 373.6401281043681 0.30054940629986604 0.923952833225196 0.23663148528641934 -98.00657560397434 0.28658661749752984 0.1491537841634988 -0.9464042969748127 458.8584832604433
-0.9094986415409143 0.35258589508957205 -0.2203599043242973 373.4073098147633 0.30067570072759087 0.9237842764206858 0.237127243644228 -97.76919340136021 0.28717364919408167 0.1494025721883976 -0.9461869135181286 457.8930659409783
-0.9088124037216817 0.35378001004116955 -0.2212758942275419 373.17010370732294 0.30181111340808525 0.9234718448169297 0.23690082655891387 -97.53305699216706 0.28815380660409246 0.1485072471404712 -0.9460297608311767 456.92788227792715
-0.9083046284476082 0.354761804653395 -0.22178821694749573 372.9331655946112 0.30263196407839943 0.9231227820415666 0.23721344486440604 -97.29358805941524 0.28889301189972233 0.14833425145041776 -0.9458315777042036 455.9545166838806
-0.9079974373402712 0.3553667685023255 -0.22208033454503442 372.6948223532479 0.30296764010623173 0.9228176677859209 0.23797261504621597 -97.05137652817523 0.2895080194399041 0.14878787088472065 -0.945572359452788 454.9752958498327
-0.9077125999869124 0.3557590954530463 -0.22261764791332947 372.45435625018337 0.30324436489204754 0.922696677817787 0.238089938989934 -96.80950681907431 0.2901117666433093 0.14860207920997065 -0.9454167609452289 453.9939752235629
-0.9076917940297237 0.3555182113588622 -0.22308913248634257 372.21620186485575 0.3028263903433407 0.922752030411899 0.2384076815056403 -96.56710461207386 0.29061460446914283 0.1488358506519978 -0.9452257179850134 453.01091616375817
-0.9075904643431497 0.3554990344650315 -0.22353090145751336 371.9743974205096 0.30254146402909865 0.922681763593136 0.23903995941467499 -96.32094949479342 0.2912267768618162 0.14931529735032378 -0.9449615945440428 452.01949906825797
-0.9078354679216547 0.35495384130404495 -0.22340177379122841 371.7306136888568 0.30146970523055916 0.9225786990798823 0.24078583606863668 -96.06604371984074 0.2915738258984113 0.15123739030870792 -0.9445488477534274 450.9993592221873
-0.9077216180815233 0.3544012381533211 -0.2247403422870287 371.47797061530036 0.30134204753188637 0.9231673408713768 0.23868082974665458 -95.81582901588905 0.2920615296011763 0.14892452300652517 -0.9447659086058486 449.97976964996457
-0.9073834349101791 0.35474662786878136 -0.22556210364672133 371.2207150938138 0.30162638044305595 0.9231289754722432 0.23847116939745716 -95.56110946270981 0.29281921459598415 0.14834204011092045 -0.9446232063533528 448.94593733999744
-0.9073161206606775 0.35463999194890056 -0.22599987806840846 370.96629757076994 0.30145555264073576 0.9231909507157819 0.23844680777357916 -95.30815809537809 0.29320337392967255 0.1482105634971954 -0.9445245062862863 447.91746290718453
-0.9074443508798749 0.354748013475742 -0.22531463916299868 370.71369695060577 0.30083333305411797 0.922689105598949 0.24115934831660196 -95.04666923871092 0.2934457195062119 0.15104952933638793 -0.9439993723761854 446.8766101798596
-0.9078042764922507 0.3538953977018474 -0.22520618987653523 370.46191528418007 0.3001753502568218 0.9230642454039978 0.24054318214050904 -94.7916872049633 0.293006259814944 0.15075793461842676 -0.9441825445326361 445.8416259059733
-0.9085986640141807 0.35275637797689935 -0.22378446024417584 370.2113484179371 0.299470604926582 0.9234799462810203 0.23982437550529237 -94.53253389780365 0.2912597577384176 0.15088040597647184 -0.944702956856163 444.7883921783359
-0.9100910518789356 0.3496722678193391 -0.22255692041891004 369.9737005604832 0.2972624555549304 0.9248051479406174 0.23745356160104827 -94.28691265407195 0.2888525904126088 0.14993974182710815 -0.945591202414228 443.7665525924296
-0.9118635492469364 0.34626517560330106 -0.2206203957693903 369.73721143468265 0.2945318489109209 0.926030792046558 0.23607650558023577 -94.03622809658953 0.286046220290442 0.1502829107717427 -0.946389398256087 442.723777773477
-0.9128260842298073 0.3452091574081959 -0.21828130631942422 369.4972652719657 0.2948666128892487 0.9267948266659891 0.23263555316671644 -93.79178308867776 0.28261019874677784 0.14798501253785565 -0.9477825978049954 441.6877130447386
-0.9150964073657994 0.3411731869826156 -0.2150978520418813 369.2696699305741 0.29215326280874115 0.9283947662642686 0.2296588961273259 -93.55157352238272 0.2780498210091402 0.14731172573801743 -0.9492352297492284 440.6468780463079
-0.9171157852698335 0.3373000297684229 -0.2125915614147184 369.0426689694904 0.2903710682574433 0.9304314311444913 0.22359705931738427 -93.32072477914652 0.27322158622901993 0.14332738440397763 -0.9512453197376975 439.6048617777227
-0.9193009576578112 0.33382948138488777 -0.20859483265796114 368.8177300575198 0.289098365565466 0.9322007199555195 0.21780074581766662 -93.09462271332804 0.2671612095096068 0.13991357695121553 -0.9534724747720527 438.55439276208915
-0.9225515486211017 0.3281802842169222 -0.20313816595996387 368.6107459754488 0.284621883250494 0.9339402115036408 0.2162408250012143 -92.87079361472935 0.26068543830445123 0.14166922764248185 -0.9550050359137856 437.5196042038293
-0.9262556944795303 0.32169565497679453 -0.1965470033771305 368.415003527195 0.2792766901264778 0.9357359298022112 0.21544410758984725 -92.64568323189573 0.2532242674415918 0.14465922738954204 -0.9565626129758484 436.48693331324773
-0.9290101771364655 0.3180670774655789 -0.18932063943631833 368.2195884316171 0.27674457935407015 0.9365023986889093 0.2153828397669873 -92.41445797908979 0.24580616244630413 0.1476928235808849 -0.9580335764623444 435.4350718796297
-0.9314523486066384 0.316487090502594 -0.17972462067552797 368.03235813178566 0.2767762270661791 0.9366029867258316 0.2149023368764007 -92.18074023919053 0.23634547163905978 0.15042120173431 -0.9599870997589226 434.3685482047871
-0.933798943053064 0.3164038454612233 -0.16726233764825651 367.86121583608764 0.27892546924169875 0.9362114106615633 0.21382701665390755 -91.94824241063355 0.22424992054675308 0.15301116815277566 -0.9624759872840454 433.3058187124197
-0.9360131475224743 0.31682351232844774 -0.1535259654540971 367.70619578231106 0.2822601354384835 0.9359416155734762 0.21060726387641016 -91.72879545536225 0.21041846078230192 0.1537902781070939 -0.9654697543913721 432.26426447064625
-0.9384518173262951 0.31585591192970025 -0.140040653133777 367.56193131848806 0.2844661697250617 0.9363682689475451 0.20568535268800534 -91.5127355846225 0.196098202553016 0.1531823498847717 -0.9685765623892317 431.1881556116077
-0.9409404443591142 0.3133684803320707 -0.1284528324559992 367.429881639487 0.2854549447252668 0.9379095609703888 0.19711504818044084 -91.31136695213922 0.18224823457776998 0.1487996052009992 -0.9719592271523139 430.11263185269206
-0.9436753231585191 0.3098749822755161 -0.11628806501757032 367.3116758876877 0.28511180087736937 0.9395050100917485 0.18988008932794853 -91.11415749750432 0.16809413850117505 0.14602397960186386 -0.9749263031932232 429.014862518172
-0.945624615340465 0.30817559206969725 -0.10435669319157151 367.2054514585998 0.2860996384619922 0.9403021514072929 0.18436831632894296 -90.92552705843973 0.1549467642533937 0.14448049689773018 -0.977331246908059 427.940319853054
-0.9471405500995623 0.3077871933960092 -0.09088519150648337 367.1112705437329 0.28816267350210323 0.9402691754253184 0.18129676302681383 -90.73184990458631 0.14126001723607387 0.1455173552133527 -0.9792492227736198 426.8519321788033
-0.9483519396127814 0.3078690644482802 -0.0768994571445925 367.03565687866404 0.2906817293339562 0.9400070331039229 0.1786142461467393 -90.54287046606487 0.1272786111196035 0.14702946444823173 -0.9809388916210816 425.78042581853117
-0.9494197491029269 0.3077916024365129 -0.06272808124133648 366.97706269468944 0.29309995215727574 0.9398477991172396 0.1754727866150212 -90.35962313844125 0.11296680905249637 0.14820525128983372 -0.9825133912138022 424.71244770042364
-0.9502605876133355 0.3075634084107062 -0.049772876781777824 366.9307843878821 0.2952833126826305 0.939982732445601 0.17103320261262628 -90.18340139575741 0.09939243240004839 0.14782264947067622 -0.9840364634539355 423.63695053219635
-0.9518154905913853 0.3045514864868654 -0.03692606990542647 366.90535768581367 0.29450988670061035 0.9407804172138867 0.16795332351669545 -90.01239350541532 0.08589312807248775 0.14897882551780417 -0.9851323472470448 422.58272607342536
-0.9531165064916128 0.3017771733305673 -0.023821774603740214 366.89445002831707 0.2938841853267589 0.9412897464810694 0.16618639915742872 -89.84129414020391 0.07257797793936213 0.1513876972211214 -0.9858359595268023 421.533363479418
-0.9541555508201794 0.29920330929416755 -0.011522134914789164 366.8961793724948 0.293338501729832 0.941767859978827 0.16443324595223785 -89.67106558853968 0.06005378076611891 0.15350848841732392 -0.986350405578223 420.4768812365516
-0.9544577597426505 0.2984606173263046 0.000302078293072652 366.90551805069964 0.2945932709153018 0.9419097234387608 0.16134896911651295 -89.50466520972071 0.04787545865798146 0.15408297807324378 -0.9869269914916525 419.41433350633736
-0.9549182815077043 0.29674034965808027 0.012005346554323585 366.93024330569426 0.29484825045289986 0.9424280171054069 0.15781752080031256 -89.34418992129038 0.03552073117451669 0.15423586779385015 -0.9874244788018405 418.3536414717949
-0.9550371926556471 0.29567896497999024 0.02336336798566787 366.9656292295025 0.2956678523799259 0.9428290409390158 0.15383815710894821 -89.19291283430674 0.023463311380440215 0.15382203316454418 -0.9878490635723992 417.31733811751184
-0.9546806386514308 0.2955994815196713 0.03569623177042956 367.0130490428745 0.2975406722978309 0.9426975183064223 0.1510090127586289 -89.04306557943367 0.01099168122183257 0.15477981032021354 -0.9879174261260111 416.29387842661595
-0.9541935796087366 0.2953108608367475 0.048727488771405654 367.0733003065897 0.2992936567139858 0.9424884617786637 0.14883458223487567 -88.89021807451479 -0.00196830076490199 0.15659428908147555 -0.9876909287862544 415.2497925146132
-0.9539210158998404 0.293770301786108 0.06165877351005774 367.1495816812238 0.29980123805998793 0.9425596960879843 0.14735457052420972 -88.73736788257382 -0.014824094158793153 0.159043314767596 -0.9871901233009891 414.1938981499247
-0.9529984390247132 0.29391856711176517 0.07398839123921412 367.2349161106578 0.30184264284854806 0.9424286526742386 0.14398741025487632 -88.59170999928182 -0.02740375414949215 0.15954609181281418 -0.9868401731402643 413.1437817071207
-0.9516641305988017 0.2951734968578362 0.08530567139560224 367.33030478399246 0.30477953246332956 0.9420066543716771 0.14051985841476872 -88.45021109796522 -0.03887633248000823 0.15972069757387009 -0.9864268825559089 412.1017417523634
-0.9504128454265034 0.29630711854081077 0.09479980400124732 367.4332139969925 0.30716534896682873 0.9420450398569661 0.13495893359890024 -88.32187483548933 -0.04931196507858528 0.15737956064585598 -0.9863369862898748 411.08296246979364
-0.9491694930793363 0.29718244560186413 0.1040624725646765 367.5453722351647 0.30917370561686697 0.9421860366449122 0.12926770454243966 -88.20035645268533 -0.0596254527850686 0.1548640858708569 -0.9861654437941335 410.06686918594306
-0.9479860020830138 0.29738990906412655 0.11380325353930527 367.6712170388587 0.31057298967156693 0.9423780446846783 0.12442358566477237 -88.07985546769805 -0.07023877987197176 0.15328969910190338 -0.9857125353162963 409.02147444413447
-0.9472688639871714 0.29582208172108443 0.12345136085358754 367.8100516413431 0.3102457909149953 0.942926539184029 0.1210391711426034 -87.96094162099347 -0.08059498888216726 0.15295070949612055 -0.9849727471306929 407.98361435497577
-0.9461623171166682 0.2952545993844944 0.13293423641766314 367.9558079745998 0.3108777439806681 0.9431123939250954 0.11793087617558505 -87.84460185410106 -0.09054762365844285 0.15290167778438357 -0.9841153424073052 406.9507610505498
-0.9455068899543939 0.2938186148766112 0.14056029046563484 368.10831669824 0.3101834122994779 0.9438948551662023 0.1134114941600376 -87.73687392831327 -0.09934673238065815 0.15082435479575867 -0.9835863871988568 405.9231475996906
-0.9445778662980024 0.29318279311043743 0.14794079168557275 368.2629862110351 0.31014378581894425 0.944493983061227 0.10842175498686626 -87.63623828617037 -0.10793677021855441 0.14828930486880723 -0.9830666422070676 404.91422970571836
-0.9436605786971597 0.2922650487648432 0.15542302900085989 368.42926489474524 0.30996951858069877 0.9449301127707801 0.10506943870472683 -87.53626839735395 -0.1161508469725435 0.14731983543133118 -0.9822762263709014 403.897098124729
-0.9425616889384968 0.2916065733208736 0.16313837042793294 368.60620646051984 0.3101028136854523 0.945213364387308 0.10208984188561522 -87.43686157606946 -0.12442599791176355 0.14680929825010577 -0.9813395015047081 402.8676369028567
-0.9412489527281918 0.2913477393696429 0.17099234685732856 368.7917956117602 0.3107534818994221 0.9452210601994739 0.10001870926712776 -87.33634495752366 -0.13248103686025345 0.14727264136545726 -0.9802153445907573 401.82809876576266
-0.940240192016767 0.29006397029576375 0.17855910051467264 368.9894599407958 0.3105831717916248 0.9453008507309666 0.09979422639986939 -87.23423742382204 -0.1398408114741521 0.1492815215727758 -0.9788885179812037 400.78265144569974
-0.939633214435518 0.2875835844419056 0.18562669785784525 369.1945416061781 0.3091664178742903 0.9457746697807998 0.09970569929756988 -87.13458524923587 -0.14688254598496522 0.15106979953663016 -0.9775822551420059 399.75992111348876
-0.9384683566728068 0.28672251959336276 0.19271658372139525 369.3981381957598 0.3089949245085462 0.9461053488599258 0.09706776760665717 -87.04171646707827 -0.1544938043366309 0.15063709215669024 -0.976475461203577 398.75978966515663
-0.9373493351914587 0.2856161206280305 0.19967783135710887 369.6071690442755 0.3084812589041552 0.9465709034707406 0.0941175671219169 -86.95367619642924 -0.1621224395328142 0.1498117856217636 -0.9753646889657944 397.76736900757066
-0.9365212943692434 0.283859652567782 0.2059682877065795 369.82668663313274 0.3074276468352273 0.947062161826529 0.09260724900444856 -86.86417482130099 -0.16877195064911713 0.15004287610889477 -0.974200491430672 396.7648430862476
-0.9357990213967926 0.281762701782207 0.2120405421526678 370.0516270091691 0.30608984893640473 0.9475860631427027 0.09167357821693034 -86.77551583298711 -0.17509091454621997 0.1506851594221995 -0.9729849101419362 395.7693730599932
-0.9348005666671364 0.2803937276033397 0.21817205701355 370.27887771087705 0.30553296462778107 0.947837456587973 0.09093286002133526 -86.68811078304859 -0.18128936103542298 0.15165648864613435 -0.9716982931418551 394.78478947512934
-0.933673695467591 0.2791465728713415 0.22450613913383166 370.51315913323583 0.3052047372074473 0.9479792937853575 0.0905576887379532 -86.60033672668881 -0.1875431642668075 0.15306518335774721 -0.970290043818884 393.79576237972316
-0.9325261822576514 0.27787883541338626 0.23076321549131665 370.7559070072206 0.3050323283191625 0.9479835646030311 0.09109031716398663 -86.51073769568544 -0.19344203873444935 0.15532770318657754 -0.9687713446398217 392.7973083168446
-0.9313348204243022 0.2768443422867328 0.2367397252139459 371.00619356971106 0.30461607542306 0.9482765782818381 0.08941819208707245 -86.42497108222685 -0.19973423314960762 0.1553865743053537 -0.9674841339732314 391.7951323823476
-0.929925168553515 0.2765190027280288 0.24258765589266218 371.2535988793581 0.30463168803610907 0.9485400518656131 0.0865243351384912 -86.34506978128206 -0.20617225940568773 0.15435481964267503 -0.9662976263206177 390.81372244533367
-0.928507466690638 0.27666915923541274 0.2477924501653046 371.4998548767154 0.30454206301834114 0.9490116946722559 0.081526085352338 -86.27435488368687 -0.212596316577851 0.1511549877612955 -0.9654119218521112 389.8509005305264
-0.9272943204263214 0.2760347605897434 0.2529894894158171 371.7477718604264 0.3036702932768914 0.949681898948793 0.07684488565894469 -86.21049008344175 -0.21904188487053297 0.14807708618894697 -0.9644480997892471 388.90870991585064
-0.9259901816926515 0.2756846199706165 0.25809615171085765 372.00015327662 0.30325314927927066 0.9501085747098836 0.07312602858974507 -86.14884982564918 -0.22505340930141185 0.1459763606488915 -0.9633832586075901 387.964058810521
-0.9244108510115135 0.27594504997424923 0.26342519591871116 372.2585768194001 0.30355707950011995 0.9502621427182785 0.0697946239869602 -86.08888825880837 -0.23105716487781783 0.1444772317511891 -0.9621873264547613 387.014930907443
-0.9228771871513357 0.2756180845506889 0.2690848871686351 372.52330124682703 0.3033011074816662 0.9505765367143499 0.06655087862435377 -86.03249482430351 -0.23743681984705042 0.14302557043003145 -0.9608498720147187 386.0709283521479
-0.9204166543984039 0.27816276937305673 0.2748342855800587 372.78777976096984 0.3053954408853965 0.9502816487544371 0.060953989232305425 -85.98094060758292 -0.2442089531325629 0.1400301617745882 -0.9595940223361116 385.13264264355865
-0.9192020401385108 0.27803487499141244 0.27899785053826986 373.0592128995282 0.3040461555878267 0.9511434644614001 0.05384597239385691 -85.94236665278895 -0.25039011990209087 0.1343176662002995 -0.9588175580343852 384.20542104419235
-0.918571836578177 0.27877942580341514 0.28032720773898523 373.32240782559586 0.3026434676179122 0.9520558576666286 0.04487740287873301 -85.92046855633255 -0.2543702434963186 0.1260567007452543 -0.9588914021693087 383.29806421210685
-0.918006117446018 0.2796264250399513 0.28133339549445013 373.5773686276251 0.30096012768805674 0.9530103814365861 0.0348002664251488 -85.91131211464712 -0.25837610259392957 0.11661159903022995 -0.9590149296174522 382.4187122205379
-0.9179390224690125 0.2791137497336519 0.2820596611624122 373.8225984911763 0.2983339886764386 0.954095253228988 0.026751186169484145 -85.90775883132945 -0.26163843260106395 0.10869861815009026 -0.9590594076193965 381.5855642902486
-0.9180622529396578 0.27883769513953127 0.2819320191256571 374.05730151369573 0.2961889408262878 0.9549281873513039 0.020019077641634558 -85.90673512603671 -0.2636360836935093 0.10187861587247224 -0.9592609858043296 380.7792794127692
-0.9177537694085283 0.27996254137096427 0.2818222202633629 374.2759482378003 0.2956594637273011 0.9552011561296233 0.01389611792557701 -85.90894122629116 -0.26530018446167436 0.09607116402435943 -0.9594017733240248 380.0128612767524
-0.9175202858170636 0.2815615629821585 0.2809877849919423 374.48360913289326 0.2953107022245946 0.9553848764874204 0.0069333993154709 -85.91929011630084 -0.26649294156523556 0.08933486294407675 -0.9597220652553019 379.2686956179004
-0.9177640883270182 0.2822609448571176 0.27948780369523085 374.6835580545083 0.2941240582734625 0.9557762526954177 0.000545007376407833 -85.93329244055361 -0.26696809988914866 0.08269890022418946 -0.960185502748064 378.54692561747373
-0.9172395507598975 0.28481806324427134 0.2786148715716754 374.87496892982654 0.2956699293158882 0.9552941283540015 -0.003196343121504666 -85.94242208950074 -0.26706389332857894 0.07944121109552482 -0.9604341936616775 377.8551128522581
-0.9163917777459031 0.28776654141843466 0.2783718035565829 375.0717380182178 0.2992144993652845 0.9541936614770442 -0.0014133068873437924 -85.94227934216704 -0.26602198428852397 0.08199281057191489 -0.9605085934264146 377.1585040752937
-0.9158368140203207 0.2909440523701743 0.2768915344167368 375.26468345839015 0.3038377848722224 0.9527247819529707 0.0038655762966387707 -85.93633821903099 -0.26267136518260975 0.08766499125807053 -0.9609296049332071 376.44871230432506
-0.9167292677395715 0.294141659871497 0.2704860428457205 375.44621604757725 0.30724946335117254 0.9516155830479042 0.006464287638433697 -85.9338927871738 -0.25549213648413743 0.08902745056135747 -0.9627381249331259 375.7468005288868
-0.9187419825265621 0.29587495645720946 0.2616211995585268 375.610249495498 0.3085008555322513 0.9512019893816024 0.007604947902268806 -85.9356771301191 -0.24659941115570463 0.08769240256867923 -0.9651764008799728 375.0657648142504
-0.9220658849925656 0.2973856404303897 0.24785368866204055 375.75594985221954 0.30974505643171873 0.9507584179793032 0.011528001785581065 -85.93166641400252 -0.23221559678132306 0.08739609801704419 -0.9687646015043807 374.39295828583187
-0.9257542587667329 0.29907895866451123 0.23152834722407278 375.8785432784858 0.3115428255567585 0.9500621079709034 0.018408842540003932 -85.91587615111031 -0.21445612458694552 0.0891677980152459 -0.972689206673792 373.73482509995137
-0.9297839867629372 0.301770555850896 0.21097405188968865 375.9783321725886 0.31500187142412367 0.9485796289130861 0.031399846466694 -85.88182029522542 -0.19064625286093204 0.09564696581827155 -0.977022010732449 373.0928132859791
-0.9350487814344924 0.3023013019517354 0.18539680906311806 376.0654816003634 0.31552814007423013 0.9478158273367169 0.04586045488912629 -85.8319378812803 -0.1618545048857962 0.10137432185407369 -0.9816277591865493 372.43114352722404
-0.939925918006991 0.3033654539516245 0.15678973864035173 376.1221136785276 0.3156409694261951 0.9469965849585148 0.059871142914714424 -85.77411092903891 -0.13031286573885684 0.10575850403616098 -0.9858503070703332 371.8021485139334
-0.9443262079391207 0.30455742150317244 0.1247722393630134 376.1571414646309 0.3148410934811078 0.9463550346502568 0.07282948689341094 -85.71167462494303 -0.09589443069928515 0.10805320740597647 -0.9895437326571818 371.15609985270464
-0.947753933026647 0.3060856306135944 0.09027305683803344 376.1667323346847 0.3136460958605617 0.9455861537898851 0.0866588403421409 -85.63961875590593 -0.058832729536883434 0.11043980341206996 -0.9921741101900767 370.51142578621017
-0.9499064840000457 0.30785320511258174 0.054591458733709554 376.15168601706154 0.3119836461982951 0.9447024992596325 0.10109853726575284 -85.55643099777842 -0.020445936150189845 0.11306062892246317 -0.9934118630379083 369.86218866253495
-0.9505694284443265 0.3101429093362665 0.017476405969640924 376.11129949099524 0.31003740083642856 0.9437379798439983 0.11512497992055501 -85.46472771884902 0.019214714267231602 0.11484755985086549 -0.9932317141665034 369.2121575118005
-0.9498689193174258 0.312043673573159 -0.0213160701049975 376.0460879534709 0.3069011539214857 0.9429934665833548 0.128816449049736 -85.36816728766597 0.06029946477386224 0.11581195306388198 -0.9914737892724642 368.58325814478764
-0.9481134777957619 0.31194499977743934 -0.06203212814183104 375.95521907515496 0.30095673389349753 0.9429800929450367 0.14223916234631917 -85.26434190673531 0.10286744236435283 0.11618465370767246 -0.9879211684258083 367.9628563428167
-0.9450450899854195 0.3105196100815512 -0.10268291895948758 375.83806548402333 0.2931348200417715 0.9434121116545836 0.1551236973741221 -85.15384567739905 0.1450420519133755 0.11649338991586893 -0.9825785030990828 367.3511877226441
-0.9392450284022503 0.3125569678259187 -0.14213893885939416 375.6931030604522 0.2881222281150082 0.9425952685647737 0.16887450484109537 -85.03268778960604 0.18676298671431585 0.11765556521547613 -0.9753693396611128 366.74906353833364
-0.931980154054573 0.31505908107912545 -0.17952063663370654 375.520660889094 0.2828257964548119 0.9413892983989588 0.18388834321983263 -84.89264457697246 0.22693462606454845 0.12060161978802725 -0.966449556702993 366.12077598586745
-0.9228669703025991 0.3169796056778499 -0.21890053000677018 375.3213424563016 0.2762512454467724 0.9406011549602737 0.1974175761103719 -84.74589986255306 0.2684750130454955 0.12171301669570458 -0.9556024684698429 365.4956542154367
-0.9127459339438997 0.3158786201378343 -0.2592165459049785 375.0929760780018 0.266265199113646 0.940956608566981 0.20910174814111607 -84.5932595044395 0.30996166031741157 0.12183131146559047 -0.9429477749066244 364.8680511218411
-0.9006189733087759 0.31591846577959853 -0.29859442691645066 374.8383832656119 0.25710391423982637 0.9409889904198249 0.2201315315298709 -84.43696536114231 0.3505162563798814 0.12147985461340184 -0.9286824178148747 364.2576333277792
-0.8864960858630947 0.3176545849382274 -0.3365970428999128 374.562402908496 0.2498125865364467 0.9406417987215602 0.22979486553275622 -84.27887785478373 0.38961082105396955 0.11962056252239318 -0.9132161730514567 363.6743797198767
-0.8706448837681816 0.3204344231795099 -0.37333195759636595 374.25242893439105 0.24295417465617608 0.9398605963876978 0.2401169492491652 -84.10535751535492 0.4278189756733082 0.11834904383353753 -0.8961219914413255 363.07865035689844
-0.8541446397744938 0.32362516681194464 -0.4071628377138454 373.90243609979854 0.23657095311871884 0.9389089545683016 0.25001095430227394 -83.91201860227534 0.4631950512326229 0.11721782960618501 -0.8785105322581573 362.4613470592698
-0.8374755502253235 0.3262303433729122 -0.4385050419780218 373.552535516747 0.22965235125963057 0.9381006782497621 0.2593244399191396 -83.72320113281272 0.49595733396355274 0.1164697441852192 -0.8605418364201077 361.8956126905728
-0.8203965716674253 0.32855296020738256 -0.4680605693864145 373.1766446089084 0.2230525188760817 0.9375021750982655 0.2671325860112979 -83.52776642273231 0.5265707866163791 0.11474809552323156 -0.8423939537074362 361.32407689850373
-0.8034776257479334 0.3305905009721305 -0.49518854901852033 372.79053595566637 0.21670026226784894 0.937020817566831 0.2739622023554875 -83.33305023929157 0.5545665151620774 0.11281063801062845 -0.8245003637357902 360.77050894468726
-0.7863675089540104 0.332907505583846 -0.5204586042282829 372.3779671647051 0.21219461987800572 0.9366972472186232 0.27855694219473115 -83.1338400561409 0.5802408161098546 0.10860541027684056 -0.8072155517244223 360.213256789167
-0.7699319935358128 0.3348279471037019 -0.5432987196880648 371.95636267811926 0.20850487384576089 0.9365766705032013 0.2817311853519178 -82.93513923096359 0.6031669459967806 0.10362920268600996 -0.7908997846081806 359.66858003552176
-0.7542978291749172 0.33737447281978583 -0.5632864211200348 371.5137025377405 0.20667501086626835 0.9362872104943359 0.28403263305424314 -82.72983091568275 0.6232171218801367 0.09782372952735374 -0.7759526893927682 359.1201021802095
-0.7418189294805932 0.33927117251212185 -0.5785136621713777 371.04591343025027 0.20508220098340332 0.9360434485105277 0.2859839674501533 -82.51481317767468 0.6385339499036591 0.09350107526706222 -0.7639397506959031 358.5534213546036
-0.7311180000590738 0.3406246514534446 -0.5912014123085299 370.5781896621053 0.20247596899943135 0.9357582357015244 0.28876025601922223 -82.30186933971997 0.6515738865561124 0.09140966357064692 -0.7531047537157747 358.0014398117033
-0.7210671094617098 0.34163745742944596 -0.6028466435695555 370.0825183532212 0.19978939553952646 0.9355685565748373 0.2912357544022364 -82.07921567831974 0.6634948229852309 0.0895539592994282 -0.742850056838088 357.4315660454246
-0.7121754357446711 0.3412926818651002 -0.6135169258187831 369.5893397167244 0.19612912013504794 0.9358148111886153 0.2929263761627063 -81.86131111965402 0.6741052818604387 0.08828190118461471 -0.7333890323488663 356.8790818148903
-0.7034770919091462 0.34171732850013387 -0.6232396643731182 369.07663639016647 0.19335471670404544 0.9357885810781474 0.2948488412221607 -81.63571561009326 0.6839695580943571 0.08690820415751069 -0.7243656502957396 356.3195206143627
-0.6955223912317093 0.3421244499535997 -0.6318847824363147 368.55333402234584 0.19184162937103166 0.9358747934953063 0.29556397731650036 -81.40833239562288 0.692478780847431 0.08434418743579748 -0.7165424153515535 355.76007066057815
-0.6896214815355147 0.3431123075053435 -0.6377892556728474 368.01087956359106 0.19082755940317805 0.9356234919291501 0.2970134986216813 -81.16941940962194 0.6986333286905322 0.0831137037453362 -0.7106880662957017 355.1831701003624
-0.6850077919713454 0.34433205384222587 -0.6420895619290536 367.45834628281244 0.1909285380031292 0.9353204561767171 0.2979025854839721 -80.92532957191591 0.7031306214094939 0.081466870704706 -0.7064309700005649 354.59413144403675
-0.6840634047372615 0.34563442201414873 -0.6423969905004666 366.89621602983067 0.19254740041002147 0.9349530931938158 0.29801462981763704 -80.6702730697686 0.7036086822259543 0.08016328596456003 -0.7061041244131209 353.98257757149327
-0.6871131798451677 0.34681421854673117 -0.6384945554510277 366.3290312408685 0.19394919322863435 0.9344011259908724 0.2988357949013935 -80.40336623750294 0.700244096441159 0.0814927233166656 -0.7092894578679367 353.347878120022
-0.6908441635841152 0.34622233727026597 -0.6347789395473821 365.7584514181988 0.19326692674771304 0.9343906408127559 0.2993104958840451 -80.13188187429108 0.6967528451535829 0.0840893272150156 -0.7124175491691511 352.69401905082884
-0.6934234505106637 0.3438608775989999 -0.6332473217547137 365.1892934831907 0.19097806444876117 0.9350750591209938 0.2986402562837955 -79.86356134927094 0.6948188186909917 0.08614214200666068 -0.7140586540498421 352.0381626624566
-0.6951168600521102 0.34140813807839443 -0.6327187649006187 364.6179135671403 0.18849536491874846 0.9358201882860473 0.29788357396303616 -79.59596736078403 0.693804468701681 0.08779366447028474 -0.7148438655934058 351.38120127732265
-0.6956282514847788 0.34076670373651036 -0.6325025120148396 364.02545704183376 0.187976435371048 0.9360255385343363 0.29756523145266833 -79.32124647064903 0.6934325890668128 0.0880936249404116 -0.7151674330790034 350.7092876841853
-0.6963253519168352 0.3402531466196416 -0.6320127738694927 363.4176579734133 0.18741545965374365 0.9361542484657249 0.2975150066375076 -79.03803592341423 0.6928848476440493 0.08871251897112778 -0.7156217917473618 350.0172124199285
-0.6969657073395912 0.3397141163270464 -0.6315969252222265 362.8079805997143 0.1869720224377538 0.9363123078080224 0.29729627878522924 -78.75506528651823 0.6923609230376946 0.08910855516219442 -0.7160796561221885 349.32351733551195
-0.6973256292240633 0.33948812527476746 -0.631320400136151 362.18310642850946 0.18746834441928156 0.9364602726470065 0.2965161006613389 -78.46877799523942 0.6918637986686037 0.08840997858145941 -0.7166463064105426 348.6173263798891
-0.6981060469363299 0.33864264162662266 -0.6309120946405934 361.55467633502343 0.18683962164519216 0.9367297667201055 0.2960614077379883 -78.17920568922641 0.6912467322175572 0.08879717859779492 -0.717193799205042 347.9001473915282
-0.6988117010539593 0.33783095634059945 -0.630566651901529 360.90799852487885 0.18611662449076466 0.9369750101669602 0.2957412492020415 -77.88071529077094 0.6907289083959526 0.08930276753797477 -0.717630180564247 347.1618974501453
-0.6989919085612177 0.3375787231738247 -0.6305017350243194 360.25606937853826 0.18634472196175358 0.9371116818749392 0.2951641390534217 -77.58293595473286 0.6904847852726386 0.08882094210257829 -0.7179248933827831 346.42232504747625
-0.699399901649963 0.33598848772923184 -0.6308985566987751 359.6033728532703 0.18681306255134172 0.937887564977659 0.2923899677859717 -77.29062306919973 0.6899448524355413 0.08663165391227265 -0.7187109247974991 345.68441424236374
-0.700571742625952 0.3339065326288148 -0.6307044024141489 358.9595829640807 0.1857821373704302 0.93865223711993 0.29058680212045335 -77.00268284818226 0.689033954014476 0.08639784197482994 -0.7196125442101615 344.94890042935384
-0.7016980733367836 0.33074575466272776 -0.6311175041538362 358.3001289396076 0.1851657651649667 0.9399581203009997 0.28673359395864956 -76.71310180294834 0.6880529820042693 0.08433367741543488 -0.7207950608548173 344.19813794844583
-0.7026319651226388 0.329332943653305 -0.6308173432560964 357.6308577418245 0.18501487901707514 0.9405279292997475 0.28495632116937 -76.42030647883234 0.6871399735166099 0.08350358793739836 -0.7217619201959026 343.4344568334082
-0.7039515740595189 0.3274364503013206 -0.6303343683466343 356.97048163031803 0.1836220365916191 0.9411407704674479 0.28383163012328344 -76.13021425423335 0.6861628938221348 0.08405531116164604 -0.7226270919653435 342.6747011008117
-0.7050542960685457 0.32746421795541697 -0.6290855997114498 356.29481972520813 0.1836617949637735 0.9410719658851264 0.28403418315371265 -75.8275993824708 0.6850184368620643 0.08471540896021246 -0.723634819371303 341.897042118799
-0.7067225678002593 0.3279277436058476 -0.6269680606329162 355.62363288216056 0.18335333872607645 0.9407281448093265 0.28536868837786433 -75.52318510744489 0.6833792197095341 0.08671499927829736 -0.7249462433288335 341.11611073499927
-0.7084876731634105 0.3289335249254564 -0.624443925347806 354.9527544774078 0.18444643281107076 0.940305439584282 0.28605644821541504 -75.21903206516716 0.6812540047712696 0.08748635742550566 -0.7268512415694407 340.3353530644994
-0.71161048216845 0.3288269569937353 -0.6209394549546355 354.2858484068208 0.18493554242427104 0.9402317265215675 0.2859827982328182 -74.91555792417763 0.6778585635372114 0.08866976709051622 -0.729876321588276 339.5464748539846
-0.7153062150565617 0.3296006332159622 -0.6162653516235415 353.61692493098013 0.18532681386292005 0.9396971433440638 0.2874830819777837 -74.6051453144751 0.6738502916072638 0.09142299325698017 -0.7332408049807859 338.7428005524275
-0.719312040701053 0.32982863097811893 -0.6114622668972801 352.94187445130507 0.1852052769214391 0.9393135282290375 0.2888135377457506 -74.28831099769552 0.6696064574649926 0.09449585688674134 -0.736731571280574 337.9203897867657
-0.7230107749884676 0.3291087218170023 -0.6074740512297647 352.2697652286677 0.18559134795248444 0.9394599779986634 0.2880881419805762 -73.9748590602067 0.6655029083095553 0.09554396213282723 -0.7403057809030504 337.0957605835642
-0.7278508142490707 0.32740715233857237 -0.6025940753648809 351.600814330102 0.1869032638287133 0.9401247233727499 0.28505472051783265 -73.66757244780823 0.6598358019982892 0.09484554008029694 -0.7454505102485249 336.2650090165407
-0.7323386189378838 0.3279027001484728 -0.596861077591353 350.93825596375154 0.19119007342248287 0.9401990549025924 0.2819492716879906 -73.36209839118062 0.6536133038491954 0.0923635839479069 -0.7512218975634241 335.42971133352756
-0.7380233639804944 0.3279806486828373 -0.589774331598891 350.2791291195144 0.19439384602070114 0.9402348572542768 0.2796294921750748 -73.05576115145014 0.6462324907276554 0.09171983150144936 -0.7576588336401943 334.5724722581469
-0.7446427461287036 0.32768453389775987 -0.5815608729493007 349.63209668593345 0.19874839515212916 0.9405471865611624 0.27548794082772754 -72.75825511812216 0.6372519523780626 0.08955088886665696 -0.7654844713228363 333.7088410596734
-0.7523594243878682 0.3275501600583292 -0.5716193898095692 349.0048988523762 0.20385516343666674 0.9408137197431587 0.27080634202224607 -72.47050202629471 0.6264836817199416 0.08721120335462115 -0.7745889903705248 332.8462955251739
-0.7611953273315898 0.32602878728819934 -0.5606864699611799 348.3975412611512 0.20718458770723447 0.9414149244527554 0.2661508879080118 -72.19094018968862 0.6146054521688344 0.08642223208268057 -0.7841346392652939 331.97703235203943
-0.7699989620993006 0.3248050689270646 -0.5492586976047529 347.8053234142833 0.20972222967609552 0.9417612628402394 0.26291746078650347 -71.91273998186998 0.6026620890787042 0.0872492593561137 -0.7932599633547462 331.0955139320689
-0.7789113918207761 0.3231209321234324 -0.5375623608403799 347.2214472889261 0.2122436050827776 0.9423126190335718 0.25888878077993144 -71.63895629807496 0.5901979267637718 0.08755226812157994 -0.8025441603271734 330.1987711711411
-0.7879087834069078 0.31888955191066887 -0.5268709632750381 346.6524756167487 0.21150488738571738 0.9435854816708024 0.2548256219665407 -71.36968477763872 0.5784027611357524 0.08933833874254483 -0.8108917242361455 329.28793229392005
-0.7950297300040905 0.31719461612354344 -0.5171065282179557 346.08660083223356 0.2128093043466668 0.9440711609861564 0.25192471391722243 -71.09711739974172 0.5680886058133643 0.0902370500918793 -0.8180521368790924 328.3648025275016
-0.8020573655021153 0.3170694485395184 -0.5062161872767186 345.52371264089567 0.2139242289550224 0.9437487237282653 0.2521879433042051 -70.81254441971949 0.5576961869803945 0.0939718227380998 -0.8247550538218887 327.41872084874177
-0.8089663758691401 0.3167545714251425 -0.4953013635362626 344.976437746968 0.21561736455223748 0.9436000886078288 0.2513008116706192 -70.53455715557529 0.5469617099127664 0.09649271094345686 -0.8316240855176209 326.47744210978635
-0.8154643853933771 0.31508906933587333 -0.4856140909492823 344.4331573029032 0.21723483784732278 0.9441468937717317 0.24783097997485518 -70.26323224066697 0.5365743855191257 0.09659963785023228 -0.8383515075016188 325.516210124435
-0.820956147476696 0.3147691840511043 -0.47648258712153246 343.8964947094422 0.22063076606890164 0.9444166250312573 0.24377017877937646 -69.99650379355225 0.5267240565450472 0.09499248019621323 -0.8447572530806201 324.5507779208494
-0.8269533558918467 0.3125221458696559 -0.4675055190789081 343.37443375098667 0.22119350370936425 0.9451103916870823 0.2405496010065326 -69.7327888081313 0.5170168369510937 0.09550858925877363 -0.8506748743903962 323.57461833525207
-0.8325170703145361 0.3104513530961258 -0.4589324155904139 342.8616681306556 0.22223765869763643 0.9458383841401437 0.23669544506186596 -69.47473717572795 0.5075536655458164 0.09505549411737485 -0.8564051428589401 322.5948645588703
-0.837913472771357 0.3088872061286695 -0.45008171320953994 342.3618343096123 0.22418458519045104 0.9464880824590927 0.23221969286356892 -69.22432248058219 0.4977223007017139 0.09367332887045572 -0.8623072948482496 321.6187603488749
-0.842548666594571 0.3082731747994096 -0.4417740395217287 341.87157042694605 0.2268954301651245 0.9468650038746554 0.2280124094339013 -68.97949895166224 0.4885858446114365 0.09186979872532307 -0.8677099566787412 320.64195754272976
-0.84674875847349 0.308667094333235 -0.43338804494606536 341.3913091333422 0.22966631300115106 0.9467729268664041 0.22560692810875085 -68.73521232966017 0.47995318513111584 0.09149248964451678 -0.8725539487689148 319.66224125457654
-0.8503344462555363 0.3100758331400447 -0.42528568561808067 340.91891090268945 0.23257925467715088 0.9462329601397245 0.2248870499149591 -68.4865410361068 0.47214721708825974 0.09231137890985006 -0.8767164652274408 318.6783004178479
-0.8533653078134584 0.31135204551298146 -0.41822349928753044 340.4589473013732 0.234686578008355 0.9456498195488728 0.22515185489948072 -68.2394672967342 0.4655902279643887 0.0939802405350004 -0.8800396405951106 317.699733894881
-0.8561247441328822 0.3114086547255962 -0.4125023371352905 339.9927718525025 0.23629401523321503 0.9456429330485198 0.22349266509333537 -67.99266212001145 0.4596733830824285 0.09386072717699427 -0.8831570079565803 316.70010104641557
-0.8582306463263683 0.3110439838244701 -0.40838241832334177 339.5412469040287 0.2369196340787734 0.9457346842037099 0.22244040333112028 -67.7520445432403 0.4554057653851703 0.0941461914533318 -0.8853349933917576 315.7198987450644
-0.859953460028921 0.31018297345282775 -0.4054015776325154 339.07499272649903 0.23610372511885383 0.9458376520773922 0.2228694965349212 -67.49777356440158 0.45257033439567174 0.09593550535357961 -0.8865956294406803 314.6911955885382
-0.8603295678753682 0.309804362428042 -0.40489421276985804 338.6062236166787 0.2358262535848667 0.9459434330590303 0.22271553692852644 -67.246489626483 0.45200096292391795 0.09611918339362485 -0.8868665962454672 313.66873489614693
-0.8608411217336651 0.30832098481608905 -0.4049388173769424 338.12033843399445 0.23487595265125544 0.9464957267128496 0.2213688510081806 -66.99037068032882 0.4515213991043083 0.09544803395355526 -0.8871830860081903 312.61159157843235
-0.8612172096798217 0.30750370591643994 -0.4047625993063507 337.63523072398806 0.23467193190007227 0.9468553678600239 0.22004372808412034 -66.73790119389746 0.4509115675222554 0.09451411029073735 -0.8875934303970582 311.5562959999745
-0.8617528362180022 0.3073157786960575 -0.40376435375707315 337.1551998865276 0.23491032482707638 0.9469466828995386 0.219395881187167 -66.4874404274404 0.44976263178975406 0.09421196035775986 -0.8882083227000285 310.5092512306003
-0.8629196638118439 0.30752277267809186 -0.40110548294750786 336.68530024940367 0.23578930182505042 0.9468851888505708 0.21871781953896297 -66.24072328786531 0.44705727794624117 0.09415487097512061 -0.8895792508212033 309.4752763451137
-0.8641944702777645 0.30968291430537565 -0.39667439775351 336.22621189300037 0.23786631175354897 0.9459900120668964 0.22033561745223804 -65.99079300714104 0.44348006010771046 0.09605299260995415 -0.891165342439628 308.449700509428
-0.8644826420768412 0.3134166807948199 -0.3930979202620717 335.76253598731137 0.2415743202412354 0.9446729459843634 0.2219466495644734 -65.73540698994356 0.44090648493478934 0.09690241178757776 -0.8923495958511715 307.4098856088647
-0.8639498615106531 0.315979718235844 -0.39221667260258786 335.2938078471873 0.24613898407937748 0.9442806152010307 0.2185760326571198 -65.48567958216492 0.4394240560886846 0.0922948576764068 -0.8935684238446784 306.3664923643068
-0.8644766535821372 0.3139961346112239 -0.3926483955086987 334.83186443204767 0.24632154892808905 0.9453506637205672 0.21368931681749004 -65.24872857637583 0.43828417396475017 0.08800783237186778 -0.8945601637371675 305.32853958582575
-0.8646355362975786 0.3135792386271663 -0.3926303407842192 334.3704101144315 0.24638866300668547 0.9455728164601884 0.21262555882674278 -65.01108168177154 0.4379319853036205 0.08710006356659708 -0.8948212036513559 304.2942025697891
-0.8650842528383326 0.3137759436510878 -0.39148443112382897 333.907829000492 0.2457316233536758 0.9452844929825368 0.21466014778370443 -64.76371578201974 0.43741573706822223 0.08949468624137812 -0.8948377369696155 303.2416545059803
-0.8655641513920695 0.3143179021472501 -0.3899861289914075 333.4411858361002 0.24477038837930934 0.9447278097966216 0.2181810358717245 -64.50805227464598 0.43700529881530675 0.09338806054523399 -0.8946404607540285 302.1761097911643
-0.8649446599536029 0.31759580637179086 -0.388703057078592 332.9664300570539 0.2467105054695156 0.9433716707098739 0.22183288894719555 -64.24492865808755 0.43714122110087544 0.09597156085620029 -0.8943004807233578 301.105356626235
-0.8639438754983736 0.3203749619175609 -0.3886481016009574 332.47920708056256 0.24940743209399507 0.9424978056905772 0.22253028701094088 -63.977720301880346 0.43758972942278657 0.0953175657850153 -0.8941511038330119 300.0153466514312
-0.8627569448491925 0.3224035853446491 -0.3896065096615533 331.97591997804534 0.2525329149290049 0.9421558406780361 0.2204448293206664 -63.708551398435134 0.4381385687945535 0.09179745016076159 -0.8942506920987938 298.8971640202017
-0.8625403778072345 0.32167437864335247 -0.39068985025120456 331.4756510947087 0.2529220505880232 0.9426712913865619 0.21778070430496352 -63.44645164868879 0.4383423530497442 0.08902649721681821 -0.8944314689189197 297.78685629076216
-0.8623208594892394 0.3215155211099818 -0.39130498217526416 330.9756615258661 0.25269077896753345 0.9427374750706073 0.21776189416626243 -63.182963920084454 0.43890775145618227 0.08889765536539156 -0.8941668262958747 296.67323837670284
-0.8624084609855929 0.3207459457748883 -0.39174369525148545 330.4833957915234 0.25130353413699386 0.9428740219368108 0.218774759834874 -62.91360827301024 0.43953190055462804 0.09022279093720798 -0.8937274936425005 295.56088423013284
-0.8631354275964132 0.31619984676456825 -0.39383239425281946 329.9882023104018 0.2459212023499206 0.944208615933742 0.21913456936393483 -62.644391393807204 0.44114611197902454 0.0922872474118085 -0.8927206202671744 294.4418459855855
-0.8634895374716097 0.3107433423018991 -0.39738395023870826 329.48252802428186 0.23912303490643536 0.9457576647363908 0.21997596387557128 -62.37236076352009 0.44418082338972836 0.09491952909702236 -0.8909383364011048 293.3129062789426
-0.8625575011437792 0.3071942750328153 -0.4021391767220994 328.957190657279 0.23380253984395885 0.9466844416904855 0.22170167837811802 -62.092789213511224 0.44880016086130436 0.097205733478107 -0.8883730184462031 292.1687793449164
-0.8621518949090868 0.30174607115892776 -0.40710320206532996 328.42597787115375 0.226519759023725 0.9481346914340445 0.2230605797672932 -61.810760717946955 0.4532921112375338 0.10009158343992458 -0.8857681135464704 291.0247190249205
-0.8598918471101485 0.2983863473715 -0.4142962224133505 327.87975736492626 0.22215106595543774 0.9492710100723436 0.2226212916054048 -61.5340504524233 0.4597023082178856 0.09939022244860207 -0.8825375561681901 289.8900684181338
-0.8573456115297272 0.29494219595653404 -0.42196819503246596 327.33766159125753 0.21798475672584275 0.9505007652858766 0.22149050510110016 -61.26747690220343 0.46640359420933986 0.09790759555208954 -0.8791806621407418 288.79113144364834
-0.8542750390193419 0.29412555007663593 -0.428713162416591 326.7724237686551 0.2157489406985374 0.950795779645126 0.22241569551222065 -60.99302719254641 0.4730317984840627 0.0975059889424938 -0.8756774247922685 287.6740812274319
-0.8507395545239939 0.29571635374148825 -0.43460885017140083 326.17403990000037 0.21540117040882095 0.9502758150005819 0.22496081453732203 -60.700979108704466 0.47951783818890076 0.09776372606107105 -0.8721138833553744 286.51921621419075
-0.8464108255090917 0.3002892334865503 -0.439891837491093 325.5586617786793 0.21674034141339726 0.9486280466074742 0.2305565740061703 -60.396870044421405 0.48652220028965204 0.09979996138317176 -0.8679933621606903 285.35672823678647
-0.8414370120980016 0.3035529141028021 -0.4471345512390861 324.9219549829814 0.21863891525225893 0.9478298417039739 0.23204237242175244 -60.08623793153254 0.4942391597506023 0.09748484836370196 -0.8638871817078764 284.18294486033926
-0.8364463568375975 0.3066475052579547 -0.45432857784860625 324.2784932750709 0.22113761841449892 0.9472092632357408 0.23220711234557975 -59.77686135767309 0.5015443575824841 0.09375679642504023 -0.8600810183164426 283.01977350056245
-0.8316705015924593 0.3074531265917351 -0.46247867771206735 323.65102813064357 0.22290157837474583 0.9475513913950493 0.22910418056452753 -59.485758077384354 0.5086553360250715 0.08744908915156846 -0.8565623394945673 281.9054492347959
-0.8286409342650837 0.3062210629798543 -0.4686923411262251 323.0246921701999 0.2206703381261396 0.948032095705429 0.2292753045660607 -59.1964627519873 0.5145382521947139 0.08655761259539478 -0.8531324684524118 280.79658271024533
-0.8253700604180632 0.30807909657600213 -0.4732238513241056 322.3716215720643 0.2195473325103338 0.9472008421796433 0.2337448410160459 -58.888327284854704 0.5202438724127603 0.08902845393381115 -0.8494094986032663 279.6609479746553
-0.8223780610881245 0.3094353532831791 -0.4775282501054974 321.7025618284748 0.21763810904927255 0.9464541363276127 0.2385076744026715 -58.56821871396093 0.5257550130677905 0.0922123085676917 -0.8456683305155106 278.5097210424583
-0.818889402725317 0.31283894574170146 -0.4812908570326769 321.033673791751 0.21766502863272832 0.9450569086906517 0.24396003241466954 -58.23578358726856 0.5311610386591833 0.09501346869634926 -0.8419716443644517 277.36352335633995
-0.8152674001596789 0.3162031549790847 -0.48522514078385975 320.35492359145525 0.22016198738797932 0.9441176099552264 0.24535183635598437 -57.90497112530795 0.535684048837011 0.0931968653341318 -0.839305013312482 276.22924234788263
-0.8137095285615906 0.31503833343727117 -0.48858613503242604 319.6927723573566 0.2204788571217308 0.9448869815986716 0.24208405343295425 -57.59256617312046 0.5379177325365333 0.08926057542582098 -0.8383034693948377 275.1212399073515
-0.8115125536566232 0.314832159989179 -0.49235931929561333 319.0290778255399 0.22187516877280827 0.9453869729350787 0.23883503616695903 -57.28729602109084 0.5406561072365151 0.08457305521048578 -0.8370270839549835 274.0246220201684
-0.8123570503480809 0.3104569690693845 -0.49374284278558844 318.37056692539795 0.21637832318853015 0.9465689020669428 0.2391959622536028 -56.97594414008194 0.5416148540270335 0.08747500631088366 -0.8361082900432778 272.9105933033716
-0.811497126736898 0.3093707888864874 -0.49583302460718665 317.70662381713475 0.2146728125288431 0.9468856066119213 0.2394783443136889 -56.66724344436082 0.5435784022407453 0.08789186868631171 -0.8347890794611798 271.8085175946132
-0.8130693320089795 0.3043903357966266 -0.4963398502943774 317.0408773978886 0.20860720226356566 0.9481656923195497 0.23977381686618218 -56.353322721435916 0.543590965565064 0.09141027675883483 -0.8344030679686719 270.69024795900765
-0.8123539771204022 0.30412673976950616 -0.4976699109406965 316.3647674745645 0.20792837581103163 0.9482367283983114 0.24008250832105837 -56.040566483046675 0.5449181574784876 0.091549874349696 -0.8335215472151107 269.5801986269558
-0.8131096116923712 0.30343991391349173 -0.49685516442192823 315.6816007444481 0.20594478547093664 0.948168674418208 0.2420535767734222 -55.71742934744904 0.5445448699805648 0.09448889676128548 -0.8334381762257426 268.44474729960757
-0.8131298555576716 0.303104936740302 -0.4970261440424711 314.99216742633774 0.20537877509697547 0.9482315225594232 0.24228739027984966 -55.39340562700189 0.5447282714761333 0.09493017189077883 -0.8332681250512013 267.3059567450731
-0.8134633698287698 0.30181111704569435 -0.49726686956611066 314.30675897153594 0.2041943363829361 0.9486263008426977 0.2417422928449256 -55.072600023703124 0.5446752568518313 0.09510710353921577 -0.8332824684668729 266.1693354071789
-0.8136895000025072 0.3003070924683365 -0.4978079484345343 313.61484041805386 0.2029393633962114 0.9491178279472527 0.24086864121139354 -54.751739282463234 0.544807041103169 0.09496523896461788 -0.8332127547472629 265.02460275337495
-0.8144857655310979 0.29792328423515485 -0.4979384429710321 312.9283817486268 0.20048996291477542 0.9497731852995036 0.2403359012651233 -54.43083271989959 0.5445240847943547 0.09591639721210733 -0.8332888023872929 263.8822361381599
-0.8150454732448825 0.29585069607331016 -0.4982579217479177 312.2437734914287 0.1981472427962818 0.9503100233650473 0.24015689601587706 -54.11082819987301 0.5445441193118982 0.09700819589893624 -0.8331492412900059 262.74507444531804
-0.8142630392434829 0.29584304889063634 -0.4995414226611206 311.53965163285267 0.19746497825722342 0.9502597978272974 0.24091742482140188 -53.78378799462755 0.5459617290012451 0.09752601892663562 -0.832160785996597 261.59204127547116
-0.813359910569423 0.29578128775116985 -0.501046905971474 310.8234251298092 0.19632199838967965 0.9501623668178995 0.24223095238660314 -53.44928850135819 0.5477173772467318 0.09865236334704969 -0.8308734783344547 260.42006676867993
-0.8123111767271051 0.2965804899189311 -0.502274362270861 310.115605601346 0.1971300279624994 0.9500117947166973 0.24216514483792287 -53.11884630880589 0.5489820526515888 0.09769797618914462 -0.8301513237955732 259.2728191973807
-0.8120136918000662 0.2949768528676725 -0.503696554159305 309.40505991554375 0.19583990913784247 0.9505784159431786 0.24098385312157394 -52.792481608512716 0.5498823459996235 0.09703659044041966 -0.8296325870010645 258.1183777527209
-0.8118642100417514 0.29341264295688213 -0.5048504028524773 308.68393229910896 0.1942782262448031 0.9510622227819966 0.240338490743287 -52.46319562385211 0.5506569012817781 0.09703908207824778 -0.8291185867394154 256.9473549690885
-0.8121496695933322 0.2922597951724711 -0.5050602963054057 307.9714337357787 0.19302338544315942 0.9513652959856317 0.2401506446298579 -52.13594996463331 0.5506772508169818 0.09754829545752693 -0.8290452372081618 255.78754832743564
-0.8123831304379099 0.29195604947757925 -0.5048602341996836 307.24876548638895 0.1924258758309053 0.9513837745480523 0.24055652215399181 -51.80324200222496 0.550542167456485 0.0982744592460434 -0.829049252245279 254.61305098673273
-0.812279974787482 0.29231431532783647 -0.5048197286066655 306.52075146583553 0.19285379982984407 0.9512984187373461 0.2405520213868214 -51.470343491613754 0.5505452455248498 0.09803767073715239 -0.829075368176368 253.4352676765054
-0.8120278788163667 0.292730824549445 -0.5049850275785017 305.7989751132019 0.19369416594638686 0.9512710928569534 0.23998552150328883 -51.14301262071829 0.5506225884606915 0.09706092711770925 -0.8291390207055412 252.27114316237908
-0.8120546075585433 0.2916060496800305 -0.5055948941058677 305.0235398931473 0.19349520074241494 0.9517666765860057 0.23817526791006555 -50.79472606872326 0.5506548948970976 0.0955799085677704 -0.829290200072533 251.01716405789605
-0.8122424215270874 0.2905178088827791 -0.5059191548563732 304.26017598022804 0.19267334580044426 0.9521205557284521 0.23742605761411087 -50.45170206060346 0.5506658594523577 0.09536917058906279 -0.8293071193578484 249.78082055185163
-0.8126707527705346 0.2894231377648287 -0.5058583702830027 303.5089686657326 0.1916201907712974 0.9524162540172505 0.237092300711075 -50.11254033483879 0.5504012678763196 0.09574408644626085 -0.8294396132251138 248.56064285506721
-0.8130324038879952 0.288710540753534 -0.5056843834986198 302.7697664039228 0.19083991249786073 0.9525845541357222 0.23704539152514928 -49.777668437996866 0.5501382996832753 0.09621960264632783 -0.829558988514862 247.35984830046655
-0.8131899657870911 0.2884326567647291 -0.5055900046726269 302.03470766363426 0.19059382552646845 0.9526591273369214 0.23694465963352546 -49.44624544564762 0.5499908139823537 0.09631757308648128 -0.8296455919916433 246.16874602906225
-0.8131454585721535 0.2881089059652995 -0.5058471779659638 301.2857116006111 0.1904903351926584 0.9527964320702907 0.23647560977404986 -49.111276455608895 0.5500933507970329 0.09592896015216812 -0.8296228359881871 244.95891503617904
-0.8128383120317529 0.28803947624443615 -0.5063807001260942 300.5503676638219 0.19089609026509752 0.9529244052255803 0.2356323172574246 -48.78535552534676 0.5504068578972685 0.09486385242254226 -0.829537485407933 243.77581106232807
-0.8127284982464296 0.2873835391716578 -0.5069304457340162 299.80086168105265 0.19061392969987778 0.9531894816068732 0.2347874600001144 -48.45424754925899 0.5506673246517273 0.0941894985282023 -0.8294415389465493 242.5675456096557
-0.8125722084945215 0.28743346152693305 -0.507152449076451 299.05873640681136 0.19069869882690518 0.9531934864358713 0.23470310511671563 -48.12507424402096 0.5508682129458434 0.09399917633779349 -0.8293296661551885 241.37236381208825
-0.8122572819519706 0.2880633505104601 -0.5073006750514151 298.305294493979 0.19131523195598724 0.9530322420548499 0.23485740143306147 -47.7852174553205 0.5511197457201015 0.09370950416870273 -0.8291954997658312 240.1568271407389
-0.8121207397314469 0.2885028256278634 -0.5072714461702239 297.5621733529993 0.1916317561790432 0.9528940328379474 0.23516143863167985 -47.450858462793946 0.5512121846351905 0.09376930523852843 -0.8291275515951945 238.95812768668767
-0.8117551057383605 0.28900713588485105 -0.5075692136931873 296.8073398271542 0.1921880545811205 0.9527832796267575 0.23515571196769794 -47.114369746580195 0.551556825288054 0.09333939557073562 -0.8289467131202471 237.7456518702535
-0.811337593760924 0.28903905336745594 -0.5082165421546097 296.0552700467086 0.1923241588906601 0.9528234446667861 0.23488021098051745 -46.7816798844211 0.5521221355089312 0.09282415928990839 -0.82862786673083 236.54106732455227
-0.8104211217300938 0.28947452470297647 -0.5094296849070722 295.3016722862111 0.19399980379292728 0.9529700554666639 0.23289877467039266 -46.453602821323244 0.5528814923826929 0.0899162280252625 -0.8284421242615331 235.34129581506758
-0.8100526269614006 0.2884430578644781 -0.5106005064171197 294.5284766561346 0.19398141192025206 0.953463329512406 0.23088730148596628 -46.12143785486131 0.5534282989503995 0.08798351336962354 -0.8282847248750861 234.10970276363395
-0.8094819066300668 0.2883475443341548 -0.5115583738212023 293.7583954513492 0.19373788111727036 0.9535086191031865 0.23090457955624605 -45.78925184216321 0.5543479344193912 0.08780446440360012 -0.8276885721020465 232.88519988147985
-0.808841958220337 0.2871192559261843 -0.5132600002564113 293.0041846677666 0.1919028133717291 0.9538175919867449 0.23116262551904485 -45.460840663197594 0.5559185868754534 0.08847796651630195 -0.8265630236467874 231.6812030185703
-0.807693647556312 0.2854737582141901 -0.5159795614964835 292.23715052373507 0.18947031142845905 0.9542516535796537 0.23137789332720282 -45.12848221292891 0.5584174490341245 0.08911938560357867 -0.8248081309950764 230.46578515989697
-0.8065165796055673 0.28463108783406144 -0.5182814962817524 291.4610030938429 0.18732121545283226 0.954369253487345 0.23263871335337566 -44.791389036183176 0.5608389907934868 0.09054206835628857 -0.8230082026948737 229.24479940540846
-0.8048610064070494 0.2853058694495182 -0.52047958949805 290.6662657766567 0.18659811683042213 0.954069146312838 0.23444305258750775 -44.44797030132376 0.5634523494824615 0.0915737625497787 -0.8211068487743 228.01571694098428
-0.8041294578069406 0.2837606218886799 -0.5224513994889163 289.86816420173017 0.18488132117931455 0.9545378713349552 0.2338944108808794 -44.10623273479585 0.5650605805587615 0.09149011044427541 -0.8200101607243012 226.78165849826868
-0.8032258392553527 0.28161619395533094 -0.5249959239200255 289.0765597863908 0.1834998210095003 0.9553343324168312 0.23172107516304713 -43.77467897477151 0.5667938637453249 0.08978803678438695 -0.8190013794965408 225.57133566793692
-0.8028654367341327 0.2798909897912802 -0.5264680175150243 288.27736432416305 0.18197349062190554 0.9558769884301669 0.2306846453822827 -43.440796143381796 0.5677958094382042 0.08940573189935841 -0.8183489702803188 224.34841422559688
-0.8024497686034128 0.27880174537900104 -0.5276791449086086 287.4797902240231 0.18095919939592806 0.956222542052831 0.23005042497109887 -43.10934600220303 0.5687073724133799 0.08911570550975492 -0.8177476001593698 223.1317987249549
-0.8021806651086366 0.279163337729594 -0.5278969855080733 286.67998622949347 0.18118667627127094 0.956118732223256 0.2303023719452838 -42.775637247775414 0.5690144802221926 0.08909638734952337 -0.8175360068619157 221.9173725612303
-0.8016796683949534 0.28127033667761736 -0.527539495089176 285.86272996474713 0.1820752083209799 0.9553693151279066 0.23269932158693318 -42.424310186942705 0.5694367795204708 0.09049840550910791 -0.8170877909275502 220.6719263531807
-0.8013351339588729 0.28196061497732045 -0.5276949849376542 285.06001422981706 0.18262366562282503 0.9551760535393574 0.23306309034593362 -42.08106068685217 0.5697464530685896 0.09039199975693941 -0.8168839467661981 219.44891780158014
-0.8005326071580974 0.2830010982492442 -0.5283568656108917 284.2568381539679 0.1842611325276052 0.9550306996095868 0.23237003018356361 -41.743184868530726 0.5703482025806407 0.08866392753617068 -0.816653696228383 218.23108228529802
-0.8001930195418049 0.28321592089675096 -0.5287546613064386 283.46689033658186 0.18452808231951595 0.9550001677085531 0.23228236583679238 -41.4110360503803 0.5707372313137417 0.08830040123355819 -0.8164211354972081 217.03248368760472
-0.7998598695719122 0.28430573794769554 -0.5286733467631124 282.6632939474246 0.18511858861435 0.9546344166867895 0.2333127910219675 -41.07023774201654 0.5710124481464911 0.08875002927961106 -0.8161795938679367 215.81414161042972
-0.7996742839518689 0.28483605051270083 -0.5286685830329414 281.85364582173014 0.1856480833875166 0.9544953234857134 0.23346163338717602 -40.72769903460928 0.5711005369343792 0.08854674278791952 -0.8161399835721688 214.58547334791814
-0.7995007318382035 0.28504816992278953 -0.5288165103358689 281.0396415727365 0.1862395474568044 0.9545046816605282 0.23295144111176744 -40.38648958873549 0.5711509624191328 0.08775810989340667 -0.8161898205321331 213.35173732188252
-0.7996884290839311 0.2842953076519045 -0.5289390710544205 280.23099463223025 0.1860781528719965 0.954798666235157 0.23187409693332142 -40.04949152149279 0.5709412724565479 0.08700307115826501 -0.8164174769391019 212.12179782000413
-0.800172792220604 0.2831764428981352 -0.5288082900145247 279.43333540090936 0.18495118676992803 0.955084460205499 0.2315991172961244 -39.713248190783084 0.5706295358224437 0.08751575079740365 -0.8165808909894818 210.8995881405592
-0.800626283995421 0.2825976865390781 -0.5284320001584842 278.63098787601956 0.184530678178457 0.9552430252073791 0.23128066025591867 -39.37655000886883 0.5701297205381065 0.08765789922956799 -0.8169147455403358 209.67118393123192
-0.8013121609053677 0.2816784504504818 -0.5278836569100736 277.83078168650303 0.18362375946877485 0.9554593196768426 0.23110966561877225 -39.038834894314775 0.5694588577209809 0.08825949248979877 -0.8173178539118646 208.4403944253052
-0.8019213696326802 0.2812445435319073 -0.5271899025166186 277.0367573219318 0.1831781730072344 0.9555386897805489 0.2311352451095222 -38.703537697156186 0.5687447884880532 0.08878301937521466 -0.8177582498440968 207.2196282748667
-0.8028591520770362 0.28076301611689974 -0.5260175188840372 276.2391442455789 0.18260742759749438 0.9555955457243795 0.2313508601946494 -38.36463255934607 0.5676040763859828 0.08968773997112771 -0.8184517833068039 205.9886389329537
-0.8036040992118155 0.2798937199113882 -0.5253428522953444 275.4357948621082 0.18217812045585705 0.9558581563157669 0.23060415635553108 -38.02732337677318 0.566687038697819 0.08960885504105179 -0.8190956587927676 204.74856932948296
-0.804815369364973 0.2753225145656829 -0.5259036292995659 274.6360066302338 0.1797145927188808 0.9573763839724433 0.22619524026285048 -37.699696267099874 0.5657538137134849 0.08753355375543806 -0.8199648062778346 203.5069403258474
-0.8061657709563924 0.2703454869350192 -0.526417312526705 273.8394075753469 0.17647786781353786 0.9589109820285334 0.22220746188240598 -37.3782630333284 0.5648495246130779 0.08623596321668389 -0.8207254382643776 202.2653367272504
-0.8080223186298289 0.26782788729019397 -0.5248546574137247 273.0312120555154 0.17406714582859004 0.9594810538841689 0.22164718509224868 -37.0440068388828 0.5629412507236804 0.0877367467431575 -0.8218763587323589 200.9962692862061
-0.8103185926399769 0.26682740483350276 -0.5218154799381367 272.2537029533768 0.1723452538102433 0.9594774262498439 0.2230042703275874 -36.71902771538562 0.5601636876935037 0.09077289445163934 -0.8234433153853608 199.77017873802828
-0.8120389440482342 0.2666939862015147 -0.519202753001997 271.47428774958934 0.17211358230790327 0.9593757328991196 0.22361907709299617 -36.393502471569896 0.5577384157408548 0.09222630601247091 -0.8249266613938011 198.53856533462928
-0.8134937416457234 0.26705397009788306 -0.516735518497712 270.70126847950655 0.17273750785579656 0.9592199540849025 0.2238074969519991 -36.07033420054606 0.5554216040583819 0.09280719777145875 -0.8264235659813842 197.3128848363672
-0.8148943951234345 0.267459662812729 -0.514312628330248 269.925248177766 0.17389500598489296 0.9591356904660517 0.22327056726578148 -35.74810741395003 0.5530016122107825 0.09250626441044753 -0.8280784192402716 196.07868531253686
-0.8166212152570342 0.2688068129537941 -0.5108603294236741 269.16953237371456 0.17578726889048088 0.9587400587878111 0.2234876909561905 -35.429671345322696 0.549847774361107 0.09270260080481131 -0.8301540869892041 194.86605580338173
-0.8183708318290114 0.26901782945560654 -0.5079419668564057 268.40159352179154 0.176478886040692 0.9586349830527136 0.22339424944316147 -35.10477645240962 0.5470182449605254 0.09317878515475107 -0.8319681413435501 193.62061228791202
-0.8201073266381597 0.26906778842455065 -0.505107176719048 267.6449101656036 0.17790338671755487 0.9587252808689386 0.2218712793584183 -34.78765534309842 0.5439478522992963 0.0920984310971048 -0.834098757697037 192.3863100603948
-0.8230410650374411 0.26934995066360634 -0.5001596934032688 266.89045662441566 0.17943500759653733 0.9586413656876829 0.22099804316281135 -34.46829976353951 0.5389906127254366 0.09214443763646123 -0.8373054592664375 191.13602881020046
-0.8264705870211768 0.26945810722089075 -0.4944135467168693 266.1253643544405 0.18086383763611708 0.9585775947756893 0.22010861462276649 -34.140362723352055 0.5332347821277049 0.09249177891054237 -0.8409445306559874 189.84394265193154
-0.8300137850927485 0.26644575560304 -0.49009171252047773 265.38291280572133 0.18122121299153565 0.9597012701823462 0.2148557738013061 -33.8317108402673 0.5275801906566776 0.08951824103007314 -0.844823762560799 188.57075692603365
-0.8336727412835441 0.26304793556994616 -0.4856966043429154 264.6445270936197 0.1790368434189716 0.9605411275630388 0.21292487107969066 -33.520061192105466 0.5225325007523829 0.09055209479074768 -0.8478452574912502 187.27447513597383
-0.8371295518368315 0.2615525393014765 -0.4805311415112541 263.91344261927503 0.17819980218049333 0.9607846673478758 0.21252751828297006 -33.20611178926052 0.5172660316478899 0.09228238942819178 -0.85088270319773 185.97743344003595
-0.8405017699860658 0.2605464221510619 -0.47516035643953014 263.1809089487026 0.17815344079486173 0.96095273708648 0.2118046156168822 -32.88961113640849 0.5117842588214729 0.09337053521091922 -0.8540726522849629 184.66054167913057
-0.8438516948111277 0.25987846979584195 -0.46955640529954695 262.46358557825954 0.1782379361723615 0.9609902447574376 0.21156392863374734 -32.57637217855421 0.5062128319816778 0.09483565900806577 -0.8572258736264999 183.352987018904
-0.8465947300897608 0.2620554734099984 -0.46336808942399793 261.7563908749414 0.18065530165207275 0.9602216765238202 0.21299759651917602 -32.26224793532087 0.5007463783411579 0.09661262472429637 -0.8602327609606749 182.054519007172
-0.8499108425484639 0.2596300008914909 -0.4586383093545687 261.05727158346696 0.1808228319380524 0.9610722217365483 0.20898070928009585 -31.955976868323628 0.49503578403775345 0.09468270253183124 -0.8637451423617598 180.73985669636724
-0.8529905174259478 0.2585136760838968 -0.4535233237891496 260.3786188083752 0.18230323598193568 0.961594880092963 0.20525773046017837 -31.66266922262004 0.4891611114814481 0.09240423616128338 -0.8673314628368987 179.45047251656922
-0.8553304748471368 0.258608100542106 -0.4490392115266881 259.70033643060253 0.18375899219157266 0.9616265078014083 0.20380503590633833 -31.369772474353375 0.4845077842639251 0.09180574449875023 -0.8700026919597629 178.1512543480037
-0.8574922120225676 0.2590023429557811 -0.4446680110431966 259.03529312875594 0.18431391126768026 0.9613634604125625 0.20454410943048854 -31.075839965525685 0.480459105929964 0.09343641288308865 -0.8720720747001531 176.8593020806681
-0.858915685983985 0.2598444400342328 -0.4414184599989075 258.36001073135566 0.18551118168524333 0.9610802681680543 0.20479284828834612 -30.776057845991904 0.47744702827992463 0.09401159909555125 -0.8736631910308009 175.54204158747962
-0.8600759554826696 0.26036312934703737 -0.43884607471777876 257.6949050582314 0.186186364172012 0.9608652524014053 0.20518809313437086 -30.477828184515253 0.4750896742566765 0.09476985892386418 -0.8748653689147343 174.23331400366743
-0.8606595688660126 0.25928480980417856 -0.43834093381591277 257.03855386197745 0.1863223305616408 0.9613401572328049 0.20282689305684434 -30.190434947638607 0.4739787333536779 0.0928918682518739 -0.8756691607923327 172.94073087099648
-0.8617377842563083 0.2567499538343541 -0.437714652447644 256.39101464444013 0.18516271710558566 0.9621835665610519 0.19986879665329896 -29.91043805695616 0.47247212548455875 0.09118572200300593 -0.8766622801800141 171.65421463380403
-0.8626377771273206 0.2557904294162692 -0.43650339286219186 255.73467133881311 0.18457720735957253 0.9624293624939344 0.1992275402423823 -29.62445384439792 0.471057733055243 0.09129238450410511 -0.8774123016246914 170.34412503924807
-0.864028424265096 0.2549414667615086 -0.43424463279746367 255.0838942860203 0.18375220265267647 0.9625320992414093 0.1994934415246779 -29.336524915890926 0.46882704778803896 0.09257426496534796 -0.8784723490893144 169.0338668084319
-0.8653546870821112 0.2548010417164471 -0.43167927307096154 254.43814070768002 0.18366224939480538 0.9624570927932542 0.19993733079052894 -29.049283746893433 0.4664105982503907 0.09373319976575774 -0.8796350726284101 167.73110805825542
-0.866217343303893 0.25444283071155166 -0.43015883864280496 253.78098520110996 0.1833729787699636 0.9624841708646348 0.20007242087981292 -28.755620912995187 0.4649213240876253 0.09442636902164481 -0.8803493491399941 166.39809165783282
-0.8672369514330874 0.2537771191144736 -0.42849630445782977 253.12130583284983 0.18298321539583795 0.9626182101339052 0.19978510581340592 -28.46127505191709 0.4631722047946694 0.09485325560671388 -0.8812253596389101 165.05394610946854
-0.8681679797496499 0.2531640229914863 -0.4269708887411379 252.47559276196745 0.18299241702785685 0.9628165207303462 0.19881719256152838 -28.17676999459514 0.4614213684599835 0.09447398729014213 -0.8821840929571877 163.73835485471068
-0.8687146878296671 0.25371530936015674 -0.42553018879899024 251.8372912255458 0.1838428383263654 0.9626817376616951 0.19868594444721066 -27.893406893725338 0.4600531542639504 0.09437038533291597 -0.8829096638418965 162.43490646997822
-0.869546449098837 0.2540498674226586 -0.4236254910975021 251.19890267565717 0.1846303590928475 0.9626066953101118 0.19831790049123785 -27.609931504936966 0.45816112653405366 0.0942320558540045 -0.8839075631387979 161.1234941556864
-0.870144258972038 0.2536160227688153 -0.42265702059940313 250.56618920542763 0.18474305561502838 0.9627753321238501 0.19739233426779765 -27.325690685087302 0.4569793223880389 0.09367639407285938 -0.8845782365154781 159.8122476937324
-0.8710193792815767 0.2507071568661262 -0.4225898851389734 249.94152055821073 0.18269104266349898 0.9636241049112332 0.19514682579158463 -27.049165951622935 0.45613660348022567 0.09277313157136814 -0.8851081874669398 158.50612709350688
-0.872638435549322 0.24731373277637192 -0.421246008284451 249.32673927196106 0.17912998100280791 0.9643052279608978 0.19508185963052616 -26.773313520730717 0.4544507616768854 0.09477775173917542 -0.8857620378182076 157.21241965229103
-0.8744154172413054 0.24500779073556248 -0.4189017356845642 248.71016286860439 0.17556131785398837 0.9644416435803002 0.19763437209512666 -26.492399927854482 0.4524230371393037 0.09927115155113733 -0.8863070212590093 155.91629743379744
-0.8752080767444866 0.24357838106413968 -0.4180799617450086 248.08397200788121 0.17392973073605833 0.9646741397497695 0.1979430376040112 -26.207417523447713 0.45151985765978303 0.10052458377860177 -0.8866264482700377 154.600704947123
-0.8759965951806086 0.24166922828315415 -0.41753534205920606 247.46023842427027 0.17216092189490345 0.9650986804027416 0.19741853290470762 -25.9249323465729 0.4506672837505047 0.1010544012143954 -0.8869994832062591 153.28702802762615
-0.8760687053411947 0.24145824512338537 -0.41750544462046657 246.83745197566978 0.17215345311839086 0.9651888246477768 0.1969833235347818 -25.648022254714725 0.45052970882754034 0.10069564526482461 -0.8871100225387559 151.99005166712604
-0.8763011056444556 0.24135461973864542 -0.4170781210757842 246.2033400722747 0.1721210866994057 0.9652062605850468 0.19692716144304429 -25.36372964406845 0.45009043945536786 0.10077936354714741 -0.8873236036883706 150.66308663548853
-0.876394938287691 0.24104833122628538 -0.4170578492740495 245.56514490690546 0.17227727744717275 0.9653752876873413 0.1959586403636092 -25.08190311267851 0.4498477598408645 0.09988742971849886 -0.8875472180240284 149.33091856154388
-0.8764893211481501 0.24007016448118215 -0.41742560770314246 244.93580750489636 0.17266762379841186 0.9659074980834105 0.1929712244945018 -24.809750295998548 0.4495154526873389 0.09706160728604907 -0.8880294626039889 148.01936346287025
-0.8769805653596049 0.23802266718997614 -0.41756734081583474 244.30282257102934 0.17113929029210473 0.9664727348405842 0.19149872110450814 -24.535901024109194 0.44914203842965716 0.09647847385953381 -0.8882821669739642 146.68891405498962
-0.877402000442339 0.23642483368789077 -0.4175902151583853 243.67008945136257 0.16986502538889026 0.9668888922039691 0.19053028034222178 -24.26265539832445 0.44880286572848377 0.096237827223182 -0.8884798026217555 145.357224132499
-0.877705792547605 0.23564782531414744 -0.4173907038958642 243.0448928493554 0.16913062840083126 0.9670559909304179 0.19033641088466685 -23.991747301361553 0.4484858697715994 0.09646592452222971 -0.8886151484985877 144.04404553821422
-0.8784277013183568 0.2338371718622733 -0.4168908641429307 242.41839915237125 0.16750540532744165 0.9674593953917436 0.18972285647602918 -23.71980236492547 0.4476825426275895 0.0968262017403306 -0.8889812154214616 142.71853359700293
-0.8788220237133619 0.2335020580297278 -0.4162476696381151 241.79796575071637 0.16758570044586377 0.9675906107757155 0.18898211890568672 -23.45461388830282 0.4468782553475119 0.09632435916453976 -0.8894402600417631 141.41511995580709
-0.8793232462703243 0.2329623657582296 -0.41549136736656056 241.17546914129798 0.16704000014462783 0.9676686916468697 0.18906545414741494 -23.184486014424646 0.44609616280941994 0.09684580660119224 -0.8897762169178235 140.09652058561937
-0.8795177054226635 0.2330494037788693 -0.4150327769151549 240.55554127150216 0.16731377245483767 0.9676699642276488 0.18881869486366293 -22.91306166671275 0.445611415694469 0.09662863844462585 -0.8900430598310595 138.78261211063378
-0.8798265878972503 0.23229777461977272 -0.41479811328467825 239.9383457097264 0.1671654734212839 0.9679484936343163 0.18751809012402296 -22.648017062627876 0.44505612285169166 0.09564331936705635 -0.8904269418047308 137.4714209932
-0.8799522659692731 0.23184214166822578 -0.41478536243475156 239.32090169927037 0.16748862388148314 0.9682103755533957 0.18587109918635422 -22.38835359471062 0.4446853593580063 0.09408570919744731 -0.8907781393361638 136.16759199224637
-0.8796924519087622 0.232247535792623 -0.4151096408749827 238.70332380674043 0.1682183495751451 0.9682070262985476 0.18522865288062124 -22.129950073037154 0.44492408505770514 0.0931148574237056 -0.8907612055450896 134.8720869673307
-0.8794784019976889 0.23209723776398294 -0.41564670574609125 238.09232931823348 0.16792450398291375 0.9682326983417893 0.18536182014177569 -21.872846723125434 0.4454577210901072 0.09322406372856956 -0.8904831032809205 133.59125371111224
-0.8784658481507476 0.23162937296597536 -0.4180426487430602 237.47189229614816 0.1670887814580755 0.9683606010626917 0.18544920028188858 -21.615072586024596 0.44776434787723723 0.09306041249529165 -0.8893426455214195 132.30230163828566
-0.8770660421509923 0.23067149930688302 -0.42149870803315953 236.84311482409598 0.1653107764615808 0.9685451092294325 0.18608199563616615 -21.352278561896373 0.4511567533311902 0.09352711667353955 -0.8875777959601857 131.00134199357532
-0.875114694659846 0.22990077119974525 -0.425952267873086 236.2087469745873 0.16317296724535485 0.9686201846160837 0.18757371395792422 -21.087256141792082 0.4557015393461385 0.09464351638474773 -0.8851344363419591 129.707205431192
-0.8730163996264667 0.22944185540278322 -0.4304821755872088 235.5594211369504 0.1608598561962635 0.9685331586827974 0.19000722471426376 -20.815967096673266 0.4605239110569669 0.09663075714886397 -0.88241998222798 128.402901171593
-0.8706039758026408 0.22904747036249526 -0.43554822583523334 234.89827573587706 0.1585198996055364 0.9684390278647754 0.1924388020617345 -20.540126925756486 0.46587131093365275 0.09849347652208851 -0.8794021644651142 127.09966970259639
-0.8677659875991628 0.22896678494533532 -0.4412177477793443 234.229254005888 0.15633520015476068 0.9682781607808211 0.1950219255361924 -20.261295749044468 0.4718664344605249 0.10025387421102938 -0.8760005493525698 125.80702079102053
-0.864601225635886 0.22792221913454305 -0.4479207301634878 233.5402116999757 0.1537193981441937 0.9684788750937665 0.19610138604623623 -19.976574860497703 0.47848882555808997 0.1006937453772753 -0.8723502990352204 124.49910728901841
-0.8611413187084956 0.2248225781634071 -0.4560779758639013 232.856276743336 0.14954853067279952 0.9692648205476686 0.19544049821214102 -19.702307019011773 0.4859908044239216 0.10009451811646125 -0.8682625445552712 123.22805417619765
-0.8573056016924955 0.22172724645768793 -0.46473681150885277 232.16055367466998 0.14549798744044368 0.9700818983465818 0.1944393188842432 -19.431250777677874 0.4939360950558268 0.0990742002071222 -0.8638848144229593 121.96674716934463
-0.8532470747858416 0.22028254500840158 -0.472822342174296 231.4383187096454 0.14253742217730347 0.9704278554978337 0.19490287177247917 -19.152766652775455 0.5017642951423471 0.09890417501106145 -0.859381054557176 120.68818077150273
-0.8490711463645633 0.2187561658136061 -0.4809782032212126 230.72531835094284 0.13929936380596783 0.9707538546328378 0.1956200806812647 -18.880569391273227 0.5096948470816444 0.0990941201083405 -0.8546794840138622 119.45396466397432
-0.8442040004069697 0.21922364796591526 -0.48926134898890683 229.98862140734266 0.13826248143995523 0.9707436056511057 0.1964057212592418 -18.5986240107773 0.5179941371751503 0.09815890702734616 -0.8497836805168526 118.20848647816807
-0.8395783325716619 0.2197504152872876 -0.4969249668558238 229.24119048723705 0.13706710911666758 0.9706562002349792 0.1976737315716936 -18.316917808737077 0.5257716524014927 0.09784931580860422 -0.8450298531195395 116.97532958019653
-0.8342024588858415 0.22086360512470482 -0.5054129208664879 228.47293258152533 0.13676023225379433 0.9705492914193352 0.19840942951293766 -18.035117146413327 0.5343388682943631 0.09639219910099626 -0.839807225013444 115.7410127207663
-0.8290855928334522 0.2213200797241735 -0.5135669755929025 227.69233668480535 0.13561219310527928 0.9705225939570602 0.19932605639026366 -17.75088813188936 0.5425322068480993 0.09561137803904736 -0.8346273630810482 114.51086182729057
-0.8227224763477211 0.2221306091356983 -0.5233573250321015 226.8990660669654 0.13503997875952878 0.9705351472120964 0.19965401615106074 -17.46846514980744 0.5522748217176834 0.09358463842548653 -0.8284447420288888 113.29413922585283
-0.8161277481434878 0.22261915519093908 -0.5333786099729558 226.10196769739733 0.13371044053387135 0.9705447464851886 0.20049949620072435 -17.18820515332692 0.5622915045911034 0.09231399099832262 -0.8218224887325316 112.10234020868488
-0.8087415605626402 0.22488866811769956 -0.5435796869454436 225.28536324187283 0.13434196577751173 0.970241672417505 0.20154111728347682 -16.90439746631783 0.5727162711422039 0.08996806629568362 -0.8148544813857788 110.91881854095824
-0.8020968299485323 0.22679656077241375 -0.5525584470618391 224.44841132724108 0.1334442731692369 0.9697784645529773 0.2043454426793975 -16.611694201845843 0.5821923341835276 0.090168151455873 -0.8080887179193195 109.72942785851042
-0.795186953952328 0.22918284924354393 -0.5614888903894096 223.60135515522765 0.13367059531317751 0.9693226824147916 0.2063522209938857 -16.318386130093543 0.5915440665801391 0.08903259996679848 -0.8013953828848592 108.55856377044061
-0.7885926067375002 0.23023887815354147 -0.5702883015665071 222.74248045537766 0.1329231018353891 0.9691834212031561 0.2074859461578124 -16.025010654435636 0.6004726432776101 0.08781574328294378 -0.794862685062407 107.39690718399113
-0.7823812862651112 0.23016355254006926 -0.5788109454028625 221.88782955919277 0.13289226824028375 0.9695245670592689 0.20590919737977662 -15.740180852078982 0.6085513193820569 0.08417867455511627 -0.7890917183857724 106.26649472934714
-0.7767536925214809 0.23024117707777755 -0.5863111319963117 221.02119632096912 0.1334306019679293 0.9698358675913561 0.20408791890440284 -15.456931429667318 0.6156018517246888 0.08029297922329653 -0.7840114809650427 105.14055666244805
-0.7720836977529902 0.23060434776517771 -0.5923062096028677 220.13353840097878 0.13302947263088324 0.9698668094413678 0.20420346539925083 -15.169176826161902 0.6215348541465803 0.07886666731979608 -0.7794621634252336 104.00080265208322
-0.7670004451895088 0.23252291596532007 -0.5981320343878758 219.20786178123504 0.13561874202599045 0.9697426337900288 0.20308762924734788 -14.871723920122774 0.6272426401129464 0.07464936894854435 -0.7752942189185152 102.8366567111124
-0.7617805333687608 0.23643257839617118 -0.603248458069532 218.2743368930231 0.13884366789557614 0.9689979768443049 0.20445898973683238 -14.570938051225928 0.6328730339244678 0.07199443021469633 -0.7709576064930683 101.68480479420343
-0.7578508219911612 0.23701025700083336 -0.6079528375951609 217.33562310453274 0.13825970105406885 0.9688870155501802 0.2053793328453245 -14.268660610973418 0.6377000736302116 0.07159002985018913 -0.7670074819997401 100.52413972104172
-0.752606741773772 0.23814120043116982 -0.6139947205381202 216.41228239294182 0.13977657635366394 0.9688641460079472 0.2044560045411924 -13.972126961206623 0.6435519237797358 0.0680521189161307 -0.7624277352893489 99.40337969749835
-0.7487176493382547 0.23763955679859308 -0.6189243473069643 215.4757538224486 0.13819562033135316 0.9690003679180219 0.20488573034277638 -13.673558492851521 0.6484117174428343 0.06786805008951699 -0.7583156585807257 98.2706002177406
-0.7456254387230907 0.23424542980843926 -0.623930695576547 214.54166540490172 0.13384049210659898 0.9697667417355437 0.2041466711450313 -13.379118615936743 0.652872790217648 0.06870888984997575 -0.7544021010567511 97.14707822616853
-0.7408189065328012 0.23631167266235817 -0.6288575607645452 213.61554950615727 0.1353282932911435 0.9694076582109487 0.20486907571168683 -13.09223604248287 0.6580172030903266 0.0666679227416035 -0.7501033462174284 96.0687904474494
-0.7376608845482333 0.2377328862295221 -0.6320260587862414 212.68138286041489 0.13414366636338793 0.968926786971374 0.20789975362645582 -12.79795840289107 0.6617965782776797 0.06857649871750655 -0.7465980887870584 94.98260061348053
-0.7345008452000493 0.2385560861587184 -0.6353871651603737 211.73161237611228 0.1329171106103386 0.9686361590196241 0.21003151233818254 -12.497412841983355 0.6655482880709007 0.06981366653996093 -0.7431405393076707 93.88849841798618
-0.7317299651798723 0.2373952733635563 -0.6390090421459937 210.7766892452915 0.13104813931320927 0.9689186368670376 0.20990275809096065 -12.19881213075061 0.6689626589913781 0.06985046821205153 -0.740065311249386 92.79298749870688
-0.7284994822882473 0.23528628278917332 -0.6434649184259418 209.8022994071714 0.12860218954416672 0.9694630694560789 0.20889960484557915 -11.89829170521271 0.6729516063972755 0.06943153194367878 -0.7364799059909253 91.6886137945804
-0.7251707511465698 0.23591813607077036 -0.6469843072521047 208.82066816113164 0.12714619792237214 0.969219538906862 0.2109143472922115 -11.591016169184472 0.676812958059242 0.0706857935235139 -0.7328135303143122 90.58898257109999
-0.7213377703913089 0.237290357288054 -0.6507563143566699 207.84300914736056 0.12580066174938187 0.9687606981670929 0.21380865128891832 -11.283432985436402 0.681146388219843 0.07236151313480169 -0.7286227837487687 89.51253023584712
-0.7154702301555296 0.2387420220106777 -0.6566758710375469 206.83737537919743 0.12674168787663787 0.9685829623913665 0.21405697895026585 -10.97250264020422 0.6871338256902797 0.06992228822587096 -0.7232189529439713 88.43035555008869
-0.70995021558597 0.23803084781079745 -0.6628958474240285 205.8245123156148 0.1250973926370771 0.9688284660501124 0.2139141480378166 -10.66311788690431 0.6931345424965771 0.06894098481362065 -0.7175650177850555 87.35600793666192
-0.7040644777926577 0.23753140774424786 -0.6693216010894638 204.8010927711979 0.12372542795652484 0.9690399567073845 0.21375628276402917 -10.35439369335537 0.6993567512313216 0.06768533083901014 -0.7116229113129249 86.29220152351955
-0.6982299795417387 0.23840527578915688 -0.6750980438159147 203.7871732509083 0.12414811177619789 0.9689782225342835 0.21379179716262445 -10.049946123868889 0.7051077456146161 0.06546284836294039 -0.7061347859600343 85.25721040241652
-0.6940715949814263 0.2387379491406773 -0.6792558476115662 202.76451274998624 0.12331765511775898 0.9689176797507322 0.21454521516507932 -9.741490520974128 0.7093462127782236 0.06514477381032702 -0.7019065882053616 84.21885056992431
-0.6906367537775024 0.23915388547007005 -0.6826020936574764 201.73641494041 0.12251509757120801 0.9688120117181134 0.21547952413998667 -9.430193433708553 0.7128286920865989 0.0651885457950812 -0.6983652622398341 83.18174323384333
-0.6879000860195658 0.23933505769618663 -0.6852964821132187 200.70485698880975 0.12076776672749748 0.9686732850301303 0.21708313715346414 -9.109531774949081 0.715766932287195 0.06656929049786356 -0.6952226279595654 82.13908045325886
-0.6857184626141387 0.23954439052859616 -0.6874062110374817 199.6866475790184 0.11966555448640477 0.968568146206168 0.21815828643852395 -8.79499843357237 0.7180413626761412 0.06733595267416032 -0.692798788758449 81.12046567386516
-0.6854239886247717 0.23941532857946415 -0.6877444076013004 198.6604046237875 0.11932173371947195 0.9685852286248273 0.2182695045068104 -8.480813156460968 0.7183795396122292 0.06754404724948689 -0.6924277825620653 80.09634683796403
-0.6861545980307454 0.23970180544974226 -0.6869150885119288 197.60766102449728 0.11903352860255696 0.9684444857373131 0.21904922200036595 -8.155735156198178 0.7177291777042536 0.06853553463538871 -0.6930044652002828 79.03980930041907
-0.6872398740986649 0.2392553005997306 -0.6859859910432203 196.50628208014325 0.11862772082812567 0.9685151965392894 0.21895819439491782 -7.816358323550933 0.7167579001914953 0.06909969347840009 -0.6939532818007774 77.93011046104537
-0.6878732560253362 0.23883506771334445 -0.6854976087896677 195.44096015632306 0.11835731383465972 0.9686039017281485 0.218713101991399 -7.49000983823314 0.7161948769078647 0.06931308528763222 -0.6945130321996973 76.85701941640794
-0.6891389946723443 0.23449377460628895 -0.6857242741463089 194.34740212524406 0.11724316907226037 0.9698290543404469 0.21382860513063542 -7.166241109920807 0.7151601892967973 0.06696113759303252 -0.6958085243056606 75.75575883802492
-0.6892243179551752 0.23103956067787743 -0.686809467203652 193.29583192024495 0.11786053049997983 0.9709448742464618 0.20835409385547618 -6.8657049764559455 0.7149759294838578 0.06265525459033285 -0.6963983955369841 74.70373935669593
-0.6890773835629881 0.2293514378412352 -0.6875223921492892 192.25119872212233 0.11804786937197297 0.9714735685001809 0.20576782821788323 -6.569193386733789 0.7150866853489801 0.06062957414596417 -0.6964639833491483 73.65877444238134
-0.6889368660580915 0.23042054759821717 -0.6873054909367052 191.23923032177814 0.11892041723827892 0.9712302497635236 0.20641206156822248 -6.27654751695598 0.7150773786929949 0.060470482085740546 -0.6964872358298584 72.64525652267116
-0.6887138128890853 0.23183997796494998 -0.6870518707168632 190.22283372951145 0.11977829841998155 0.9708811969991082 0.207555538587926 -5.979985707445611 0.7151493517125628 0.06065255810734509 -0.6963977533598329 71.62809857629088
-0.688300148882319 0.2323256707028027 -0.6873029012028455 189.1623442308992 0.11958906501955617 0.9707292098016108 0.20837567400670606 -5.669894253285506 0.7155797401205933 0.06123105157834244 -0.6959052282097209 70.56634064559604
-0.6869798195238298 0.23144012252001644 -0.6889212397057027 188.12969034576682 0.11824947121816953 0.9709169121182272 0.20826639945617764 -5.370241852583002 0.717069907482924 0.061610263701254254 -0.6943364130111246 69.53470402425224
-0.6858194234937878 0.2299092156788637 -0.6905884350512528 187.09703408925895 0.11689369642024652 0.9712917661749116 0.20728153932341867 -5.075326486164974 0.7184019937039752 0.06143218175267552 -0.6929740891535883 68.50921538780875
-0.6846082196883391 0.2287126550912753 -0.6921868021645622 186.06269368613388 0.11573852115493041 0.9715824859017514 0.2065670599031697 -4.781662700043668 0.7197436186201663 0.06130478476245096 -0.6915921611517387 67.48648307393755
-0.6833939851472808 0.2280891916493794 -0.6935908976461473 185.02889365547713 0.11442774151670095 0.9716871371381498 0.20680395535660465 -4.4847142936603195 0.7211056769282908 0.06196241324516097 -0.6901130447524609 66.46450838146771
-0.6823143892383247 0.22788221690630187 -0.6947214784987978 183.98348820062185 0.11353428249733098 0.9717000424570023 0.20723674846137494 -4.180016823086553 0.7222687386354681 0.06252577705985549 -0.6888450340593723 65.43390284619841
-0.6812731634722072 0.22830409160788606 -0.6956040878808508 182.93618680377824 0.11251464853804544 0.9715114814113842 0.20867016081321438 -3.87422652556338 0.7234098878143901 0.06389592524844373 -0.6875202976413146 64.40577584905331
-0.6799047517553549 0.2279851560784494 -0.6970460654022849 181.88049825388714 0.11113057688106386 0.9715207407840059 0.2093678722575882 -3.566891011539207 0.7249096997732756 0.06488727405851663 -0.6858456573243741 63.373619972138904
-0.6775090149735085 0.22776635962973782 -0.6994462089166446 180.82003853052885 0.11052209778842988 0.9715961008742631 0.20934013952987726 -3.2644374409568915 0.7272420946842477 0.06452578749723739 -0.6834063530073271 62.35243904858512
-0.674445810790248 0.22680531586731917 -0.7027117110837402 179.74808110013888 0.1093877227634715 0.9718633676332554 0.20869538879876 -2.9627677326144983 0.7302549218638473 0.06388611025761294 -0.6802468313287765 61.328625579916185
-0.671346964893188 0.22693951096410092 -0.7056294577506305 178.67552591291116 0.10880367311529841 0.9718525573820312 0.20904989153679335 -2.6600892244703944 0.7331915969320942 0.06357041467616205 -0.6771100511824467 60.31468971043176
-0.668874111417508 0.2274904895932308 -0.7077971508128472 177.58738096449144 0.10757333756078302 0.97164547983987 0.21064235053737054 -2.349172300043043 0.7356293416723465 0.06475353333677532 -0.6743484610210673 59.29057709522347
-0.665946930154727 0.22702466050324235 -0.7107008660350025 176.51506871901228 0.10594222579376288 0.9717166512212049 0.21113916325187984 -2.043294842197348 0.7385160353071276 0.06531471460374347 -0.6711314911908551 58.288240508217825
-0.6633602493275805 0.2262921390773348 -0.7133488404697038 175.4473105348955 0.10437957866041912 0.9718634987155378 0.21124155867920946 -1.7404551122080965 0.7410621323703654 0.065670541860086 -0.6682843559984984 57.29769918379542
-0.6613033746993915 0.22650352011978428 -0.7151891500382089 174.35322960954605 0.10285786809887201 0.9717192016112871 0.21264673920946525 -1.4270410390508366 0.743110531430487 0.06706145032601728 -0.6658674471905435 56.28868536855195
-0.6593833694535688 0.2270187087210298 -0.7167966886947053 173.26262455287545 0.10186640918481882 0.9715274563672428 0.21399507520905026 -1.1138147115378543 0.7449509675058206 0.06808751614718768 -0.6637032143639583 55.29132164175483
-0.6569491372161949 0.22642281923061472 -0.719216482233309 172.15665436380195 0.10139674879583013 0.9717278584563976 0.21330719042880616 -0.8019829394325804 0.7471625418989026 0.06720588768010997 -0.6613029415866496 54.288551180722834
-0.6548384045969905 0.2249865734238569 -0.7215876957221388 171.028723558081 0.10109571894529396 0.9721795667872646 0.21138311145541602 -0.48828144698238907 0.7490533058233166 0.06547224498126288 -0.6593347153350989 53.271840049907915
-0.6531567517729832 0.22492963564861534 -0.7231272420643609 169.93358252146274 0.1008190278960437 0.9722143775511971 0.21135301170788642 -0.1834100058768482 0.7505567562159037 0.0651418641417278 -0.6576550899357035 52.290771463550165
-0.6522544240602446 0.22512534841466753 -0.7238804351977615 168.8256070766929 0.09967877231622804 0.9720804533858516 0.21250703653218292 0.1297276865413532 0.7514932194849855 0.06645310699634041 -0.6564534286516175 51.295710283576916
-0.6513216734351502 0.2245379368747581 -0.7249023645980645 167.74203080006325 0.09814097100117299 0.9721405424074364 0.21294818695478632 0.43687084856031616 0.752504361471686 0.06755512500182347 -0.65518157998192 50.323884861691155
-0.6506241219629839 0.22271847786942606 -0.7260884699564539 166.61569788571836 0.0954640039570852 0.9724499152219627 0.21275197693097808 0.7597695725703617 0.7534511228698613 0.06910628358332291 -0.65392980347564 49.308851083674995
-0.6494360668377771 0.22120881611054793 -0.7276121828356779 165.50230611541377 0.09316469989419227 0.9727113890797775 0.2125765000613285 1.076180232310687 0.7547628672482147 0.0702670791557427 -0.6522914631529276 48.311725122348804
-0.6487537673372437 0.22122198356324727 -0.7282161383225931 164.3749031502744 0.09234234044200301 0.972648559641457 0.2132194479952333 1.3956921191912928 0.7554500169752931 0.07108187909114587 -0.6514069750771005 47.31042829082799
-0.6478559068471224 0.22313042503247096 -0.7284330088489207 163.24716515948026 0.0942798930518706 0.9722938885410951 0.21398661329758797 1.7147757909831656 0.7559807375278396 0.06995635786240634 -0.6509127828843313 46.31866397390292
-0.6475496208888883 0.21995080891775898 -0.7296700582857866 162.1052670688618 0.09620177322090673 0.9733928995750599 0.20805203939359268 2.0240180092815203 0.7560002195973589 0.06452909093110618 -0.651450203422902 45.31237599803563
-0.6475207087662528 0.21363876730653644 -0.7315691162588255 160.98645813317117 0.0952695138288414 0.9750814029043946 0.20043582275233454 2.3109036904418128 0.7561432966253393 0.060090854217284814 -0.6517088068539738 44.322323027626325
-0.6476862431203522 0.2122206440946026 -0.7318356071007307 159.87679933444534 0.09325597711078677 0.9753042207162782 0.20029857338277496 2.6036979599003023 0.756252712099397 0.061483187302984056 -0.6514520669174857 43.33657420425373
-0.6481820348097863 0.21305887423363815 -0.7311530474826324 158.76271251775125 0.09106486606763788 0.9748781132562839 0.20335910250994205 2.9037352920010258 0.7560954591934104 0.06523143484273244 -0.6512711972582361 42.35001775821747
-0.6485344853019118 0.21359219001527527 -0.7306850478938428 157.65194089567692 0.09061050286963775 0.9746816207761877 0.20450237100635207 3.202852308483893 0.7558482023980031 0.06641896577770136 -0.6514383035327828 41.370292290147866
-0.6481241382771744 0.21378089978360376 -0.730993950389169 156.54267584502287 0.09146041126033896 0.974712682903446 0.20397438875071933 3.49898591439131 0.7560977622796853 0.06534365314643123 -0.6512575872957757 40.39654309440201
-0.6478384791276439 0.21362857512795094 -0.731291869001815 155.4149578590636 0.09146949159142734 0.9747627978966257 0.20373072795724037 3.800253140384721 0.7563418371382925 0.06509349406421491 -0.6509995220191382 39.40440638593763
-0.6472285567965262 0.21396770560613085 -0.7317323232047613 154.30028907225017 0.09198696256354098 0.9747268304261614 0.20366835214931284 4.097823820211406 0.7568009546079535 0.0645099666160264 -0.650523732545704 38.42779062817469
-0.6463742951855624 0.21423394420137476 -0.7324088539786651 153.18773790387073 0.09234057073016885 0.9747024744221159 0.20362324038804333 4.3944606905506465 0.7574872697776406 0.06398567289282231 -0.6497760725090861 37.45444930337284
-0.6454388419767827 0.21468384524542625 -0.7331014947892468 152.04928361247565 0.0938327516143631 0.9747233333493407 0.20283945758006394 4.695880297153234 0.7581007476078258 0.062131688235337885 -0.6492400819645969 36.46094446163436
-0.645428138891078 0.21451770871092743 -0.7331593630917644 150.91149440627512 0.09392502179419941 0.974776908285859 0.20253862385915625 4.997183638117431 0.7580984394859845 0.061862325982916175 -0.6492685484728757 35.46309109151924
-0.6457738147393935 0.21488553548508338 -0.7327464564438994 149.78131996169049 0.09385661147269647 0.9746613631335175 0.20312471523570994 5.300301923785022 0.7578119946585365 0.06239989446976831 -0.6495512198740022 34.46861734225417
-0.6459427640696069 0.2136558327713759 -0.7329570171987397 148.66095032885897 0.0920887056303944 0.974851326877304 0.2030227591013053 5.605214533989657 0.757884699268245 0.06364445009368837 -0.6493453988394254 33.47379268323521
-0.6464496636179136 0.21127934380240365 -0.7331994695557211 147.53050601052308 0.08946844269666959 0.9752736757727671 0.20216431256826886 5.908861713788697 0.757766650930884 0.06509117126232333 -0.6493400522873545 32.46944636183773
-0.6467899305458867 0.21026553703454173 -0.7331907616602406 146.40679156689842 0.08795925073982706 0.9754142712445456 0.20214842039799766 6.21035340042288 0.7576528302774639 0.06625696714829216 -0.6493550160080612 31.473856206947474
-0.6471524631370852 0.2096762005618673 -0.7330389456281837 145.25557550304282 0.08678426176132396 0.975464135716483 0.2024143886139092 6.519130551268837 0.75747834314787 0.06737695981938802 -0.6494430759589102 30.456308014840925
-0.6476325876842569 0.2086049942649915 -0.7329202275319193 144.07481113481106 0.08592753767442524 0.9756710852465906 0.2017806018274709 6.830538508046276 0.7571655249746919 0.06770189062161143 -0.6497738766180863 29.415793357220384
-0.6486551861987562 0.20672777765916073 -0.732547946703303 142.87985990090576 0.08491478600212735 0.9760703933082054 0.20027259851866508 7.141342926028559 0.756404237963059 0.06770395365404278 -0.6506597952954905 28.36307325419871
-0.6495661887094757 0.20480649751738733 -0.7322808456658217 141.67885422370586 0.08383572093047399 0.9764748665997658 0.19874949752295437 7.450583010216186 0.7557429807857455 0.06770993102069543 -0.6514273081362704 27.302463008489077
-0.6501641165101266 0.20299860745796233 -0.7322536705440192 140.53311016243626 0.08244791638532989 0.9768251118806422 0.1976067839662993 7.744356153539076 0.7553812831480861 0.06810425704770788 -0.6518055893319238 26.288776384034957
-0.6510027106112197 0.20104646820358063 -0.7320469363436095 139.40467498560932 0.08041597902149873 0.9771455075741456 0.1968582740189167 8.035233691741842 0.7548779759031825 0.06928716020651603 -0.6522638473365643 25.28587472157957
-0.6519792936586987 0.20066079860501845 -0.7312842785025874 138.2905967718571 0.07938577532374873 0.9771297297397441 0.19735475084559484 8.324547091713772 0.7541446741372237 0.07061764056526382 -0.6529694615427762 24.297315847502272
-0.6527138871169913 0.20081939501642107 -0.730585149468815 137.01953946948103 0.07898215652265089 0.977030144193276 0.19800921490630258 8.654142096917735 0.7535515497092585 0.07153997899374834 -0.6535536902486956 23.172733021686497
-0.6534779100412721 0.2005310701735866 -0.7299808905882659 135.69294115867984 0.07853551176635627 0.9770459469616057 0.19810878593824804 8.998637968417928 0.752935807759334 0.07213019915743987 -0.6541980671921734 21.99520026127526
-0.6532549393364557 0.20258417359443287 -0.7296136100935612 134.3141667314181 0.08144653881104096 0.9767688991873649 0.1982985423251112 9.35514848804188 0.752820155388204 0.07011481033625394 -0.6545503239039252 20.78322862098284
-0.6539158674905188 0.19999237857929605 -0.7297359924979431 133.16829489314176 0.07853011406047647 0.9771797614869364 0.19744825959390122 9.651424506262952 0.7525559915122281 0.07180804845075217 -0.6546702395002962 19.758593827998663
-0.6534400977315953 0.19738860918105028 -0.730869810045197 132.0349108863131 0.07699579445267016 0.9777457894828725 0.19523624476958823 9.93743220653757 0.7531271120582472 0.07130121906478956 -0.6540684282065656 18.75368835701908
-0.6549425286765111 0.19277864373065606 -0.7307555031169334 130.89688819993904 0.07175548056695354 0.9784266099111272 0.19381668789373976 10.227626079489074 0.752339122977391 0.07450305143714575 -0.6546181634739542 17.729770531777348
-0.6553576372098853 0.1935118770680235 -0.7301893413692311 129.76675646813104 0.07036050318756329 0.9780793997980549 0.19606866091927913 10.524648035756718 0.7521094583633299 0.07711789853823978 -0.6545796472854701 16.717841330440276
-0.6560993603702754 0.1947524623860472 -0.7291925174666928 128.65294767799125 0.07025942422504694 0.977712777530812 0.1979226296966912 10.81759609467406 0.7514713577645977 0.07862405752097927 -0.6551326855296166 15.7266435949419
-0.6565723511469966 0.1936543016378339 -0.729059407301041 127.54301705299076 0.07047588804973308 0.9780187654270658 0.1963267309306113 11.10215105965635 0.75103785386668 0.0775215301775225 -0.6557609875652799 14.736091504071235
-0.656605093954635 0.19300719129418858 -0.729201233358238 126.46033337397643 0.07087382194584152 0.9782322723429485 0.19511579357192035 11.377933384134742 0.7509714149901234 0.07643274392002224 -0.6559647726659573 13.771692041648025
-0.6571534481566498 0.1925787859381565 -0.7288199962721772 125.36044826193636 0.0688257314567311 0.9781201014193007 0.19640652562680178 11.664086664039193 0.750681926284276 0.07890746695733082 -0.656002624031442 12.784413009442538
-0.6573376801663879 0.19245967263230332 -0.7286850429048827 124.27540412360477 0.06790179933608316 0.9780489796675511 0.19708077928055634 11.946717021499394 0.7506045634790365 0.08006929418507132 -0.6559503129381009 11.813362203128133
-0.6573031349147879 0.1910447935431231 -0.7290877916808652 123.19203987596553 0.06685437886733951 0.978319513573101 0.19609251178205872 12.224449940720733 0.7507285293174518 0.08014911856262882 -0.655798580785547 10.846164227214118
-0.6571057853566645 0.19027861366413823 -0.7294665279800782 122.10562858371648 0.06662205922624527 0.9785062004054988 0.1952389377813404 12.50068581666924 0.7509223193927471 0.07969358021270245 -0.6556324951587682 9.879212241461747
-0.6571238129566319 0.19023449971119064 -0.7294617738622143 121.03112301322822 0.0670305410752713 0.9785607061868347 0.19482565134857155 12.77301848605871 0.750870226878213 0.07912812054986121 -0.6557606770674864 8.924965908472556
-0.6573697259718011 0.19097453301424147 -0.7290469055296299 119.94477247339753 0.06706884252748353 0.9783600410047579 0.19581956536298803 13.05218724726139 0.7506517622598435 0.07982918026128835 -0.6559259509687331 7.959462736776721
-0.6582826899371398 0.19130159751146744 -0.7281368475834402 118.8565350238437 0.0658932539400776 0.9781186478594175 0.1974189819989976 13.3359083886922 0.7499555559737333 0.08197776291318723 -0.6564572006919801 6.98452893279715
-0.6585963596413656 0.19134091264839315 -0.7278427001266112 117.76457520919696 0.06591541624480522 0.978101089825852 0.1974987847963437 13.61864747368789 0.749678130431496 0.08209552484634175 -0.6567593654860363 6.012073826222857
-0.6601522383709638 0.1889169590338192 -0.7270662293784064 116.64035596152522 0.06250897467980499 0.9783322779764364 0.19746100875704764 13.913754549916186 0.7486010323393538 0.08490572913256594 -0.6576303928031799 4.995022944913217
-0.6606875772876858 0.18660727513112707 -0.7271760333565217 115.54477753304131 0.06091866054095276 0.9787595928698205 0.19583220182245922 14.192978105164524 0.748259830003645 0.0850850953564526 -0.6579955413490544 4.0126256053882
-0.6617479409567602 0.18411598494401682 -0.726847189018161 114.4414924708657 0.057820326496460135 0.9790399241255422 0.19536913121339602 14.477165016119763 0.7475684891315352 0.08725837150958009 -0.6584969523472362 3.015670140081619
-0.6619389441909976 0.1835558363291816 -0.7268152889454392 113.35986234092115 0.057382729654668785 0.9791331104850036 0.1950298841601931 14.752072022662151 0.7474335793544791 0.0873912954681355 -0.6586328163127442 2.0467497767877103
-0.6624867103037725 0.182464149802774 -0.7265914328690756 112.25053608635771 0.05611347846081395 0.9792596176288355 0.19476446325308577 15.040287112936706 0.747044801326736 0.08825732705401407 -0.6589584356430978 1.0432348884272278
-0.6625836121411517 0.1827329640296466 -0.7264348250518599 111.14320251213059 0.05621649960019207 0.9791961175221519 0.19505211271818249 15.32596429223815 0.7469506538773047 0.08840077254528195 -0.659045638032284 0.049307114012281494
-0.6627928576659433 0.1822524007440836 -0.7263641231186769 110.05612180934271 0.05657739507829104 0.9793605988354956 0.1941192615236257 15.601287127584587 0.7467374098664532 0.08756537012868615 -0.659398577495482 -0.9266341994960378
-0.6627824722811164 0.18135385045196592 -0.7265986318100381 108.93505504391828 0.0572342871057172 0.9796762982949648 0.19232577608023835 15.881433063929297 0.7466967028169786 0.08588402721424271 -0.659665906628224 -1.9317319311935828
-0.6627013959742957 0.18079860241839987 -0.7268117992993357 107.83102423348498 0.057858788192701585 0.9798967491741942 0.19101226729733506 16.15477665330055 0.7467211217956369 0.0845319438344552 -0.6598133588818262 -2.92070604431944
-0.6626294236952347 0.180904392774925 -0.7268521077507113 106.71041640168795 0.05807477621068254 0.9798962205948624 0.19095173673313592 16.43424221269938 0.7467690583927857 0.08431884352494887 -0.6597868439541061 -3.924600512376508
-0.6626953776932825 0.18017903960683165 -0.726972413224368 105.59336145718308 0.058020793045822375 0.9800784412316345 0.19003142718726296 16.70935309315943 0.7467150543143469 0.0837537821635642 -0.659920131436052 -4.925509249638718
-0.663145277744287 0.17576832588471467 -0.7276418204213433 104.5003558811897 0.05548471475272073 0.9809235680051549 0.1863950923696024 16.972589278117486 0.7465085175378147 0.08323438075555604 -0.6602195016906841 -5.908798170660429
-0.6635347445505237 0.17049713339676434 -0.7285405670605978 103.41646797245376 0.05144848553299361 0.9817976466607625 0.18291873083017615 17.22946212110499 0.7464518209959172 0.0838909593316427 -0.6602006525634048 -6.887495480468226
-0.6642726147096509 0.16650174603679577 -0.7287915400343167 102.333777297994 0.04736637319239059 0.9823107122424721 0.1812591127600907 17.484294916018403 0.7460652024726214 0.08588561237346926 -0.6603808381014282 -7.864795900588832
-0.6650079603517851 0.16460510698400818 -0.7285509922370842 101.24719030686347 0.0445594962555906 0.9824337245160012 0.1813035707985099 17.74219386010639 0.7455824437665418 0.08810499689788179 -0.6606331909752119 -8.844251443944268
-0.6655934469571205 0.16511853843459462 -0.7279003914449003 100.16940275603272 0.04347516889220337 0.9821585800674467 0.1830513080879008 18.000414792869588 0.7451244812126215 0.09019240031077971 -0.6608688274447093 -9.813653510226414
-0.6664395351502356 0.1657017221818385 -0.7269930745839345 99.0777431077353 0.04308900375379706 0.9819378956277506 0.1843208578929604 18.263392738520164 0.7443902897780347 0.09151352860957877 -0.661514318636339 -10.79526018995717
-0.6676573913011221 0.16628778379458303 -0.7257410764224809 98.00036715520562 0.0430509141056673 0.9817459685441084 0.1853501097700508 18.525711021615518 0.7433007575859663 0.09250665002393908 -0.6626006134700029 -11.76861065057645
-0.6686910211614036 0.16194056246490146 -0.7257722486788459 96.93715008375078 0.043601150489112804 0.9828728661785299 0.17914481469842242 18.768616768953535 0.7423388736161474 0.08814835319071278 -0.6642708615964675 -12.7304253034229
-0.6689438662617226 0.16026649311431249 -0.7259117998603163 95.88876729808237 0.0472214406944334 0.9836875511200655 0.17367199603115083 19.00326234347561 0.7418903170970825 0.08189851130346157 -0.665570970624232 -13.676480342971237
-0.6695867661294068 0.1632925570971778 -0.7246434595110692 94.84190407373679 0.05263300397490841 0.9835298285019501 0.17300608044488372 19.245679487627875 0.7409455039899275 0.07770295803014485 -0.6671244421475442 -14.623682303540992
-0.6711307365914508 0.16988976531991803 -0.7216925053487994 93.8119095803568 0.058715904705752366 0.982528282529692 0.17669901306095412 19.492228092239777 0.7390892449505214 0.07621423875402382 -0.669351270235156 -15.56255103354112
-0.6738600536948489 0.1728435814549432 -0.7184407139926652 92.80521921066197 0.060754536306082886 0.981940038571646 0.1792612762911979 19.736350035428227 0.7364363501973364 0.07714955287979008 -0.6721624605879163 -16.496604932682615
-0.6771476080787667 0.17310567210258693 -0.7152793420441268 91.79581311826121 0.05957113489118991 0.9816589952172702 0.18118635506710956 19.983745829995144 0.733511363668545 0.08008103709573244 -0.6750109336352751 -17.447706218114185
-0.6796696213454578 0.1730269710316559 -0.7129026151872889 90.79849408795256 0.05834731743667616 0.9814721264627692 0.182592760329555 20.23013565735391 0.7312739818198588 0.08250786328637433 -0.6771432775160051 -18.39227788404514
-0.6818705812014237 0.17047421446344505 -0.71141379769153 89.78478530305456 0.055828462878903154 0.9817733073425513 0.18175893996105175 20.477990416178468 0.7294193318875719 0.08421996309137585 -0.6789305014600295 -19.360692923017048
-0.6835335199762329 0.16890833482353845 -0.7101911573690379 88.77331852262206 0.05870224985777792 0.9824446371266436 0.17716997930094858 20.715621276674142 0.7276359126801069 0.07941301283987955 -0.6814191939692195 -20.319352592801092
-0.6847318353838797 0.16845664332984558 -0.7091432893324755 87.76817450463079 0.06355470386471297 0.9830328309395203 0.17216131108460286 20.945370761430052 0.7261001370740598 0.07281629309865267 -0.6837902319527323 -21.272384749625125
-0.6859330397897229 0.16881636373836847 -0.7078955461338698 86.80099033360672 0.06539148926780607 0.9830990180735117 0.1710923993704137 21.16656095049146 0.7248019602173551 0.07106912370189088 -0.6853494991045417 -22.199210505954643
-0.6884773028244143 0.16716888616916986 -0.7058134102350154 85.84241636007394 0.0627010648549319 0.9831668147457023 0.1717072394209051 21.391180253761753 0.7226243372355275 0.07396263876816231 -0.6873398720858255 -23.132673933445943
-0.6912918937699192 0.16157811273675912 -0.7043624462257053 84.90683672331099 0.05575826602313316 0.9837173358602942 0.1709467979999755 21.609396239540047 0.7205029633262693 0.07890126508113358 -0.6890152558039768 -24.053448355593886
-0.6939126080289526 0.15517068551285926 -0.7032249578443592 83.99370598684781 0.04838627273078968 0.9843628817838505 0.1694689906765133 21.82092814342995 0.7185135225348945 0.08357154194358744 -0.6905399513285173 -24.95631236632673
-0.6964585348406744 0.15139977293741833 -0.701528159496058 83.10936007650635 0.040776582374060726 0.9842774999761115 0.171948260054909 22.03195087573145 0.7165198594233522 0.09114998345313749 -0.6916519672450571 -25.83268118278621
-0.6994941309049398 0.14848772534645094 -0.6991259891027627 82.25212395498846 0.03325473578501909 0.9838961989921511 0.17570714826270808 22.243414072365294 0.7139466740392899 0.09965772220315598 -0.6931372988601378 -26.687035521696057
-0.7013734915141628 0.14471124502281577 -0.6980336393072357 81.40184449437298 0.028305567447995564 0.984073544153755 0.175579151339788 22.44886073794393 0.7123141829128119 0.10338912535490524 -0.6942689212347378 -27.533943071976882
-0.7032265818395146 0.13563234763204957 -0.6979924502046869 80.59114833183537 0.020318467542996946 0.9850839199333554 0.1709577344578408 22.638526777579376 0.7107582968957137 0.10604081447936073 -0.6954626437346628 -28.349866059111296
-0.7048040475461258 0.1266164626237967 -0.698095043237651 79.80580327972922 0.009856572824894012 0.9856122899278826 0.16882251684340874 22.826860237235977 0.7094165465338714 0.11210690839068796 -0.6958810653911159 -29.145932230500232
-0.7047763716141991 0.12055214828643428 -0.6991954487474991 79.05416477333188 -0.002034576415927282 0.9851253248510745 0.17191076348663786 23.014983844127112 0.7095092131178046 0.12258209830048859 -0.6940171499226903 -29.90663502535354
-0.7022336220806719 0.11674253625090907 -0.7023933827920481 78.26501693947121 -0.012208255542984443 0.984361323913414 0.17582233278219855 23.20849868289605 0.7119244684755849 0.13204383226315822 -0.6897957519285484 -30.67911210171427
-0.6988926659684539 0.11024494446144166 -0.7067621359893239 77.48229433509646 -0.02268450881264027 0.9841520571095945 0.17595511670233552 23.39712219945343 0.7149489625900421 0.13900645179238477 -0.6852851589257274 -31.430371554941814
-0.6936685147954373 0.10370969638123745 -0.7128717906201822 76.71101733379012 -0.031709017794617225 0.9842411195747154 0.17405313606169925 23.575374990712195 0.7196774641703496 0.14333974063728933 -0.6794184068481436 -32.151929098428944
-0.6868201992518892 0.09602606722665549 -0.7205378017216401 75.9502704935832 -0.04180231406170566 0.9843915306100158 0.17104513573050278 23.7483427009009 0.7257045176276199 0.14759753818016974 -0.6720556985917261 -32.84903855916904
-0.6779668550160108 0.08897322689000994 -0.7297686382164082 75.21603437324791 -0.052526657759807034 0.9842637304359414 0.1688083176905458 23.9104114621213 0.7332922553697291 0.15277882396641482 -0.6625946471144316 -33.49990002308825
-0.6659211167404042 0.08541718534909969 -0.7411952388790528 74.47797928411593 -0.058931508215420834 0.9843131009817547 0.16638961050750073 24.06146964266189 0.7437680176514421 0.15448229956667722 -0.6504111583097822 -34.12209708761391
-0.6508828629582308 0.08159271959508847 -0.7548584295031308 73.77090996333719 -0.0658019566671472 0.9844196043433397 0.16315262573511152 24.198221556532204 0.7563959762885922 0.15586446346014246 -0.6353432455161315 -34.68783543674784
-0.630304746674054 0.07763350116690401 -0.7725324811945199 73.08182358913707 -0.07742064752034511 0.9837587691402709 0.16203578266202576 24.33149608125896 0.7725507840708478 0.16194157484260008 -0.6140284027364146 -35.20596963278703
-0.6070297158565627 0.07521767445592581 -0.7911856425353707 72.38912976087897 -0.08764655968937118 0.9831166113972732 0.1607187210390841 24.459778276127636 0.7899014467768813 0.16690542690960392 -0.5901601845895729 -35.6825286726452
-0.5806811190377098 0.07708835898499955 -0.8105460519412814 71.71396153200604 -0.09161912883537109 0.9830121041882283 0.15913553687654894 24.5770737159653 0.809028083570313 0.1666682714506042 -0.5637261362469027 -36.102621185228976
-0.552946813233766 0.07948708549994041 -0.8294873523333861 71.0371494242263 -0.09449225885667051 0.9830512812541367 0.15720043278183898 24.691879116206078 0.8279071544585076 0.16530326727673098 -0.5360368716067874 -36.4895748854943
-0.5230652324251361 0.07878217017892473 -0.8487128633162577 70.3747109959955 -0.10075428344348311 0.9830367267794237 0.1533541059993799 24.7958984643859 0.8463799314177539 0.16572522365467168 -0.5062280662738221 -36.83838819427859
-0.49041995622402146 0.07888670535676748 -0.8679758325457007 69.73806278868467 -0.10534611552558079 0.9832408655644957 0.14889289519933688 24.888523491167795 0.865156515667949 0.16445733071170354 -0.47386476944526296 -37.1341714295169
-0.4561471423310888 0.08031016990134303 -0.8863390013701181 69.10738505865943 -0.108318571868557 0.9835194912373276 0.14486858518408668 24.977445688879886 0.8833468508342941 0.16208818966223698 -0.4399053530417772 -37.39317740281012
-0.42154603342096986 0.08382170400564919 -0.902989145421096 68.44226725387807 -0.10905671632426873 0.9838207228964293 0.1422441216357908 25.07306717147167 0.900282404349823 0.15843924255738473 -0.40556021357751487 -37.631904191049365
-0.3854281036789808 0.08810769873563475 -0.9185852890582203 67.80938731894113 -0.11039008449440901 0.9838944089694452 0.14069792456429392 25.165577359041706 0.9161663005192007 0.15563152261982063 -0.36947097239153665 -37.82592975984019
-0.3456179528869199 0.09288793593251118 -0.9338289102358961 67.19053412507108 -0.11200062326642045 0.9839065458961841 0.13932899865066656 25.25511093133456 0.9317207483056724 0.1527437066009237 -0.329629809540712 -37.98033289403004
-0.30432768523791986 0.09789888162010985 -0.9475847196585602 66.56058661265541 -0.11576719116429954 0.9835448707326364 0.13880132958263486 25.346807907967783 0.9455583151082609 0.15193981413360252 -0.2879648139344162 -38.10605300203777
-0.2599238708185691 0.10432210601664933 -0.9600379522903478 65.90982333931052 -0.11944830149813375 0.9830527931157413 0.13917002807891618 25.44238511227763 0.9582630150066512 0.15084830580038275 -0.24303714494693518 -38.19950075644071
-0.20999399294724605 0.11040135265884936 -0.9715094319305115 65.2536614534864 -0.12209174853554453 0.9828800120792412 0.1380910095186784 25.5378408041869 0.9700983547572667 0.1476113437610909 -0.19290040799263755 -38.25354952801899
-0.15716730124757178 0.11630680603011054 -0.9807587630147568 64.59809933756179 -0.12353227950643006 0.9829407838494143 0.13636879132197574 25.631860844268004 0.9798629195233053 0.14258798501188102 -0.14010024703611035 -38.27109801170848
-0.10513113308650102 0.11990657458314273 -0.9872622259329411 63.93677717875309 -0.1254764345657685 0.9831864685776907 0.13278041462407192 25.722133383217358 0.9865570997062322 0.1378377027418273 -0.08830106905027982 -38.25745279920418
-0.05390027513448855 0.12181476176561697 -0.9911471613941474 63.31788159191929 -0.1289291816833364 0.9833895526668945 0.1278798862494941 25.80090935404312 0.9902334455101183 0.1346808994639708 -0.03728390230995714 -38.20988265686434
-0.003929288835449969 0.12222425824700327 -0.9925533821913922 62.72512653884429 -0.13353498093662955 0.9835643280631479 0.12165318142653575 25.8695541029558 0.991080954794889 0.13301874101049496 0.012470708230655242 -38.13361685798903
0.04515931402710215 0.12248708105859023 -0.9915008329972554 62.18138276551292 -0.13824637249287935 0.9836862546690093 0.11523247216633942 25.927823094780187 0.98941193734728 0.13186753317334404 0.06136890801662539 -38.03079785978251
0.0943473314055141 0.12224999869943823 -0.9880637672016364 61.63822540072942 -0.1418877577090414 0.9839669007462437 0.10820177119997108 25.980314939492338 0.985420130692933 0.1299859210594859 0.11019187029890386 -37.89952054036195
0.14439140140122964 0.12182822418040143 -0.9820515513123715 61.10921314730744 -0.14452292752819323 0.9843612233767082 0.10087267478653125 26.027240975726905 0.9789533256634666 0.12736393264651052 0.15975024536634425 -37.74121405724284
0.1930858937114746 0.12120969020706268 -0.9737259590757936 60.60289682964152 -0.14763775751888802 0.9846456061249844 0.09330039255201629 26.067426113726654 0.9700543475966708 0.12574393841610673 0.20802487384384719 -37.562167913229956
0.24144747074276532 0.12011960731877178 -0.9630110634607568 60.133123895978756 -0.1524578788102867 0.9846964064410685 0.08460762164825236 26.0989702187236 0.9584065090443519 0.1263903258442807 0.2560728155686712 -37.36542453005302
0.2895963902256761 0.11857642112682869 -0.9498362650387875 59.64905918807556 -0.15779295161359988 0.9846479356896254 0.07482060654641587 26.12480562257659 0.9440960914924069 0.12820925717308915 0.3038669362798924 -37.13736097207935
0.3365474422865875 0.11744468107552979 -0.9343754235933635 59.12669679636315 -0.16080988505202612 0.9847991513684597 0.0658695517512463 26.15160317527284 0.927877868808894 0.1280880994844932 0.3503224233857784 -36.86494007477674
0.3820258364386205 0.11703880616784872 -0.9167732285785992 58.67192548206084 -0.16197617705928288 0.9850869599742347 0.05827168794348557 26.172357285735234 0.9098908436897495 0.12623379047415967 0.39528910689374863 -36.58500918642822
0.42683997204982027 0.1171907886507673 -0.8967659487757286 58.20955094568446 -0.1626309374815198 0.9853633965630808 0.051368674519071365 26.192608714624345 0.889629291561564 0.12391562840873895 0.4396528102352464 -36.27478922702975
0.47135081725861744 0.11707486347034789 -0.8742066458261637 57.73932017271236 -0.16180141721188163 0.9858201741732406 0.04479171541938727 26.21103887001993 0.8670238301140684 0.12033497811249991 0.48361034446252266 -35.92865972351299
0.5133002333969563 0.11720617787133031 -0.8502359456063867 57.28563879545662 -0.16136020532014678 0.9861568422580361 0.03853650677608538 26.22660100948249 0.8429519430861179 0.11741321865279927 0.525105770641995 -35.564089282177
0.5537330271541796 0.11688066070988293 -0.8245203128286173 56.85088162744495 -0.1608766403729913 0.9864754286401585 0.03180630149250713 26.236871127234885 0.8170559825487383 0.11503370612099613 0.5650450421515695 -35.180309179692394
0.5929242538303559 0.11628648770877087 -0.7968898084110366 56.443834862587785 -0.16118868453473634 0.9866439171350814 0.024054072603618585 26.239710307786133 0.7890129411981439 0.11418727913040815 0.6037454496851139 -34.78707986298562
0.6302808185762886 0.1150111750567733 -0.7678762975564188 56.044104445116766 -0.16075586237130318 0.9868800865582215 0.015873415770307604 26.23517446605242 0.759596899585183 0.11343592447664266 0.6404950876272106 -34.368212727356635
0.6654362071457726 0.1133682951883182 -0.7378734146497916 55.64773618126134 -0.15943696558463102 0.9871893985248447 0.007899950660402583 26.22595706016917 0.7292866098721544 0.11238741401118028 0.6749805525328552 -33.920059161757656
0.6990045214388171 0.11174740211819284 -0.7064132768269095 55.26046742037269 -0.15737053741523865 0.9875523041084244 0.0005125743695931087 26.213275593147344 0.6976480042020864 0.11081021909589936 0.707881988788306 -33.44319390095884
0.7307415179740137 0.11001080831137297 -0.6738169205977563 54.89325286841203 -0.15463710731527835 0.9879637532932837 -0.006388795668684918 26.19622568311067 0.6649746520532068 0.10886540286497987 0.7389491830096573 -32.949626955778385
0.7606682915437363 0.10827139677432324 -0.6401373063192819 54.537709502715614 -0.151710320167961 0.9883513900783961 -0.0130954791757408 26.175588913718435 0.6312338437297637 0.10707664735673196 0.7682235095272193 -32.43000770389388
0.7884840368685999 0.10619193595343876 -0.6059133177571012 54.204286056138834 -0.14777037741309118 0.9888523300319648 -0.018976310126189527 26.152322097633945 0.5971155879942088 0.1044984695835269 0.7953753729181188 -31.892326559961496
0.8136345775411904 0.10437856683670245 -0.5720301543036616 53.88143006888304 -0.14407527892309416 0.9892781009466619 -0.024397819671509884 26.125808043203858 0.5633229705909025 0.10226639978688196 0.8199374865101233 -31.330980847469633
0.83613382881174 0.10264615425353575 -0.5389423096040025 53.57022813029386 -0.14064267261941557 0.989627073765076 -0.029698126241946017 26.095439178868048 0.5302767263096522 0.1006300971979608 0.8418841993054629 -30.748051588033466
0.8560604024409492 0.1009969859288368 -0.5070248318060046 53.2703335617075 -0.13769250372572173 0.9898582369320345 -0.035286474149695574 26.059174130491034 0.498292770931016 0.10002116998119644 0.8612716971836187 -30.146029482361836
0.8730463806996382 0.09897268454983794 -0.4776081508045531 52.98092415443196 -0.13460099481836504 0.9900693733043135 -0.04085820423832192 26.01993114784148 0.46879555236433873 0.09995786022233666 0.8776834765245001 -29.51841192827466
0.8878145766510608 0.09551489703907812 -0.45030915871705773 52.72183265575567 -0.13003998520384102 0.9904402490107547 -0.046280765700078885 25.974811946360695 0.4415584422851452 0.09964728515025854 0.8917319002208277 -28.911348020422853
0.9008716964828567 0.0912387255854322 -0.42452584202604365 52.47017511138095 -0.1248008261540652 0.9908377557333141 -0.05186457214451795 25.924551198571802 0.4158792516329969 0.09970486900480942 0.9039870384525329 -28.28687972213097
0.911346210537216 0.08841620176369436 -0.40217740202079466 52.222231544447204 -0.12160043545126398 0.990913971252703 -0.057681924251704625 25.86954448171743 0.3933989578617208 0.1014737470804156 0.9137993910588595 -27.6435488897636
0.9200114306517292 0.0862763432331069 -0.38242739488343575 51.98353191863722 -0.11869172577678185 0.9910095858609395 -0.06194221681022418 25.811749670451764 0.3736212638462053 0.10237884002121636 0.9219622156534628 -26.99319542363039
0.9269908385533777 0.08344037240427835 -0.3658451804421291 51.744836857288114 -0.11457310744463475 0.9913519641582632 -0.0641817689773175 25.753505171597233 0.3573021961050066 0.10141206727140518 0.9285146400693496 -26.313409549127936
0.9328486181099045 0.08087883373615465 -0.351239276089823 51.50652397678473 -0.11073850190439105 0.9916861695370032 -0.06572988229911335 25.695436004947172 0.34297953369552925 0.10021204418059666 0.9340294609263436 -25.617560567684997
0.9372093442401661 0.07861958610688631 -0.3399622158248297 51.27400618263693 -0.10708805803930005 0.9920843307222384 -0.06576582583858355 25.63888961176411 0.3320777087890896 0.09804220065291694 0.9381900304010123 -24.92130365839205
0.9403267594310832 0.07591575793403486 -0.3318718594745132 51.043549423018575 -0.1032550780379184 0.9925079234356651 -0.06550086036499579 25.582651896343254 0.3243901377581789 0.09585951130266282 0.9411005865266184 -24.223462273952837
0.9429022998316551 0.07312404655744788 -0.3251239990942933 50.81066483842971 -0.0989713901381902 0.9930648450056063 -0.06365074108487756 25.528671810304928 0.31819196182736437 0.09219448125971097 0.943579859159452 -23.511914569927704
0.9448310575956184 0.07039498458815815 -0.32008907188072605 50.576168863116116 -0.09452707420064012 0.9936973385406509 -0.06045707886673329 25.47878189044125 0.3137928297699313 0.0873790451246173 0.9455092885058469 -22.79201482732056
0.94536101247482 0.07114249177166065 -0.31835520279221896 50.33504229103165 -0.09455746318723735 0.9938015668774475 -0.05867646472432158 25.43094312385277 0.3121842950923933 0.08557358214087804 0.9462068228886336 -22.069673737132977
0.9455314884255026 0.0714784755652147 -0.31777225553071836 50.08765059737005 -0.09484886786572645 0.9937743324246808 -0.058657326878138294 25.38034729118583 0.31157792754634495 0.08560356500739393 0.9464036906210652 -21.332021637746013
0.945696457831942 0.07059462446165903 -0.3174782780335657 49.84537520078063 -0.09421153209662615 0.993777003899415 -0.0596291668710267 25.326581968382904 0.3112696191345968 0.0863023187453011 0.9464415170299298 -20.600419467706587
0.9462686571119756 0.06768981875171771 -0.3164034531243068 49.602481392265425 -0.09109100703224646 0.9940612210206901 -0.059733241189869335 25.277478253824377 0.31045772266284827 0.08534628190723328 0.9467946587432149 -19.86201354863422
0.9467464301829044 0.06574007360232924 -0.3153841076416911 49.353995382333274 -0.08880980071236735 0.9942930871613636 -0.059312269007617394 25.2282781423911 0.3096616565210611 0.08416405697823576 0.9471611553905636 -19.107610913640794
0.9468072144521956 0.06686600328008135 -0.31496730056060873 49.10153703322367 -0.08950782669729289 0.9943124050390871 -0.057944589264988855 25.182511904840673 0.30927796335900787 0.08305479121634729 0.9473849030443634 -18.34667828224423
0.9470536889667476 0.06608547595205257 -0.3143912150553961 48.8472361471523 -0.08867826103686807 0.9943793057085505 -0.058075810152437686 25.13220343029611 0.308762768372286 0.08288085883915179 0.9475683877314736 -17.568048682039024
0.9474032030478072 0.06470307489378359 -0.31362454132974854 48.58828366025805 -0.08721416638112856 0.9944982834783782 -0.058252359293234184 25.0797663281827 0.30810662585781246 0.08254134080191934 0.947811542841288 -16.77283631366571
0.947945770717657 0.06220617571023096 -0.3124872545196592 48.32815811937827 -0.0844960846323467 0.9947315486187255 -0.058270933551384074 25.027176417310685 0.3071928276397763 0.08164200282955936 0.9481858781284539 -15.968333208823712
0.9484637310507154 0.06046024091069357 -0.31125769033635353 48.062923483969776 -0.08207026605203768 0.995021709665052 -0.05677174061173011 24.97596884631107 0.3062522828535078 0.07939159642019647 0.9486813332260738 -15.147249376368551
0.9488704377875243 0.059593144787884085 -0.31018369959770475 47.79263566604108 -0.08026723748136157 0.9953072867515668 -0.05428689744978791 24.9262764845605 0.30546951664391675 0.07640946978638816 0.9491783238273753 -14.309629597302163
0.949174989596743 0.05888777335759545 -0.30938569405041605 47.5160450566115 -0.07894474190730963 0.9954991764234624 -0.052682187537368017 24.8762551325254 0.3048675290546063 0.07442948879333135 0.9495292512436138 -13.450325806383923
0.9495329612951828 0.057464148928941625 -0.3085546168571155 47.24367836156633 -0.07734845272827005 0.9956306316965247 -0.052571290955767146 24.82537510832183 0.30416211644191876 0.07378486002710188 0.9498057370587994 -12.596118880570437
0.9499989877254995 0.05346038821423133 -0.30783978410195756 46.97516768049529 -0.07348356903987861 0.9958584923112587 -0.05379165325743847 24.772425871685744 0.3036658234527706 0.07372365366894645 0.9499694407790173 -11.74431092959595
0.9504409698940822 0.051363434417633226 -0.3068317621515464 46.709831782277554 -0.0711536038635249 0.9960366263115815 -0.05363184978601755 24.722323229976492 0.30283755189950745 0.07280659859284075 0.9503046808220783 -10.905492156621598
0.9506926387233117 0.05175923014898395 -0.30598365867053884 46.442711531631176 -0.07048257572894939 0.9962515112349511 -0.05042980302230828 24.67699211152704 0.30220304166071976 0.06951029626364844 0.9507534083014735 -10.067307365663812
0.9510228025104018 0.051364668425073826 -0.3050232978640836 46.177279466857755 -0.0688278802945675 0.9965468881806476 -0.0467446693744521 24.63596428947229 0.3015456076163569 0.06545021192891931 0.951250067651237 -9.229879489443121
0.9509645727488711 0.052665440419082526 -0.304982503997013 45.904408263760445 -0.06925173533492747 0.9966516120272488 -0.04379121966181501 24.596063996349883 0.30163171690801605 0.0627652050867186 0.9514036745731814 -8.38350603167507
0.9509917505304748 0.05236302249375178 -0.30494988298355596 45.63445389976403 -0.06896308355370893 0.9966674605485935 -0.04388726478600315 24.552455951596553 0.3016123023705669 0.06276733557196376 0.9514097091003975 -7.538386248958404
0.950804417060152 0.05245285267145228 -0.30551801113731014 45.35719095492723 -0.0692925785154387 0.9966169810335839 -0.04450491209504762 24.505556736247414 0.3021266086920952 0.06348641361218968 0.9511986245783985 -6.679430151460669
0.950464279240781 0.05151636535228559 -0.3067334409595424 45.09128946305865 -0.06952049354853221 0.9964375409654913 -0.0480301390211304 24.456016497915563 0.30314291357453965 0.06697608945533598 0.9506359580950023 -5.856985080605204
0.9500927447214966 0.05324744032232419 -0.30758766010700367 44.82107509012664 -0.0725544675748039 0.9960403408803147 -0.051645042049241745 24.406387872008324 0.3035962915108505 0.07138511576755051 0.9501704014545922 -5.043631560569773
0.9493347453466964 0.05744745365445222 -0.30916922854461515 44.53280177644723 -0.07752332555109823 0.9955936893826033 -0.053012510967178635 24.357293675188156 0.30473810994677786 0.07429471413914308 0.9495817920757721 -4.196521261018572
0.9483500855015785 0.059906073733202746 -0.3117143360122544 44.271409929175874 -0.07948359702589368 0.9955725235163495 -0.050450578507664934 24.31955024699058 0.30728793624370193 0.07262150053913023 0.9488896022058254 -3.427339252601998
0.9472983370040933 0.062008208506167665 -0.3144892007224824 44.01200437710087 -0.08027780803104996 0.9957498976544508 -0.0454427279185574 24.289762376051602 0.31031072136694016 0.06829512055211713 0.9482268347618754 -2.6732394073848846
0.9463232684054098 0.06392188113423068 -0.31703281091797286 43.75589943312198 -0.08112331121463363 0.9958609085510118 -0.04132158715613078 24.261924494238563 0.3130547799321011 0.06482331571836177 0.9475687558611827 -1.932348927388596
0.9454578074270249 0.06580725692265676 -0.3192222163674024 43.50580982889976 -0.0832122984829415 0.9956956058113424 -0.04115778179099928 24.230973427898206 0.31511539109797404 0.06547688277035066 0.9468413573473541 -1.2253384144636705
0.9444486808366689 0.06846847644669272 -0.32164091463578776 43.252777751563976 -0.08701011504705138 0.9952674010556289 -0.0435917342378754 24.197120484667572 0.3171100373855358 0.06915653426112492 0.9459138424779809 -0.5270603839334258
0.9427286605258863 0.07292503382429595 -0.32568244272509556 42.99900435042734 -0.09137345519324767 0.9949585376910791 -0.04167184676804336 24.17083488567477 0.32097738198279824 0.06904415223020734 0.9446170933276212 0.16348561692845986
0.9411527559954902 0.07477954520411732 -0.3297911839700318 42.742208390559284 -0.09213788178676513 0.9950620155348213 -0.037280680913141725 24.149988073042515 0.32535120678877016 0.0654728827515424 0.9433736526645856 0.864700787343879
0.9394016660796892 0.07611474977116572 -0.33444608639199946 42.475409677047814 -0.09242382703848401 0.9951840076551024 -0.03308178942379185 24.130709729807233 0.33029354112830567 0.06198782090286898 0.9418907020250061 1.5802916923064354
0.9373653206728984 0.07765164959551071 -0.33976357649410754 42.20958827617297 -0.09366490636294789 0.9951366988330156 -0.030943398067574266 24.11043655715873 0.3356844862528012 0.060829194047496524 0.9400585794502268 2.2738258693778364
0.9348161527209349 0.07670198949587748 -0.3469282231513669 41.952841173970896 -0.09486294539576129 0.9948668325069692 -0.03562787565394209 24.077430650324118 0.34239097819992126 0.06621589549655377 0.9372727058173567 2.929113684264242
0.931762066651541 0.07573336438702322 -0.3552573830710362 41.67792556266539 -0.09630660142392079 0.9945397425470325 -0.040545440782918434 24.03794427127225 0.35022308844404265 0.07199185430796114 0.9339471321551231 3.6092152752959183
0.9286703320931292 0.07391528361397934 -0.36363729235433717 41.418088425325884 -0.09567509202084463 0.9945339183890468 -0.04215284223566764 24.005031958865132 0.35851006339996894 0.0739363241499297 0.9306454007216874 4.24374916442274
0.9249750629882985 0.07447562128263556 -0.3728259195589843 41.13759219384483 -0.09650268380816081 0.9945134894460627 -0.04072811044642621 23.977408123277456 0.3677233763011755 0.073650072118662 0.9270674258476542 4.899710993367737
0.9210506529441632 0.07526787658924362 -0.38226242037438224 40.84415855048528 -0.09673949706683004 0.9946280365381525 -0.03721882887070503 23.955858174575567 0.37738367042443594 0.07125903647610915 0.9233645216219842 5.57027285651314
0.9171987370461383 0.07606019258351972 -0.39126205474110426 40.54775261124566 -0.09699204225190299 0.994719878422282 -0.03397048731215809 23.93635016086762 0.3865880533899573 0.06910570422066378 0.9197135809805115 6.228783957647124
0.9130993879019885 0.07652130954404712 -0.4006476015583142 40.23934933889205 -0.097459522733767 0.9947361517962269 -0.03209991349955264 23.915436794149777 0.3960576674111343 0.06835608719905475 0.9157312764965929 6.896652851860558
0.9090364992195532 0.07796687813306187 -0.40950977562423857 39.92248023910262 -0.09987758799794776 0.9944883532595016 -0.03234162236631253 23.889538638475326 0.40470606637642204 0.07029946078436751 0.9117941029186918 7.560298525396627
0.9050952310282815 0.07760496885381014 -0.418216474804185 39.60616049762687 -0.10190912353445247 0.9941547785055214 -0.03604621084744298 23.85610872702663 0.4129494563201074 0.0752438094820972 0.9076944167113525 8.211669243185426
0.9012377299414791 0.07675234100732 -0.42661973166534806 39.28865311635337 -0.10349226169248986 0.993847790571677 -0.039801307260945294 23.819457727723815 0.4209151147577611 0.08002044967120721 0.9036177378722787 8.856053689959856
0.8976121087087126 0.07397474899994355 -0.43467748409343326 38.957662662867 -0.10230545707752291 0.9938761726431763 -0.042095538465580826 23.782186789387378 0.42887612359299737 0.08225346872266631 0.8996648322984957 9.524611260111309
