1.0 0.0 0.0 0.0 0.0 1.0 0.0 0.0 0.0 0.0 1.0 0.0
0.9998939037322998 0.0008639991283416748 0.0145283043384552 0.022212157025933266 -0.0008550584316253662 0.9999993443489075 -0.0006227642297744751 0.005601381883025169 -0.014528974890708923 0.0006104633212089539 0.9998941421508789 0.16769438982009888
0.9994562736184616 0.002175914619025887 0.03289753060178957 0.05589314840240295 -0.002144192015383073 0.9999971842272856 -0.0009962732387998052 0.014758800485918488 -0.03289977335598038 0.0009253030969758047 0.9994582463162558 0.31098657683832426
0.9983465620651134 0.002644914994090226 0.057416381217893976 0.10398954318296623 -0.002591438288916795 0.9999961711621634 -0.0010030823416386026 0.023079229421227768 -0.05741888078875015 0.0008528890337053254 0.9983498429617843 0.4774539627177977
0.9960295361245689 0.0005978620911016992 0.08902361241409362 0.1681051186580961 -0.0006704978743498428 0.9999998729303512 0.000787420453837709 0.03262879219420094 -0.0890233915981819 -0.0008440189108342011 0.9960297337760854 0.6466107673177944
0.9925308529969219 -0.0033667849930746436 0.12194295911369513 0.24608149390010414 0.0030551889883499643 0.9999915546033199 0.0027428414803034704 0.042749983320948905 -0.12195078997973027 -0.0023494976347482157 0.9925333124580301 0.8239113481809823
0.9875049978824362 -0.006909774843374457 0.15743516065748736 0.3346365697101058 0.006314635078700028 0.9999707520584064 0.004282104093009756 0.05178795836254135 -0.15746007897633002 -0.003234106681802255 0.9875200343631889 1.0136639982236577
0.9801940242462877 -0.009333274825712905 0.19781821316928128 0.43653219421653267 0.008325779830890502 0.9999475504545158 0.005925714389256354 0.06224332417805599 -0.1978633768144415 -0.0041607718491058114 0.980220726693571 1.203447470869428
0.9703583574076293 -0.011802825021986518 0.24138177689399754 0.5614143445433398 0.01011041455792258 0.9999155471894766 0.00825262073208206 0.07667866626719119 -0.2414589490916344 -0.005567137091916308 0.9703950508847932 1.4164551620201136
0.958965079560811 -0.015777476994315615 0.28308430548702745 0.6976634048694134 0.012687289000699604 0.9998385551674515 0.012749358087756714 0.0977726310933734 -0.283240076479128 -0.008634166595116446 0.9590099097978579 1.6318346538496642
0.9451008714519319 -0.022635175732783817 0.3259935081963262 0.8623888941670166 0.01752383000319735 0.9996737859656419 0.018610580476026546 0.12303253078637144 -0.3263086072701896 -0.011875605824877834 0.9451884621116985 1.8850110929113637
0.9278073396208518 -0.027168884041433975 0.3720695712725253 1.0496866472182333 0.020617826792947783 0.9995554955141123 0.02157800377184767 0.1471438331182863 -0.3724906041265038 -0.01234820049744419 0.9279536164014236 2.150894334408362
0.9071327568117422 -0.029090053616379473 0.4198382626787029 1.254594077824288 0.021060235047693315 0.9994969141085261 0.023752224407869338 0.172384110396128 -0.4203181337728884 -0.012703711989659906 0.9072875392047998 2.4178154581702307
0.883354992194735 -0.03202763318385604 0.4676090180955607 1.4798845440516772 0.022089924340457954 0.9993997773089122 0.026724136112453445 0.19822776009141688 -0.4681841387005499 -0.013276660032300453 0.8835307547442893 2.6812749339402675
0.8566774976027715 -0.03690602073954335 0.5145304426508733 1.7302993870171286 0.025105064807721556 0.9992391265493663 0.02987605538645707 0.226153259461546 -0.5152417560368571 -0.01267608912085653 0.8569507063818526 2.947565643126813
0.8264059543027041 -0.04167139489569138 0.5615307015007867 1.9999236291998626 0.02837931662751549 0.999073831243822 0.0323780275521614 0.2553872574450023 -0.5623599366850085 -0.010820557287174933 0.8268215310731653 3.2049279026857427
0.7941966408498206 -0.045503291604415776 0.6059552157188977 2.273688812403472 0.030778878652077925 0.9989263496678227 0.03467495839368643 0.28219121778303063 -0.6068819747267742 -0.008887015650207334 0.7947422884516211 3.437458190266392
0.7597468949258619 -0.04880215389475681 0.6483854300145215 2.6330455576123377 0.03320108339330309 0.9987916948006508 0.03627468711432649 0.3062245256361468 -0.6493718158748752 -0.006031581815655565 0.760447227512645 3.7352276416407078
0.7248725490672281 -0.05133279451789534 0.6869682387080762 2.949264743539507 0.034641547463643396 0.9986757909167711 0.03807361436076631 0.3298506383074637 -0.6880123502364266 -0.003799948590088417 0.7256890470496857 3.948338178590867
0.6897582114497047 -0.051831937890372805 0.7221824101771561 3.2857563521550883 0.03329421177374863 0.9986510704995255 0.03987667260115918 0.35417748308196306 -0.7232746465592661 -0.0034597497667341196 0.6905516417639589 4.1634297810512
0.654815264828177 -0.05298168600679102 0.7539296103943505 3.640902609947379 0.03272215045687241 0.9985929932996355 0.041756240607439515 0.3757905163850411 -0.7550806244457329 -0.0026712609281296577 0.6556260297738455 4.373560250903364
0.6201475254625741 -0.05447342796623318 0.7825917971137646 4.007213593585151 0.032423221520194 0.9985150580678508 0.043811236339500716 0.3972408540220057 -0.7838155005644523 -0.0017942591979192913 0.6209908273251591 4.57665458351283
0.5860852371325614 -0.05647075679195829 0.8082791979617784 4.4131392266979885 0.032383335415581506 0.9984042787017391 0.04627400691983695 0.4222088019280139 -0.8096022626995748 -0.0009439421646012891 0.5869771042046947 4.795327360946254
0.552916449581553 -0.05694327334457574 0.8312884975482238 4.839078891552776 0.030985652319105456 0.9983772254380686 0.047780698789079236 0.4464686755946186 -0.8326602964736222 -0.0006586114065592022 0.5537823556816343 5.013061042215502
0.520281962956204 -0.05722164860532864 0.8520750709903826 5.292998451337077 0.030468282170181826 0.9983612115530717 0.04844304919598573 0.4689345334489864 -0.8534504587762025 0.0007594084762128965 0.5211715555226982 5.228677762641432
0.49027430459336935 -0.05728459198693249 0.8696832946384023 5.787887015432918 0.03192013352841261 0.9983486165543352 0.04776654478046659 0.4891130366155787 -0.8709834447342323 0.004343651544109189 0.49129189713041 5.451945548155624
0.4629915945669822 -0.05724628207171754 0.8845117675745431 6.306722951546946 0.03376921485206929 0.9983269643534787 0.04693800740437079 0.5077526582374035 -0.8857188302757681 0.00813932737524665 0.4641488548604721 5.676373792120836
0.43932992416795236 -0.05654928747555911 0.8965437810033292 6.842441468756814 0.0350253970132877 0.9983361480635089 0.04580801867154215 0.5267825619547476 -0.897642246917254 0.011278855683807303 0.44057834834784354 5.900263422777424
0.4215346454666243 -0.05654659936730641 0.9050468945776622 7.401500576796799 0.03592602096290581 0.9983115838386607 0.045642361690183944 0.5470976915876574 -0.9060994920343023 0.013276694969340521 0.4228531490417514 6.129054119218572
0.4078739442735086 -0.05700879970268084 0.9112563033247767 7.9916777871131455 0.03653147954062039 0.9982685871322327 0.04610242559742333 0.5698190375682334 -0.9123066155873452 0.014487423466447444 0.40924917472879035 6.370217006439242
0.3979917167661262 -0.05833891108114358 0.915531696308857 8.606682615984052 0.037400410127684636 0.9981783254257702 0.04734819606286078 0.5954418055339045 -0.9166257928963086 0.015398864574902379 0.399447485273162 6.61775315048057
0.3892794608502742 -0.059968536744606664 0.9191651751367106 9.281616126150325 0.03669143127095623 0.9980965817391959 0.04957991873032189 0.6256181187609955 -0.9203882140069441 0.01442673461036613 0.39073748326259333 6.884656503471076
0.3807469882651671 -0.06122451502240806 0.9226496473539503 9.979377662212844 0.035783133826315726 0.9980344869636064 0.05146137128888789 0.657733068575305 -0.9239862826097819 0.013423175103113605 0.38218785766637764 7.154371506155475
0.3730975436305895 -0.06240754928588581 0.9256901093165801 10.704987873800354 0.035255339214389995 0.9979682506531518 0.05307154661049169 0.6966127214514982 -0.9271214035758284 0.012836388881065374 0.374538383549361 7.428857024741472
0.3654274608016065 -0.06356860987803716 0.9286657306697336 11.423276136427676 0.034594157749369074 0.9979035151857422 0.05469583434695441 0.7341786379148251 -0.930196336447113 0.012140709131727278 0.3668591718829644 7.692803483076339
0.3569102263665621 -0.06449595985738309 0.9319088677132727 12.173031666361144 0.034496786813591404 0.9978433956560978 0.055847901796055414 0.7715530313606509 -0.9335011505878096 0.012216779857980479 0.3583640426615727 7.960298086879932
0.3489011225168894 -0.06520812872268826 0.934887842546838 12.945472045482603 0.03464796795681064 0.9977927520554667 0.05666609726989659 0.8091226152086118 -0.9365190842689882 0.012622794333459182 0.35038858724628325 8.229441901076047
0.3409243724238531 -0.06760762959679266 0.9376560275366687 13.754804863060667 0.03394750265893916 0.9976462839064468 0.05959102715614011 0.8525712350397139 -0.9394777840971061 0.011516661079054465 0.34241536309770304 8.504437555619912
0.331921196409185 -0.07093723224129622 0.940635314570798 14.58627975455421 0.03281825068025098 0.9974335905147395 0.0636410076839653 0.9015658172171526 -0.942735974060695 0.009747855082056677 0.3333957422700178 8.777932049532856
0.3221273795703228 -0.07428130263712228 0.9437771888090531 15.44379214046815 0.03205001805614583 0.9972021243850451 0.06754802893468674 0.9549437326249917 -0.9461537206247687 0.008490825372295388 0.32360537178203996 9.049559049961406
0.3117523788333545 -0.07536181452376813 0.9471699590722676 16.332031435841582 0.03154251238011077 0.9971222720426322 0.06895549894539524 1.0099636722897076 -0.9496401120985832 0.008381010069233301 0.3132307626322185 9.320731821322822
0.2996733839526113 -0.07546356978180399 0.9510524137518653 17.203975628709735 0.0313879023268777 0.9971078198754838 0.06922884771952442 1.0607197144270335 -0.9535257237290395 0.009107381868942594 0.3011738777891447 9.573973526859731
0.28726346009020887 -0.07433617071307731 0.9549624165305556 18.06742971668386 0.030274081793366256 0.9971913073315358 0.0685178363065651 1.1078212164557522 -0.9573735428490094 0.009230129176597393 0.288705680545684 9.813888593448585
0.27302666667366704 -0.07347203088024516 0.9591962659875793 18.93158602514031 0.03038235188390593 0.9972410908117936 0.06773922642930195 1.153402266573049 -0.9615268510920605 0.010650190485180934 0.27450431212538895 10.035932301111712
0.2560179447991779 -0.07148519897705839 0.9640246246043261 19.78917145105036 0.028634190093943634 0.9973856644364439 0.06635568964057043 1.1970318348023619 -0.9662479424514864 0.010618116707102943 0.25739414796860643 10.236773549578693
0.2335836007247941 -0.06937134616681306 0.9698585214026242 20.624512218463725 0.02583160821635556 0.997542928032187 0.06513113505632664 1.2390739212241286 -0.9719940282216064 0.00984153220664059 0.23480042300386839 10.406847154624506
0.207021229543934 -0.06850035243390303 0.9759349934072691 21.473684590114665 0.02360876238036051 0.9976056881917209 0.06501433568641904 1.2814756983091449 -0.9780518939041991 0.009583320618442645 0.20814149327137713 10.550906471114583
0.17745260221360615 -0.0682639207641867 0.9817584629989485 22.330103299255974 0.021674930614965948 0.9976209381417254 0.06545013895625265 1.32492109233613 -0.9838910351934773 0.00966719815475574 0.17850883591142 10.666908402493961
0.14683016063041412 -0.0677279716237774 0.9868401831660467 23.21697818396486 0.021637182876269784 0.9976349950735773 0.06525019850966964 1.369312615988956 -0.9889260701436389 0.011773476110737879 0.14794740772339274 10.758977656867303
0.11681440854112185 -0.06622020006374407 0.9909436429149786 24.12243693619562 0.021891498008488094 0.9977043865788305 0.06409220753019221 1.419574963044683 -0.9929133163516471 0.014208136574361496 0.11799483091867898 10.82656384399162
0.0879300697630513 -0.0635005819252129 0.9941004414732447 24.996333439854915 0.021010100753841018 0.9978625432431354 0.061883334889290466 1.4614466607436014 -0.9959055954238932 0.015446573632962358 0.089075175266492 10.86567925784522
0.05917407754684119 -0.059778931864057964 0.9964563186269402 25.873296740308373 0.01978623484422916 0.9980798081892992 0.05870229164549505 1.4971747796419157 -0.9980524843895093 0.016244087907917495 0.060242317701558926 10.880307343455717
0.03032036565897478 -0.05494200650072935 0.9980291455826407 26.745138393213416 0.022711543702622686 0.998268453288444 0.05426635735380032 1.5265171244359141 -0.9992828936889803 0.02102305810510108 0.03151462362007623 10.864465503484642
0.001832805033580031 -0.04892925044137144 0.9988006506717177 27.655996143989093 0.027160330905317002 0.9984366290923079 0.04886247808915982 1.5523596265587187 -0.9996305517001886 0.027039499206031017 0.0031580198540036818 10.823280259089726
-0.02568172261236832 -0.042565332996607114 0.9987636505798175 28.567526074082537 0.03185460240227644 0.9985513646458881 0.043376304777089654 1.574114936180255 -0.999163403231347 0.0329304415951803 -0.02428952290839273 10.758750824490713
-0.052347789539916895 -0.037325018199897086 0.9979310635170098 29.493251804713495 0.03609182805519062 0.9985778348157649 0.039243542042613225 1.5943979947707585 -0.9979771955336743 0.038072684040269957 -0.05092717919376515 10.67230091571732
-0.07836044873839904 -0.03207178288656659 0.9964091460446979 30.44701205101415 0.04206294235412948 0.9984864265317651 0.03544769702914829 1.6131174725780897 -0.9960382164086814 0.044690657119819434 -0.07689374994218069 10.557640307157527
-0.10436276773517726 -0.02223686678648154 0.9942907886818846 31.43124629325754 0.04627512002489081 0.9985592446983079 0.02719044095733332 1.6190657872623382 -0.9934630723126454 0.04884963846771532 -0.1031843529259978 10.420014864473135
-0.1292715749825139 -0.007472954355836442 0.9915811107463295 32.429893877317035 0.05081444623650834 0.9986083410699903 0.01415162625060678 1.6052373295075917 -0.9903068770430182 0.05221704267738894 -0.1287128906750927 10.25347766231529
-0.15298472746127284 0.009480140994029482 0.9881830378581197 33.361956274521795 0.05215654357509562 0.9986382157554231 -0.0015048715523161386 1.5726231695014863 -0.9868518330379664 0.051311002174264805 -0.1532718412224874 10.0722054381954
-0.17771386118337937 0.024611100022377534 0.9837742274621607 34.251617218392916 0.05261520066435607 0.9984951009882032 -0.015473953748966434 1.5296078396868429 -0.982675554326359 0.049012600127799795 -0.17874248314827088 9.873845048831573
-0.20308364102332696 0.03519158103325813 0.9785283374242266 35.11276273626786 0.056107863450225844 0.99812996512803 -0.024250975251505175 1.485437605413041 -0.9775521757610438 0.04997957630967439 -0.20467994731376254 9.656227656620436
-0.22659680285551606 0.03977582425873148 0.9731757928154305 35.93260604774246 0.05922768648060771 0.9978792036296965 -0.026993816165979137 1.4476489135388204 -0.9721856648470606 0.051523607323544295 -0.22847383780914646 9.428073321265046
-0.25040546085658155 0.03953545534482732 0.9673328357172566 36.73794847213051 0.06184205063558993 0.9977780629891495 -0.02477037161278475 1.4191432466130756 -0.9661628781554777 0.05362062414050017 -0.2522961655848553 9.18418758284631
-0.2709369568513206 0.034376182028504815 0.9619834062040984 37.54018841524204 0.06295168257588739 0.9978553709777049 -0.01792691284859009 1.4039701141990515 -0.9605364956625612 0.055702622904252354 -0.272520806263034 8.926614270539353
-0.28834347090847373 0.03145035174555442 0.957010583231146 38.344609065341274 0.06793787150380688 0.9976133734737618 -0.012313976062163324 1.3971571029566137 -0.9551135765873677 0.06146788356078949 -0.2897929919858939 8.650977506624152
-0.30223916722206984 0.031840446371952276 0.9527005653339526 39.150747152967746 0.06892187843004217 0.997556237917648 -0.011472840232956518 1.3815196624737602 -0.9507370162065408 0.06219561307537682 -0.30369583768486036 8.370658053725196
-0.3133665596442899 0.035631975705026006 0.9489638320127344 39.95365185816384 0.07233120992945895 0.9972884509537622 -0.013559868798779288 1.3587054252798199 -0.946873270656681 0.06439162475553559 -0.315095075120794 8.081424379868649
-0.32308876961495253 0.03801030210414981 0.945605353073638 40.741195286833964 0.07241772899236874 0.9972560929796899 -0.01534201567828006 1.3327420337559026 -0.9435934528279064 0.0635230458022332 -0.32495579876603903 7.792617265331316
-0.33360496181575783 0.039060391104883435 0.9419034543191217 41.55700872476631 0.06660073248590957 0.9976205893591544 -0.017781050126981193 1.3099917681361732 -0.9403563707050531 0.05680167526895501 -0.3354134387317868 7.49334615730239
-0.34469819918855493 0.03868784091158183 0.9379160284191764 42.35327757702142 0.06575811067074944 0.9976901216484944 -0.016985208346970388 1.2879032224417717 -0.9364062756634429 0.05582296886669656 -0.3464469347956512 7.179210875157784
-0.352970759516852 0.03913112826298784 0.9348156058508074 43.1269737347715 0.06608697470266052 0.997670942701863 -0.016807837230229078 1.2623458235652336 -0.9332961678086746 0.055848924353503714 -0.35473568269995676 6.86585458334563
-0.3605709966825485 0.04142795990013683 0.9318113280719355 43.8997855488888 0.06816460323040897 0.9975107706591436 -0.017971338402315924 1.2347964052552156 -0.9302364582665477 0.057039093190019194 -0.3624984307568023 6.5468974339003765
-0.36512677607295196 0.04359005545884533 0.9299367965302284 44.662885211791334 0.06802157730265211 0.9974808731318214 -0.020047456302256857 1.2053100572843924 -0.9284682482424316 0.05593828822838105 -0.3671730949037029 6.23559524126919
-0.3651754644205908 0.04584145952951929 0.9298099711024018 45.4581177941907 0.06645097126199302 0.9975215907154221 -0.02308047234376805 1.1747898179049758 -0.9285632728270621 0.053360770799581125 -0.3673179896197152 5.91921608838357
-0.36099445248387696 0.04493211949738407 0.9314855273650043 46.26327869712919 0.0660387182977336 0.9975617781217069 -0.02252518729671606 1.152619942363271 -0.9302259371641922 0.05338510725451165 -0.3630828985616512 5.608427104418592
-0.35578800795242305 0.04371944853319952 0.933544575483685 47.09910187777189 0.06344510528915549 0.9977296180420021 -0.0225445975246106 1.1300465838687515 -0.9324103000568014 0.051210180226781934 -0.3577555522629609 5.302031054802542
-0.34951517925739994 0.04276417804207297 0.9359554024102836 47.96724996692511 0.06177457917903329 0.9978349570348591 -0.02252203191673128 1.1077755658032091 -0.9348918593002182 0.049948874487749824 -0.3514018899137891 4.990306622114803
-0.3427378071703985 0.04245610645773147 0.9384722300604267 48.838283353002424 0.06018487964934606 0.9979172378806146 -0.02316427065229317 1.084328977221197 -0.9375010288567659 0.048544954773545215 -0.34458083560685404 4.68379047008881
-0.3372382332453023 0.04141249858095797 0.9405089297999486 49.709250649977825 0.05788866573026068 0.9980523495800253 -0.023187949654085282 1.0619684822209552 -0.9396375318676763 0.04662731518417082 -0.33898034713408554 4.3845271723097685
-0.33281165398945406 0.04005683726868239 0.9421430027509607 50.59620308858394 0.05449899395750039 0.998243214872683 -0.023189077579995044 1.0397168501939456 -0.9414166254434967 0.04363066626191335 -0.3344116700613078 4.083589302546078
-0.3311044590257592 0.0391788888725487 0.9427815778218205 51.51501904805765 0.051739353244898666 0.998387119974869 -0.023317947104969015 1.0161475076300297 -0.9421739714947722 0.04106073431561245 -0.33259956293970827 3.766936556513669
-0.33183632344859 0.03861654656020463 0.9425476366887486 52.44158440566686 0.04986805605554091 0.9984813953423305 -0.023350664326696413 0.992745921582174 -0.9420175176821955 0.03925697884788747 -0.33326039723388484 3.4440314163333063
-0.333371897886839 0.03855799859440906 0.9420081377164953 53.378067156568136 0.04913256694726433 0.998514909272402 -0.023482203114468365 0.9656958820801806 -0.9415140109963005 0.038457551133129236 -0.33477345339446735 3.110911164217981
-0.33399970711158267 0.03847501368649004 0.9417890254715789 54.34061400946879 0.04898631636645082 0.998523362783467 -0.023419186073595347 0.9370071753030018 -0.941299094412399 0.03831505347282821 -0.3353933603875418 2.7657073307155016
-0.3345416580126282 0.03848640085214658 0.941596233338718 55.32518154747539 0.04884752263045364 0.99852938798819 -0.02345735371357189 0.9065927668833915 -0.9411140176204553 0.03814969796022766 -0.33593188210738273 2.4121915280614035
-0.33494879952707196 0.038305407080284765 0.9414589055167836 56.321541586007626 0.04876069809549911 0.998537929266047 -0.023278970519977345 0.8767175219027025 -0.9409743023093737 0.0381118471375712 -0.3363290837144806 2.0544313257814455
-0.3353962991199186 0.03841954116358617 0.9412948618916849 57.322185936960224 0.048312949558941276 0.9985532752344982 -0.023540869971014764 0.844922408407961 -0.9408380868015508 0.037584079054589804 -0.3367694435671738 1.695088882963882
-0.3360272626257412 0.03809949678912225 0.9410829037347832 58.335240552639505 0.04763798745111557 0.998588748132778 -0.023416554101011473 0.8145131314612739 -0.9406472479130188 0.03696554351275762 -0.33737022050511345 1.3326194790052224
-0.33647959271708705 0.0380739171421127 0.9409223919389451 59.35067834424847 0.047367835146827 0.9986004356777494 -0.023467719040292278 0.7832424741819534 -0.9404994706932145 0.03667615568942123 -0.33781441327927164 0.9660713193708055
-0.33622593004207996 0.03809880869631071 0.9410121347575702 60.359959296089684 0.04708823430698605 0.9986103437586111 -0.023604806251879846 0.7512141947532076 -0.9406045597264948 0.03637726700019565 -0.3375549259321355 0.6020152932316956
-0.33552213907281025 0.0374089833130116 0.9412911197803335 61.36596978154027 0.046550748319165065 0.9986476421628161 -0.02309433455957192 0.7222224039569591 -0.9408828555048542 0.0360725105305673 -0.33681217798625773 0.24344728701059098
-0.333189047040048 0.03553035662237481 0.9421922671948765 62.37973414814567 0.046129505993035995 0.9987061381164478 -0.02134749203004762 0.695232820814418 -0.9417322707127499 0.0363533556912113 -0.33439934169253854 -0.11555893901364117
-0.3309417707707619 0.0346223870069571 0.9430175950493686 63.40126548558401 0.04577068393830641 0.9987381340929021 -0.02060423899641477 0.668413604193269 -0.942541974333131 0.03634698280118163 -0.33211120138389677 -0.4744938259023005
-0.32884892214177786 0.03435303553193075 0.9437592870678397 64.42738850734872 0.04516312180044085 0.9987654465346815 -0.020617311062928266 0.6396656281442337 -0.9433037880035154 0.035846450339872 -0.32999683332226376 -0.832191807700893
-0.32752450359911406 0.03445038161554603 0.944216288926474 65.43061649887323 0.044915364842975654 0.9987716176244267 -0.02085974316378772 0.6106369494705888 -0.9437764799490135 0.03558119608014548 -0.32867198793572366 -1.1816037605857592
-0.3271894014197852 0.03501305868178996 0.944311622075364 66.44796521017496 0.044643665601714504 0.9987688450054212 -0.021562677194700203 0.5790592833247773 -0.943905325882759 0.03510582418731035 -0.32835204686171837 -1.5375774874552641
-0.3281695004503355 0.03674202389981125 0.9439056434084022 67.4619696720895 0.04372852237796852 0.9987613351618964 -0.023673235282205992 0.5450025226427389 -0.9436078021130495 0.033510093181713524 -0.3293721173219917 -1.8973060380842826
-0.3324276820100225 0.03916329138032455 0.9423169309492576 68.47057166769275 0.04240725006566729 0.9987458269534365 -0.026547491606871386 0.5056973001782206 -0.9421763624574859 0.031139476905082474 -0.333673931985248 -2.261978637552274
-0.3380901031570599 0.03990766604668169 0.9402686522419016 69.45691280469833 0.04137137901796166 0.9987629052474567 -0.027513576898383692 0.46546914903298453 -0.9402051205190006 0.029601783058861714 -0.3393253035141818 -2.6268555921506125
-0.34386886882875006 0.038985125004889355 0.938209057492064 70.45436696851681 0.041954623967677594 0.9987755583823446 -0.026124321238747198 0.4301878655775407 -0.9380808435211455 0.03038241296330446 -0.34508608242180955 -3.00849980028184
-0.3495883806086464 0.036963181390938356 0.9361752246525182 71.45166005287925 0.04247196553501275 0.9988173495001061 -0.023576115160191882 0.3974383077365901 -0.9359414157281334 0.03152270869667243 -0.3507473927056127 -3.396851563762441
-0.3555820846211796 0.036617497026980146 0.9339284999698345 72.46517196605296 0.040855656124709386 0.9988833892645648 -0.023608848501019977 0.36333287576526574 -0.9337523268642448 0.029765373713888457 -0.3566838087147371 -3.7911309778865045
-0.36176937602809894 0.039867294489790886 0.9314160101094499 73.4632731356782 0.041768202483130575 0.9987728032416192 -0.026527166316609903 0.32088415192299913 -0.9313327764290046 0.02931032972633552 -0.36299326701887535 -4.195956389359558
-0.36769918687548503 0.041101263179779045 0.9290372457164439 74.44170802809387 0.04168793132400204 0.9987445776353481 -0.027685647172715707 0.27804206182542207 -0.9290115981272844 0.02855296948673942 -0.36895360364774804 -4.598541606083182
-0.37354660468018436 0.042512809627407916 0.9266377835615519 75.3900410111953 0.04063469925130197 0.9987377362341527 -0.029439878600501408 0.23406645047298758 -0.9267226532231354 0.026659971678699802 -0.37480528592830487 -4.993569434855631
-0.378034799930039 0.04292134696166516 0.9247968955954222 76.34112467925863 0.04022638686864368 0.9987400845014157 -0.029909290888246214 0.19029608248350244 -0.9249183751991645 0.025898078551095837 -0.3792878952019385 -5.39527418071789
-0.38167141962205825 0.04266800388321102 0.9233135926799185 77.29545324652558 0.04069507540477533 0.9987380501973855 -0.029331250534459313 0.1509454766439121 -0.923403107817247 0.02638265553415915 -0.38292909329501773 -5.802821495744588
-0.38360604795777903 0.03673512326336902 0.9227669642073222 78.26359375109963 0.040753914035559106 0.9989056453018662 -0.022823787063332084 0.12381149119423314 -0.9225987379336963 0.028854104256423714 -0.38468625869236694 -6.212766125725131
-0.38482733037597444 0.02841343296854465 0.9225524257457116 79.25714432399319 0.03944522688904021 0.999116538468252 -0.014316966945691189 0.10600563309746341 -0.9221470089513143 0.03088359348794137 -0.38561107734595623 -6.630985914001888
-0.3862058007410951 0.027050288699047298 0.9220173240946027 80.23702230318065 0.039330633643816365 0.9991414491234527 -0.01283779985800588 0.08563766952270199 -0.9215757443878103 0.031308673393592425 -0.3869409462880045 -7.049409850462583
-0.3871616526211274 0.031767286682195306 0.9214659182022257 81.19942673847454 0.038313716384047486 0.9990951707308355 -0.01834495289732911 0.05137101896719025 -0.9212177348360865 0.028205403413381153 -0.38803133452293154 -7.462066460807289
-0.38861287154024826 0.03760194852369032 0.920635272228543 82.15144876721317 0.03873518524315949 0.9989484612175948 -0.024448965765576258 0.010371376274998956 -0.9205893886438697 0.02616284546410615 -0.38966371109181763 -7.874371581462829
-0.38918021922123097 0.04086222847415797 0.9202566889004202 83.07343963862795 0.042675620940603905 0.9987407113220492 -0.02629855151407998 -0.02153009463923472 -0.9201755285265766 0.029040796353116807 -0.39043692312274153 -8.277888661704338
-0.3897022663303837 0.04113047234669494 0.9200239877347747 83.99974192179101 0.0429989134151506 0.9987235426255107 -0.026434231473246445 -0.053429128123962784 -0.9199399960393922 0.029262053755416937 -0.3909762627763891 -8.6775725925791
-0.3894917170502663 0.038421895499470865 0.9202302807975533 84.93138382916666 0.04114860168694385 0.9988560502421838 -0.02428728419829501 -0.0807242232032637 -0.9201138683316472 0.028409970833651 -0.39063003312529804 -9.070046436352134
-0.38819226966890746 0.034604494154794385 0.9209302408164572 85.87750470915356 0.038800382191610486 0.9990204008291463 -0.021182574669042702 -0.10391006079659632 -0.9207646888682995 0.027512896472223547 -0.3891576381563415 -9.466494350058527
-0.3867564457093389 0.029370761063544425 0.9217158106019856 86.80495404051146 0.03429832537844639 0.9992573211127727 -0.01744885633094958 -0.12136105055461306 -0.9215472072071451 0.024868357524711327 -0.3874794660222386 -9.850468631628466
-0.38565204229509686 0.025112500571700606 0.9223041043699854 87.72892615135808 0.026336099370521514 0.9995198157160712 -0.01620180150595123 -0.13815919765726728 -0.9222715730316453 0.01804498149755106 -0.38613113344801764 -10.225172593615786
-0.38355494366550225 0.020994144926027927 0.9232803838357291 88.65509691483952 0.019279154629080995 0.9997034500562046 -0.014721998609436349 -0.15474301414731156 -0.9233199177955385 0.012156616885834231 -0.3838489386512016 -10.599622412627907
-0.38284498757606644 0.020873146250577672 0.9235777080957441 89.59824481702825 0.019924071856114008 0.9996963865705546 -0.014333499862091093 -0.17389797211876556 -0.9236009860718811 0.012917227661598755 -0.38314758540761334 -10.99439900592274
-0.3813740868293826 0.023018166410000377 0.9241353191998055 90.535015351246 0.021489144803676804 0.9996385878022469 -0.016030015298940367 -0.19808500121199987 -0.9241746720746044 0.013749287281131069 -0.38173391994539185 -11.38416307041303
-0.3755882604909774 0.025858306365771255 0.926427017829511 91.44948987413599 0.02205600863288347 0.9995750830027782 -0.018957586017924303 -0.2250743512205144 -0.926527959896768 0.013316837001727914 -0.37600209686040864 -11.754956695073579
-0.3682193494530215 0.026503680070284263 0.9293621695381296 92.32690006345113 0.024116923355415824 0.9995276679348468 -0.018948875101488946 -0.2461095155390918 -0.9294297832339303 0.015439831688037831 -0.36868767609099384 -12.101217030373656
-0.36105692367198033 0.028600005162914447 0.932106218659091 93.20516676065238 0.028887540055397735 0.9993909415587287 -0.019474458103043595 -0.2653752448785606 -0.9320996639943588 0.019898542545129027 -0.3616664760962649 -12.440179053001597
-0.3523498252626901 0.028060500202112038 0.9354481815799028 94.13642767736764 0.02642649879708834 0.9994479790992872 -0.020026051750930435 -0.28911809375161934 -0.9354982301719332 0.017668072492578898 -0.35289967151446977 -12.775510661124788
-0.34205245500948944 0.02615028790641637 0.9393174525557075 95.0667504058781 0.024168159393610063 0.9995245582400428 -0.019025176440764617 -0.3092331317091963 -0.939372971499089 0.016197537810669745 -0.342524595973658 -13.098846842057354
-0.33043443580343596 0.02351188115558538 0.9435360971350324 96.02645194997055 0.0234783296418271 0.9995827367115102 -0.016685780111896562 -0.3253273130237406 -0.9435396727690242 0.016642584828528664 -0.330850918357635 -13.422252210550033
-0.3194870189633226 0.023001818712153777 0.947311219669155 96.99533487403046 0.02259803775857717 0.9996034283974258 -0.01664947918272349 -0.34603196765896654 -0.9473239637543888 0.016091613782325095 -0.3198822971169398 -13.736502223837569
-0.3070833829108786 0.022105733477002867 0.9514257384210263 97.96540454759084 0.021877704283814033 0.9996276182430612 -0.016163961901999487 -0.36567977784919686 -0.9514337922061179 0.015854929244847164 -0.30745501157364236 -14.033976818887142
-0.2949466195230172 0.022686827826873344 0.9552441977646334 98.92928348320652 0.021631758431943485 0.9996179563321809 -0.0170611013559511 -0.3900113207262906 -0.955271460965137 0.015635076808035633 -0.2953270158440088 -14.31861606163262
-0.28369856964275386 0.02631355537108996 0.9585523562436989 99.88010293935262 0.019786320740533717 0.999568816616605 -0.021583323420853152 -0.423095506963821 -0.9587122591818946 0.012846661841210083 -0.2840991326877372 -14.584714436931185
-0.2714466709912548 0.034154278632155324 0.9618473271746749 100.8248146563153 0.021307449301762423 0.9993362422314859 -0.02947208850261623 -0.46841722572846006 -0.9622204422649822 0.012497985764525267 -0.27199644210236035 -14.84362373033797
-0.2597316040085095 0.03829206951227257 0.9649211069685469 101.7925348845461 0.019001042366930503 0.9992203088986044 -0.03453845057310414 -0.5156459687843675 -0.9654965151836614 0.009367355453476783 -0.26025845067613634 -15.087214767569531
-0.24863862858480487 0.03517848362357193 0.9679573412474755 102.77672578660273 0.015881844380000454 0.9993516925086448 -0.03223961443118587 -0.5499189155128299 -0.9684690612626127 0.0073604815718568035 -0.24903780597577008 -15.323244227702997
-0.23687962766085613 0.03234274977593289 0.9709999019765868 103.77167228931509 0.013677251251840218 0.9994551292580859 -0.029953484734153553 -0.58061157224061 -0.9714455814735603 0.006188675576654695 -0.23719410252252227 -15.5504499682152
-0.22867160673352757 0.03311329539231851 0.9729398284321297 104.74909815891074 0.009593503565429635 0.999447007081456 -0.031759991303414115 -0.6179478964600238 -0.9734592858276132 0.002074666318187334 -0.22886413690881222 -15.76228279980651
-0.22233892649937764 0.03783911276995562 0.9742346668716446 105.74648566959702 0.0040787910374921205 0.9992714464086975 -0.03788018577499615 -0.6660886945840383 -0.974964143341502 -0.004445163750558271 -0.22233284659577543 -15.971424008366842
-0.2186388756163338 0.04399229746307573 0.9748136852808312 106.84550892963671 -0.0007098732098925375 0.9989733811464355 -0.04524123461097314 -0.7282375806940976 -0.9758090385908453 -0.010580140921321769 -0.21838492305994156 -16.201962834008697
-0.21650571775567848 0.046456199523597266 0.9751753099466338 107.86035780168143 -0.004957508640863651 0.9987994468342235 -0.04868165886807525 -0.7860905229068735 -0.9762723152538415 -0.015370868760962171 -0.21601703438897726 -16.41418965665565
-0.21397292682691355 0.04641069325971152 0.9757365660819247 108.87082610984125 -0.008817075581958336 0.998735680941638 -0.04943763078978665 -0.8412288555966491 -0.9768033140796294 -0.01917800069074074 -0.2132947307606401 -16.624279569416235
-0.20991521675345376 0.04672599467298622 0.9766025735514599 109.84645793021244 -0.012148504018405665 0.9986531518283835 -0.050391791351429245 -0.895730376218471 -0.9776479633699244 -0.022438799521527733 -0.20906635875320875 -16.82279520837018
-0.20498992466208452 0.04336049663829715 0.9778036755531512 110.85342106534033 -0.016704518137382985 0.9987153884017085 -0.047789387968274234 -0.9441574315373763 -0.9786255544978579 -0.02612664208890905 -0.2040036659170135 -17.018717622039535
-0.20016370614412712 0.040639482466301204 0.9789201930993243 111.83391497094416 -0.018370796268228108 0.9988057291439377 -0.045220844011490985 -0.9888081194151109 -0.979594659997442 -0.027031556520194573 -0.19917898478871304 -17.20856292010987
-0.19527296509759257 0.038567410223217725 0.9799912335188519 112.76650491987601 -0.022081423893052142 0.9987979637510265 -0.04370697394329913 -1.0294471312870035 -0.9805046564971384 -0.030170814171701654 -0.19418751362331457 -17.37982515966571
-0.19088922843110942 0.03791227945994108 0.980880008704748 113.70500274673937 -0.030401700470099824 0.998543727212906 -0.04451090509959443 -1.0706835460174429 -0.9811450096855688 -0.038313525267440855 -0.1894595314958724 -17.53549442360874
-0.18585404522143406 0.038717397173885046 0.9818145370406921 114.6263711358064 -0.037835118860075234 0.9981974202162873 -0.04652495055165473 -1.1134084869390328 -0.9818526061686306 -0.045790421065037924 -0.184054914301065 -17.68312407440737
-0.17983830898561776 0.04362972492451217 0.9827284214711138 115.52876503676038 -0.039265395266324506 0.997898439323112 -0.051488271549085425 -1.166964097590911 -0.9829161809372557 -0.04784327932563487 -0.17774813728096606 -17.83816373348274
-0.17328364862349677 0.04734690113326639 0.983733273085099 116.44692422275294 -0.040536681075979505 0.9976512221159654 -0.05515682575607437 -1.2245135521563824 -0.9840411441005219 -0.04943164413703769 -0.17095814345000293 -17.99006651842029
-0.16731259882354574 0.04642721542110782 0.9848098956345922 117.39722846861152 -0.041944930650260316 0.9976476877085168 -0.05415808387075193 -1.2763890127833981 -0.9850148602269277 -0.05036571747795429 -0.16497224058914353 -18.13762570523469
-0.16110102366939372 0.0435567816815009 0.9859766159499567 118.36438160554695 -0.04359221855592073 0.9977335517750148 -0.051198175503309726 -1.3238315171952082 -0.9859786283786232 -0.05122558515040237 -0.15883749136724828 -18.280143225145427
-0.1547406130662753 0.04171454143331572 0.9870744405381974 119.36183512345069 -0.044821938343585506 0.9977799354357056 -0.04919295791122756 -1.373020420587919 -0.9869418028491174 -0.051851301566078846 -0.15252765475753038 -18.423531301182013
-0.14913967950562865 0.04577395991143411 0.9877569835218906 120.32209693788033 -0.04779902817754712 0.9974234227680014 -0.05343847158728114 -1.4325285685213025 -0.9876643549589872 -0.05518022630589876 -0.14656821999260056 -18.554936153924313
-0.1428591535566387 0.04865360976103777 0.9885477940286851 121.26557964816098 -0.04930768892272542 0.9971982363446122 -0.05620428636813006 -1.4923526663598223 -0.9885187230507951 -0.05676893142993157 -0.1400611391439759 -18.681591582244582
-0.13710300795772165 0.04916448933905624 0.9893369847359597 122.22132303080674 -0.05222962388612671 0.997016471594954 -0.05678347141074961 -1.5506142865675963 -0.9891833943970404 -0.059454526036579136 -0.13412707747038558 -18.799066348381952
-0.13047884199298185 0.04871121920598982 0.9902548346550415 123.17400033885998 -0.052781608989569954 0.9970318419184748 -0.05599826834155491 -1.6053399080142632 -0.9900496635255509 -0.05957057975974092 -0.12752130313831153 -18.913873991917363
-0.12242394447343566 0.04811169682907083 0.991312235485365 124.1466463864414 -0.05123258889866706 0.9971839446717217 -0.05472282792692605 -1.6588585923839134 -0.9911598469846764 -0.0574831360775516 -0.11961498801411655 -19.026638319779288
-0.11466174799143786 0.04845065413214383 0.9922232199693383 125.08813114923117 -0.05093894264656571 0.9972065830942674 -0.05457924456476283 -1.7134265470402028 -0.9921025124261206 -0.056797434408257304 -0.11187368906698698 -19.128211509843222
-0.10790616863763916 0.048564951870572554 0.9929746834225334 126.04543099626319 -0.05110463587178124 0.997211916602733 -0.05432425979916784 -1.7698305927225146 -0.9928511078702444 -0.05660420650889927 -0.10512331525290997 -19.224627709914152
-0.10161830452164435 0.04801169451151387 0.9936645247309142 127.00130053685538 -0.05700363750445886 0.996909678201692 -0.05399670641050556 -1.8229829329180793 -0.9931932907948442 -0.0621262656801423 -0.09856725746829043 -19.30262482657529
-0.09619353163311654 0.04725430658358465 0.9942407145195588 127.98570776423782 -0.06020692344318169 0.9967643005559752 -0.053198068931845505 -1.8761265858956109 -0.9935443778108809 -0.06497420023014168 -0.09303712402436491 -19.383364897735095
-0.09108596056340282 0.04685852061523007 0.9947404598414029 128.95457929735468 -0.05920808138229245 0.9968679943990872 -0.05237887962345629 -1.9305819716536061 -0.9940862107196219 -0.06366399559293054 -0.0880259973080273 -19.469833702971005
-0.08564581130574489 0.04684433042367295 0.9952244446806604 129.93207487341445 -0.059021619679218075 0.9968989541143287 -0.05200087605950969 -1.9865459373053063 -0.9945807928453136 -0.06318968764933622 -0.08261507934409204 -19.550670438610094
-0.07970109295715644 0.048358739970080236 0.9956457448845832 130.87010493081826 -0.058355292914601196 0.9968808246645048 -0.053088417236103524 -2.043099919454606 -0.9951142653759115 -0.06232858788376904 -0.0766302330523918 -19.62306346367468
-0.0737062665401591 0.046879087082815414 0.9961782812914403 131.83404657966398 -0.053461236472153104 0.9972703069410859 -0.05088429584219827 -2.0943468797529636 -0.9958510140994771 -0.05700362423537927 -0.07099853628219592 -19.695246122285333
-0.06846185613652567 0.04491694516846049 0.9966427968339678 132.82606351925529 -0.04801406637218022 0.9976776044730029 -0.0482602426101235 -2.1444476984234946 -0.9965030247167326 -0.05115314685735978 -0.06614589855981032 -19.766157094882402
-0.06303132926970732 0.044393797480563865 0.9970241713819538 133.80004897782104 -0.04731907008665226 0.9977514969095701 -0.047415865595217065 -2.194863489630307 -0.9968947614112037 -0.050163226375552664 -0.06078861337523951 -19.825321272260144
-0.05918059659156375 0.0471942086237938 0.997131912209949 134.7633997971179 -0.04870265243535732 0.9975536266066356 -0.05010288639106628 -2.250898848591411 -0.9970644321120608 -0.05152433610609129 -0.056737263062402066 -19.877060993336244
-0.05678866230146248 0.05030801517862242 0.9971187288439449 135.682654321174 -0.05058391522328203 0.9972998844560242 -0.053195939441581 -2.3075999039791513 -0.9971098558222975 -0.053455310809392455 -0.05409039514903971 -19.923512256454412
-0.05590680547457204 0.0507845643573278 0.9971439804850065 136.61924078014403 -0.052297260441530824 0.9971834182919015 -0.053716419034370855 -2.3624583526432885 -0.9970711347143478 -0.05514727438371891 -0.05309316996570283 -19.969690197455204
-0.055440618226642605 0.05062720636150144 0.9971780362772478 137.5631690136263 -0.05279122285039524 0.9971657037619038 -0.05355921955267168 -2.4175902609408184 -0.9970709485683077 -0.055608143361384615 -0.05261037501298606 -20.019747699933863
-0.05426646251374363 0.04701228191843446 0.9974197795414174 138.5120644744995 -0.05232290372937018 0.997382473301343 -0.049854500462585 -2.4669867761106943 -0.9971603119468365 -0.05488983216753396 -0.051664132269265785 -20.069744882222164
-0.052531526245747716 0.04366805853130031 0.9976648160029172 139.48304848345563 -0.05309945441666163 0.9975056716835299 -0.046454164097626365 -2.5141985077722055 -0.997212428997426 -0.055412146172907434 -0.0500810977840668 -20.11666203580847
-0.051807533671822434 0.04280621900355166 0.9977400639356413 140.480816632257 -0.05351733240957436 0.9975238164386201 -0.04557294534552905 -2.5647326981828154 -0.9972280185295842 -0.055753869378932036 -0.04938764172891637 -20.165774780029686
-0.050312940485227796 0.04877294970908123 0.9975429681048114 141.4319419125685 -0.05415509053765879 0.997202248299339 -0.05148458867340938 -2.6269268675268553 -0.9972701844128617 -0.05660891425354221 -0.047530267239337384 -20.21279524906855
-0.04992698798058719 0.05364547157908316 0.9973123868006706 142.3557362007138 -0.05462087673528737 0.9969134822538412 -0.05635524649175448 -2.6906736950340258 -0.9972643633542044 -0.0572841706450376 -0.04684259061733609 -20.259274228132824
-0.04977699298434923 0.05416882019897117 0.9972911433142281 143.3184034506069 -0.056616224519387956 0.9967674446855019 -0.05696265818751027 -2.7512264712927457 -0.9971601418526032 -0.05929489571368105 -0.04654880396641122 -20.300768082081593
-0.04946554454524053 0.05437119438652604 0.9972954311744554 144.2319701575618 -0.05743063287597564 0.9967081546565748 -0.057183979921079736 -2.8075364542564323 -0.9971288534371585 -0.0601006450451864 -0.046179685087909844 -20.340929605864456
-0.049230780556124946 0.05514392471376652 0.9972642997964409 145.17899031662932 -0.054822726256636395 0.9968175191861994 -0.05782184270704771 -2.8678623328413515 -0.997286811169418 -0.057516646403782117 -0.046050467722908855 -20.388955672654365
-0.04890111151966781 0.059016329237105154 0.9970587156775961 146.10675546025325 -0.056544032911399075 0.9964852583346803 -0.061751868161192325 -2.934215280130617 -0.9972069116783905 -0.05939469962288659 -0.04539160178046511 -20.42902200720716
-0.049136439283198066 0.0614777005483158 0.9968983921113336 147.0693818384169 -0.06364043004218345 0.9958796913563817 -0.06454812704470654 -2.9990761982071668 -0.9967677823477095 -0.06661196000884981 -0.04502090197549084 -20.460659308415554
-0.049126788743447655 0.06438236522323804 0.996715278698389 148.00432950444448 -0.06886533918043936 0.9953236434668602 -0.06768320739075456 -3.067580811498386 -0.9964209227679244 -0.07196159200404816 -0.044462613952387514 -20.491375449291294
-0.04825500625445298 0.06888591156536897 0.9964572479897768 148.902062178445 -0.06838114784289137 0.9950473403091473 -0.07209595287171396 -3.141272943741584 -0.9964970671991811 -0.07161511282243069 -0.043305330435108286 -20.53309628751177
-0.04846600935038432 0.07012428590977421 0.9963605251186766 149.78530930790726 -0.06905714438717825 0.9949069063620875 -0.07337689785955746 -3.2138240360930848 -0.9964403435851237 -0.0723594149152078 -0.04337622315167862 -20.570656755816298
-0.04734026342209485 0.07143228137299268 0.9963216203695329 150.64012861642578 -0.07018364173160065 0.9947335887733681 -0.0746488509939823 -3.284575286139814 -0.9964155942900262 -0.07345678729424332 -0.04207683721758812 -20.60188547417588
-0.04561672973608138 0.07064357358135717 0.9964582535380286 151.5038082547337 -0.06489033944493751 0.9951768037428131 -0.07351914815764152 -3.3507107420073305 -0.9968543948621232 -0.06801178640880758 -0.04081191504035921 -20.640671910257495
-0.041965139192959106 0.06802417200174689 0.9968010178532718 152.40505959688505 -0.0627721105412596 0.995526033892457 -0.07057555165506188 -3.4156883415751853 -0.9971506424012873 -0.06553033712474841 -0.037506528575545046 -20.671847369141613
-0.039209728085488435 0.06450870835000361 0.9971467332239675 153.38347677055634 -0.06257099661748983 0.9957937442641258 -0.06687738015485989 -3.4825546414786284 -0.9972752556658533 -0.06501228776304101 -0.035007694003261446 -20.703606343303356
-0.0354253026314251 0.06461136659025125 0.997281113624262 154.27195256912628 -0.06344492569085766 0.9957458302629209 -0.0667611439104292 -3.547166248780169 -0.9973610844651773 -0.06563514515959327 -0.031174042525872053 -20.72539855529788
-0.03115775913978158 0.07068948174415168 0.9970112049203759 155.16821005983684 -0.06498442468346621 0.9952384710732167 -0.07259025319345502 -3.6220696100407705 -0.9974043285847388 -0.0670496678871489 -0.026414414957728238 -20.740964425444027
-0.024760247964929594 0.0741200659840673 0.9969413863614531 156.0469319307967 -0.0673450501698062 0.9948549404529629 -0.07563328721502038 -3.69590895934851 -0.9974271827747242 -0.06900945169170483 -0.019639804210842538 -20.748416672447462
-0.017868040189423846 0.07490431725868295 0.9970304318013398 156.92888237934568 -0.07029334383141193 0.9946246277354114 -0.07597883700269252 -3.76516786550815 -0.9973712955600018 -0.07143984409134548 -0.012505696357784653 -20.74414859392291
-0.010470611174303122 0.07200696551624525 0.9973493000590171 157.8344330792548 -0.07155145224433983 0.9947896412454709 -0.07256881759387093 -3.826775346326019 -0.9973872936712823 -0.07211917302432397 -0.005262829390734659 -20.733436789650753
0.0003288888089045972 0.07105406590194846 0.9974725253796097 158.72609290707675 -0.07222171924696164 0.994865851458383 -0.07084003826922285 -3.889897270710047 -0.9973941212691496 -0.07201352167891428 0.005459959930103106 -20.713940934609102
0.011998650623794497 0.07313868519295832 0.997249476342426 159.61851796363672 -0.07274512379564611 0.9947388769232915 -0.07207447888301276 -3.9603644770016966 -0.9972838094418669 -0.0716778720078053 0.017257292977329607 -20.682385426159257
0.024754200493746926 0.07394894425159947 0.9969553331069596 160.49406768300304 -0.07478296417896692 0.9945997009486153 -0.07191271273606874 -4.027936445375141 -0.9968985993693438 -0.07277262529070004 0.030151462049618605 -20.635680915608077
0.03713066629991668 0.07400130425050301 0.9965673063512556 161.37945716047275 -0.0757235646198103 0.9945920160544149 -0.0710286690672536 -4.094115017847493 -0.9964432721507098 -0.07282363353871632 0.04253447735248361 -20.58201678257381
0.04945091072643918 0.07593063991679665 0.9958864484650327 162.27684957535385 -0.07721782136440447 0.9944086464960781 -0.07197912389177681 -4.165068138280079 -0.9957929652747949 -0.07333813343552115 0.055038782801723876 -20.5148990742884
0.061165375863306906 0.0831114638526552 0.9946612200894953 163.1873362444833 -0.08167860733720608 0.9935978985189318 -0.07799541969987608 -4.246975687688486 -0.9947856353571815 -0.07646950831750854 0.06756400266423232 -20.430293062318224
0.07197335068979048 0.09294242724365505 0.9930666703480615 164.10167289159466 -0.08860813520128351 0.9923039900066274 -0.08644479866737194 -4.335824387030646 -0.9934684722181771 -0.08176965362162616 0.0796567131511575 -20.33046641011762
0.08396542196211275 0.10147425748338101 0.9912883008887285 164.9774861658155 -0.09323333268501392 0.9912334015338021 -0.09356755468356091 -4.430627654740354 -0.9921032622993246 -0.08456225849156 0.09269221109452296 -20.226378029829238
0.09573380676449832 0.10231546944595596 0.9901335988935045 165.78969421878432 -0.09524419197587299 0.9910764002851284 -0.0931993508406537 -4.511189160931005 -0.9908451999837371 -0.08537980551076722 0.10462726262712004 -20.124422924707
0.10680045266865322 0.10021648254974928 0.9892159203487996 166.59731904661575 -0.09921575776029704 0.9910113026499126 -0.08968176255610996 -4.5802330628044885 -0.9893232346339913 -0.088565431364234 0.11578641432473386 -20.012008115345548
0.11741919542868567 0.09906293102066883 0.9881281199122187 167.42134821360378 -0.1025852127232797 0.9908944515887258 -0.08714521172221243 -4.649961413477461 -0.9877750966615775 -0.0911323754437124 0.1265153645837311 -19.890748522034063
0.12547897923196438 0.10632560473839515 0.9863813976362997 168.26173411524513 -0.10597939855769323 0.9899832018200829 -0.09322723190509238 -4.738590187603679 -0.9864250751896166 -0.09283555749108344 0.13549307367615007 -19.760594745664534
0.13065471772517173 0.11427436543736862 0.9848194034632877 169.0496551946473 -0.10852566420771774 0.989009714156666 -0.100357761246081 -4.830809454001223 -0.9854757059842204 -0.09376340900307338 0.14162311832163557 -19.636188120941558
0.13260842126692113 0.11741817671404017 0.9841887060716422 169.8305484031132 -0.11002578914365371 0.9885608897727723 -0.1031104250528855 -4.918911845973556 -0.9850485722682979 -0.09461028184889081 0.14401273238640197 -19.51655867931946
0.13284274003656768 0.11459306047375004 0.9844904177763383 170.6313620394076 -0.11147605338031337 0.9887142545875781 -0.1000380517548522 -4.997647797976979 -0.9848546764577675 -0.0964545671329958 0.1441204990836711 -19.39760288420438
0.13201315228514215 0.11198656867854619 0.9849018417902473 171.44041327575445 -0.1128705013530355 0.9888293255268326 -0.09729976318933108 -5.076880234083214 -0.9848074108154372 -0.09831834152930613 0.14318109222473388 -19.281594411277936
0.12906228334545872 0.11047361567759319 0.9854635130918283 172.26211716513066 -0.11303220855616307 0.9889326666447681 -0.0960544896385175 -5.158201449968556 -0.9851800332558565 -0.09898884587728628 0.14012377652366353 -19.17018007600243
0.12524362142693732 0.11098277288227026 0.985898997291087 173.05497027409106 -0.11286961495745648 0.9888612641347336 -0.09697325204337975 -5.244623440655972 -0.9856910361741207 -0.09912976118511371 0.1363779974900429 -19.06721907339587
0.12055847186234242 0.11149964046503402 0.9864246878358719 173.85891464666418 -0.11277348152797406 0.9887734223838133 -0.09797769930133984 -5.33399335668263 -0.9862862389039561 -0.09942737252309267 0.13178203070398728 -18.96614159618909
0.1146800447186014 0.11217652629471933 0.9870488364305624 174.70469241133878 -0.11411922694138853 0.9885091804435024 -0.09907884434310867 -5.425151444467062 -0.9868323831618966 -0.10127571885133858 0.12616641163810904 -18.860696352840844
0.10840960988962228 0.11354199030951737 0.9876011927117054 175.54954928004202 -0.11526952518923174 0.9881862345948853 -0.10095135383189714 -5.5216440142307075 -0.9874072351916267 -0.10289309925464192 0.12021944573812426 -18.76298967880459
0.1018760184927632 0.1141392473393117 0.9882278286838351 176.39026393692825 -0.11752651240675904 0.9878156721817783 -0.10197133829769933 -5.613359267970012 -0.987836610361289 -0.10575118373308069 0.11405181861717424 -18.668422747615875
0.09604427670855255 0.11348027180025723 0.9888874548430382 177.22528289943173 -0.11731908803027336 0.9878411834929807 -0.10196142144400785 -5.706333720035325 -0.988445241488737 -0.10621957656775431 0.10819245685063408 -18.585912145948463
0.08937348251692936 0.11484784425673496 0.9893548343214995 178.08615439132558 -0.1191673334433156 0.9874223370685034 -0.10385437439472794 -5.804965638780098 -0.9888490529477871 -0.10861341634617241 0.10193860561340862 -18.50056915444859
0.08246428292052932 0.11734176726886467 0.9896622580290514 178.9495527494006 -0.12192949911316585 0.9867668569356541 -0.10683451818335749 -5.907217799604527 -0.9891127065999885 -0.11185534441046255 0.0956833745833421 -18.418611040903997
0.07590380867299408 0.1209005609084443 0.989758843251208 179.80494240581945 -0.12493671571964636 0.9859473450774195 -0.11084961938565134 -6.011706994048649 -0.9892630189271913 -0.11523976187043097 0.08994491545121895 -18.33978862706239
0.07082537658941226 0.12483271346140308 0.989646708092125 180.64570585296843 -0.12780022784776293 0.9850916513727863 -0.1151080603197711 -6.117190140166878 -0.9892735238009179 -0.11832073713667952 0.08572617490544213 -18.263482772308322
0.06684580844144239 0.127613921959362 0.9895683746594043 181.4491684580867 -0.12960022348410677 0.9844899372811646 -0.11820062734426975 -6.220636725793522 -0.9893159170430921 -0.1203432752465066 0.08235109869653744 -18.196054508952564
0.06606029290482338 0.12803598006667322 0.989566851200458 182.26754699818542 -0.13082031567810667 0.9842788069098434 -0.11861490639300995 -6.321786429903952 -0.9892083224874585 -0.12161596491907002 0.08177472981900466 -18.12473730823808
0.06944208715006224 0.12674460901512694 0.9895019925128973 183.07461737181222 -0.13395186495793943 0.9840928491705087 -0.11664769812558944 -6.413829209791747 -0.9885575483785083 -0.1244417009508505 0.08531856032236665 -18.043480898334266
0.07495965089716447 0.12784047366344164 0.9889591205576973 183.86062943293152 -0.1375278567126362 0.9835912270185698 -0.11671900344515482 -6.506234935816401 -0.9876633804761294 -0.12725648306588364 0.09131409364258969 -17.955526317782383
0.08318264016766794 0.13030014349773003 0.9879793357910582 184.6093968014154 -0.14024230952231573 0.9830737000176083 -0.11784192297145592 -6.596532877548124 -0.986622300385084 -0.12875053576901715 0.10005167781745432 -17.86110307321668
0.09404472520099257 0.13212365896540398 0.9867621807241715 185.32896768329817 -0.14315667062326773 0.9826436010372308 -0.1179244947530402 -6.683949152031316 -0.9852270241941463 -0.13016783855609323 0.11133042908044706 -17.75597702197556
0.10608801947521934 0.13203416810663432 0.9855525723532985 186.06085620289997 -0.14900385949209558 0.9820595689055366 -0.11552331347980124 -6.762686791190336 -0.9831345399022581 -0.13459193406062359 0.1238620741237367 -17.634229745576217
0.11836057798057258 0.12971913002323618 0.9844617389870269 186.7704816227296 -0.15952692510083918 0.9810305379068778 -0.11008373327402954 -6.82683487494963 -0.9800775643502406 -0.14401510173460197 0.13681299470855762 -17.49782280120029
0.13151741968579206 0.12672865631486505 0.9831809341540027 187.5204384841326 -0.16666684971705015 0.9804982865301229 -0.10408485992493392 -6.891328603790746 -0.9772081469830309 -0.1501711751282972 0.15007819019988428 -17.35107955597376
0.14544273573686825 0.12356330652068266 0.9816214232446799 188.25064220196603 -0.17231509029093792 0.9801641791112091 -0.09784561895134068 -6.949014038747923 -0.9742508181010272 -0.15491375991278744 0.16385397172522437 -17.197566029894844
0.16082233698579157 0.12022567233709415 0.9796343870798566 188.9836118962601 -0.17721087441310124 0.9799350366564011 -0.09116755249741328 -7.002288623963927 -0.9709494860349686 -0.1589367581158913 0.17890534062466248 -17.031048834929443
0.17603478630643252 0.11779926624967177 0.9773114962390824 189.7176785018846 -0.1827595291285439 0.9794584881972576 -0.08513627650997106 -7.0528750511174545 -0.9672752566260441 -0.163622892074904 0.19395252186383438 -16.85274996981841
0.19151322432037124 0.11761031374465937 0.9744184468427379 190.43078419853003 -0.18653144181147596 0.9790557761633284 -0.08150539688552388 -7.1047852039144965 -0.9636069195438213 -0.16614735047000836 0.2094454366094614 -16.667685677228764
0.20728727207422576 0.1177626365730616 0.9711670423606887 191.14275902297499 -0.18854512993540382 0.9789193210234204 -0.07845585691467169 -7.15785413948885 -0.9599441102438777 -0.1668428975159843 0.22512644174051077 -16.47451366068589
0.222299935473643 0.11847051740468628 0.9677545238873106 191.86767401410728 -0.19185629502100998 0.9784919199778979 -0.07571055654651375 -7.210274565160175 -0.9559202383223959 -0.16883631090377546 0.24025350920804245 -16.26526404396519
0.2357608435223742 0.11896447636458417 0.964502199991624 192.58075787327132 -0.19920625351168922 0.9773133152401997 -0.071847261387934 -7.254941053092838 -0.9511798956788287 -0.17519320776961855 0.2541163677075715 -16.045372217202996
0.2496067347513324 0.117214286959781 0.9612269020957378 193.3158891825433 -0.2023106912746344 0.9770467848121951 -0.0666042478302522 -7.296016749669542 -0.9469825331617538 -0.1778388498164468 0.26759711785373647 -15.816951749746373
0.2619612623163868 0.1147749065321191 0.9582289642950369 194.02469073623848 -0.20183442174511615 0.977454588522773 -0.061895844289554504 -7.332985415913039 -0.9437416097007091 -0.17718634091636468 0.2792269948674069 -15.595059275232769
0.2725227026020814 0.11432098431695505 0.9553333553452498 194.69625312401718 -0.20159847236998088 0.9776532948380199 -0.059478901204857125 -7.370674651679969 -0.940796716242319 -0.1763815038413406 0.289486045332276 -15.375951205934413
0.28029888258957214 0.1187921969859434 0.9525347945842666 195.36432653216883 -0.20604862997957746 0.9766216191694543 -0.06115896071968943 -7.412244103568339 -0.9375427365756506 -0.17912261544165567 0.29822889820261284 -15.14109181614781
0.28729084731973564 0.12624730450004223 0.9494883721223095 195.9996656996354 -0.20989679815902776 0.9754734567288024 -0.06618931316460783 -7.462858494531095 -0.9345682132151656 -0.18027569656637402 0.30674906305389243 -14.912403676315868
0.2934385411852138 0.13612807036478136 0.9462375140136228 196.59674472354794 -0.21012598124782159 0.9747809024744253 -0.07506847526350309 -7.525142874988372 -0.9326042926544352 -0.1767977326672138 0.3146482010295607 -14.697518377864291
0.2996155510075184 0.14108533020667968 0.9435721697339701 197.1759907514625 -0.20569299634839475 0.9752921697776049 -0.08051062938211631 -7.5847043544498955 -0.9316284382632632 -0.1699604950325252 0.32123872876051635 -14.492125006090024
0.3064295340108388 0.13996129966175816 0.9415491944466583 197.78749155070713 -0.20601192268646049 0.9754331784636401 -0.07794795339861764 -7.630098775435676 -0.9293388063712731 -0.17008121429866435 0.32774101999801375 -14.270566247294921
0.31121672740921974 0.13484070598544584 0.9407260232939787 198.45936456667678 -0.20812548616594995 0.9755171768592877 -0.07097102596217232 -7.668294660101763 -0.9272749040118307 -0.1736981441782981 0.33166682506743345 -14.01841539790618
0.31541439058731285 0.1262148881611309 0.9405252893803772 199.169385427849 -0.21159769881732954 0.975510240870569 -0.05994519740624869 -7.699097043672461 -0.9250683772552112 -0.18010185550565389 0.33440255858249124 -13.750354511652851
0.31769446086486647 0.12058586170610548 0.9404962365896107 199.8556442554227 -0.21244333865877474 0.9757100484545234 -0.05333545101074175 -7.729838760443607 -0.9240937740443246 -0.1828543864822377 0.3356011785126172 -13.500075901404742
0.3177908850312963 0.12062036240168772 0.9404593840976742 200.48871805635312 -0.20982598091098423 0.9762234693896396 -0.05430203756570129 -7.768428279292956 -0.9246589886020496 -0.18007214823856285 0.3355497576347136 -13.271886747076923
0.31870865013329813 0.1237283433005966 0.9397446127539356 201.1066376927493 -0.207102527739057 0.97657219097921 -0.05833658622594077 -7.810840171745362 -0.9249569359580122 -0.17602704310422754 0.3368720534133543 -13.048454881861968
0.3194610141548336 0.124024565373447 0.9394501292196954 201.72273948406445 -0.20510489422782252 0.9769401378643474 -0.05922464319928102 -7.849293654739916 -0.9251425899229501 -0.1737619637864496 0.33753798997437096 -12.823417447100638
0.32107539361572407 0.12279419269760516 0.9390617036789681 202.3559153039791 -0.20675330245031034 0.9767236500609872 -0.057024805120479 -7.882051717950204 -0.9242164407977305 -0.17584080217333264 0.33899593389337856 -12.586047830158348
0.3247014153392367 0.1201558796941901 0.9381557610620307 203.00629318488708 -0.20791373039334837 0.9766970551252252 -0.05312886135587945 -7.912517555955686 -0.9226881002924928 -0.17780034249862328 0.34212300589746 -12.341908780127785
0.3278392193154683 0.11649484780749034 0.9375262666640434 203.6814025563829 -0.20842335069365986 0.9768298608321245 -0.048493032483389376 -7.9407028840700375 -0.9214632099634209 -0.17950021598619526 0.3445296511597816 -12.087240830594508
0.3321982805598788 0.11461672802658827 0.9362222081073732 204.33908903787776 -0.20876336866133183 0.976899811650566 -0.04551863783560279 -7.9675007579989625 -0.9198227194271672 -0.18032377878440575 0.34845858231520244 -11.834258708463873
0.3381324833359201 0.1133964616947512 0.9342444356131536 205.01215615876944 -0.20843793801216295 0.9770770021575296 -0.04315232357037011 -7.9929342405326835 -0.9177321831391803 -0.18013680321726364 0.3540239546399829 -11.568897421936981
0.3450824406603633 0.1112840541715976 0.9319541545506668 205.67493713030066 -0.20817757133696851 0.9772822511414206 -0.03961027940704642 -8.012888400885739 -0.9152004658425923 -0.1803393347189192 0.3604162336173771 -11.29976101888026
0.35398931306700865 0.11038691478936513 0.9287147413278468 206.32306501405404 -0.20676683993161665 0.9776691211101372 -0.0373916122462008 -8.033356969273768 -0.912113405664451 -0.1787871777624841 0.3689152261076668 -11.028995959553482
0.36299406966990144 0.11321292932509976 0.924890478353618 206.92447723962033 -0.2089177532078752 0.9772028332962596 -0.037619209190410466 -8.059543535164247 -0.9080749519923057 -0.17956654508681388 0.3783777170334243 -10.762450917587243
0.3719663573426765 0.11818872052354809 0.9206944039668394 207.5263681079388 -0.21113417557636996 0.9766292133191349 -0.04006672257932288 -8.08972489618618 -0.9039219237951054 -0.17948245709526825 0.3882333587361661 -10.488277217667203
0.3818065075786138 0.12201215883241912 0.9161567208123813 208.1381124762278 -0.21253262378434937 0.9762685679995207 -0.041442402502970384 -8.12082119786869 -0.8994804814977718 -0.17888604927238527 0.3986837284359363 -10.20273688730874
0.3933558895301366 0.12256824325512458 0.9111832115762895 208.74626630357608 -0.21138243932249565 0.9765739631713769 -0.040108310076141095 -8.147679676183524 -0.894762548471372 -0.17682710388667747 0.4100563593178902 -9.915080896783547
0.404640449324308 0.12073908391443501 0.906474323503625 209.3702668718844 -0.21122761399458573 0.976774777684276 -0.03581058990406816 -8.165955241853979 -0.8897531236567706 -0.17697780613967345 0.4207525499348662 -9.611202061643805
0.4156866007431478 0.11978894724390492 0.9015879858543847 210.00553809160684 -0.21164253325370935 0.9768102515021836 -0.032200374736405774 -8.183424888151961 -0.8845467208197122 -0.17742515206571413 0.4314064108559493 -9.290392106099903
0.4265255904419284 0.11938356904575001 0.8965649464383707 210.64746809778126 -0.21229484205146512 0.9767669545593411 -0.02906433125899422 -8.200038889155776 -0.879214238976273 -0.17793552205620775 0.4419677221064395 -8.956083305185109
0.434268465409791 0.11838756695304065 0.8929731973711924 211.29434586607138 -0.21451418231128488 0.9763916416120905 -0.02512190899171284 -8.210804693264249 -0.8748744671280781 -0.18064188918799529 0.44941912639294623 -8.610775438922753
0.43947172445835947 0.11962461725199729 0.8902592724992461 211.92680922085793 -0.21730394569065747 0.9758067168417459 -0.02384582045855866 -8.223194992622211 -0.8715818491215347 -0.18297330273076606 0.4548413303696666 -8.270148945214652
0.4434920677336864 0.11731752742138984 0.8885706870193166 212.58237045157355 -0.2176597803347961 0.9758096716644795 -0.02019706149686029 -8.232289424101008 -0.8694535726797892 -0.18444529483756766 0.45830605564302523 -7.923931141699172
0.44544231600460027 0.11428135695179319 0.8879905898434739 213.26767180073983 -0.2156082672854158 0.9763174742075257 -0.017489955031798062 -8.243301394255017 -0.868968037154881 -0.18366336753671153 0.4595399562682884 -7.565757860105895
0.44583733020108685 0.11554871858233647 0.8876285373603928 213.9524140345583 -0.21135293724078136 0.9771777065606607 -0.021044693519994828 -8.266112137450971 -0.8698108243060979 -0.1782160084674537 0.4600904901097358 -7.213911148156429
0.4453075311740591 0.11609333218415915 0.8878236520267331 214.63270103183737 -0.210094719408956 0.9774189667081465 -0.02242895791769669 -8.290447170033346 -0.8703872972647588 -0.17653472002045456 0.4596486541717016 -6.864926805197313
0.44516413993835735 0.11746663858154378 0.8877147820494458 215.3128011536126 -0.20628927998767768 0.9781414466589128 -0.02598182604542811 -8.319562611873225 -0.8713705270531835 -0.1715552183184711 0.4596714010923148 -6.518847844750683
0.44487412645543317 0.11620826908746681 0.8880256121511642 216.00770192952123 -0.20351192285508352 0.9787191548096364 -0.026121075140577526 -8.343880332699342 -0.8721712827262076 -0.16909865561064888 0.45906247065412287 -6.162938623309108
0.4445146735507856 0.11141562616493204 0.8888198719084324 216.7344757283873 -0.20081514837976971 0.9793702664256828 -0.022332547783538992 -8.363034725853753 -0.8729797993889377 -0.1685563052665113 0.45772409540156644 -5.792451609430746
0.44414329072630726 0.10972194854227074 0.8892165429379669 217.46299426628198 -0.20112999524729266 0.9793492274333576 -0.020381488652625367 -8.380312653348005 -0.8730970279545442 -0.1697902361367054 0.45704487055172577 -5.421772728554507
0.4436043108337684 0.1085739943322089 0.8896263215662918 218.19977196759064 -0.20126657277756999 0.9793459020841494 -0.019161552153183714 -8.398305518439313 -0.8733396794504459 -0.17054629900218038 0.45629928278094806 -5.048241859864856
0.44313590083675825 0.10877659575319071 0.8898350049360756 218.9273003039117 -0.20150146744098454 0.9792938050931583 -0.01936249830366853 -8.41996164264425 -0.8735230647001082 -0.17071718030292057 0.45588371538654776 -4.67776729335433
0.44167113326588675 0.10891303178706252 0.8905461348572173 219.67443289773982 -0.20187077926667116 0.9792121063602602 -0.01963521127204266 -8.442314804326319 -0.8741793868101178 -0.1710971502047218 0.4544809282050044 -4.2987492564524725
0.440282970082234 0.10975062395686391 0.8911309969044126 220.39004093322546 -0.20228803110613125 0.9791057376697062 -0.020638354507334672 -8.468362856352872 -0.8747833765375967 -0.17117240616695403 0.45328917711060546 -3.9381282735511833
0.4393687495384712 0.11404206523712448 0.8910435925301093 221.08830873673938 -0.20232689225660094 0.9789826280484218 -0.02552871083789242 -8.499611032787644 -0.8752343237078631 -0.16905936112819497 0.45321225368881035 -3.586564944079296
0.438088162586106 0.12020698603198551 0.8908641824666276 221.79940110882416 -0.20350173018185694 0.9785502719191492 -0.03196347298007489 -8.538628379750708 -0.8756043095715479 -0.16728324925290494 0.4531572062927542 -3.2255124158928727
0.4371233850459015 0.12312129261122938 0.8909397431621084 222.51478593304174 -0.20494163392828071 0.9781591259882083 -0.03462148168912174 -8.574415800785925 -0.875750530580861 -0.16745048123206677 0.4528127251620586 -2.8625719663522324
0.43662261640190564 0.12137240671051987 0.8914251997554143 223.25711811258537 -0.20541893508243633 0.9781299103358224 -0.03256125888475723 -8.602993113382595 -0.875888927564975 -0.16889203157812774 0.4520095669051303 -2.4888594711334955
0.4362855813735951 0.11913169983314287 0.8918924812899747 224.00807121405379 -0.20607257058275272 0.9780798544758013 -0.029837576279877882 -8.628776677577726 -0.8759036448209391 -0.1707698710459658 0.45127541803912075 -2.1094096978307157
0.43435698353135666 0.12019510419795792 0.8926905198293279 224.76072677540506 -0.20755835776252124 0.9777402864327305 -0.030652269736545817 -8.659900144310333 -0.8765109204893229 -0.17196450698126467 0.4496395409063399 -1.7310712190657358
0.4296925714833739 0.12042121557949394 0.894914945786997 225.5274993047393 -0.20786319926434127 0.9776410518137664 -0.03174503394585566 -8.695614951322314 -0.8787353342640295 -0.17237206704195454 0.44511969472668556 -1.3565032473246417
0.423749304657117 0.11975707974567994 0.8978329910155866 226.2829615758072 -0.20642797897356852 0.9779030882715721 -0.03300697024032773 -8.734762004832529 -0.881953800742622 -0.17134398269529647 0.4391103803077155 -1.0010836246091177
0.41644422947320836 0.11962616659093493 0.9012618902585634 227.0088534367012 -0.20525402664853118 0.9780813283773476 -0.0349788403952645 -8.77710185098296 -0.8856993348033912 -0.17041371836767616 0.4318736008968496 -0.6691998989500296
0.40822986818348456 0.12073195180835437 0.9048652227052393 227.7478614501998 -0.20141821319587894 0.9786971828279027 -0.03971083650502857 -8.827338050949892 -0.8903908281075904 -0.1660385938979065 0.4238545884363905 -0.34249751658167377
0.399089686873867 0.12449064665728211 0.9084262681819426 228.46065095104083 -0.2008765237617107 0.9785401535681522 -0.04584755836860985 -8.880975080770462 -0.8946467415891196 -0.16417776033956244 0.4155359966646987 -0.03266919438988708
0.3894501236480252 0.12531207427792726 0.9124875919384523 229.18454026289723 -0.20158455803381253 0.978276008309794 -0.0483080377547075 -8.92604309451429 -0.8987259386244465 -0.1651234596210475 0.40625432376104476 0.2717192041266817
0.3820021147985901 0.11820343308057449 0.9165753344351626 229.94229521002515 -0.19677162447958138 0.9794449028857317 -0.044299939975460806 -8.969443629759777 -0.9029790210943913 -0.16342689870404734 0.3974126826006523 0.5729224115751029
0.375638679644662 0.11066340328020735 0.9201392602282608 230.70018447145492 -0.19238608961267487 0.980524616977117 -0.039384116843984296 -9.007220646374478 -0.9065859540082414 -0.16222229403117516 0.3896167807495244 0.8734657312213595
0.3698825407261181 0.10614924946764685 0.9229987256480187 231.4544165507322 -0.19135371925334255 0.9808523414325476 -0.03611764156009784 -9.043143449757236 -0.9091674672626395 -0.16325460169484565 0.38311586497803446 1.1721697473967796
0.3657082341880158 0.10540735063192319 0.9247452777853432 232.20230380856808 -0.19384550005225534 0.9804003687832936 -0.03508918614198954 -9.07778260394312 -0.9103274030002545 -0.16641993143267692 0.37897670511298603 1.475635665878155
0.3644456729745802 0.1047554564276427 0.9253172921560442 232.94550439231188 -0.19360248676427727 0.9804600041019653 -0.03474357558882682 -9.112912583494818 -0.9108848623166199 -0.16647648173128718 0.3776091438229767 1.7724492411145043
0.3637572883736198 0.10460292782161912 0.92560543681387 233.69586693399643 -0.19331667175654638 0.9805134093661243 -0.03483374289793712 -9.148719801399649 -0.9112209713514638 -0.1662586471576693 0.37689396271266823 2.0740598684248277
0.3633294172894628 0.10662144960207856 0.9255428767445494 234.4460178098796 -0.19348955041831734 0.9804002914848129 -0.03698254019590969 -9.189819903443697 -0.9113547097719608 -0.16564078801238147 0.37684217532897635 2.377843582270138
0.36276680417687324 0.1084714465377982 0.9255490752044994 235.1927366855209 -0.1954542689525529 0.9799623589806361 -0.03823862919293551 -9.227844425258338 -0.9111599193124525 -0.1670254805302406 0.3767025554662535 2.6849634384857244
0.36277358637579127 0.10852636660568062 0.9255400530636492 235.92372220351137 -0.19579436380262263 0.9798979424399635 -0.03815516306552435 -9.261110954152425 -0.9110845266817736 -0.16736846436905434 0.3767331965508898 2.985028384124513
0.36349665111831286 0.1079919656336096 0.9253187599372901 236.68652635169238 -0.1963338056289681 0.9798257114328471 -0.037224888341042005 -9.29271182421177 -0.910679968546771 -0.16813500653869287 0.3773691944024367 3.3015840819179676
0.36419155111291135 0.1072807506816747 0.9251283956798874 237.45185339295838 -0.1960214754988163 0.9799172806844162 -0.036465763769971696 -9.32409479267467 -0.9104698012876937 -0.16805888048789752 0.37791007908986485 3.6171461717801616
0.36478018466219087 0.10700003401679589 0.924928987360078 238.21536208617295 -0.19384260180653426 0.9803317388850419 -0.036958479110607324 -9.357594856118583 -0.9107003028743218 -0.165803755724028 0.3783502139102592 3.931015709328155
0.3672336231867806 0.1064229649166021 0.924024161155805 238.97652611695187 -0.19393197415428398 0.980355706075817 -0.03583489255520737 -9.387552723768852 -0.9096945539540493 -0.16603300104369428 0.38066204914955254 4.250337505568129
0.37134914678863246 0.10506320518420892 0.9225337505099909 239.74612572372624 -0.19522815595593823 0.9801964028262664 -0.0330427437431952 -9.413176104275296 -0.9077443044628171 -0.16782934368797803 0.38450992537034034 4.5810673167249485
0.37597363749353696 0.10204370389559778 0.9209986050654021 240.54159071313978 -0.1961607962065209 0.9801526262315076 -0.028518001836108732 -9.433225666765207 -0.9056372914103638 -0.16993681934926833 0.3885321194140993 4.9280878862220625
0.3808805983167279 0.09895006676451383 0.9193181019357668 241.35288237098305 -0.19657193690591349 0.9801896150174537 -0.024058899959757296 -9.450751960845047 -0.9034950409562227 -0.1715438796456009 0.3927893716639416 5.2825654873537475
0.3850648821516452 0.09886290838617905 0.9175829736594413 242.1692074492484 -0.19709817161844287 0.9801121631398255 -0.022885737102897367 -9.472050659144388 -0.9016051104964545 -0.17203670170655067 0.3968956093713043 5.642577643994293
0.38753560845615675 0.10375717735504765 0.9160012897511176 242.97837292035143 -0.20055512230661285 0.9793308199084375 -0.026079489519678523 -9.498711250981145 -0.8997826623113513 -0.17359732525433963 0.40033750036957316 6.011257408544615
0.39063316362813877 0.10993489808687947 0.9139626220881746 243.7941280710341 -0.20338688315521203 0.9786100385544176 -0.030780737778709766 -9.53290982352108 -0.8978055649612907 -0.1738593654843457 0.4046397108288976 6.38642224625298
0.39406046211489587 0.11265941188565157 0.9121575235971743 244.59262978446807 -0.20591567536251867 0.9780471161042659 -0.031838441286462224 -9.565259206440146 -0.8957288601399356 -0.17527672677561068 0.4086111199538924 6.756423627050124
0.3983614516469804 0.11266182219003448 0.9102876677773876 245.3938813375885 -0.2073369766363969 0.977796593879234 -0.03028087877441055 -9.59159443493162 -0.89349624945226 -0.17666900221095042 0.4128780866626791 7.129452078638793
0.4009616352410839 0.11536782176407144 0.9088061786229665 246.16035738844886 -0.20912903468446897 0.9773665164746358 -0.03180345438767287 -9.621654299346243 -0.8919145712166276 -0.17730113951575038 0.41601568415771895 7.490526828430794
0.404520663828618 0.11906000583683472 0.9067503913406756 246.91300604367012 -0.21014732514837062 0.9770551174094095 -0.03453943836374315 -9.655340410196537 -0.8900663403664086 -0.17657464472876036 0.4202616712219345 7.846509223444131
0.4092699517443612 0.1192172807107615 0.9045963382164468 247.6735274554871 -0.21064341848666954 0.9769864527693958 -0.03345486755020483 -9.685386434286565 -0.8877753161118418 -0.17685057145333113 0.42496577907490657 8.210343526835082
0.4141694765190752 0.11825481774197155 0.9024900779460016 248.47117351240664 -0.210948766943715 0.976994755991144 -0.031208213026064236 -9.711759414320694 -0.8854271495046313 -0.17744910893747634 0.4295896790042909 8.596677563971042
0.41946125913092164 0.1183829258905978 0.9000262428628942 249.25870942065688 -0.20831220302401451 0.9775514248843011 -0.03149486389891951 -9.741532813610567 -0.8835587089871281 -0.1742706546535173 0.43470790947195065 8.978580799678252
0.42425039993525626 0.11927768898611422 0.8976605538738057 250.06994521278216 -0.2068524682091463 0.9778396260332841 -0.032169191847904705 -9.774655981552256 -0.8816133240433396 -0.17203050879090298 0.43952385586830933 9.377955935087009
0.42711634473648263 0.12218360321998757 0.8959092232079869 250.85050581250192 -0.20892746147022456 0.9773473406761322 -0.033685813602086126 -9.806963310338658 -0.8797382479815391 -0.17278724539107612 0.44297042943877907 9.773497426692348
0.4307248400454421 0.12291171657531838 0.8940791243566522 251.63866535116352 -0.21491753547969764 0.9761471251719624 -0.030656513827380535 -9.830351744771663 -0.8765296461947886 -0.1789438868326527 0.44686830928595794 10.18139157542726
0.43449621928065296 0.12369960829082878 0.8921438681038797 252.42968430941127 -0.21877185700914675 0.9753505270138906 -0.028688947215657942 -9.853534188025373 -0.8737101227088986 -0.18270585757519792 0.45084984434705133 10.59242601069276
0.43782030038285313 0.12793713894182013 0.8899187955653446 253.1730579245526 -0.21818987179306937 0.9753489773224596 -0.03287417362129515 -9.887114789113769 -0.8721951303475974 -0.17977346128119637 0.45494352812808886 10.976109693194125
0.4405315623595714 0.13577007776403924 0.8874161962254457 253.9040618116489 -0.21986538150682897 0.974706944164223 -0.03997933121845646 -9.931805096638202 -0.8704071971194722 -0.17749520917245148 0.45924196901453584 11.365815245694238
0.44105380456224286 0.14242871652296665 0.8861128707321806 254.6437361187108 -0.22565686484340244 0.9732042244693779 -0.044109020045091984 -9.96966909864253 -0.8686592629389782 -0.1804982452931265 0.4613769053568497 11.769287155946508
0.4427656814707384 0.14231936268892093 0.8852764866679668 255.36895804230198 -0.2322430994824773 0.9718281967473401 -0.04007851089905598 -9.996213777244868 -0.866048515348475 -0.18784915113053866 0.4633465266980649 12.16140154679299
0.4457351003648794 0.13486625458193646 0.8849524908453386 256.1393936269361 -0.23339614406420806 0.9718976628647255 -0.030559101155073605 -10.016257667319758 -0.86421327478905 -0.19291829851384182 0.46468806720192135 12.57359670897688
0.44856757687187687 0.12468304754043535 0.8850142160087869 256.9454642084547 -0.23227941413993775 0.9724542432741573 -0.01927204662877581 -10.029084790294236 -0.8630476754906561 -0.19692101935043044 0.46517498493253384 13.001541827953815
0.4504995397683353 0.11862277236225488 0.884865994031428 257.76141558762896 -0.2335275571479816 0.9722792133553545 -0.011448761337304898 -10.035745554373127 -0.8617031894212149 -0.20147834329069694 0.46571529103546416 13.439751447552979
0.4517502163812793 0.11797760274385559 0.8843149809664701 258.5827558833777 -0.23499668347717032 0.9719451234571563 -0.009621666106500741 -10.044888104886533 -0.8606486255076778 -0.20345975394302954 0.4668030622221741 13.8817628458115
0.45319732210653035 0.12384872675088415 0.8827702377513023 259.3768211881015 -0.2363604172750243 0.9715470087816953 -0.014961547720827254 -10.066877813103225 -0.8595136315767807 -0.20186670414058486 0.46957772933610176 14.310957009748071
0.4561811584092194 0.13029906674856453 0.8803019039837715 260.16034189189844 -0.2364382709271096 0.9714107019626068 -0.02126096668964178 -10.097794957054004 -0.8579126762485438 -0.1984334174830923 0.47394887114461565 14.738626963430036
0.4587204250918249 0.1363624704766592 0.8780616524187286 260.90529198291614 -0.23811986023033788 0.9708744485713307 -0.02637788775504564 -10.128291106470362 -0.8560919943561858 -0.1969789661934277 0.47783214667644214 15.15257105422506
0.46260861356147676 0.13964967304353376 0.8755012234399212 261.64512298054507 -0.23760840652757492 0.9709155330912863 -0.029319380198750026 -10.158681692972467 -0.8541395515765285 -0.1944582185427836 0.4823373771427867 15.563123757647999
0.46625590236706993 0.1427554880882306 0.8730623646519533 262.3575660777132 -0.23800286821788327 0.9707466660308879 -0.0316244100880123 -10.189335211301767 -0.8520440781113063 -0.1930415418565102 0.48659394257892274 15.964823023082857
0.4700740061121654 0.14217195339093291 0.8711079205371465 263.08401085854246 -0.2382306837139303 0.9707461493892574 -0.029878702771374478 -10.213896883372596 -0.8498795431031525 -0.19347473272635332 0.4901936920137879 16.378979744657414
0.47368999441849957 0.13824654524910399 0.8697802579986299 263.83136719350995 -0.23804939988138343 0.9709370991987587 -0.02468171584397464 -10.230522585878989 -0.8479209224156813 -0.19535399270037354 0.49283434604735066 16.80829830475008
0.47682211953719045 0.1336939370109747 0.8687797733157094 264.588117508842 -0.23764121401896865 0.9711639400148381 -0.019023308548832434 -10.243102639395874 -0.8462783673376575 -0.1973820416172949 0.49484526232065634 17.24503933997253
0.4794226424963024 0.12961999712551608 0.8679650989867523 265.3706471519186 -0.23762728172580472 0.97125530502411 -0.013792322725370638 -10.253498622917094 -0.8448116233342228 -0.19963510632322864 0.4964446448135838 17.697805285957568
0.4815912583438326 0.12596585263995572 0.8673022082270317 266.15297116167943 -0.23749657039033256 0.971341559815147 -0.009201808632184102 -10.25924008005496 -0.8436143261305348 -0.20154500873124054 0.49770764970498754 18.14961259372673
0.48333663239253316 0.12072029718145484 0.8670774960117895 266.96069806125575 -0.2367760455811386 0.9715557492209598 -0.0032810655908069707 -10.259640304604746 -0.8428183153200661 -0.20371248754222168 0.4981736388434913 18.616340498572253
0.4837096043531037 0.12107227165269935 0.8668206123480212 267.7903498641678 -0.23748581997713697 0.9713830523949355 -0.003154793862961306 -10.265911347628153 -0.842404599033637 -0.20432666363472135 0.4986215825999387 19.098276087308083
0.4837281278121828 0.1311140912172797 0.8653479917838633 268.63897254900263 -0.24477542383554196 0.9695244917976993 -0.010070769803190476 -10.2821164268969 -0.8403046719809514 -0.2069394901804866 0.5010810765008261 19.606281911377994
0.48514740388509264 0.14306445795505965 0.8626565625584093 269.43610659678416 -0.24589413974924146 0.9690344646910304 -0.02242011336216321 -10.325685484514468 -0.8391595750336938 -0.20124014488716674 0.5053043042712838 20.078367179027243
0.4859773048678984 0.15087380146102647 0.8608573965110027 270.19688095343474 -0.24684137790492475 0.9685760310754205 -0.030405335507806795 -10.369285550636187 -0.8384010768367078 -0.19771381075024266 0.5079486144786004 20.53033964556051
0.48586318315595173 0.14964338901488938 0.8611366871725662 270.9612386240591 -0.2473977803753745 0.9684861669758806 -0.02871498750179184 -10.397812855548441 -0.8383036960714288 -0.19908630765808558 0.5075734204738862 20.981284049408863
0.4864090259254754 0.14592355112191016 0.8614666480879429 271.76217267160007 -0.24770899924050707 0.9685299563973145 -0.02419721284472122 -10.421119420707086 -0.8378949917966356 -0.20161805573423988 0.5072485574037503 21.45354893043552
0.4872030794468509 0.14552400803954474 0.861085732228185 272.54447043441536 -0.24745198701628793 0.9686086161979504 -0.0236890785807894 -10.44781288543833 -0.8375101545728225 -0.2015305449538268 0.5079191282460623 21.915323904547634
0.48772585785841466 0.1459314279990347 0.8607205039934138 273.31020993434777 -0.2449078254452458 0.9692076143214109 -0.025550506188723822 -10.477725720473439 -0.8379537539832903 -0.19833022358236807 0.508447024737337 22.364951810368275
0.48841115054012924 0.14461170128388517 0.8605549194018758 274.0885860410978 -0.24233406095060342 0.9698574329691984 -0.02544414521760894 -10.504978754227858 -0.8383034137863435 -0.1961088965615233 0.5087329140155086 22.82354106774886
0.48949501121475447 0.14170198683650959 0.8604233258397822 274.8756456843868 -0.24298622217653373 0.9697904045224317 -0.02148079024806797 -10.523962773070044 -0.8374820581979702 -0.19855042198172973 0.5091387626760441 23.29302697415039
0.49009516657304586 0.14084390781708958 0.8602228212862543 275.65674147959794 -0.24490354578695608 0.9693562371669011 -0.019185498505640722 -10.541635923520985 -0.8365722102144104 -0.20126300028713123 0.5095697765670691 23.76136321821403
0.4901680406227136 0.14248048157150725 0.8599116657571915 276.42340347838115 -0.24671898952369284 0.9688813419346827 -0.019902960285143663 -10.56427098898739 -0.8359958451932337 -0.20239492625001168 0.5100670991926168 24.22150490779751
0.49050057216772425 0.14698059426405838 0.8589639607871898 277.1722269668036 -0.24702821012506396 0.968692173762816 -0.024696362236036596 -10.596536254625608 -0.8357096144397042 -0.20006897260110762 0.5114522825397037 24.66596711457432
0.4912904898780173 0.1485110626025125 0.8582494161367902 277.9155988055154 -0.24692347529229489 0.9686776463790764 -0.026275133809279816 -10.627102842130851 -0.8352766608771744 -0.19900752540104594 0.5125725989463944 25.111097826544622
0.49301598927492 0.14687649946589776 0.8575411167730708 278.66651968944956 -0.2459485802558635 0.9689708469162839 -0.024564623744959397 -10.649061984753311 -0.8345479551800581 -0.19879416976235656 0.5138416158375418 25.560523873491135
0.4964998829417003 0.14485447015152755 0.8558734778458987 279.4317559439575 -0.24665129466495544 0.9688782557374035 -0.0208988531987927 -10.666177916418393 -0.8322717820015508 -0.20071991800064806 0.5167758531422131 26.02707075292704
0.5002750877686818 0.1436640607169756 0.8538734536875038 280.23157782846147 -0.2472061626278199 0.9687917001551335 -0.018166992936389195 -10.683727458708935 -0.8298429487932999 -0.20198818454098846 0.5201764931049943 26.518957330587927
0.5046422355601586 0.14356174291642887 0.8513169886445606 281.0124228630243 -0.24568798866222094 0.9691847290269003 -0.017803394748214105 -10.704964077263517 -0.8276467740895825 -0.20016793071135114 0.5243622897028397 27.001141670981273
0.5067778663685086 0.14528680254542667 0.8497539894879665 281.7701566866437 -0.24693744704149487 0.9688564806726366 -0.01838460323489181 -10.72551347655767 -0.8259679430464393 -0.2005131894964435 0.526871271250044 27.479056346850847
0.5081471123638855 0.15034413764603013 0.8480543478233299 282.52366112771506 -0.2508844117597314 0.9677831557750831 -0.02124517291861588 -10.747188708487123 -0.8239346856421063 -0.20196212196330196 0.5294948153007305 27.964569060629902
0.5120579872753833 0.15491149810761562 0.8448735596548113 283.24845756342387 -0.25133947667076134 0.9675731139706845 -0.02508106130561065 -10.775982366709487 -0.821370325292507 -0.19950134369687217 0.5343886429237057 28.42829856414822
0.5195526595108944 0.15556497530161337 0.8401648522298023 283.9936252801066 -0.24873095182980762 0.9682369795075353 -0.025468267929891465 -10.803431121417967 -0.8174485736903327 -0.19573719363032505 0.5417436329878426 28.913381438066637
0.5274815341033743 0.15482571634154796 0.8353469865367196 284.73803853231146 -0.24519202450266717 0.9691564929857969 -0.024802483784777386 -10.82736438759807 -0.8134299295125755 -0.1917318264607644 0.5491740514429332 29.408087764520168
0.5365825647941034 0.15260372564151917 0.8299417860257294 285.44964735576053 -0.2411829635413552 0.9702184050696402 -0.022467601445694936 -10.845032471028226 -0.808661370280068 -0.1881068360720142 0.5574079438609864 29.89243348766781
0.5486148812913478 0.15226389174792995 0.8221003360804502 286.1135801795599 -0.2399427997403515 0.9705867270754791 -0.019646361682306757 -10.861510452727948 -0.8009197732086826 -0.18647362049856447 0.5690136182115071 30.368567716193947
0.5607106154989454 0.15132062552760336 0.8140748055974227 286.78785764969905 -0.24050864012960133 0.9705334681811549 -0.0147509685371833 -10.87049375893516 -0.7923274547963268 -0.18751592124929548 0.5805830432709881 30.869810984487582
0.5727251634862264 0.1486700347483648 0.8061605539821366 287.4917387625149 -0.24020505133135078 0.9706844472795044 -0.008363777712999135 -10.871737075256796 -0.7837796948208866 -0.1888486385324827 0.591647677142576 31.4045035435731
0.5842818177450824 0.14695832476249998 0.7981421801778089 288.20540106240617 -0.24073695262579306 0.9705858759124413 -0.0024807823543373537 -10.868279073598895 -0.7750381357277308 -0.19068766049298924 0.6024748870540033 31.96277593134311
0.5931056638036554 0.14876692429324392 0.791269422256107 288.9137457208684 -0.2439177648038645 0.9697947144530938 0.0004966804595231641 -10.86501358919144 -0.767302714201219 -0.1932941893322016 0.6114785853422572 32.53392449518415
0.5994871865025975 0.15344040443262877 0.7855469806742222 289.6055747409423 -0.2477723336403429 0.9688170390835427 -0.00015539775818664784 -10.865778969857976 -0.7610832949979982 -0.19453865715343566 0.6188128036576994 33.103746048996975
0.6042517774001818 0.1567008918525536 0.781240491445317 290.3078868453007 -0.2501627056987423 0.9682022640415948 -0.0007161781897841223 -10.870099669395113 -0.7565195340105166 -0.19499950715524672 0.6242400501644623 33.6790449034283
0.6048627804363989 0.15975920436641822 0.7801481143507528 291.00768948044583 -0.25357335232734385 0.9673139274752082 -0.0014907350199156164 -10.872334416886897 -0.7548942294228375 -0.19691804523782888 0.6256041869079895 34.25115638235099
0.6012949081014467 0.16504640105988955 0.7818045605722753 291.71450533104826 -0.25803964909683746 0.9661174604123598 -0.005499025721491738 -10.882691883451804 -0.7562303487607651 -0.1984251107170335 0.6235112426646854 34.816702977616266
0.5936571347223378 0.1714287518398117 0.7862555743016455 292.44483267402694 -0.26188725565870524 0.9650141239208144 -0.012671180926632185 -10.905059719022892 -0.7609277383839671 -0.19838304373642301 0.6177834557994089 35.38598483236016
0.5850466193517222 0.1766018628577426 0.7915474233252859 293.1756013840001 -0.26286227943313684 0.9646054050355418 -0.020930002381241812 -10.940280799732582 -0.7672348114475502 -0.19581808458249592 0.610761605206886 35.935488477704524
0.5769558739767308 0.17529407567634955 0.7977528496912867 293.92477904168373 -0.25780719583099393 0.9658527596729806 -0.02578143681111576 -10.982372902630964 -0.7750381013962584 -0.19078546085747244 0.6024463751425339 36.47312855503976
0.5697191222211135 0.17233871505382398 0.8035768867834695 294.67713026337555 -0.2553213513668718 0.9665006313737907 -0.026265059438149004 -11.018889896141063 -0.7811908648069882 -0.19019973911379906 0.5946350375402083 37.006901615806
0.5616171266453565 0.1731981268167015 0.8090765286723913 295.42119263123976 -0.25642857226511345 0.9661343676324748 -0.028822949341141685 -11.058354698695917 -0.7866758344366689 -0.19127592597625723 0.5870098970055782 37.52969764760648
0.554412137246823 0.17102614742643987 0.8144900419646312 296.16501478085877 -0.25348489800797924 0.9668606743416546 -0.030479474764425054 -11.101445359574543 -0.7927179194909341 -0.18955536416791144 0.57939088657726 38.03368674716634
0.54826321613765 0.17038526332104897 0.8187752586694165 296.8731103673555 -0.249241343436281 0.967827825461114 -0.034509431811726096 -11.149778040564147 -0.7983200033336474 -0.18514520183758376 0.5730904892522604 38.509442772698755
0.5413788820679805 0.16953948975998853 0.8235181106129209 297.58390295598633 -0.2460741681597631 0.968522207288179 -0.03762506964439207 -11.199503450032033 -0.8039811212008163 -0.18226963485466302 0.56605544325197 38.97995605123305
0.5345496099857184 0.1713419533694443 0.8275961828305288 298.30283873248345 -0.24698366646417647 0.9681571022348043 -0.04091662534227037 -11.251005339264667 -0.8082606628059412 -0.18252331239403263 0.5598453277346112 39.456571350326385
0.529079776900242 0.170839063336782 0.831207456038768 299.032988575903 -0.24780770606039415 0.967934554182974 -0.04120789641078923 -11.29663972774574 -0.811600597792003 -0.18416994160853498 0.5544483430041216 39.934111778501816
0.5241628384821224 0.16799320672559037 0.834894563469548 299.77954429529444 -0.248920687728709 0.9677626423457519 -0.0384524039013271 -11.336801346598937 -0.8144455708651075 -0.1876594979805228 0.5490808341565508 40.416298262077525
0.5193042500940551 0.16446913959018541 0.8386243488665361 300.55018337769525 -0.25008054878885866 0.9675981929661671 -0.03490675153370434 -11.373839673559512 -0.8171983996017713 -0.1915885189766694 0.5436071787336814 40.90642338927851
0.5155246468755852 0.16135674966796873 0.841555671030946 301.3286359010654 -0.2499018924144253 0.967729107140586 -0.032464929862303135 -11.411552655209036 -0.8196423706053667 -0.19356240868865057 0.5392100055502956 41.39446811415897
0.5122503995240478 0.1638711340821297 0.8430680360197803 302.0991288208403 -0.2520501918620948 0.9670894653655419 -0.03483390228546833 -11.450794213145835 -0.8210365925338367 -0.19464429319898752 0.5366940316311106 41.884712737747684
0.5088057360204343 0.1714461839677337 0.8436479156285525 302.87310206949945 -0.255374446838228 0.965919813473709 -0.04228018360654031 -11.502493690280208 -0.8221509494688656 -0.1939261271244423 0.5352465739478465 42.38047832079253
0.5077084348920098 0.18086406778647696 0.8423419745417848 303.6204162028893 -0.2558703216939464 0.9652578084478377 -0.05303704711654579 -11.573461577260575 -0.822675436450618 -0.18859533263826447 0.5363449649259461 42.856205922986625
0.5069051711660167 0.1860763576273396 0.8416894561738277 304.3574832807149 -0.2551951600074718 0.9650495434298875 -0.05966020617232413 -11.644924447778296 -0.8233794190980324 -0.1845454964342641 0.5366726613665239 43.31980016296402
0.5060832196966818 0.18643339956180394 0.842105290296568 305.0820250690477 -0.256205747223917 0.9647839709137536 -0.05962310773321138 -11.70135458659409 -0.8235716540673218 -0.18557036842305985 0.5360243872583274 43.78087545847856
0.5053161198893424 0.18414965394080818 0.8430682799395266 305.8315010853115 -0.2570526086664962 0.964738257205336 -0.056656561072290126 -11.754049283485058 -0.8237794446905914 -0.1880747183544509 0.534832158350286 44.2555933036343
0.5051986937068145 0.18253474479528695 0.8434898207185862 306.5664017505463 -0.2568966990379694 0.9648790148293148 -0.054940832496598736 -11.805110395719941 -0.8239001258019055 -0.18892499552613554 0.5343464285598998 44.72021964582848
0.5054988886316973 0.18082855444863963 0.8436771576542741 307.3232763223228 -0.25505420735988205 0.9654143019495686 -0.05410445022099437 -11.85736419929857 -0.8242877244445208 -0.18782546556286064 0.5341354829850625 45.19765513680887
0.5066239186709462 0.17916517943266433 0.8433572646284141 308.10407985357125 -0.25581464491703854 0.9653608869291238 -0.05141229429051088 -11.906299956714237 -0.8233614786904225 -0.18968741178126872 0.5349063423855059 45.69734219785632
0.5091643567584326 0.17897190173558722 0.8418671988056629 308.8974575943911 -0.2560226683653649 0.9653601565224491 -0.05038408766383782 -11.957722980890273 -0.8217283127973195 -0.18987430759822654 0.5373459183656725 46.2077546975273
0.5128138661137613 0.17915796602740977 0.8396090916260788 309.6875970875279 -0.256770762337427 0.9652254677262778 -0.0491349671178426 -12.007081965205787 -0.8192214036603472 -0.1903808769958271 0.5409820266062955 46.7231240443974
0.515268658578296 0.17944354566770931 0.8380433138281661 310.49751524293526 -0.2576088580218982 0.9650465545845689 -0.04824932764481352 -12.056220719750348 -0.8174157288111183 -0.19101669922092795 0.5434833376446845 47.25540551145966
0.5175040912581192 0.18071007258234353 0.8363914842267179 311.28300810555567 -0.26049949244153664 0.964323245080148 -0.04717263320809274 -12.10044709618948 -0.8150839330368371 -0.1934583551658157 0.54611497582761 47.77978213797743
0.5204158716712456 0.18356237247914295 0.8339608204465645 312.0541900302138 -0.26176230732052014 0.9638996162395991 -0.048817310264607644 -12.151114173485407 -0.8128227558587009 -0.19288474880935624 0.5496767864810505 48.29469266538821
0.5246613775922305 0.18517402556631088 0.8309389196838582 312.8338587985062 -0.2581743844485101 0.9647019033124962 -0.051971179743163384 -12.206413539001021 -0.8112396459307167 -0.18725042423642346 0.5539474186233575 48.81306064212174
0.5294752829678873 0.18875555818528789 0.8270714111281373 313.59439390908915 -0.257299887139499 0.9647415190453621 -0.0554585336780895 -12.265757289081538 -0.8083854638932829 -0.1834317608084218 0.5593713788532226 49.330625486940086
0.5360842216826673 0.19055521803138087 0.8223887697406641 314.3195277877434 -0.2572893957860629 0.9647233560282519 -0.05582069279365542 -12.320201367323467 -0.804021923484835 -0.18165726986883654 0.5661981889657618 49.83562811416019
0.542840917093263 0.19001176175422949 0.8180710968316836 315.0494809557219 -0.25805429889912623 0.9646874650363628 -0.05283362454564288 -12.365097419105705 -0.7992288419655893 -0.1824166096235602 0.5727025793403656 50.35769664741646
0.5478497207322748 0.18758907721025986 0.8152861638040206 315.79910797593476 -0.2600159248154244 0.9644534511896912 -0.04719014316391393 -12.401269009072202 -0.7951645760359244 -0.18612465113228896 0.5771491495742453 50.90490779265048
0.5528555646045422 0.18529885589148953 0.8124256297398847 316.58042521449534 -0.2629899455542666 0.9639345597817727 -0.04089342666176593 -12.433788579641655 -0.7907093408531461 -0.1910420891467672 0.5816458218091713 51.48187048633383
0.5579581605745888 0.1832021425827144 0.8094070612907066 317.36564530282516 -0.2661388723214337 0.963317324853886 -0.03458057281739258 -12.460348798247335 -0.7860578147524658 -0.19611073901539722 0.586245728904293 52.0695748507806
0.5635248588507693 0.18166439292176384 0.8058897666211029 318.16588581248243 -0.2672974884411728 0.9631437550732458 -0.03020570614320772 -12.488703047171308 -0.7816815488330936 -0.19838125789874544 0.5913116567311525 52.66982098882823
0.5702122643297383 0.1853813931212397 0.8003198369265917 318.9860527092694 -0.2680885262705093 0.9628650296159363 -0.03202736110166453 -12.529883016833923 -0.7765440574867085 -0.19628479832861886 0.5987339085952676 53.29548377536835
0.5752954800675661 0.191194100001988 0.7952994127710169 319.7928505861956 -0.2682425907151174 0.9626290648964291 -0.037385500834180366 -12.583056043588293 -0.7727326127249725 -0.19181599579247569 0.605080180046682 53.92045744622875
0.5804666950068392 0.19829283612009296 0.7897847788710808 320.5984743828916 -0.2689482309165574 0.962157007199011 -0.0439051759736175 -12.645967476090743 -0.7686092922357306 -0.18691619759477088 0.6118278973187575 54.556957913024455
0.5862265993770641 0.20102453689589667 0.7848247922689655 321.36868288125584 -0.26545221960911825 0.9629141015396837 -0.048363519872130126 -12.708527340070638 -0.765446899013304 -0.17997203146633747 0.6178452475093338 55.16574200882995
0.5923857092125121 0.20220442379559775 0.7798816360079784 322.1315249944331 -0.2612053893615827 0.9639116628694123 -0.051515354276588834 -12.769284426030925 -0.7621593722761898 -0.17318287943481506 0.6238211061384876 55.775418877644704
0.5992683891993287 0.19860139221315815 0.775537036354589 322.8700986512363 -0.25555951293943213 0.9655148172014298 -0.04978084019781697 -12.817496244458866 -0.7586848804317637 -0.1683543298179966 0.6293536410847498 56.370867738311006
0.6060158852585937 0.1948781056298138 0.7712260461473585 323.6094688655273 -0.2546546891050712 0.966034175415806 -0.04400425148088179 -12.854955183120119 -0.7536120688353044 -0.16972016029366435 0.635055536001307 56.98852788844024
0.6121052746083591 0.18850251667898246 0.7679950191995126 324.3663924803696 -0.2517154689598106 0.9671070905534876 -0.0367563189951675 -12.885462186624228 -0.7496680239748517 -0.17080841666049457 0.6394170998511863 57.62873909237066
0.6183255821823264 0.18603646905383503 0.7636009555576242 325.1466461208413 -0.25170398082314704 0.96728436425405 -0.031846622170177495 -12.916237184325375 -0.7445498434969959 -0.17250067296545807 0.6449197247348637 58.29668378687435
0.623570378774852 0.18526110320384334 0.7595136148716105 325.92693970611106 -0.2525378853277032 0.9671691522950525 -0.028579898247040367 -12.945273395231396 -0.7398786224458963 -0.17397527612376007 0.6498803171979521 58.97508780579127
0.6279989240263981 0.18819120267986744 0.7551326905448555 326.68585442805636 -0.25744472476078106 0.9659306669571766 -0.02662797647235624 -12.971594095355536 -0.7344220093312913 -0.17767323600344267 0.6550492243999365 59.654726897997456
0.6320139643421794 0.18966750182110595 0.7514040770234387 327.41954151285506 -0.26205775126135883 0.964779984661232 -0.023111777454882836 -12.99130381421957 -0.7293284400508525 -0.18229506583927915 0.6594550298198898 60.31596356036238
0.6362298660767588 0.18828787319881934 0.7481862341401458 328.1620749877181 -0.2620045224870537 0.9648631165434663 -0.020021669105939867 -13.011173638797821 -0.7256724974637793 -0.18328068055539526 0.6632040406464941 60.97843282465688
0.6391698338491945 0.19057857993122113 0.7450941829879338 328.8938413873821 -0.26396224523195255 0.9643252641857563 -0.020220464829874486 -13.034700870676065 -0.7223721001292269 -0.18374325662365298 0.6666699684276819 61.64311611524634
0.6419903619038432 0.19490773301571962 0.7415404824746773 329.63098725373027 -0.26377348243420123 0.9642624567782971 -0.025090040345132292 -13.0695849399738 -0.719935487677512 -0.1794822512519553 0.6704555599692404 62.314248410082946
0.6459975563054107 0.1986518480381598 0.7370536904966996 330.3549509987239 -0.26422440005638703 0.9640515449763305 -0.028254937716223255 -13.106653622363597 -0.716176030057974 -0.17648580072352626 0.6752602539141681 62.98396824871276
0.6493471107645478 0.19894525300768215 0.7340257345128673 331.09039493163647 -0.26481896333964977 0.9639247382766665 -0.026990962697377947 -13.138118976101882 -0.7129204163734483 -0.17684821787672794 0.6786023321799671 63.67066772201312
0.6525891561004947 0.19864931530709928 0.7312255847296847 331.8355619210451 -0.26829459948093565 0.9630855261375456 -0.022200353846341492 -13.158557970920874 -0.7086480620298148 -0.1816867779320173 0.6817920873475388 64.3775272119705
0.6560359163180405 0.19681102098035771 0.7286341129802911 332.61557722462044 -0.26950257535542865 0.9628464715068439 -0.017428288756557164 -13.176629972910368 -0.7049980061643742 -0.18492573080404007 0.6846994438670405 65.11935378981781
0.6594602340002577 0.19919070342349565 0.724886432882261 333.38040587314634 -0.27078989872225684 0.9624723142540201 -0.018132144508550507 -13.203524818800732 -0.7012999212457819 -0.1843251311078783 0.6886476801582632 65.85328012652766
0.6612843066290792 0.20490738576436018 0.7216239822004153 334.1219536152606 -0.27364658557280414 0.9615765824538282 -0.02228235283462037 -13.235281329835402 -0.6984677654539535 -0.1827256851002517 0.6919443123081344 66.577283443654
0.6643131462438352 0.20874377091770285 0.7177306662334678 334.8640707412376 -0.27269247656677853 0.961717511977129 -0.027311913604572437 -13.276873008345499 -0.695961310747521 -0.17756695923106397 0.6958017331181362 67.30021969423117
0.6694402836940392 0.20665759778929516 0.7135582151492139 335.5844974775156 -0.2685379243447937 0.9628958599527939 -0.026939314914022117 -13.31099449945889 -0.6926553673835887 -0.17357436296745674 0.7000945617843582 68.0020753345712
0.6740376339820185 0.20434518902276158 0.7098869969966073 336.31274865629456 -0.2659591397047142 0.9636669395466463 -0.024873256389957722 -13.34169768281379 -0.6891830855865178 -0.17202665421110638 0.7038931122111939 68.72178665095649
0.6790127219888944 0.20097698342999065 0.7060972451497407 337.0224729739742 -0.261477297716284 0.9649342251220865 -0.02320655062670644 -13.36976665252283 -0.6860070527875187 -0.16886202361462768 0.7077513809560095 69.42788939492775
0.6845038908888298 0.19939262343901892 0.7012277753761325 337.7206077474402 -0.25859073720631875 0.9657355984431921 -0.022185527117894455 -13.397058054431632 -0.6816299887696133 -0.16613597003226968 0.7126088880372238 70.13603084488324
0.6897796150665224 0.1952418844107179 0.697214788581014 338.43203577928585 -0.2532866781324968 0.9671825433081521 -0.0202600088871464 -13.420774028990857 -0.6782953679621263 -0.16261123678877443 0.7165928520781422 70.86069201923662
0.6932213336904341 0.1946539079663107 0.6939581294450409 339.1433877129251 -0.2548279506988829 0.9668466601989709 -0.01664577508451361 -13.436601347325768 -0.6741971298942305 -0.16529179873065178 0.7198395619142596 71.60860734561554
0.6958904367810692 0.19418229182645544 0.691414080464433 339.84935836965775 -0.2546555022328229 0.9669148802090105 -0.015256356679847118 -13.45681277483855 -0.6715068980252681 -0.16544669978040008 0.7223142817970343 72.34817309665405
0.6986388987096099 0.19645789020557533 0.6879909068991771 340.54746635311193 -0.25582864725923554 0.9665893602968374 -0.01622897309893558 -13.480546416909037 -0.6681990652189631 -0.16466067846569854 0.7255541516070734 73.09267469288632
0.700618013334993 0.19797129233645008 0.68554015948029 341.2297116424885 -0.2578588863918597 0.966062367633771 -0.015454975470337418 -13.498048378058861 -0.6653401556668059 -0.16593552048596721 0.7278869783057904 73.82971242665332
0.7052523325340285 0.1944629581945847 0.681782202259033 341.91284701676364 -0.25258197004199884 0.9674679200098208 -0.014675578752152224 -13.517913103412 -0.6624621721352414 -0.16184665639460075 0.731424055483027 74.55448991271264
0.7088109297018625 0.19370667677432415 0.6782980511301343 342.58456585830106 -0.2536841178915726 0.9672267597089672 -0.011126495727996944 -13.528125376177785 -0.6582290653287926 -0.16417769834051377 0.7347184733875551 75.29299680690622
0.7118728365277005 0.19514331423281622 0.6746707203001975 343.2640588599885 -0.25214130319238187 0.9675953022928336 -0.01382940827543108 -13.550439679947344 -0.6555125786216826 -0.16025821899099457 0.7380053963311023 76.03641758183394
0.7160012088407359 0.1929348195177462 0.6709271736835545 343.9230455283021 -0.2499034031004076 0.9682032826589658 -0.011733334426612351 -13.565883934751158 -0.6518633627099297 -0.15925656720381995 0.7414468055467488 76.76333612758353
0.7177319344046058 0.19382690138924427 0.668817506697731 344.5585433456618 -0.25290689965770896 0.9674527995171646 -0.008974008327264329 -13.572380780196085 -0.6487943368665552 -0.16269826493515394 0.7433890719136034 77.48295367338797
0.7188822309337898 0.1952028660937903 0.6671798430376191 345.2067764077406 -0.25710921743889137 0.9663692246983765 -0.005710126327676713 -13.576000596356993 -0.6458623819696602 -0.1674237730861689 0.7448912314002597 78.21804631388649
0.7201054569217882 0.19557881702886823 0.665748214191616 345.87323367058707 -0.2578258029107611 0.9661819888594034 -0.004965091548982114 -13.584257125469739 -0.644210968023214 -0.16806223778999616 0.7461760310534926 78.97084143948345
0.721585290890319 0.19152344263996923 0.6653250521646992 346.55639662726355 -0.25631747122137355 0.9665963523691188 -0.000260492247153808 -13.58654879126152 -0.6431564600308611 -0.17033654519839705 0.7465702315758774 79.73652557993194
0.721711317371127 0.19301417590479028 0.6647572583474538 347.23417891547996 -0.2576244116258884 0.9662488031125133 -0.0008599457770370425 -13.59405737006917 -0.6424923550594164 -0.1706273628472349 0.7470753866531892 80.50417513605906
0.7221744013085605 0.1967306969998871 0.6631635338738969 347.9015980238712 -0.25746032618226855 0.9662726371321962 -0.006282822595000635 -13.613952988732704 -0.6420381466824013 -0.1661913165118699 0.748464886060551 81.25523431916757
0.7232592142936387 0.20089084768047594 0.6607298226627203 348.5699625532285 -0.2558032600480253 0.9666332588277411 -0.01389087778814586 -13.648166923068857 -0.6414792521834968 -0.15896043127979065 0.7505120828330418 82.00600484954991
0.7229421702846122 0.20071716512685586 0.6611292619442956 349.20731281854404 -0.2552643154356014 0.966767935590525 -0.014380903866660931 -13.668657993352374 -0.6420507982015251 -0.1583564813114347 0.7501510330054598 82.72003889710874
0.7223078327241674 0.20055641233430396 0.6618706751178376 349.85946672484624 -0.2557010604690094 0.966660033592068 -0.01386496507895921 -13.686987456857391 -0.6425903103803803 -0.15921668862354613 0.7495064618590588 83.45226009935458
0.7210581127544081 0.19869687505668482 0.6637914490894533 350.53318520947914 -0.25625744031607584 0.9665504212046541 -0.010960668343182729 -13.70330962343961 -0.6437710900655781 -0.16218847004950734 0.7478543104676367 84.20224170691789
0.7181846163978993 0.1985409850112636 0.6669455581459751 351.2223566475867 -0.25611326381772836 0.9665769893478845 -0.011949762473832974 -13.727114555783897 -0.647031806080326 -0.16222185103606734 0.7450275372290165 84.96023811338753
0.7141758045519511 0.19936917605152082 0.6709912153081786 351.8997103648273 -0.25660478065478304 0.966418673812044 -0.014030964187313123 -13.755228975429311 -0.6512609792718549 -0.16214935419856946 0.7413496475274208 85.6972850726628
0.7079541010628169 0.2060720081519829 0.6755435929347697 352.59031073845875 -0.2602922550932361 0.9652901659749046 -0.02168034188820025 -13.791607477748608 -0.6565688472082896 -0.16048043388051436 0.73701794032368 86.44758368060079
0.7016961351271005 0.2111198501594966 0.6804961092339562 353.27205778170554 -0.2620423474847483 0.9646225911647881 -0.02906473947527108 -13.836680811883138 -0.6625633885235979 -0.1579146267288622 0.7321917875503214 87.17056985419501
0.6961399592480073 0.21368460708715192 0.6853843607133124 353.9572254642802 -0.26241856557078186 0.9643543975092308 -0.03412577661912152 -13.887680836388043 -0.6682508736495354 -0.15609165346329723 0.7273981819621312 87.88364082635124
0.6906230043631486 0.21415960636886844 0.6907960674492898 354.6498649727897 -0.2626420887633101 0.9642124102762158 -0.0363496685111797 -13.938314196439451 -0.6738638073382233 -0.1563186103080998 0.722152287536569 88.59110155915921
0.6853605999180069 0.2140002868714437 0.6960666020568682 355.3461211149632 -0.26168384370627196 0.9643764759677667 -0.03883294565216008 -13.993952279177458 -0.679585257155828 -0.15552490802950913 0.7169434457448499 89.28997290533046
0.6803291224135944 0.21310925701521047 0.7012563341546454 356.0750982840895 -0.2628184337040626 0.9641004467242336 -0.038012835765325693 -14.044783329234651 -0.6841876676266058 -0.1584317643730547 0.7119118967206168 90.01494216951943
0.6749305275641634 0.2100822269942604 0.7073596917941598 356.8254704182038 -0.2633183463719837 0.9640749929303657 -0.03508035155885671 -14.092137748701003 -0.6893229022273861 -0.16257387473716944 0.7059991900261157 90.74261430035133
0.6690908980914411 0.20784663249635082 0.7135409459682314 357.58864866129846 -0.26487674497282754 0.9637433723569396 -0.032352875957436626 -14.136793953204869 -0.6944001458174783 -0.167343289781699 0.6998827743645393 91.47203439447095
0.6619491826153775 0.21299042816982763 0.7186663160516013 358.3390792671956 -0.26699615521044434 0.9628940395550948 -0.03944816567690772 -14.195574526453616 -0.7004066732961963 -0.16575841840495598 0.6942516075177229 92.18458071856013
0.6553747226642878 0.2189759559808863 0.7228813827768489 359.08729287698185 -0.26757711254336797 0.9622986231409429 -0.048911913178569986 -14.266815476321327 -0.7063433533163999 -0.16136100194721548 0.6892555591169531 92.88847882848188
0.6491746698915024 0.22283249419705198 0.7272838162770472 359.82738572866657 -0.26627039301141275 0.9622078349191507 -0.057138105924712045 -14.344251183571808 -0.7125353142516938 -0.15655169050662862 0.6839710125035554 93.57121806246467
0.6442546383945271 0.22145716646088123 0.7320632588396238 360.588068666399 -0.26376701312323125 0.9627776776001455 -0.05912231353008083 -14.41536931808849 -0.7179122314094338 -0.15499398010730228 0.6786830083205384 94.25712896725354
0.6398364028604249 0.2201222199470151 0.7363287435967233 361.35833322069783 -0.2629026929908578 0.9629957634480244 -0.05943291085227088 -14.486721840545492 -0.7221686879013428 -0.15554431695914095 0.6740260473444324 94.94489858995578
0.6353836476114996 0.21956016765545078 0.7403413771099763 362.1416385538051 -0.26235120812294005 0.9630823080481881 -0.06045956704693682 -14.562437531636073 -0.726289022470959 -0.15580311675207176 0.669523997389388 95.63895341020908
0.6312359471772885 0.21898525379518374 0.7440504053319427 362.91046612771635 -0.2614487888655776 0.963249546130927 -0.06169132292645025 -14.638813791452886 -0.730220696252211 -0.15557799307116188 0.665286364298144 96.31247039623604
0.6268907609905154 0.21923401313565033 0.7476423800450899 363.69238049171906 -0.2617835094960333 0.9630805712812631 -0.06290427447670392 -14.715210069022463 -0.7338353599637576 -0.1562747844242225 0.6611329604287693 96.99514718571822
0.6220063113464305 0.22054232110562916 0.751328691008916 364.47901707046145 -0.26328266813975165 0.9625614781807104 -0.06458055484987958 -14.792623245961673 -0.7374470764887382 -0.15763076850303168 0.6567784274751352 97.67679751695829
0.6174550869195761 0.22195180126682046 0.7546608400851542 365.2709948358881 -0.264329873142713 0.9621302488429381 -0.06669683569417671 -14.874185351215631 -0.74088946889671 -0.1582856093979864 0.6527345658952152 98.35565092272395
0.6134314521265384 0.22314611250684924 0.7575842536170121 366.06218337716666 -0.265221458904671 0.9617560237367887 -0.06852795355821653 -14.95728797959385 -0.7439069977552748 -0.15887885729309204 0.6491484178313841 99.02770386226013
0.6095573347965041 0.22472391242089107 0.7602406668995632 366.8690630718313 -0.2660179745418098 0.9613655842877277 -0.07088172016873132 -15.046565232274414 -0.7468021379398091 -0.15901960519236327 0.6457812831580363 99.70553486387463
0.6058469692438633 0.22575465728312735 0.7628956066217162 367.66967347634414 -0.26661155096759587 0.9610673373004281 -0.07266862402575222 -15.13525445269641 -0.7496037351024147 -0.15935932222236546 0.6424424346183316 100.37324424085625
0.6031028197590506 0.2252953435105967 0.7652021455087842 368.48223981826374 -0.265228680758855 0.9613484883446178 -0.07400148607623998 -15.227729138189394 -0.752302434385248 -0.15831147504276785 0.6395403914429931 101.04025006503052
0.6001608931376965 0.2253511869774772 0.7674953504343262 369.29311445504186 -0.26514734128949424 0.9613007138443924 -0.07491641662060658 -15.318092044139759 -0.7546804175418131 -0.1585258710512617 0.6366793348881099 101.7052444869329
0.5972996330348189 0.22530426778205245 0.7697377095494728 370.11110577885864 -0.26463824474013264 0.9613528675971609 -0.0760354067081583 -15.411799868481722 -0.7571247756538446 -0.15827481526261744 0.633833032611112 102.36827593057856
0.5946015637370492 0.2255360949614861 0.7717559126831268 370.9445265896329 -0.26504213473725 0.961189098494086 -0.07669121437114457 -15.504642766749578 -0.7591044324646199 -0.15893612035545504 0.6312944649731395 103.04445091913647
0.5909128781936007 0.22569633509354348 0.7745371555635704 371.76217730348344 -0.26516895211385866 0.9610692332367499 -0.07774554573537074 -15.597111637724334 -0.7619352168259785 -0.1594313688559575 0.6277493863691841 103.69997038653277
0.5871793631774188 0.22697816114273114 0.776998199693854 372.5822287619435 -0.2657198471784487 0.9607448092068508 -0.07984789297613432 -15.694850447808557 -0.7646249417781452 -0.15956798397028452 0.6244356474023656 104.35219444707045
0.5834540331461331 0.22991501949151416 0.7789385326825348 373.3897678310165 -0.26595805687524027 0.9603040560226129 -0.08423397654506153 -15.793229049499386 -0.7673887988766919 -0.1580077264220312 0.6214347338117825 104.98919068040746
0.5817149931058958 0.23036017593216918 0.780106601786232 374.1905732158527 -0.26583358192750045 0.9602420704871559 -0.08532285895411419 -15.890725455505121 -0.7687505123526545 -0.15773446868205465 0.6198187769314981 105.61643189583538
0.5817836932088729 0.22526682796934852 0.7815415443570031 375.02579943244115 -0.2625460865801809 0.9614620699648075 -0.08168403536688189 -15.985373051776758 -0.7698275834803306 -0.15765811155927836 0.6185000547891781 106.2662447074237
0.5828999470163555 0.21718337829672543 0.7829967032885957 375.8821807462005 -0.2578097732195071 0.9632666161940946 -0.07525848894795983 -16.074029771613926 -0.7705836383455102 -0.15798587808018302 0.6174742430400089 106.9283032259657
0.5825839592523285 0.21364854907008685 0.7842035249210456 376.7363197049475 -0.2568791876031112 0.9637839832986501 -0.07173658476041918 -16.159436571946024 -0.7711330778443435 -0.159642648440814 0.616361243034987 107.5914779854626
0.5823812684590831 0.21454062202593602 0.7841106301015367 377.6044609497451 -0.2551937464766969 0.9640428730298835 -0.07423037572989363 -16.25431342336624 -0.7718455741231491 -0.15685947288492239 0.6161841242808122 108.26384247907471
0.582581263863949 0.2186636094161248 0.7828228702699955 378.4484533573883 -0.25281563791472605 0.9641116927826485 -0.08115382927436698 -16.360123958702424 -0.7724775388456192 -0.1506207158089543 0.6169486364130925 108.91980933780492
0.5821092890537891 0.2232288537163762 0.7818841851406546 379.24979726549134 -0.2508910296183665 0.9639745941226876 -0.08842651300213755 -16.46914484357807 -0.7734593613933908 -0.14468352833191497 0.6171388841804525 109.54434844506001
0.5817684167237192 0.22466089998329722 0.7817279090917866 380.0485390759721 -0.24783182895152267 0.9643636499592879 -0.09270796333585836 -16.575777807762673 -0.774701295365578 -0.1397919788642287 0.6167084732133101 110.16214997539122
0.581352549579129 0.22314084898848646 0.7824722085748648 380.8408026608788 -0.24605016432421212 0.9648548716617008 -0.09234185994554293 -16.676320376176143 -0.7755807135259816 -0.13883376734275293 0.6158186973580009 110.77643273027232
0.5811692332120985 0.21851238705606774 0.7839134751808611 381.65373331288896 -0.24282965542559085 0.9659633438116677 -0.08922929381737006 -16.775739124687036 -0.7767325886902987 -0.13848929196684903 0.6144433228648953 111.40274255127304
0.5811535520056195 0.21352470765408615 0.7852983242551579 382.4782984315946 -0.23931949922495185 0.9671446790815823 -0.08585997543011487 -16.873270235535585 -0.7778332523172313 -0.13802776747189985 0.6131536322549961 112.03529124634922
0.5809065554957861 0.21100445031647053 0.7861619742438439 383.3037337330683 -0.23820467651242094 0.967610244788722 -0.08368933660536451 -16.96843879704781 -0.7783600293129693 -0.13864004432751584 0.6123468307459322 112.66989423549629
0.5806811364649856 0.21055148331127527 0.7864497724670488 384.1462851801602 -0.23730230675657304 0.9678145739728994 -0.08389071993021555 -17.068226843564585 -0.7788038065016241 -0.13790081555189868 0.611949326026237 113.31732123363531
0.5804407178260076 0.21290838145773067 0.7859925902999088 384.9813566182246 -0.23682503625394638 0.9676373139343524 -0.0872189490503124 -17.174092197108852 -0.7791284127503254 -0.13550587581470677 0.6120714076120898 113.9601210275804
0.5804243939488147 0.21472151727498162 0.7855110963252497 385.81340329585635 -0.23532368618632776 0.9676895268438013 -0.0906339337467251 -17.28277573526519 -0.7795952388818389 -0.13223168569217436 0.6121931047405316 114.59998255948038
0.5802612609278702 0.21452402545982827 0.7856855773557727 386.6586814995261 -0.23468780200328215 0.9678167233445155 -0.09092365388395734 -17.387532140876896 -0.7799083323684117 -0.13161976494384608 0.61192613312119 115.25224456601246
0.5800569817426646 0.21166160756546026 0.786612230796674 387.5046990808641 -0.23269742664751694 0.9684759901054472 -0.08900097385381316 -17.488851410400695 -0.7806565777558485 -0.13140522523483675 0.611017484498185 115.90158654333185
0.5797294122645507 0.21136976220379988 0.7869320323444675 388.3538990687231 -0.23220455908720078 0.9685854805091322 -0.08909483481277534 -17.592997208603407 -0.7810464304998829 -0.13106655235902107 0.6105917125144821 116.5536102394284
0.579302226662932 0.21296859332754586 0.7868155473049597 389.20279363189997 -0.23194147265630227 0.9684379855906782 -0.09135610271638961 -17.70382364683822 -0.7814413441192997 -0.1295605534353103 0.6104077457819945 117.2046225203713
0.5789944090192327 0.21408276960370848 0.7867397341048332 390.05770954749556 -0.2310997520883914 0.9684396519203908 -0.09344694257247117 -17.817756199453797 -0.7819186070874407 -0.12769841031100979 0.6101888964114724 117.859437615441
0.5787327842836416 0.21355596333285742 0.7870753831189088 390.8846617296909 -0.23005339905999206 0.9686672493730801 -0.09366677891252884 -17.92431692645736 -0.7824208258003785 -0.12684949930445538 0.6097219704269701 118.49335159760568
0.578687617645912 0.21271213325032176 0.7873370349492714 391.7350002515798 -0.22978832293161522 0.9688094612150142 -0.09284407537520882 -18.03087381526474 -0.7825321734182318 -0.1271812603295254 0.6095099246949197 119.14751294028217
0.5787355006711804 0.211104926084169 0.787734901445247 392.5714208309315 -0.22729218864698392 0.9694030473091714 -0.09279980980999467 -18.13620254144705 -0.7832265383496282 -0.12532710126276214 0.6090029158793205 119.78702327927472
0.5790453712475341 0.20881401014636183 0.7881176894734175 393.41966011749753 -0.22361796096777029 0.970259675929053 -0.09277398300478937 -18.243565913696653 -0.7840548339308367 -0.12250445470281328 0.6085112305100164 120.43259656958134
0.5795444210804961 0.20624265229057617 0.788427624201606 394.27031868766744 -0.21957028951765514 0.971194455506583 -0.09265135019312738 -18.350489423109767 -0.7848289678949789 -0.11940803218586986 0.6081280237180425 121.07804441104305
0.5803348597527759 0.2023505227756457 0.7888546902226747 395.1208558853279 -0.21483407731259865 0.9723737565682551 -0.09137609905590502 -18.45565144504511 -0.7855549595239507 -0.11643253548712484 0.6077672783796582 121.72172680418053
0.5813203925798075 0.19957060159311835 0.7888374765219688 395.98465488496157 -0.2090075214338272 0.973558430779116 -0.09227654442524201 -18.56425399388453 -0.7863979279901147 -0.11121887370539113 0.6076539319311426 122.37160144741975
0.5815965278579592 0.19743679712648488 0.7891710427728077 396.79991639962105 -0.207045924779274 0.9740873303553804 -0.09111010916442358 -18.66337493236544 -0.7867130209414839 -0.11039333873333189 0.6073968793060587 122.99433197174966
0.5820509825191748 0.19572153272582402 0.7892631534657099 397.61950965163425 -0.20396000721564989 0.9747202310354246 -0.09129601388977661 -18.76568676933837 -0.7871826689820434 -0.10782748533280666 0.6072491170529968 123.61694332930475
0.5824271500081499 0.1943488140965298 0.7893248224286068 398.4460705164665 -0.20304456969092463 0.9750094111814464 -0.09024316887581774 -18.866128813675115 -0.7871411059025003 -0.10769617606252382 0.6073261902541999 124.24896295040006
0.5828461381997574 0.19432044295906511 0.7890227696980701 399.25771042328097 -0.20209616359347804 0.9751481629871028 -0.09086924378341134 -18.9685488116065 -0.7870750399953487 -0.10648356249774017 0.6076257212522288 124.86867874658081
0.5833977152278701 0.1939774988500225 0.7886995147003447 400.05186158429785 -0.20094379211782432 0.9753512143248204 -0.09124329694106668 -19.066238161618408 -0.7869614093150422 -0.10524104300252872 0.6079893385517681 125.47719219347302
0.5839017310527822 0.19345284380725156 0.7884555401411734 400.84257725558047 -0.19967310196299506 0.9755890555373616 -0.0914933793406022 -19.164144667084518 -0.786911234113451 -0.1039982318088082 0.608268294414743 126.08368482050912
0.5847462773412434 0.1926206015055186 0.788033470087391 401.61796887355393 -0.19981873022277954 0.9756787817788948 -0.0902121658649244 -19.257222625499242 -0.7862473817739001 -0.10470050462197932 0.609006076711485 126.68190695207713
0.5851604698256716 0.19086761734852428 0.7881526137983533 402.38590086587453 -0.20052909807434807 0.9757868876284723 -0.08742215154364616 -19.345569552050367 -0.7857581228683412 -0.10687967591030278 0.6092588816289347 127.27570390218308
0.5850635050673357 0.18938571989517305 0.7885822214231933 403.14784760184295 -0.202347266859735 0.9756954095350475 -0.0841947909796249 -19.42899459439753 -0.7853646669596573 -0.11029618554368396 0.6091581573066719 127.86388587589889
0.5840165265502075 0.1892900605643021 0.7893808744426817 403.90254015579046 -0.20615294193627134 0.9751431247079226 -0.08131160710791714 -19.509135276378963 -0.7851541019645484 -0.11523374969627442 0.6085149836895681 128.44533979428124
0.5831880260727368 0.1904498899058346 0.7897143174223773 404.64443066560625 -0.20919446622569013 0.9745595601541893 -0.0805386060413067 -19.589817520012136 -0.7849653306616794 -0.11822269731022562 0.6081849524096677 129.0156114861009
0.5826368277977455 0.19218828592711562 0.7896996558464942 405.39265674056855 -0.21212915599901033 0.9739271530607924 -0.08051203619744442 -19.671348600014188 -0.7845868335514284 -0.1205970284582349 0.6082069211347733 129.59192846184362
0.581813822625326 0.19525362938961524 0.7895540358811657 406.1116605991692 -0.21585431706002062 0.9730209491973475 -0.08155949018083926 -19.752066327754605 -0.7841810435411871 -0.12296411443493384 0.6082557507539902 130.14764188483602
0.5813558195908719 0.1972250611555996 0.7894014000840194 406.80358813490363 -0.21729792250771274 0.9725814031860934 -0.08295734278062995 -19.834118196783702 -0.7841221248229677 -0.12329544118930089 0.6082644615237335 130.6780802629695
0.5811883729717402 0.1995200592804989 0.7889486304628188 407.45996519633115 -0.21778741576645677 0.9722572503821504 -0.08543775412532062 -19.915877656600355 -0.7841109284224791 -0.12215542048572615 0.6085092222364443 131.1809949837109
0.5811725339257005 0.20112654720464854 0.7885522407284216 408.09231079385387 -0.2172636207331448 0.9721614111665224 -0.08782725356317996 -19.997155448688957 -0.7842678473702531 -0.12026866708953102 0.6086828103855421 131.66356882138234
0.5811043481227961 0.20083846411283635 0.78867575906469 408.7428714484639 -0.21583788595694947 0.9724093164189878 -0.08859051997363289 -20.078594644336132 -0.784711591357484 -0.11873376754727344 0.6084119586988581 132.16057062509688
0.5810641147764596 0.20157582569163046 0.7885170060288414 409.3689607831359 -0.21604711275615612 0.9722935266408549 -0.0893446451635624 -20.157912923631887 -0.7846836856878138 -0.11842986464374795 0.6085069463715845 132.64275989106534
0.5807338213848247 0.2018020454716829 0.7887026119637097 410.00887802419044 -0.21532233288390817 0.972371255805614 -0.09024686368403052 -20.240185904878082 -0.7851276727913924 -0.11740374927213217 0.6081331625974163 133.13004742327934
0.5786191551747399 0.20159999067577694 0.7903068592349949 410.6315644922305 -0.21471745050044794 0.9724484696336455 -0.09085392530972276 -20.320622919975694 -0.786852942323954 -0.11711054394642277 0.6059560995054993 133.59973292312057
0.5740587620091295 0.20220410237879285 0.7934715823683578 411.2519922776724 -0.21534009545373137 0.9722068727295944 -0.09195442759119393 -20.39693426895727 -0.7900163633636508 -0.1180670287371442 0.6016386461186214 134.06340174481338
0.569048963393838 0.2014419189621363 0.7972651037206662 411.8644757823952 -0.21367856290425385 0.9724561230922772 -0.0931894031567191 -20.477510953430652 -0.794081695438872 -0.11731692625554987 0.5964109038148313 134.50690030366692
0.56372594491346 0.20292701046441794 0.8006627646943533 412.4760928248572 -0.2138004543301262 0.9721696478195359 -0.09585985492075844 -20.563836216628275 -0.7978368973152729 -0.1171309770705607 0.5914150075789653 134.94834595347484
0.5567809811209482 0.20870665677233846 0.8040295128249692 413.08545563862975 -0.21361263005818373 0.9713511139008076 -0.10421116026275842 -20.660880158077745 -0.8027489336419001 -0.11371575291487229 0.5854039996419029 135.38100683695131
0.5488826804911108 0.2156003418069125 0.8076336235450425 413.7087695052985 -0.2147283332040788 0.9701171853702345 -0.11303850332465558 -20.763425059881286 -0.8078749033783598 -0.11136471190493094 0.5787674500786757 135.81955242960004
0.5411507993849203 0.2182740331092268 0.8121209020093466 414.32830437214966 -0.21271872162489672 0.9698567246901268 -0.11892137356999731 -20.86833409888714 -0.8136026954108678 -0.10838664263658047 0.5712609548735846 136.23854381738937
0.5321972135813419 0.2172714579205078 0.8182834072260662 414.9875007220079 -0.20986767433520515 0.97020668956167 -0.12111258391244904 -20.976864168262768 -0.8202225488867969 -0.10726318081330315 0.5619307486550827 136.6685371108423
0.5235248934264773 0.21337887584039544 0.824875695392677 415.6917353583428 -0.20840875858965088 0.9708006044080933 -0.11885204806603666 -21.084858575103063 -0.8261546201094433 -0.10967656823159984 0.5526997244072688 137.11486982585984
0.516283097981393 0.20868682099910021 0.8306205895855475 416.40578005562577 -0.2046042469294766 0.9718359326718738 -0.1169881203606905 -21.195469248213797 -0.8316454114174262 -0.10953626687976949 0.5444320390168158 137.55610792750824
0.508696968425376 0.2047409223571771 0.8362642227042771 417.11866797729954 -0.20088390962025443 0.9727360414437377 -0.11595224911611916 -21.305130008142655 -0.837208956320232 -0.10899371705122105 0.5359484455723037 137.98687137080435
0.5013044536712336 0.20262205747507273 0.8412297816876991 417.828994168197 -0.1966048696699325 0.9734478465134063 -0.11730442728307858 -21.417098754851963 -0.8426658134591796 -0.10657107620492055 0.527821689246165 138.40799821437741
0.4940211290503765 0.20256160043439603 0.8455423263200507 418.5228468940716 -0.19166025930007838 0.9739399041769845 -0.12133667138127474 -21.532805962781705 -0.8480893739308296 -0.10210015504859093 0.5199610956298397 138.81409171500906
0.4874953114478694 0.20497900520450243 0.848741686826107 419.2157333027409 -0.18642605121666295 0.9740811709793482 -0.1281677474000803 -21.65563759236703 -0.853019068059016 -0.0957326819129012 0.513064322908876 139.213398150481
0.48181739568485266 0.20728637132879316 0.8514193999311211 419.8913262889949 -0.18093385378998936 0.9742230255794557 -0.1347904068160348 -21.778805237421466 -0.8574164660452108 -0.08909264870561154 0.5068934740136599 139.5968297229639
0.47875451094442356 0.2061608152327717 0.8534181509028151 420.55556491457446 -0.17467843178092168 0.9749809268830634 -0.13753177832182886 -21.897062443591285 -0.8604240505268417 -0.08321637771049346 0.5027791907769094 139.9689265567309
0.47690670180091127 0.19971373656263625 0.8559818120830875 421.2624051726111 -0.16867878941767342 0.9765465021328692 -0.13386207508570422 -22.015425741504043 -0.862644133407071 -0.08053335583272479 0.49939988153981635 140.3599512231073
0.4764159776493029 0.18860492143663146 0.8587704019074028 422.0397429694528 -0.16449347276865947 0.9786030658781025 -0.12366484606503297 -22.120620203387016 -0.8637229349830562 -0.08233333615304893 0.49723711505540674 140.7913390013154
0.47511911999454 0.17854264957986807 0.8616352344093192 422.8308507609224 -0.16501344927222644 0.9799125663018197 -0.11205756297526444 -22.215098200816307 -0.8643381358683938 -0.08892760964119491 0.4950279286829699 141.2358508797171
0.47290200316581016 0.16924378728565137 0.8647256251976542 423.61271222131666 -0.1646685027734984 0.9810726442495988 -0.1019584339216339 -22.30454273828129 -0.8656187235432197 -0.09416332900527954 0.49181139806446894 141.66712073211932
0.4684001362936143 0.16622170011671794 0.8677568600757889 424.391011266766 -0.16110599233848472 0.9817537785555515 -0.10109287252763079 -22.40306862302125 -0.8687316198509013 -0.09243513728615596 0.48662375441434147 142.08984309059218
0.4638900903157137 0.16728653702776689 0.8699729185084805 425.12971936334156 -0.16048858284750786 0.981638182672198 -0.10317860455269968 -22.503832711554114 -0.8712632239077897 -0.09174367381980335 0.4822099122903008 142.49080106736935
0.4588622279569011 0.16702895814329186 0.8726845235958273 425.88609906892924 -0.1571528941672966 0.981951664425617 -0.10530685133243971 -22.608722277359504 -0.8745274275011087 -0.08881010482130369 0.4768197385219258 142.89148241889453
0.4556604831845497 0.16098464787896005 0.8754934146006391 426.6925434965572 -0.1518955808157059 0.9831560376714998 -0.10172234262586015 -22.71165594732446 -0.8771260467183977 -0.08661963416794458 0.4724283419927586 143.30722869918074
0.45135333766549945 0.1549632856748705 0.8788045325493508 427.4971079416735 -0.1473191421710003 0.9842406279986622 -0.09788917102137015 -22.809132014476166 -0.8801279355947592 -0.08526929152783723 0.4670596693379924 143.7166609682474
0.4471627242317003 0.14917290430419358 0.881943492872093 428.2969225903164 -0.14224599102680208 0.9853147167823864 -0.09453274535930463 -22.905508661141802 -0.8830967315921817 -0.08316852595292855 0.46180549553119393 144.11337619566157
0.4427013773839006 0.14673629367198135 0.8845991507359094 429.0641510723313 -0.13810728795753963 0.9859143391747435 -0.09442289289641445 -22.999153678549728 -0.8859968721503692 -0.08035495059535076 0.4567211950785254 144.49226496197156
0.437556742484028 0.14664920741873622 0.8871698988411431 429.81710957832286 -0.13431583239844874 0.9862107224894753 -0.09677226579088034 -23.09658895641557 -0.8891303856541632 -0.07680381498396092 0.45121036830518224 144.860277051432
0.4320133149898762 0.14636523089302828 0.8899291623351131 430.55710839894596 -0.13170512303962637 0.9864122971507893 -0.09829445264397266 -23.193241065050433 -0.8922263549149162 -0.07473004193645766 0.4454100133297621 145.21612066970803
0.42616023551721605 0.14598781133047348 0.89280832436627 431.3149733892147 -0.13003595409085134 0.9865387459206948 -0.0992413930054709 -23.291836559995783 -0.8952807229527171 -0.07379071132321122 0.4393969595117448 145.57371634799583
0.41916060003603595 0.14598475920493162 0.8961164661117212 432.07060982486615 -0.1289368204892121 0.986565364097541 -0.10040571303608031 -23.39098107904349 -0.8987377483724508 -0.07344255008733903 0.43234166221015946 145.92115966776936
0.4113487266021508 0.14518267028120505 0.8998587646468333 432.8296550565913 -0.1252650517842358 0.986878939413138 -0.10195721341177719 -23.49261850856394 -0.9028567113986931 -0.0707673229230338 0.42412734368492294 146.25749689075158
0.40317715177928193 0.14457096188564916 0.9036477859950911 433.584223260557 -0.12088599515361668 0.9872116519752219 -0.10400161572831207 -23.59619472127269 -0.9071294318106604 -0.06729369441144194 0.4154874947076116 146.58059650435985
0.39451505385337204 0.14353527371428865 0.9076270679461114 434.34891361390595 -0.11700305831662339 0.9875400380866204 -0.10531265766633821 -23.694615004811887 -0.9114365491689657 -0.06463429021536835 0.40638326929943824 146.89923637503168
0.38655300576140655 0.14221319425618711 0.9112539199133598 435.12545176752843 -0.11349687748579058 0.9878735089698203 -0.10602228734426472 -23.796517283491575 -0.9152836617722635 -0.06242753297750078 0.39799585712337654 147.21486887474637
0.37894655270078464 0.14340665018720952 0.914256901868641 435.8737715157099 -0.10785160800587626 0.9880406572096797 -0.11027391834076448 -23.902768251905126 -0.9191390149653372 -0.05680237873019655 0.3898707647254266 147.50847323406532
0.3705638382552915 0.14776903215287124 0.9169942979247793 436.59929316567207 -0.10364811913002518 0.9876846865060236 -0.11727199459707598 -24.01463093544386 -0.9230319016712176 -0.05157407741786905 0.3813056774147511 147.78800515950599
0.3612029956451047 0.15672230737273993 0.9192403569009869 437.35023515169115 -0.10372210823273886 0.9864199614114373 -0.12741607905246707 -24.140871493115736 -0.9267272417146751 -0.04930895169505272 0.37254247592633266 148.07612853435472
0.3506598965172103 0.16510157063465813 0.9218521813996998 438.1078921534029 -0.1044285348271413 0.9851012823454508 -0.13670270580379143 -24.271661194931315 -0.9306885731412053 -0.04831800617610025 0.3626658553390955 148.35754043841317
0.3386827662459068 0.1704506042820517 0.9253502235964514 438.8658498391371 -0.0998848429515047 0.9844198985173398 -0.144769541223668 -24.411770927175386 -0.9356097483331833 -0.0433841532743832 0.3504203988928691 148.6157045770379
0.3238649312789235 0.17299035164512433 0.9301712887803142 439.62567883317934 -0.09302027086190158 0.9842102896706882 -0.15064925604710644 -24.55348661300765 -0.9415454915785221 -0.03772154346436861 0.33483179577942984 148.8550099362017
0.3082532875139581 0.17620990188219454 0.9348599684740401 440.3557716611146 -0.08598953555365396 0.9838433602358033 -0.1570858051307281 -24.695475873134804 -0.9474361587678076 -0.03195292874727886 0.31841430655387215 149.06715270073747
0.291912274411412 0.18138302915072152 0.9391064325909952 441.093234751588 -0.07889451943203167 0.9830832632282928 -0.1653498444518481 -24.84709290857208 -0.9532112677840209 -0.025809569104871564 0.301273222371925 149.26662349379487
0.2772484864325691 0.18718363575928332 0.9424061054587829 441.79429177861743 -0.07163154107118028 0.9821460193621424 -0.17400012633712458 -24.998745664519245 -0.9581499660401309 -0.019251920007082684 0.2856958829616395 149.440718533541
0.26258588809092187 0.19103113563278418 0.9458271916866622 442.49979314762743 -0.06276879237309199 0.981521908488904 -0.18081128759589268 -25.15314505585651 -0.9628902784497361 -0.01187725260196134 0.26971368677057816 149.6024229721691
0.24782467073504755 0.1915392740997437 0.9496995272646921 443.1980731601778 -0.05624766302611173 0.981462411523197 -0.1832645387194477 -25.300781345371284 -0.9671962925628863 -0.007988159818258261 0.2539935544153872 149.75644039644504
0.23387737792827754 0.18927739522636672 0.9536819423673508 443.93372068589355 -0.05094013729922236 0.9819158850371786 -0.18238558175356276 -25.45040940813975 -0.9709564650052375 -0.005912100771011835 0.23927905622632661 149.90876040591135
0.2235867938906907 0.18515155244531897 0.956954208376842 444.71399929890293 -0.047612141809158424 0.9827043940399108 -0.1790064709799965 -25.603468047625743 -0.9735458628438648 -0.005526364054401284 0.2285245599748948 150.06672087588308
0.2152956846404404 0.17925910382307225 0.9599729684823507 445.5016040463611 -0.04236318854127027 0.9838074576025793 -0.17420551290455136 -25.751970874909006 -0.9756554374052618 -0.0031488765602128007 0.2193930565389699 150.21790564484087
0.20911307721259667 0.17611592455454916 0.9619194271620823 446.28539799624536 -0.04148826848748472 0.9843714225233667 -0.17120402209426805 -25.893610793360214 -0.9770369204860997 -0.004094398874589077 0.21314128950847197 150.37456930474931
0.20289352210366016 0.17534245189940148 0.9633915301468151 447.0607625560457 -0.04168461261573563 0.984502061613649 -0.17040220980325113 -26.03632266845441 -0.9783391577276674 -0.00557209050805603 0.2070479015893157 150.5317968509458
0.19676703433726597 0.1739461132827182 0.9649138788097245 447.85939388687626 -0.04254794158811677 0.9847344184574218 -0.16883940900780126 -26.181466896707025 -0.9795524940173291 -0.007820384386541205 0.20115385959058715 150.69065696455127
0.19102616932076374 0.17064568053244605 0.9666551888090852 448.71103301640034 -0.04204008001165315 0.9853015234207975 -0.16562648290515297 -26.33302199893167 -0.980710006714788 -0.008986506996763382 0.19538192542900615 150.8501353649658
0.1842950589516574 0.16934745014106467 0.9681894473102781 449.5431517029971 -0.046821655889192765 0.9854494380972622 -0.16345088905235283 -26.478403303888587 -0.9817811634839577 -0.015196250366204084 0.1895325967020693 151.0106339280067
0.17521805615193997 0.18083502296634268 0.9677972879581878 450.41726977078855 -0.056616247573044884 0.9832211711143817 -0.17346393961361573 -26.6437789956127 -0.9829267716373566 -0.024386377718060636 0.18250618024969115 151.18337989442293
0.1705032246357042 0.19778510857791248 0.9653203783739542 451.2828989070746 -0.058324777650441494 0.9799660623313028 -0.19048137850376753 -26.837873516611054 -0.9836554921343024 -0.023811971738355316 0.17861316105436637 151.34254848147881
0.16825868550073725 0.2109997294642597 0.9629132852093584 452.09390960787414 -0.05590646900183107 0.9773031042735307 -0.20438111556941854 -27.036394890512966 -0.9841824515162956 -0.019431971491147157 0.17622588513621718 151.48176145990158
0.16253431804827984 0.21165618930288957 0.9637522516233125 452.91257497005637 -0.06045172242295702 0.9770338371733708 -0.20437530284217117 -27.214152643707838 -0.9848757483612063 -0.02503027794821085 0.171586387467285 151.6316519848393
0.1608692039858683 0.2032239085880205 0.9658442102545931 453.77469742243545 -0.06990398426453553 0.9784706586831843 -0.19423475187970565 -27.383484187838835 -0.9845236199846665 -0.03625757941717068 0.17160189616468416 151.79686223500045
0.16145506471278975 0.20026553633174424 0.9663644988491199 454.65253132669443 -0.07153823831096545 0.9790029337265364 -0.19092942666256188 -27.55861317201635 -0.9843104228161197 -0.03829299110253965 0.17238189142831253 151.95712474818782
0.16432100939109734 0.21500708364276777 0.9627066074804003 455.5311945711907 -0.07425748984577193 0.9758924504604771 -0.20527365027748345 -27.774481446638173 -0.9836345614357714 -0.03774514735125466 0.17631617766177352 152.12240850742143
0.16662805096520847 0.23499976336893624 0.9576243522666802 456.28556945418075 -0.07479122651170964 0.9714087927461531 -0.22536527407328732 -27.989387656353237 -0.9832063336787503 -0.034057554592346474 0.17942998459577536 152.2669098100167
0.17162674299413452 0.2503268438169494 0.9528458203288253 457.02950060847263 -0.07638999962935283 0.9676590426718396 -0.240455793884263 -28.206504952670727 -0.9822234772643372 -0.031507187676342176 0.18518813964606926 152.42037074746904
0.17531773228594055 0.24933243239174074 0.9524344195253314 457.7831476319516 -0.07944018449159282 0.9678386396761237 -0.23873870667099883 -28.395662596036352 -0.9813294117236672 -0.03379450482795935 0.1894757926679674 152.5808840206971
0.1779449174148746 0.23885544970904593 0.9546302680287234 458.6019931128601 -0.08348081836085702 0.9702720644512292 -0.22720473473695835 -28.582825974663674 -0.9805210476000896 -0.03925140584065469 0.19258421790786553 152.759308875011
0.18010157474116745 0.23326944498732002 0.9556069188698973 459.3714315435452 -0.08410540798532698 0.9715789593252538 -0.2213133956479846 -28.755392951146327 -0.9800740028777475 -0.040500865638544235 0.1945914902174276 152.9217763506709
0.18296107735882938 0.2368832990141719 0.9541736046128018 460.17236901688375 -0.07956974055179994 0.9709325055994664 -0.22578267053242818 -28.95175128480761 -0.9799230069934182 -0.034601938107457625 0.19648080733346301 153.08229241983219
0.18622302424518586 0.24550614527050815 0.9513587779519617 460.9211167827099 -0.07553875690591978 0.9690004877666782 -0.2352690161947577 -29.154494494339144 -0.9796277518771216 -0.028040092004288416 0.19898434255855182 153.2351044971363
0.18882763530544086 0.2510917694610096 0.9493852186589409 461.6609221072875 -0.07215141641056486 0.9677039474310485 -0.24158257355827917 -29.35481478255396 -0.979384000409515 -0.022870326797536325 0.20083506496889716 153.38627119174296
0.1902229839920576 0.2525272325139497 0.9487258212979363 462.3897957969368 -0.07034533181287535 0.9673853361157476 -0.24338597928203473 -29.54757069751453 -0.9792454578783307 -0.020429201176176606 0.20177206029731246 153.54067687027262
0.19126010564368057 0.2562420713974778 0.9475203302614237 463.10297244552976 -0.06685536093927281 0.9664927169198965 -0.24787440208523873 -29.744049135883976 -0.9792878470722538 -0.01592683561783009 0.2019715478910928 153.68448610569178
0.19046316357159457 0.2622379029181272 0.9460385738425867 463.7751148330605 -0.06806040556679162 0.9648809898819836 -0.2537545115233349 -29.93797887790558 -0.9793594104624705 -0.016045419675625627 0.2016117946085266 153.82355262785117
0.18960684554038817 0.26765625913425145 0.9446921586756476 464.44288882480157 -0.06991474500011029 0.963376589698153 -0.25891365242775066 -30.13211908887422 -0.9793949038664468 -0.016944571248403584 0.20136533962552755 153.9633612104685
0.18737652583283534 0.2721067440731289 0.9438645642555427 465.1203114569347 -0.07430815887713398 0.9620503490614014 -0.26259347188998255 -30.3273587799261 -0.9795004388353203 -0.020921367115788677 0.20047517489484723 154.11084024045937
0.17981258695169772 0.2747042452642155 0.9445833964715354 465.7858233910063 -0.07635399123130727 0.9612282920474972 -0.2650056632023073 -30.520922618933884 -0.9807601923597596 -0.024459869365010573 0.1938052162673118 154.2449400828196
0.16734352934070684 0.2764735923404063 0.9463567113831431 466.4435856328961 -0.07543359975318302 0.960662854222675 -0.2673096433579499 -30.715175133278073 -0.9830356417379212 -0.026643254470475903 0.1816055817851192 154.35804444257982
0.15189855460047574 0.2780680077633929 0.9484921856578109 467.0949804255089 -0.07229186138642675 0.9601766502464636 -0.26991166635991604 -30.912748417685876 -0.9857754880323357 -0.027557572576963563 0.1659409971606016 154.45045884263618
0.13647199982035046 0.2785431678693207 0.9506952335906665 467.7420252611567 -0.06527031227389976 0.9601107623351188 -0.27192789647877896 -31.110076082541468 -0.9885180072745339 -0.024930081147981096 0.14919841224831348 154.52261485330703
0.12135875406460235 0.2777070715542788 0.9529863919195075 468.3881239192268 -0.057625685795758205 0.9604285571198199 -0.2725327035694457 -31.30243293290204 -0.9909611996457013 -0.021830649183255862 0.13254914641858428 154.5834623573908
0.10629325676732268 0.2780150348650242 0.95469437559638 469.0209365305749 -0.05077413814519751 0.9603930772092976 -0.2740165539882387 -31.494936701360835 -0.9930637964720384 -0.0193360933958659 0.1161889527072782 154.63388289060296
0.09137938877535118 0.2788546662521592 0.9559925672487278 469.6353581037495 -0.043550845735294455 0.9602039470318193 -0.27591525317956467 -31.683753820465604 -0.9948890618947395 -0.01640996789166444 0.09987654384557529 154.67088267144823
0.07630584763281616 0.27917953142732804 0.9572187778731027 470.23323221242464 -0.03830290925442011 0.9601241036162542 -0.27696855456298897 -31.86205783071114 -0.9963734795402933 -0.0155186144840829 0.08394554449693031 154.69645197523087
0.06042372470336953 0.27928225448153093 0.9583226991849507 470.8104899223546 -0.034913564713144565 0.9600752267973879 -0.2775865966197096 -32.03380998695032 -0.9975870787803963 -0.01667464023639973 0.06775103844776881 154.7112026419405
0.04358100368124744 0.27877501929903964 0.9593838592077398 471.3897256623692 -0.03172524066426853 0.960192771715767 -0.2775637501617456 -32.205723679570376 -0.9985709739730965 -0.018329611471009675 0.0506791236965788 154.71510841203488
0.027516372559447666 0.27926887899457564 0.959835467787709 471.9369237049838 -0.025221084853878806 0.9600821898121249 -0.2786122847170402 -32.373408950497236 -0.9993278751738915 -0.016531223212338932 0.03345014781262147 154.70420246666458
0.013753277738040644 0.2840028011728229 0.9587418992926872 472.4438862369152 -0.017596577029465592 0.9587477977306147 -0.28374672524504485 -32.53760344139104 -0.999775126008947 -0.012957714373496729 0.018172071806396344 154.68697332973767
0.0020132497852447494 0.2912703710065833 0.9566559048625703 472.91535855890976 -0.009745791201465284 0.9566131638676978 -0.2912314113211554 -32.70120958930769 -0.9999752880047393 -0.008726854019226057 0.004753192499856647 154.65931223059758
-0.008048018753147552 0.2990262385347596 0.9542285021608227 473.34621463589343 -0.003028655142343776 0.9542428864865596 -0.2990508194577814 -32.85477204966965 -0.9999880628139992 -0.0052868166453660615 -0.006785468467572257 154.6310765319687
-0.01833683420575652 0.30606300640210315 0.9518519802765887 473.74175152409816 0.0005466878156050602 0.9520100257323516 -0.3060979825075725 -32.994161644886034 -0.9998559917792436 -0.005082243962070429 -0.017635514064760712 154.60773803605287
-0.028719672846431198 0.3127481866113887 0.9494191688022631 474.1087666352077 0.0014724830731638993 0.9498182150362071 -0.3128297647708418 -33.12230539872489 -0.9996103661545067 -0.007576375694111075 -0.027750361226347026 154.5888345871634
-0.036822422427832006 0.31665505008044426 0.9478429950369278 474.4380941936948 0.005714360292254816 0.9485322620531518 -0.3166582304153859 -33.238263513779096 -0.9993292161114938 -0.006233876824934612 -0.036748136377440226 154.56232767965622
-0.042879177808791205 0.31817209180288275 0.9470799382421808 474.76794118630374 0.012000988070780302 0.9480422650474262 -0.3179470577090553 -33.3527378319397 -0.9990317849240109 -0.002257532301008383 -0.04448099467889457 154.5340404360411
-0.046601965012153974 0.31861827995188774 0.9467540315759582 475.1068577978641 0.019641004263184575 0.9478874835803403 -0.31802814191752493 -33.469283114909395 -0.9987439316723716 0.003784456055955502 -0.05044282775988429 154.5018931658308
-0.05020401836849288 0.3174983511683946 0.9469463226420818 475.4451613672206 0.02639323965695596 0.9482271738489821 -0.3165236212140476 -33.58255896477786 -0.9984135818143185 0.009112442224109554 -0.05599596709988718 154.47094323005547
-0.05492604282765534 0.31690053833806836 0.9468844546982879 475.72556054116063 0.02719798058569057 0.9484334561950106 -0.3158364928265438 -33.67488364722641 -0.9981433527060696 0.008415955094207719 -0.060724110056252736 154.45298607494348
-0.06023730675857311 0.31636652283305305 0.9467404526184069 475.9907819371368 0.022004981468024515 0.9486474162244545 -0.31559886834921425 -33.75815792863698 -0.9979651441644835 0.0018323164149788877 -0.0641168924588302 154.44098280170536
-0.06387844470951225 0.3154024456817482 0.9468238169995769 476.2357582358778 0.01587335227937029 0.9489565068776542 -0.31503732095975695 -33.83191963522217 -0.9978554756631335 -0.005084531911256448 -0.06563550768420137 154.43161700509643
-0.06587597517607775 0.31517625411805805 0.9467620592690572 476.4744106417702 0.014911191933366427 0.9490221434263758 -0.31488621823308127 -33.907575236527144 -0.997740515048666 -0.006615830036348757 -0.0672283609669927 154.41583033997503
-0.06631583806902272 0.3163762896098517 0.9463309601818182 476.6636267140542 0.016320594105445025 0.9486297049335696 -0.31599622492156954 -33.97137078396672 -0.9976893108523681 -0.005500715284415049 -0.06808352713258103 154.3990890435614
-0.0660849557745772 0.3187433580292107 0.9455524843065047 476.8447203467427 0.020386403516156202 0.9478513605644272 -0.3180886622552285 -34.03275573934438 -0.9976297282896445 -0.0017344463850318102 -0.06914765349129841 154.38406775291
-0.06550589484640405 0.32095344890676697 0.9448449452590838 477.0095134055371 0.024585323523981538 0.9471041088134287 -0.32001156842645706 -34.08828658970379 -0.9975732661186228 0.002276527064557323 -0.06994262461688086 154.37363000179212
-0.06493622485989614 0.32368558583595397 0.943951725044674 477.1518978524147 0.025432630004548328 0.9461716702149495 -0.3226925804251935 -34.138549170169256 -0.9975890676060623 0.0030625611806701664 -0.06968414611396724 154.37003520406515
-0.06489078175563474 0.32599998947830827 0.9431583305287721 477.2970412510021 0.023456741802184364 0.9453811861825641 -0.3251498614248637 -34.19117911744768 -0.9976405748933689 0.0010341162112918062 -0.06900498478588667 154.36885728178441
-0.06297839492994989 0.3258509285914618 0.943339592843983 477.4675540703144 0.024272678429783767 0.94543017743018 -0.324947882527139 -34.25106190061937 -0.9977435150845604 0.0024427224781434363 -0.06746254206029326 154.36256299911574
-0.05842271411918092 0.32145279466746973 0.9451404918678731 477.6472378564688 0.029494072032203365 0.9468937332203714 -0.3202208612591823 -34.30733769335135 -0.9978802971870897 0.009178392125443639 -0.06481228165803596 154.35362950745844
-0.053007857069827795 0.3197680518478887 0.9460310515256884 477.8290628064606 0.032118078029924266 0.9474122050055079 -0.31843020660926485 -34.367845722149426 -0.9981016696452677 0.013515820807040037 -0.06050192297921952 154.35206923227352
-0.0497123633725498 0.3216251761651623 0.9455803569794903 477.9713995928262 0.03321706435923496 0.9467531861151584 -0.32027290086314164 -34.42042115057896 -0.9982353637612021 0.015498465335390805 -0.057760312677786675 154.35459631812617
-0.048635193995668485 0.32356446580672854 0.9449745781870029 478.12334425215096 0.029996151742537096 0.9461340949978654 -0.3224129746350014 -34.476582837610074 -0.9983906300668447 0.01267553295387572 -0.055732807950908715 154.3595878111718
-0.04674503476242678 0.32501263616787246 0.9445730834277006 478.28408572625915 0.026202683632804966 0.9456736982807725 -0.32409007966975406 -34.53504683193362 -0.9985879760410166 0.009611249199737349 -0.052733636555018476 154.36528691512825
-0.043578427904638464 0.32698371146536653 0.9440436005820122 478.4448224692391 0.022786277514656252 0.9450146113579516 -0.3262634488940792 -34.595680282527695 -0.9988148298367748 0.007303683175375718 -0.04864462667578457 154.3696270062117
-0.038067588752579776 0.3273050125010701 0.9441702621659723 478.61605308119454 0.020618302754156766 0.9449053495150085 -0.3267237132772866 -34.660110683341394 -0.9990870211856346 0.007040069598703185 -0.04273027333262618 154.3726073949719
-0.03224864142433075 0.3271516461564241 0.944439997562275 478.80275728365626 0.018539493745180557 0.9449591392570748 -0.32669347599159004 -34.729857545240236 -0.9993324447094358 0.006984365228709455 -0.036550435333846644 154.37657687904397
-0.028432104816299854 0.3251664594999318 0.9452475395169894 479.00581578582944 0.011858234703427013 0.9456676292052307 -0.3249491674107893 -34.797701772946624 -0.999550037021136 0.001980478566660686 -0.030754827565940588 154.39182678237543
-0.023763819604287504 0.32242871211545254 0.9463138984925721 479.23479722605583 0.0021319585388625694 0.9465897300135728 -0.32246413439273913 -34.86855501202871 -0.9997402469769451 -0.005634970705422989 -0.02319361748342172 154.41567669041746
-0.018334065308616667 0.320788738882857 0.9469917356361923 479.4514892714645 -0.004848919242782903 0.947105665466312 -0.32091611228392536 -34.93692893379362 -0.9998453460228264 -0.010465054490708387 -0.015820403443803796 154.43851856400295
-0.009814756469220979 0.3201682345822108 0.9473282797580709 479.7070340116767 -0.005768483031334884 0.9473346018571727 -0.3202249610087777 -35.025356839718945 -0.9999603407194999 -0.008596848622275636 -0.007462602379592084 154.44993841748683
-0.0005932164535769075 0.3196872297655618 0.9475413123976713 479.9856196128667 -0.002611248945839451 0.9475322881775946 -0.31968065410654806 -35.12211492359742 -1.0000214045016371 -0.0026532137629053437 0.00026112398162255347 154.46502311493285
0.009095983514661876 0.3191552133444275 0.9476771889823719 480.2597912763379 -0.0029699225939923486 0.9477152390069743 -0.31913444452270384 -35.21776776189101 -0.9999790853631292 9.880465277681966e-05 0.009556738339026706 154.48639112504605
0.022487447953590048 0.31889837863006326 0.9475403891799687 480.53386540805576 -0.005396064283633808 0.9477994071171028 -0.3188522997670814 -35.31463058160183 -0.9997575684261925 0.0020675755525443686 0.023022982250561305 154.51571608673686
0.03672467443379379 0.31918810395628905 0.9469982591342613 480.8120856434745 -0.00872484379739745 0.9476980123591996 -0.319080894901727 -35.41464935011074 -0.999312786438842 0.0034661555778580733 0.03757700774380212 154.54981369716168
0.05150590049050203 0.3184794104912608 0.9465482411048756 481.1116329822494 -0.01404180286939195 0.9479378170419325 -0.3181783364924885 -35.517824240490526 -0.9985995007547696 0.0031070949722120642 0.05328466652419575 154.5944609829258
0.0689325182920959 0.31841058953720186 0.9454620275765468 481.41766426151275 -0.020784819990454617 0.9479632613881992 -0.31773272428317967 -35.62470319239198 -0.9974303266606017 0.002261228326593593 0.07195189143026581 154.6500182513761
0.08700262100370285 0.31916560028882485 0.9437157290857852 481.7309973818394 -0.028036785639567238 0.9477112785212843 -0.3179272082562754 -35.736026169541894 -0.9958392336868261 0.0012123001682670838 0.09139014895060583 154.7128805126606
0.10485044437757238 0.32133180908522513 0.9411627338978178 482.04101451938374 -0.036244081608524874 0.9469793858644958 -0.31927497659356024 -35.84915053219181 -0.9938533470154091 -0.0006250704841940966 0.11092609416028062 154.7829832492231
0.12117754210970316 0.3248417652180042 0.937991966040029 482.3599628000513 -0.048807711275469554 0.9457566660483536 -0.3212202295171664 -35.96133576087472 -0.9914564063425839 -0.006846225217627594 0.13044774492078656 154.87225694202155
0.13873377173594933 0.3281649440846264 0.9343965073939617 482.6805996667039 -0.05910158222611741 0.9445762151126305 -0.32296010106091155 -36.07770680358657 -0.9885913998399496 -0.01040854864580631 0.1504278557796992 154.96394359526596
0.1597402378163172 0.3291836397954866 0.9306763747258749 483.03072877286013 -0.06869290383798972 0.9441970641115511 -0.3221710082295975 -36.200659494205915 -0.9847938727571829 -0.012457077811157534 0.17342651141781246 155.06958085032628
0.1826638583101756 0.3286969254582577 0.9266226894439632 483.3814071147436 -0.07465059019804153 0.9443888396898824 -0.32027837290035754 -36.32269396948923 -0.9803657054028924 -0.010659524512945594 0.19703050302006905 155.17539156414838
0.20523406864799398 0.32839599968638483 0.9219938374051342 483.7407039075623 -0.0814328525052584 0.9445034920071957 -0.31828170724550814 -36.44758249120895 -0.97534818936049 -0.009748180952280281 0.2205738743910251 155.29469420671748
0.22793525685691698 0.32867067396684796 0.9165474998340907 484.11587119456436 -0.08964219018768561 0.9444049037408283 -0.3163624120289782 -36.5764954433493 -0.9695706711446008 -0.010041064647467849 0.24471294115996917 155.43813480780668
0.25064177275060273 0.3291012229449364 0.9104446172495808 484.481080108574 -0.09790300698270704 0.9442518429100245 -0.3143645771984656 -36.703955787463165 -0.9631465146031731 -0.01033231950898995 0.26887594873224036 155.5861512416296
0.2723917622342214 0.33005799381523354 0.9038263255262339 484.8664029339219 -0.10674970278616445 0.9439060242395557 -0.3125176077675999 -36.83993225163719 -0.9562761851609908 -0.011345867542813038 0.29233314627827034 155.7506880632372
0.2949166225042224 0.33081953763076416 0.8964484537067351 485.2644952774934 -0.11419520393193068 0.943646208181672 -0.31066404880763193 -36.98185263551792 -0.9487045918257201 -0.010740032290680454 0.3160623968512487 155.92532087543788
0.31580710487822156 0.3314138923739863 0.8890824611666842 485.6699117705225 -0.12168144370436951 0.9434373777489986 -0.3084483034102243 -37.12534144096002 -0.9410187298555035 -0.010764632359766414 0.3382584178176398 156.11360540686775
0.334131642635174 0.331417830039215 0.8823570345961257 486.08456378702846 -0.12800055294756055 0.9434361692422732 -0.3058824365324493 -37.27121598241157 -0.933824296074723 -0.010727206864596977 0.35764146771203054 156.31307223950256
0.35051224020486355 0.3317106453203661 0.8758681534825651 486.51841616118526 -0.13442971716888977 0.943325640233277 -0.30345549927327076 -37.42429014737303 -0.9268902626107495 -0.011367804154772015 0.3752269679420798 156.5298964125675
0.36571007140053713 0.3320293150464 0.8695100684828742 486.9596953830278 -0.14036915244598938 0.943206390244219 -0.3011266324516293 -37.580318398763985 -0.920113191403288 -0.011917310366446051 0.39153505127202415 156.75887616989593
0.3798904530064951 0.3329268477630108 0.8630635526646224 487.401460014968 -0.14678104132025543 0.9428750400259792 -0.29910065363447447 -37.73732771560173 -0.9133422970887555 -0.013045867811140553 0.4070449500773953 156.9978261066996
0.39428932825955854 0.3330942308630008 0.8565170135636824 487.8543152481703 -0.15147183611517945 0.9428214862700133 -0.29692413439392085 -37.89816391086817 -0.906448321529644 -0.012654384253476337 0.42218699677585797 157.24807177566836
0.408806227667092 0.3326003963749952 0.8498776876880538 488.30754003586577 -0.15491613404253354 0.9430138029615687 -0.2945274088389901 -38.05644998714584 -0.8994083622390883 -0.011245264905006198 0.43702312811570304 157.50705179985093
0.4244897769127229 0.33233659362531165 0.8422582721372713 488.76669818620076 -0.1573788663764902 0.9431383586639556 -0.2928203579570154 -38.21835329235022 -0.891682772617531 -0.008244539949108873 0.45264293037393744 157.77957058919162
0.43975048668431804 0.33192349349390377 0.8345565350144382 489.234958264351 -0.16000084498143935 0.9433032847702233 -0.2908621132819099 -38.384273360264665 -0.883785657591983 -0.005613080879430632 0.4679136792448625 158.06829567325426
0.45276251143974255 0.3326527456118215 0.8272765861537793 489.71938145800095 -0.16562759209233685 0.9430415130852494 -0.2885523283442386 -38.558063638551936 -0.8761457511772275 -0.0063643790491847724 0.48205786092480635 158.38118578404166
0.46422805049281635 0.33424502165458164 0.8202512554341688 490.2143822814861 -0.1718746583286075 0.9424673941535929 -0.2867702126681107 -38.737326743202495 -0.8689129080948026 -0.007843944036064494 0.49495550005744354 158.70940344288806
0.4746835898779622 0.33533884288342236 0.8137959405961412 490.7174830613535 -0.1779216551268015 0.9420607091162913 -0.28440926596535654 -38.9165144138098 -0.8620197090512106 -0.009777889844102506 0.506832247128127 159.05050722152845
0.4852343297798737 0.3344118789971463 0.8079335796611272 491.216578442462 -0.1821392271400173 0.9423769572335179 -0.2806664474526635 -39.087444830025476 -0.85523768427592 -0.010957407059000342 0.5181707415945574 159.3956351747399
0.49374923918890457 0.33329151054521855 0.8032237104140227 491.75310102025975 -0.18545899242724306 0.9427597631928296 -0.27718490783588023 -39.268514410763366 -0.8496321047744532 -0.012095168584439755 0.52728645863428 159.76799207109852
0.4996380297638402 0.3316182544770276 0.8002691317605868 492.3039379048365 -0.18820063616207028 0.943323124889631 -0.27339401265813473 -39.4514724292679 -0.845576601618036 -0.014003279055699732 0.5337181533049116 160.1533562353074
0.5046197130465779 0.33021525994700773 0.7977194801969579 492.87977243255625 -0.19049346157398256 0.9437899319669878 -0.27017630866262055 -39.64234085623352 -0.8420980030326995 -0.015614199858068924 0.5391464771040315 160.5572295700368
0.5086092306156422 0.329945930859655 0.7952926833783969 493.4705857952078 -0.19256953553605677 0.9438666695510138 -0.2684292238350118 -39.839998326196955 -0.8392196943185445 -0.016613735319588114 0.54358516558145 160.97395361498
0.5117973029782994 0.3296008624091751 0.793388216306687 494.06693803520835 -0.1945585770601284 0.9439641397368375 -0.26664647973790234 -40.038434519680166 -0.8368192081486553 -0.017881707463523914 0.547233351259505 161.39691735066756
0.5137817856395377 0.3296916868016238 0.792067736945052 494.66672781753005 -0.19625425237697003 0.9439112763408364 -0.2655906294039703 -40.238908747854445 -0.8352065533992113 -0.018981036179519538 0.5496553372175635 161.82419564737808
0.5152244211761864 0.33000752069645345 0.7909988494516126 495.2792231305156 -0.19710474974544032 0.9437969156951341 -0.2653671012356111 -40.44671492829039 -0.834117544130732 -0.019175959393733337 0.5513006086915156 162.2593145577545
0.5172790612796496 0.3297254452344657 0.7897742325515712 495.90435050916744 -0.19696816714663912 0.9439097901053092 -0.26506505225580457 -40.658689078618835 -0.832876823076886 -0.018437848761288518 0.5531979887610184 162.70249113156626
0.5197362740321535 0.3300285652381394 0.788032689150732 496.5439501925612 -0.19636643325802244 0.943838343520381 -0.26576668262247377 -40.878263931540744 -0.8314879901435944 -0.0166047095686308 0.555341210644832 163.15674327048313
0.5213005224677373 0.3305344284198982 0.7867863900578292 497.1839878992937 -0.1962906898887738 0.9436789507692719 -0.2663874586936196 -41.09966131243654 -0.8305259578186799 -0.015561078534706355 0.5568089739988091 163.61345548013858
0.5227912492830711 0.33112155889974204 0.7855489636366497 497.83683088971037 -0.19662628148235517 0.9434826026695556 -0.26683328626136243 -41.32677240600485 -0.8295084313738756 -0.014951713616349657 0.5583399095269889 164.0816619976433
0.5243470248060275 0.33170078240353723 0.7842661596496989 498.49975354211927 -0.19585927245965665 0.9433069931036027 -0.26801471034558055 -41.55893168120863 -0.828707129859938 -0.013063467773680518 0.5595754042581677 164.5563363682059
0.526172934097334 0.33097051384331655 0.7833513572302614 499.17735645082104 -0.1933439045648387 0.9436010625616869 -0.26880568763177715 -41.795120668230666 -0.8281405436317207 -0.01000811250380635 0.5604767545023717 165.04090690258326
0.5274207123504935 0.3305247694569956 0.7826999807247129 499.85952799267994 -0.19197468299432113 0.9437738097583865 -0.26917925969162576 -42.03408037240073 -0.8276647414021275 -0.008278403758689816 0.5612069160088935 165.53075056428446
0.528680967723652 0.3301348128113596 0.7820141652654776 500.56377121756714 -0.1912130949193989 0.943919449564122 -0.2692117661952348 -42.281784522090874 -0.8270368556226012 -0.007194722081810879 0.5621468581118534 166.03734312871143
0.5288664867577565 0.33261479109500947 0.7808368496961126 501.2542530480503 -0.19254504851889126 0.9430507671020862 -0.27129818089348856 -42.529340096591504 -0.826609160758504 -0.006856458437551029 0.5627799064407887 166.5375093312071
0.5294236134828172 0.33496107115822443 0.779454896538993 501.95150677231817 -0.19225121308028606 0.9422337578622164 -0.2743284349389197 -42.78389636673074 -0.8263207893356063 -0.0046059180829920235 0.5632260853756922 167.03876199899418
0.5294555920482275 0.33721501467107007 0.7784607017295219 502.64540042147325 -0.19277163815823173 0.9414340429026311 -0.2766987962412456 -43.04063132834947 -0.8261790755107968 -0.003556209685950803 0.5634414629665919 167.53923882919835
0.5294283994576954 0.33704498338021105 0.7785534313460379 503.3644178501413 -0.19438181843829871 0.9414862224560944 -0.2753953517857039 -43.297797540508775 -0.8258195768780562 -0.005525198050901935 0.5639527392001799 168.06515019868542
0.5294022104661149 0.33513534637800424 0.7793955710593191 504.1079145961799 -0.19489816526988205 0.9421545245902718 -0.27273422570084027 -43.56044907089712 -0.8257156963019068 -0.0075065910009561344 0.5640838900446236 168.60402630623537
0.5296340481285061 0.333729899813344 0.7798413227718525 504.85615211938074 -0.1957901307812375 0.9426365445274505 -0.270422305509799 -43.82290689563108 -0.8253566652995838 -0.009449394047542534 0.5645808887715822 169.14815688611554
0.530259872263966 0.3332847780666641 0.7796063012619081 505.6189365346 -0.19375273882767202 0.9428135171254526 -0.27126996328556024 -44.09633044636386 -0.8254354781659836 -0.0071964012956282925 0.5644987502639042 169.69593207922549
0.5309342157375893 0.3332758232533218 0.779150793483043 506.3856788839716 -0.19269592249573067 0.9428261403602077 -0.2719752897416103 -44.37247453809039 -0.8252490351745284 -0.005727573701754028 0.5647877130014383 170.24922646930403
0.5315760636349848 0.33280359953635563 0.7789149669845313 507.1682908087447 -0.19086867544813677 0.9430033492138434 -0.272650017870073 -44.6540344468543 -0.8252607240563544 -0.003725448710581607 0.5647875864145461 170.81204827814477
0.5320102864443511 0.332578616905323 0.7787144661128246 507.95451662639294 -0.19071726009126233 0.9430830953288662 -0.2724787097066122 -44.93498638654597 -0.8250157546483636 -0.003542073643245251 0.5651464901457667 171.38157315897507
0.5325672982021926 0.3321712043442633 0.7785078057178598 508.7415174347185 -0.18982120923575826 0.9432300994794592 -0.272597001704059 -45.21685309077544 -0.8248633361188946 -0.0025901340930982292 0.5653744232871483 171.95054576066514
0.5329020465969694 0.3321756660022158 0.7782767991707044 509.54225182364166 -0.1900026808069854 0.9432283344881324 -0.2724765563469706 -45.503324869948415 -0.824605300647512 -0.002660412551320806 0.56575038041044 172.53176619626282
0.5332725420053432 0.33266982991246435 0.7778118742455207 510.3407950772705 -0.1904812779342134 0.94305419751318 -0.27274557317494896 -45.79086026441418 -0.824255445218848 -0.002699847952085863 0.5662599669820002 173.11311883914905
0.5336484254823738 0.3335343421836922 0.7771836418338204 511.142199720882 -0.19127557239478593 0.9427483672938031 -0.2732460075898044 -46.08036178851693 -0.823827977477856 -0.0028277759413536975 0.5668810131369628 173.69875894786324
0.5342032262009861 0.33356881876038613 0.776787200568718 511.97373658391234 -0.19184706536004117 0.9427345671450842 -0.2728910714266723 -46.37812706071638 -0.8233347472522768 -0.003234127964638818 0.5675945714945202 174.3065458718728
0.5342599692905843 0.3330506568299339 0.7769702373071428 512.8267280067619 -0.19221440347865812 0.9429144097132418 -0.27200851216933974 -46.68198670935434 -0.8232118302191367 -0.00401064545743271 0.5677674724299678 174.92766178609125
0.533413430224596 0.3353341074328051 0.7765690235056452 513.6772566810685 -0.19650603477589723 0.9420821653365028 -0.27182374248593544 -46.98317055765189 -0.8227473064456852 -0.0075950072076269946 0.5684033676737927 175.55399283880934
0.5324441201031503 0.3376686712367015 0.7762225983729127 514.5348770642142 -0.1984556519270627 0.941240039192348 -0.27332024379355335 -47.29453875547208 -0.822907424804951 -0.008507030821955825 0.5681588675877446 176.1777640995094
0.528936704401129 0.3413294564821307 0.7770191268850934 515.3986855255995 -0.2002255744681738 0.9399114733006447 -0.27658197058134815 -47.614056232386986 -0.8247387862754697 -0.009273720514036249 0.5654853007384547 176.80106498606094
0.5221624523280233 0.34554861646396334 0.7797321558965519 516.2936940174873 -0.20269501309211344 0.9383407225196146 -0.28009516617409547 -47.9459352457989 -0.8284446038151371 -0.011781748614887167 0.559995533769283 177.4409234930205
0.5138264030586375 0.3503044627745037 0.783140237688766 517.2022469737084 -0.2053574999459162 0.9365326666945772 -0.28417684420511274 -48.285897523541415 -0.8329885385762557 -0.014795296487374798 0.5531414217320394 178.0776167680534
0.5032075032497452 0.3542836883573408 0.7882287507577445 518.1359323789399 -0.2061641593607358 0.9349923331448664 -0.28862968446599346 -48.63952364376622 -0.8392486810239038 -0.017253076710518244 0.5435241761501874 178.71153920473157
0.4913188584979409 0.356184799226393 0.7948443405829353 519.0888861392257 -0.20464645155475691 0.9342338522507395 -0.292145340561404 -49.002731220507435 -0.8466320371606401 -0.019114916129945366 0.5318867255042995 179.3333608509938
0.47963499640209983 0.3553611817524954 0.8023139884820595 520.0496490401898 -0.20157916908439785 0.934506663512858 -0.29340179104074315 -49.36617128452234 -0.8540354988087985 -0.020993100319094505 0.5198437142311241 179.93470876447802
0.46679484683871464 0.35295112821720553 0.810905492163124 521.043721729449 -0.19893400274675768 0.9353284029237771 -0.29258795478825667 -49.736045677139835 -0.8617360846704047 -0.024727012836265137 0.506808528727334 180.53709265065424
0.45410155244728784 0.35343728620173426 0.8178715526422247 522.0461144675018 -0.1952588837260293 0.9351267283103283 -0.29569251548078423 -50.113558115447994 -0.8693257894159779 -0.025411287217230658 0.4936421019491493 181.1207727949717
0.44048741392123475 0.35573720128834957 0.8242946297915447 523.0440385997742 -0.19132029382922836 0.9342617067676394 -0.3009541019669873 -50.496697551320175 -0.8771709189403799 -0.025126926609298016 0.47957820587173483 181.68094537551264
0.42545695117147336 0.35965040047518854 0.8304684709939303 524.044295479764 -0.18830063561000615 0.9327507727714429 -0.3074743683962112 -50.88585221330038 -0.8852065731456487 -0.02554984497211758 0.46455560616956243 182.22272699995366
0.41032912625950313 0.3608674343898125 0.837522992943151 525.045520886661 -0.18340389743284194 0.9322781934575373 -0.31183660971633154 -51.27768718306703 -0.8933390637376715 -0.02563859525626792 0.4487131965496426 182.73677315175257
0.3946162509178342 0.35941539275980755 0.8456587003443592 526.1019002284494 -0.17798425056476258 0.932805432762516 -0.3133965100977234 -51.68324817757484 -0.901477093573256 -0.02683165189846171 0.432058087813621 183.25241389333814
0.3779902169028112 0.3579376336718637 0.8538409077219409 527.1474375666323 -0.1699695764288947 0.9334066453000653 -0.31604464024919615 -52.08501141788313 -0.9101075123325025 -0.02565416181672318 0.41364477936357497 183.73170732500367
0.357999004809569 0.36177967579406445 0.8608087427932246 528.1899419968946 -0.1640332862304075 0.9319312002800711 -0.3234483684260821 -52.49517912570526 -0.9192337081825401 -0.025395852413421034 0.3929619712097497 184.1855872240134
0.33579658830377124 0.3695782714954766 0.8664251019769778 529.3033679079763 -0.15859222194695954 0.9288772315830135 -0.3347494020147844 -52.93650520789437 -0.9285204744144537 -0.024989580673413184 0.3705135107135453 184.6430329734898
0.3126062392995291 0.37419111511578257 0.8730970232741749 530.3771753502161 -0.15159543985414886 0.9270251971414989 -0.3430227796879002 -53.37497128927725 -0.937740588949533 -0.02511561456483996 0.34650693709364555 185.04675883580808
0.2856871939095115 0.37948897163053846 0.880006251988029 531.4746560475292 -0.14683817229631893 0.9247587251920527 -0.35111472823087747 -53.829024306158004 -0.947038917416501 -0.028898695316601872 0.3199026381211034 185.4261215117012
0.26175872507879683 0.3815736580388785 0.8865236259886391 532.5572475873689 -0.13341248697511207 0.9240287197082869 -0.3583214533814262 -54.28661969338 -0.9559000865643348 -0.024468951386509848 0.2927668180185326 185.74939933062916
0.23466858705207855 0.3845042444782336 0.8928199556239329 533.6667787360689 -0.12726265307095622 0.9227064798796781 -0.363922756783775 -54.75574886989383 -0.9637409027403219 -0.028210957307659015 0.2654511366377801 186.05688458614122
0.21206958851723634 0.3872806034778236 0.8972625358341111 534.7914911393837 -0.1142887248088375 0.9216663165698159 -0.3707984989238025 -55.24065896900369 -0.9705796666395168 -0.02390131905709216 0.23970683454815211 186.32609231162985
0.18938937807320272 0.39271289883990934 0.8999713060058193 535.8936417473255 -0.10227896739304838 0.919455170626089 -0.3796882733193588 -55.726394137264734 -0.976591148245147 -0.020128468603980536 0.21428879566768466 186.56185657679765
0.1683261318100563 0.3953393136804928 0.9030025196037128 537.0051778062748 -0.08929913411496579 0.9184147844981808 -0.38543768828446795 -56.221243038678956 -0.9817090498168853 -0.015747554003378638 0.18988443749649955 186.76861727380972
0.14841345764855587 0.39601593631813403 0.9061927516091665 538.1017197459607 -0.07818237476164419 0.9181636179168672 -0.3884398247653456 -56.70925090117947 -0.9858607552203247 -0.013188097088030449 0.16721718464932867 186.94541159067683
0.12927492428350443 0.39645325771648743 0.9089298099756485 539.2035865399698 -0.06834371872548499 0.9179964804988685 -0.39068475058151797 -57.199218497635506 -0.9892814495614262 -0.011603419809222203 0.1457570373060054 187.0984338034831
0.10935618553709812 0.3987747417301087 0.9105277637024577 540.3060557400976 -0.06193526467459265 0.9169677789006987 -0.39415354873938746 -57.694477597479725 -0.9921016840730309 -0.013280390625839888 0.12496246769144542 187.23021292625478
0.09042356802966037 0.401406151225444 0.9114481894862779 541.3610778481797 -0.05425025320031154 0.9158167260068191 -0.39794474723202566 -58.17503665202845 -0.9944552254254322 -0.013452640503435071 0.10457600666388563 187.32847255760353
0.07378539718708996 0.4019342137935557 0.9127133891886234 542.4051832990001 -0.045780140197361374 0.9156011651177051 -0.39950179931916663 -58.65008509129709 -0.9962531636125189 -0.01229669398131648 0.08594680855036857 187.40190136661082
0.06034001584609514 0.39890817245871024 0.915025886598627 543.4658680209757 -0.03674515421371882 0.9169551576107067 -0.3973229637084493 -59.121898870196084 -0.9975314409026471 -0.009638258710732707 0.06997526497181158 187.4586610340431
0.05029757282189105 0.39741245813469267 0.9162832091882247 544.5736515637307 -0.02897703702128325 0.9176317891703164 -0.3964030136621569 -59.614531632917696 -0.998343750280007 -0.006602753763237461 0.05765888415982926 187.50737788528662
0.0447558371917216 0.3997823054326774 0.9155394624874653 545.6689720695407 -0.02110373633876189 0.9166247217060642 -0.39922061913960144 -60.10786893906485 -0.9988047698121558 -0.001443448046686694 0.04944958746180986 187.54375364194107
0.040180646001506705 0.40231663040044613 0.9146410476172105 546.729394663702 -0.015485389372353147 0.9155139497286247 -0.40201684865632836 -60.58510248557405 -0.9991021926955864 0.0019998576004044417 0.043004337774623425 187.57813022313977
0.03625123054465745 0.40251310150961234 0.9147186877288808 547.8062585990248 -0.014093570855956932 0.9154278736873606 -0.40226313043483813 -61.06874609976111 -0.9992729224783299 0.0017005502604694478 0.038846568098251696 187.61466802458412
0.033531292582984144 0.40262844869309306 0.9147716527481883 548.8958839173066 -0.013359979180478807 0.9153781911998878 -0.4024018140478345 -61.55916722857502 -0.9993783368613105 0.001281550471676602 0.036061242810003356 187.64871608930645
0.030745035677220832 0.4039016465714716 0.9143082839526966 549.9616770419724 -0.01246223710880198 0.9148176312941243 -0.4037038735144599 -62.044839600649915 -0.9994797387477573 0.0010274077754370316 0.03314777609916318 187.67489757291497
0.028923587051068102 0.40693746541679704 0.9130206984750515 551.0279357073089 -0.009741368329204664 0.9134674354763405 -0.4068243512095632 -62.53544750256081 -0.9995645180390773 0.002882516463704718 0.030373013670421556 187.69504434368113
0.027716386561114484 0.4089364019658927 0.91216459817668 552.1135540226838 -0.006068491219534955 0.9125605789233506 -0.4089257766658123 -63.036856974632286 -0.9996277933477592 0.005808154942152831 0.027762608815774276 187.71185106810742
0.025424130976522488 0.40876810340483 0.9123070567095819 553.2067941204491 -0.005039710984256492 0.9126357562879508 -0.40877144139202737 -63.537951993817884 -0.999694466575598 0.005804614463515783 0.0252511412439739 187.73174203636043
0.023645694600819465 0.40575839418934817 0.9136975884943125 554.335233329201 -0.00450089134030664 0.9139798742296757 -0.405763518318956 -64.04926699238003 -0.9997409623643542 0.005492098979177594 0.023426231851812345 187.75065776627147
0.022328717405751687 0.40253272503245957 0.9151569766976313 555.489290827217 -0.004512291353227898 0.9154092111221174 -0.4025294314636262 -64.5669840428111 -0.9997716942632857 0.004868831801194847 0.022244865468782155 187.76984815301208
0.020946784585032394 0.40390738546120203 0.9145838432161331 556.6326087365558 -0.006071867044576646 0.9148119820484839 -0.40386493011918473 -65.08590926799829 -0.9997935055698319 0.0029168086200809197 0.0216033720637512 187.79024763976474
0.020531630301060463 0.4077876234435692 0.9128697718076892 557.755825178057 -0.0062927343053255655 0.9130900039887146 -0.40773986931665746 -65.60410942597503 -0.9998006243052188 0.0026375107628998965 0.02130214730471078 187.8073303674429
0.020740706634540074 0.4105462146825987 0.911627700525689 558.8837317076947 -0.005959688782792385 0.9118516461261781 -0.410506816560479 -66.12717154369824 -0.9997984235399151 0.0030916451220547045 0.021347891393125998 187.82447613877744
0.021201247670233417 0.41041781663797594 0.9116746519907103 560.0527651093045 -0.004740610724058247 0.911903566226358 -0.4104061324697668 -66.66465872139736 -0.9997949297163425 0.004389113212978127 0.02126792044753025 187.8426109675789
0.021001639836812153 0.41062986247640854 0.9115837114226284 561.221742876017 -0.005101486508759097 0.9118096927525409 -0.4106095013835391 -67.20204805344474 -0.9997972165914222 0.003982819693583612 0.021233298295380412 187.86442145768947
0.020466930481706766 0.411011800618994 0.911423659234108 562.3969276825044 -0.006060503981780958 0.9116417688672287 -0.4109694415504842 -67.74266109932128 -0.9998029686586551 0.002897362821376582 0.021138343860909972 187.88737350874626
0.019789811963344527 0.4117940054257311 0.911085298374351 563.5620573686028 -0.006690447502808117 0.9112908528634528 -0.41173658306247035 -68.2823027338531 -0.9998124196473602 0.0020621665267718313 0.02077872652260564 187.90641285074523
0.01864111223470671 0.40974901422587623 0.9120314224741566 564.787248933849 -0.006545078971620295 0.912213298356844 -0.4096919457445976 -68.83951049840887 -0.9998357039326744 0.0016776454781237213 0.019675943545152313 187.92304157582174
0.017190587646175908 0.4099517364622267 0.9119689014786997 565.9911072153474 -0.006086223265626251 0.9121228171707763 -0.4099011348740129 -69.39110959495342 -0.9998645456808944 0.001505933058375226 0.018164348845651965 187.93592630699288
0.016629878645083425 0.4101855525973534 0.9118741199580392 567.200087769675 -0.004886602875918653 0.9120154575215412 -0.41015519200686146 -69.948339431992 -0.9998806347709588 0.0023746838062857632 0.017160755185155616 187.94500307357313
0.015619644751554905 0.4108148609044412 0.91160877131065 568.4014253089442 -0.003948694289105844 0.9117308651582334 -0.4107973941029484 -70.50491467439376 -0.9999012879526957 0.002826704900625195 0.015852792724319793 187.9518175599267
0.014097561449625217 0.41018167041283393 0.9119185793610415 569.6300122621813 -0.00377879697180665 0.9120169310684888 -0.41016264255422075 -71.06877041574536 -0.9999244143134319 0.0023460202142768726 0.014397013041872773 187.96096777855752
0.01203877396242133 0.41006969872268767 0.9119985903966219 570.857552438326 -0.0020135875219370906 0.9120655920595986 -0.41006813703806194 -71.63434160052955 -0.9999568592508358 0.003110581792614008 0.011795604599591177 187.9620387326797
0.009290056136008525 0.4094736367674033 0.9122986021585048 572.0891885414482 -0.002261360007503927 0.9123374116161576 -0.40946302465140466 -72.19791817689283 -0.99998598540026 0.0017518124785836663 0.009391093398466825 187.9669341730047
0.007250166765137034 0.40895581664737596 0.9125492125531705 573.3402025646194 -0.0013807305603037784 0.912569685036011 -0.40894896081269216 -72.77139707433257 -1.0000046401414415 0.0017158432523973707 0.0071704121721237555 187.96418455052336
0.004658246107671705 0.40904748860664064 0.9125249683034173 574.6019634275776 -0.0009485264997928131 0.9125296510495798 -0.40903982946600587 -73.35064060253696 -1.0000206119558108 0.0010508283505031354 0.004628012863299685 187.9613079594148
0.0028100291442630133 0.409513262078898 0.9123234765863477 575.853181363467 -0.0001763378493809224 0.9123206666262765 -0.40950649785508153 -73.92826280680647 -1.0000276678326323 0.001000468196978926 0.0026253048208913676 187.9529168884834
0.001068513466975502 0.40975840591183005 0.9122171423188761 577.1047008235242 0.0004872991758256342 0.9122107483473968 -0.4097510011048576 -74.50535033405201 -1.0000311102812482 0.0008931065389526779 0.0007642720763435256 187.9428530504876
6.236574540103602e-06 0.40983598642841407 0.9121827930656293 578.3814349846543 0.0016161794153318372 0.9121746727403911 -0.40982726803146163 -75.09395871155465 -1.0000298852231455 0.0014870908982398882 -0.0006672547412828578 187.92835254775298
-0.0007909478944201137 0.4107003416615738 0.9117936826751899 579.6680279062875 0.0025044498789358943 0.9117847683309965 -0.410688946714666 -75.69111761126801 -1.0000277227775956 0.001968911761352978 -0.0017602348677107618 187.9101183885944
-0.001958408538900063 0.4109309635379441 0.9116880545806605 580.9239336569939 0.0030260787049067677 0.911681161605312 -0.4109161131411928 -76.272788087004 -1.0000251219521648 0.0019646523910938816 -0.003039733773646406 187.89211613366274
-0.003408405142739526 0.4110124855178464 0.9116472298276493 582.223271714146 0.003522543948287504 0.9116452478580247 -0.41099311658695287 -76.87398230527893 -1.0000199900546147 0.0018212370870682574 -0.004566003669272841 187.8720398836354
-0.005773505473924373 0.41095040465753524 0.9116635301004444 583.5283368152164 0.00413126918569998 0.9116741937483764 -0.410923912403636 -77.4767235446458 -1.0000072591148867 0.0014048369679782878 -0.006972264449745216 187.8502102012929
-0.008979133895335528 0.4109926510153051 0.9116186892298491 584.8522301329333 0.005677474691195808 0.9116552715446823 -0.41094803621795223 -78.08388685487736 -0.9999762429525251 0.0014971155348819938 -0.010530212634548865 187.8232700246226
-0.01226701338606542 0.4109601516983284 0.9115952095800806 586.1771660490799 0.0066384478617280375 0.9116709567690956 -0.41089950094709743 -78.69254522099685 -0.9999358066552353 0.0010229419070408791 -0.01392291079866923 187.7925405593349
-0.014740483360444357 0.41143678571243575 0.9113435788862938 587.5079565055148 0.00806299886778335 0.9114559341794909 -0.41135139920497144 -79.30928776427179 -0.999892153279844 0.0012966739858285327 -0.01676400255772114 187.75326314216608
-0.01622625259344314 0.41181379757576186 0.911148184402888 588.8280752354216 0.008595182756425724 0.9112860723935072 -0.4117174351296978 -79.92164790536516 -0.9998650472142736 0.0011630594227085701 -0.01833785634243957 187.71359304830014
-0.01724732394830933 0.4121270154587252 0.910987570938558 590.1401945490734 0.009035278858985751 0.9111440418719028 -0.4120207800559748 -80.53076675112237 -0.9998434880791799 0.0011366008322890345 -0.0194496237924507 187.67259498735112
-0.018079179046574825 0.4123337304319461 0.910878061361343 591.4676799850022 0.009433424571096012 0.9110505248027476 -0.4122185229802962 -81.1464275358435 -0.999825291079765 0.0011517717300234891 -0.02037193281602939 187.63076408601685
-0.018608025091559937 0.412479143048323 0.9108015687495292 592.8159469381699 0.009661958999758701 0.910984992117233 -0.4123587860244953 -81.77151415663921 -0.9998135057581983 0.00113877442969855 -0.020948331269199927 187.58863656490198
-0.01907638849984609 0.41258880122608393 0.9107424267017662 594.1747999492883 0.01016726373918585 0.910935145636959 -0.41245716013019007 -82.40151910526592 -0.9997996563302338 0.0014033468638154024 -0.021583594846129376 187.54456778753124
-0.019474328859118935 0.4133129840594192 0.9104053278217757 595.521713928328 0.011154078449059546 0.9106054013091924 -0.413159119520738 -83.02887663778009 -0.999781533241315 0.0021206621398981796 -0.022354966124953503 187.49795054271897
-0.0199229055608733 0.41351976302134424 0.9103014439881149 596.8667234724314 0.012142076805439373 0.9105092534907048 -0.4133422397498582 -83.65494266924914 -0.999760621514222 0.0028294389510928842 -0.02317226685387694 187.4497493604572
-0.020355813745995387 0.4123736982781565 0.9108113729298791 598.280631640166 0.012458116738144759 0.9110283939593704 -0.4121871711278051 -84.30907899319666 -0.999748029509642 0.002968064999632888 -0.0236934314569855 187.39981382323572
-0.021320119409343558 0.41291901866501735 0.9105421656300767 599.683818199533 0.01227578836147705 0.9107829174436006 -0.41273448451986805 -84.96095479875369 -0.9997303662156296 0.002389558205026594 -0.024498235182356727 187.35134980637346
-0.022362379484644073 0.412884194684296 0.9105330229594933 601.0656505244699 0.012303345695212495 0.9107997606983023 -0.4126969413656693 -85.60121849982808 -0.9997074957504914 0.001985239222622592 -0.02545887742876178 187.30274707248242
-0.02340514834931676 0.4118369532356399 0.9109808314732208 602.4627281820193 0.012097504922425468 0.9112751029060454 -0.4116529941360112 -86.24582411519157 -0.9996862827966716 0.0013975481667513208 -0.026322176090188328 187.2526055974989
-0.0240412986777866 0.41055903095618557 0.9115407491271986 603.8571620603786 0.01243549565901099 0.9118514507746818 -0.41036464502830766 -86.88791056451562 -0.9996670508887483 0.001481594741500306 -0.027039075694815343 187.196679195276
-0.02452922329208122 0.4109007837389779 0.9113736566354721 605.2612341771129 0.01306529907276697 0.9116966685186817 -0.41068841654551225 -87.53736699213272 -0.9996468129535196 0.0018452270082446977 -0.02774306312282927 187.13973550918064
-0.024691316466208136 0.41238055169769 0.9107007739393028 606.6844835131592 0.013209801430083224 0.9110284085040028 -0.4121647589537535 -88.194289948872 -0.9996414206156274 0.0018652782671207762 -0.02795373619071766 187.08740139150524
-0.024885075548043173 0.4128657530983338 0.9104755395322893 608.0898591553714 0.013390037729062996 0.9108086448891398 -0.41264461806149055 -88.84534676743564 -0.9996342487662889 0.0019345804949384207 -0.028205592748785344 187.0347650068024
-0.02529399129052864 0.41303899927455207 0.9103857228384711 609.511089378126 0.012842093363724915 0.9107313404533862 -0.4128327791665207 -89.50303711237882 -0.9996314151882889 0.0012610702334153827 -0.028352093698577503 186.98372679819886
-0.025250178118173216 0.41298272074647796 0.9104122190410137 610.9427819348556 0.013316421720695722 0.9107557201561433 -0.41276308159342323 -90.16647941444873 -0.9996263034008795 0.0017129602374056324 -0.028507846722094388 186.9269827798287
-0.025423700524125032 0.41363019337766715 0.9101132932806251 612.3426003070875 0.012632619199446762 0.9104629427774112 -0.41342979083837933 -90.8182584712322 -0.9996305624930274 0.0009979206795776715 -0.028383931547977418 186.87496493303226
-0.025126791492277794 0.41513015010225235 0.9094382967497489 613.7538514751252 0.01291447748558582 0.9097797830953522 -0.4149231587505543 -91.4805782500433 -0.9996350262560125 0.0013312046429119202 -0.028232822688499325 186.81967091493198
-0.023922750587313323 0.41599669263606626 0.9090747989869786 615.1634912488503 0.014748718570391308 0.909378663813115 -0.4157413513597803 -92.14198556677385 -0.9996394249986695 0.0034741232697535368 -0.027902080692391428 186.76344894328145
-0.022182946732597932 0.4157957941346535 0.9092108191962912 616.5471248848021 0.01526810682437267 0.9094652654781771 -0.4155333556827781 -92.78867651048019 -0.999671611481409 0.004676275484981407 -0.02653483055856236 186.71322196574607
-0.020070313700600702 0.41406119217314363 0.9100510785744551 617.9451600076313 0.015699870101643462 0.9102481799690518 -0.4137988804252935 -93.4368710883712 -0.9997095180960087 0.005994744923501781 -0.024781506198497644 186.6650957351355
-0.018859865941994604 0.41351009332992694 0.9103274505398298 619.3465788672206 0.014990367174898244 0.9104994603231562 -0.4132719472782976 -94.08557957352026 -0.9997442059889435 0.005863917429738042 -0.023382359786118186 186.62158407082526
-0.018520575515565105 0.41361057170874455 0.9102886947170976 620.7928467740878 0.014408622322150294 0.9104560868965594 -0.4133879218841993 -94.75665306307431 -0.9997590430665042 0.005471757044885211 -0.022833427105091477 186.57782632129178
-0.018107293175825538 0.41361928168688605 0.9102928266207823 622.2232263225814 0.01482414442886798 0.9104483146056124 -0.4133895357848509 -95.42031592663454 -0.999759990902019 0.006020701966875304 -0.02262893018662396 186.5315223080007
-0.01819174533314287 0.41401649802117413 0.9101103202812068 623.6524662934612 0.014403173260575297 0.9102702960179496 -0.41379588082951635 -96.08535886780656 -0.999764232682957 0.005592428461689611 -0.022534022627430397 186.48879772202955
-0.01790608987733286 0.4141830258414222 0.9100402746608076 625.0793074130438 0.014680034805183534 0.9101925715213468 -0.41395778416836493 -96.74932872732958 -0.999765558432001 0.0059588910685346086 -0.022389841782838434 186.4445155207144
-0.018028752724666166 0.414278503309255 0.9099943192575065 626.4936927012052 0.014167025789654838 0.9101523930208223 -0.41406408228633673 -97.40645995932022 -0.9997706633586664 0.005438737256968511 -0.02228963982303311 186.40394379015413
-0.01852034973468282 0.41494116845980994 0.909682481234878 627.8763522156952 0.013373595623017022 0.9098556036761556 -0.41474196457668056 -98.05093572804131 -0.9997726937155353 0.004496474049060004 -0.022411743230717165 186.36393891110393
-0.01895363964422096 0.4149463430074496 0.9096711861186384 629.3049945535842 0.012342116921946528 0.9098582325718259 -0.41476855618935876 -98.7104241471588 -0.9997778828436644 0.0033779599891768813 -0.022378084260310807 186.32599597588785
-0.01880846578923059 0.4144190375194037 0.9099144854607838 630.7269759651357 0.01427861777851074 0.9100895590145017 -0.41419792206706746 -99.36845896639862 -0.9997545519137435 0.005213580743715239 -0.023046374294452963 186.27883620392402
-0.018531797689004252 0.41363726244641585 0.9102760243145238 632.1288155761519 0.014381106519525495 0.910444107493364 -0.4134151736688877 -100.01664349669943 -0.9997585317277887 0.00544135854329924 -0.022832425368292428 186.23464279515127
-0.016578419807493288 0.4139290261444367 0.9101808939956578 633.5673850202294 0.01923839959414836 0.9102650191533315 -0.41361145805217225 -100.68195104353718 -0.9997109702047061 0.010665085878635207 -0.023065854129755918 186.1780251688292
-0.015993417884256643 0.4161727459531057 0.9091675207817339 634.964986386234 0.020213099082521672 0.9092279976695936 -0.41583950543756115 -101.33630952545039 -0.999701305864991 0.011738009450882547 -0.02296551888428613 186.13186082544723
-0.01653837716449836 0.41932076299527915 0.9077106697259307 636.3558532959494 0.01902799901346767 0.907797626250604 -0.419008833611492 -101.99496080251964 -0.9997162073494668 0.010353768354198586 -0.02300463616805299 186.0884564810908
-0.017513159614566436 0.42009313535090886 0.90733475243561 637.7531427516353 0.016893056909135798 0.9074640253320121 -0.4198207993531745 -102.65476103270326 -0.9997376447704985 0.007986736471217495 -0.023001271843584085 186.04930133209484
-0.017788600119634745 0.41926440155021805 0.907712385038554 639.1269640059171 0.014304533036164229 0.907865341861025 -0.4190482239826292 -103.30008594727151 -0.9997731412935545 0.0055414968301134215 -0.02215906823894629 186.01298374438608
-0.017560335728173306 0.4192564434679684 0.9077205048587744 640.530449378375 0.013368713923338679 0.9078734133329136 -0.41906176607722406 -103.96101032369869 -0.999790012560982 0.00478738410608134 -0.02155924959522255 185.97394340727666
-0.017703967341338604 0.4196056975393562 0.9075561020848673 641.9194804629215 0.012145187334749293 0.9077174831957462 -0.4194366205790581 -104.61606428246951 -0.9998029146240005 0.0036078720139646587 -0.021177895755045566 185.93677024928925
-0.018316779184030414 0.4202073273478585 0.9072657868018834 643.3103466637968 0.010036727461117691 0.9074454100380207 -0.42008128779408366 -105.27286731920012 -0.999815558518786 0.0014225830133309742 -0.02085065507250063 185.90210384742366
-0.018303036258945974 0.4199457869115264 0.9073872817311459 644.7089999126772 0.009725323468058518 0.9075670706405351 -0.4198260247871068 -105.93359618604727 -0.9998188220322227 0.0011514572975821786 -0.02070695971270794 185.86312625196658
-0.018835196371092305 0.41910922242607823 0.9077632720918325 646.1047581634074 0.008571944936046004 0.9079546743353443 -0.419013166829349 -106.5904105552115 -0.9998195978799527 -9.987795041364727e-05 -0.020705955807999717 185.82532724127984
-0.019061378634854274 0.41990504789597144 0.9073906043611195 647.5149859981755 0.009901362223107661 0.9075858905163379 -0.4197808285918622 -107.26005940397305 -0.9998024862591502 0.0009931440846039777 -0.021469072300537656 185.77854862553696
-0.019393719342701277 0.42046309427561823 0.9071252881242535 648.8980516229561 0.010279653986306316 0.907327504240074 -0.4203304614392719 -107.91736456188171 -0.9997923959628048 0.0011836016558125664 -0.021930239745400263 185.73349732827145
-0.018860209910923412 0.4204045187632658 0.9071636988702423 650.3009109527759 0.011890125977515754 0.9073508897582079 -0.4202375166000522 -108.5815733636099 -0.9997849734989813 0.002870852566739958 -0.022123010093123844 185.68640490526025
-0.018246459856483047 0.4196645156608985 0.9075192000581848 651.7470123617841 0.011518639331878825 0.9076939418763135 -0.41950718486407895 -109.25846763945965 -0.9998009790167847 0.0028093967691684776 -0.021407710910578227 185.64625916663823
-0.017900067273510917 0.42096249698583826 0.9069247233966098 653.1765835281378 0.011217597494441796 0.9070932828529668 -0.42081262530966174 -109.93635556207755 -0.9998104776958543 0.0026514063368864665 -0.020970784679212054 185.6083712906425
-0.018560931068831707 0.42462822775455245 0.9052013431062506 654.5684340397286 0.008916928824737403 0.9053872432884714 -0.42452576445379275 -110.60633457581784 -0.9998217462705674 0.00020245676074845132 -0.020603167068174492 185.57619488543148
-0.019242643690604338 0.424243725272701 0.9053669930518898 655.9340358488923 0.005493892555188032 0.9055616386913454 -0.4242111029908486 -111.25770401309661 -0.9998336443059157 -0.00317859757299904 -0.0197680390690701 185.54523478607734
-0.019483546949290824 0.42339905843501346 0.9057568479899225 657.2916755367474 0.0020659606086801926 0.9059397265170757 -0.4234328727358863 -111.90422883908383 -0.9998418712416467 -0.006368362595342154 -0.018537516956396164 185.5151956696989
-0.019412722711267084 0.42201197032898785 0.9064056893847798 658.6462580802156 0.0012766246773523572 0.9065826245768294 -0.42205912301303095 -112.54720620059078 -0.9998447751544807 -0.007025832331025678 -0.018149996499964127 185.48091155301117
-0.019281891176830247 0.420649865549123 0.9070411886221666 660.0308773368778 0.0016372250954933322 0.9072179958808604 -0.420689673504995 -113.20205288371142 -0.9998464928583085 -0.006617000929558843 -0.018193636689124083 185.4423294715042
-0.019111103656944115 0.42048888899831466 0.9071195094090567 661.3844114666732 0.0029743499518732433 0.9073009936792719 -0.42050315288434104 -113.84236799813864 -0.9998468640432198 -0.00532854691841707 -0.018602256694563075 185.4025597001244
-0.01951315627696945 0.4209685112965821 0.9068885736033208 662.7594340195011 0.0027526787579488267 0.9070763492179453 -0.42098917226240606 -114.49518310736828 -0.9998396002948051 -0.005708914222433873 -0.018870644065225334 185.36510172522964
-0.020072734433356526 0.4217696996699071 0.9065039389157795 664.1018441113126 0.0028544346096113435 0.9067032587849689 -0.4217923072548615 -115.13586053304465 -0.9998281552665457 -0.0058692686499411464 -0.019415961216586983 185.32541319612642
-0.02065919243997008 0.4216833006230532 0.9065310859278478 665.4363373976066 0.0024470552433480427 0.9067395941901306 -0.42171793374312333 -115.76966856877799 -0.9998176651292778 -0.006483918630917911 -0.019776749027072445 185.28820435752425
-0.02121176970550219 0.4217960703226642 0.9064661820635962 666.7569365728012 0.001982798223981356 0.9066825831562519 -0.42184402032770035 -116.39755567579957 -0.9998076246122214 -0.007140148607365708 -0.02008138750370296 185.2509689745481
-0.021833826620427176 0.4219210627403767 0.906393619603731 668.0712811626931 0.0014108313386596452 0.9066182546817941 -0.421985207375541 -117.0226492596358 -0.9997954461108988 -0.007924074422764939 -0.02040297325267957 185.21452313228994
-0.022397036673604043 0.4213775997110617 0.9066326964290966 669.3726656854241 0.0013947356326550542 0.9068688037379642 -0.4214464155967367 -117.64003742895592 -0.9997831651970454 -0.008163832726867935 -0.020911642404568193 185.17534826698358
-0.02312457579312781 0.41927478940118856 0.9075888484901461 670.6627188227471 0.000727617126822045 0.9078345268006665 -0.41936351291814616 -118.24810919183119 -0.9997669675725145 -0.009026695945864631 -0.02131121895578143 185.13660272632126
-0.023822945484931485 0.4172607589083004 0.9084986441402811 671.9286101469849 0.00038167767361763007 0.9087563475320958 -0.41736283907733973 -118.84166371147928 -0.9997508272921918 -0.009585296409754954 -0.02182134388598072 185.09595461666567
-0.024184921844165177 0.41798559412546227 0.9081558746614165 673.1709432298882 0.0005664356078656354 0.9084230736875112 -0.4180872772196463 -119.42509969408263 -0.9997418871092908 -0.009586280116659388 -0.022219706765002456 185.05744266930273
-0.02375494151753557 0.4224026371370794 0.9061214812235493 674.3810672379508 0.0032671153370377954 0.9064010525916945 -0.4224414074229432 -120.00443151799837 -0.9997475011570566 -0.007063815899426305 -0.02292460225951865 185.01431705442886
-0.02419584154991528 0.4229643644688982 0.9058478499947273 675.551657163168 0.0031957665457651944 0.9061373438590553 -0.42300850897234515 -120.56355826907712 -0.9997376134791398 -0.007328930754134514 -0.02328995650381222 184.97700809936237
-0.024154876783529674 0.4215429131063087 0.9065115331178384 676.6905435169032 0.0029869805474129884 0.9067989472640366 -0.4215911637297677 -121.10254371339639 -0.9997398722769317 -0.007463960880386808 -0.023176214703494482 184.9426980011945
-0.023806231571045958 0.41984988378180566 0.9073062537025607 677.797282156967 0.002027278120155339 0.9075783783578634 -0.4199167583072986 -121.62332485700202 -0.9997510031625181 -0.008145316338588721 -0.02247066486222197 184.91240746228632
-0.02359237986907296 0.4199471300015772 0.9072668619135871 678.903903241081 0.0009187734531026796 0.9075247408095537 -0.42003662781468887 -122.14497071580368 -0.9997578864965924 -0.00906413118452209 -0.021810084656966752 184.8841649797727
-0.022929595604390157 0.419308274525084 0.9075792457597729 679.9692434598853 -0.00048378841614543015 0.9078097005372777 -0.4194209094288705 -122.64463281202747 -0.9997735329497491 -0.01004440599508136 -0.02062641086762496 184.86001441438094
-0.0212559580755845 0.41719406486239136 0.9085935638198515 681.0116722507531 -0.0016751928452084217 0.90877946612538 -0.41731246202960953 -123.12939214961617 -0.9998091084455741 -0.010380650209903267 -0.018631670371728717 184.8375058844124
-0.020141002607009115 0.414460961862077 0.9098691795469778 682.0294579515585 -0.00298567895616082 0.9100213003947318 -0.41459017048624297 -123.59848221434802 -0.9998290970555831 -0.01105482800119158 -0.01710463140104574 184.81887780594815
-0.01990701626135614 0.4136857083630969 0.9102271237523022 683.0073498805949 -0.004616581928974889 0.9103562278275794 -0.4138391246894038 -124.04855009363804 -0.9998275381672883 -0.012428581231130874 -0.016226107119107054 184.80322913690947
-0.019873886080814113 0.4144429735037111 0.9098834188568641 683.9358341661314 -0.004550523100083404 0.9100126159880385 -0.41459501128782583 -124.48170978869507 -0.9998283827708957 -0.012368185631171143 -0.016213070494590934 184.78208270461175
-0.01958561775321071 0.41582356267696907 0.9092598490867229 684.8175430323902 -0.00450134041536912 0.9093848650962927 -0.41597163985084856 -124.89630086296513 -0.9998349342901542 -0.012228004669005624 -0.015952880485472522 184.76238115081233
-0.019617791559596066 0.4161969887956609 0.9090884977820964 685.6746379531254 -0.004669718663008476 0.9092120538779642 -0.4163482212122339 -125.29739014455129 -0.9998339062202298 -0.012400764994608689 -0.01590717325062054 184.74487795905165
-0.0201976193930788 0.4164924971649806 0.908940153856063 686.4769825143917 -0.006292708020829289 0.9090511691269069 -0.4166769816122949 -125.67054130508015 -0.999813421756464 -0.014123544412132857 -0.015753564723636353 184.73327138392605
-0.02347908093229948 0.4166059881039321 0.9088099367278878 687.2395106753869 -0.007378713387287417 0.908959889689902 -0.41685981784347037 -126.02580830867613 -0.9997345047334253 -0.016481265587757983 -0.01828163202907186 184.7170399096307
-0.031838027889900845 0.4170582563696923 0.9083473479993596 687.9644202959392 -0.007206731620257846 0.9086852458092091 -0.4174604127459255 -126.36600441079159 -0.9995040898112565 -0.0198249894793722 -0.02593890802701811 184.68864476526292
-0.04783156346793912 0.4174111453675099 0.9074835940311495 688.6631515413947 -0.003973841355402155 0.9084331624273652 -0.41805186907806635 -126.69089059613847 -0.9988842857793278 -0.023589760771668963 -0.04180691325967323 184.63984585403114
-0.07091707040406667 0.41804228019729145 0.905680849803696 689.3172337499411 0.002635532481130262 0.9080384724370835 -0.41891881862887803 -127.00069053317013 -0.997515267034265 -0.02730908627756901 -0.06551085522778248 184.56641567115372
-0.09720436306245887 0.4185923605787534 0.9029830277386979 689.9319729179513 0.01220185791531513 0.9077086445039728 -0.41946393852433467 -127.29770591953093 -0.9952259587825929 -0.02974333534218401 -0.0933544637477638 184.46808227924814
-0.1265767901059395 0.41999615300609805 0.8986812879346703 690.5312232628127 0.02406642357370755 0.9069976968501308 -0.42048741386854793 -127.59119929090248 -0.9917005535482355 -0.03158337723353359 -0.12492652192668907 184.34574555738408
-0.1592830675316892 0.42095270831663223 0.8930139397940797 691.1196873781585 0.04052667417229638 0.9065843309837909 -0.420115199085852 -127.87957470092731 -0.9864358812211035 -0.030713791031546676 -0.16147707581434198 184.19346540994476
-0.19988908463148003 0.4204006653997723 0.8850727723379774 691.6988791554794 0.05717681331582475 0.9067637925561705 -0.4177847363392124 -128.1599989887279 -0.978183306665463 -0.0328924645871568 -0.20530293494216412 184.00925397322425
-0.24294290126319604 0.4196629180249847 0.8745905905049155 692.2373634712964 0.07484988568399714 0.9070192890856037 -0.41442599484566733 -128.4202427794134 -0.9671829207072752 -0.03520658419493375 -0.2517784751849149 183.79426298699917
-0.285926895839745 0.4189506676868589 0.8618429879448423 692.7441434779234 0.09325553705928898 0.9072825389911908 -0.41009480573798257 -128.66450824257026 -0.9537370234622959 -0.036873242612613474 -0.29849831123221127 183.5524184070846
-0.329424995626841 0.41846067808556275 0.8464144161557254 693.2333442861291 0.11265544517063275 0.9074633321090552 -0.4047914210081232 -128.90088253352255 -0.9374706955602143 -0.03798344447116116 -0.3460946633531903 183.28227582934824
-0.3757344904032838 0.4190754480317452 0.8265877301969601 693.694884100096 0.13292022828679267 0.9070840833410236 -0.3994600847019309 -129.1290075609534 -0.9171790400660677 -0.04020954951541059 -0.39653760862141263 182.98346705215695
-0.42364397381925484 0.4209988640481593 0.8020801220580811 694.1323895492678 0.15482900433472774 0.9060814642112037 -0.3938034912307201 -129.35158643748548 -0.8925312455106899 -0.042635725746655875 -0.4490493411773006 182.65353040407862
-0.472669880259202 0.4221497540784597 0.7735756190591464 694.5406552128521 0.1754037258574406 0.9053210655098493 -0.3868637333027186 -129.56343596716007 -0.8636391875329286 -0.047159199724170514 -0.5019746394528144 182.29918895987512
-0.5197719166727665 0.42444423695382627 0.7414381906424327 694.9123847708148 0.1973754420084095 0.9040543360467226 -0.37916297405662613 -129.7632712047107 -0.8312241819543478 -0.050724829287797854 -0.5536862845440165 181.92401520890712
-0.5626517021275379 0.4281899574253278 0.7071930346011988 695.2676256882962 0.22314095340953186 0.9023431480839673 -0.36880944426990775 -129.9576031047765 -0.7960412566388736 -0.049695370105266735 -0.6032604808299735 181.51527551205967
-0.6026549596504964 0.43217718401876115 0.6708769474147769 695.6152281715215 0.24944173794783775 0.9005731857232816 -0.3560650731125298 -130.14867895992066 -0.7580464527884313 -0.04722758113945951 -0.650546016187899 181.0683953540496
-0.6418498317548699 0.4334469770007143 0.6326126076158074 695.9264017183434 0.27009562685264854 0.8998700230635922 -0.3425174187793291 -130.32198896150723 -0.7177210044704644 -0.0489668559025365 -0.6946609933029714 180.61582767869297
-0.6789102408406774 0.43355852656268346 0.5925825943539551 696.2645038873812 0.28823440308541 0.8996539535679811 -0.327993111890968 -130.51406563908398 -0.6753119125950898 -0.05186317457380637 -0.7357574143873098 180.0814129735992
-0.7129060742624925 0.4345060641399395 0.550468861013174 696.5192812265788 0.3071833871313496 0.8991169043754632 -0.31186988416947253 -130.66343199893907 -0.6304334169254517 -0.05322696394944221 -0.7744647087243441 179.58796580152608
-0.7434094624911521 0.43758012086669473 0.5058776909392022 696.7449980648238 0.3279111798456973 0.897633014266802 -0.29455757155048073 -130.80401301592565 -0.5829730661891988 -0.05308160233372602 -0.8108014394629344 179.07666340564828
-0.7715262872409825 0.4409436107989052 0.4586522817762862 696.9328371926147 0.34702674738025296 0.8958732948996502 -0.2775208914933352 -130.93243287359448 -0.5332532419475484 -0.05493717499025418 -0.8442132604961812 178.56676768016604
-0.7987598744937855 0.44190456203254946 0.4083487532896101 697.0818166935555 0.3605029148183876 0.8948662970516286 -0.2632226413017826 -131.0535751385184 -0.4817246187740223 -0.0630279249041462 -0.8740947881326805 178.06507922903947
-0.8243013915208154 0.4403556490746561 0.3558930423091408 697.1996922630667 0.37138991838023055 0.8949875982831762 -0.24718629813375007 -131.16321987459605 -0.4273573171895336 -0.07156812028841758 -0.9012860675460825 177.56011431036393
-0.8451921312817057 0.4409019747479453 0.30216071334649314 697.2972387697534 0.38511628838964845 0.8943431742681729 -0.22774871205971792 -131.26575538249847 -0.3706376496123509 -0.07611157221870886 -0.9256922323422379 177.00994369931928
-0.8627998024120639 0.440531547881017 0.24810007794330677 697.3725485202197 0.3975466690323532 0.8943107189617387 -0.20542240416708712 -131.35560232953787 -0.31236095803660313 -0.07859376015120395 -0.9467438577663393 176.42706005618257
-0.8764149215348863 0.44170770943615484 0.19192632014925864 697.4128119483782 0.41057939514135466 0.8935735750741104 -0.18161512663770005 -131.43024954877706 -0.25170827687762715 -0.08035559456960288 -0.9644976804225988 175.83121400807713
-0.88721898227529 0.4416165907201172 0.13364774099321433 697.4178486694615 0.42055765923019056 0.8931670723706696 -0.1594265743534996 -131.49872766064408 -0.18976238653409408 -0.08522639456190813 -0.9781598946746443 175.22190868725818
-0.8946844715268243 0.44058879764715897 0.07392601838230034 697.3851028846562 0.4284874004711623 0.8931130019741013 -0.1370419286070272 -131.55418498295234 -0.12639067644290308 -0.09091936181856004 -0.9878404761587086 174.61650796793487
-0.898476110446306 0.4388379134077799 0.014343222540735875 697.3169720071584 0.43449122481237357 0.8933393777128307 -0.1148692164318602 -131.59843011755225 -0.06320971044521011 -0.0969618232774387 -0.9933140398336786 174.00978357388612
-0.8979276595793211 0.4378466738911258 -0.04538321317889321 697.2127922913252 0.44018642824495746 0.8931255716474514 -0.09271320433974767 -131.62734134395185 -4.8766967417179785e-05 -0.10321373962920576 -0.9946941461878861 173.41919038204693
-0.8940346189386432 0.4359941506917427 -0.10322130540991069 697.0780180356005 0.44372539351040025 0.8935010539058015 -0.06925857961007295 -131.64299596719553 0.062044452230785974 -0.10770839013990781 -0.9922792603489944 172.79758877598024
-0.8859812712999986 0.4363926240513111 -0.15697884327077274 696.9090401172732 0.44784634828892705 0.8929863308240825 -0.04519893365135384 -131.64353942858244 0.12046753440312637 -0.11033525284891745 -0.9866018164552515 172.16067164000185
-0.8765142061894428 0.4347530725100064 -0.20677664065356702 696.7073044299841 0.4485586600014814 0.8934797823046269 -0.02287144550212511 -131.63349768290388 0.17481912331316818 -0.1127859409667419 -0.9781550109430315 171.5089153626555
-0.8653177099162496 0.4342792443940858 -0.2503430853075934 696.4683776807749 0.4492044288038594 0.8934446218636924 -0.002811404267987771 -131.61056747912463 0.22245834050959323 -0.11487488851685201 -0.9681871206584904 170.83099357553158
-0.8527986449952548 0.4344027362377976 -0.2899562522330165 696.2195419415668 0.4498946131366028 0.8929834531951133 0.014626668630418862 -131.58144889006022 0.2652914412608347 -0.11796240292421514 -0.9569619331103464 170.21294385901714
-0.8397280601761965 0.43452908667536894 -0.32571001061468763 695.9342346065035 0.45065718718703884 0.8922636506012174 0.028495445978182356 -131.55077317943116 0.30301244131291516 -0.12284160520625013 -0.9450736066486901 169.5437084971159
-0.8284708847982506 0.4331753338577636 -0.3550226670930572 695.6306816687921 0.44881706461709303 0.8926663189251082 0.04181484385231462 -131.51283890090355 0.33504063431598985 -0.12468437908518293 -0.9339550687244467 168.86803726544167
-0.8171872871367933 0.43395762342711075 -0.37938309708437024 695.3150159375107 0.44806332709577557 0.8922975729127143 0.05552102678822225 -131.46447350800685 0.3626266997308399 -0.12460327955009214 -0.9236048290378571 168.20303499915374
-0.8081611807898716 0.43292679653856503 -0.39936926973533116 694.9795745367423 0.44439822375674104 0.893193111647206 0.06895309246308456 -131.40404873052867 0.386575772919825 -0.12174025074919574 -0.9142256706038496 167.5110328072432
-0.8009290643770249 0.4298208482190791 -0.4169087885928222 694.6322166149891 0.43829861807422765 0.8952033230920564 0.0808968528752164 -131.3362251721926 0.4079993286842276 -0.11792426056464746 -0.9053737938757632 166.81620491741464
-0.7942130861532314 0.426984639868886 -0.43238486356571626 694.268700871117 0.433559827829847 0.8967268276901915 0.0891470525561171 -131.26410168252949 0.42580624726040506 -0.11664836991936171 -0.8973045082203301 166.12396015624878
-0.7869196010632142 0.42572004872213587 -0.4467284968622698 693.888668805932 0.4300819412307775 0.8975101396082612 0.09769679392513714 -131.1836540380761 0.44254483505422315 -0.11523629448185477 -0.8893520077669828 165.43060844063507
-0.7793853363114279 0.42358385340060545 -0.4617153810873296 693.4951798814056 0.42545176520761163 0.898734526637623 0.10632999683538319 -131.09566569746315 0.4600087644416415 -0.11355168465812099 -0.8806641503565205 164.73762745135372
-0.7724102549758478 0.41901596466781454 -0.47734096731495357 693.0819299475762 0.41724691685299975 0.9013737564624854 0.11605963468309669 -130.99632101139798 0.4789030892612399 -0.10950933839343331 -0.8710525021100062 164.02815349314164
-0.7648465717924192 0.4147431437550173 -0.4929950966158872 692.6514777435438 0.4086366878981879 0.9039159488864377 0.1264600542700652 -130.88757706882944 0.4980841224009111 -0.10471927848996752 -0.8608252945664979 163.3216894169074
-0.7552625088895217 0.4144032764850304 -0.5078335301762299 692.1983693592638 0.40392401045431997 0.9044499015163406 0.1373167480193421 -130.76723805396077 0.5162235081758886 -0.10140200256789703 -0.8504730763661061 162.6227967261334
-0.7456368508637263 0.4120922789081678 -0.5236905963029629 691.7343379413973 0.39552540425398813 0.9061620653212533 0.14989744305276861 -130.6353779990418 0.536328544488715 -0.09535017355007543 -0.838648752465529 161.92729321642355
-0.7352619745082576 0.4097335365957102 -0.5399581194311257 691.2493244310108 0.3864526244772652 0.9078715995309129 0.1626739927310251 -130.4905027062113 0.5568736310339726 -0.08904634056999057 -0.8258539770370855 161.23693434446406
-0.7234856814180972 0.406096200687492 -0.5583017300413837 690.7565945048493 0.37784386750249077 0.90975655558448 0.17209291024713957 -130.34471265976063 0.5778124433141248 -0.08643039415027963 -0.8116245334836197 160.5773621606545
-0.7097225252820616 0.4052732451479111 -0.5762757635679423 690.2348568599851 0.3723608179449762 0.91018765504764 0.181506548193689 -130.1809828136572 0.5980862435731134 -0.08574973049929235 -0.7968762056135961 159.9117762881985
-0.6954447774792515 0.40476350165664143 -0.5937754931554711 689.7283858094956 0.3669024779734588 0.9104782627491794 0.19092049522483365 -130.02101623998126 0.617904653467469 -0.08506942298970835 -0.781683409884561 159.30630354004344
-0.6808538287178955 0.40514979679143304 -0.6101955735523699 689.2118978659951 0.36093934135548905 0.9105136579159717 0.20180987575184334 -129.85134045275134 0.6373617099514537 -0.08282696783908587 -0.7661483903646344 158.71468226296065
-0.6664363634265181 0.40728056603268703 -0.624525213949577 688.6762563641158 0.3572296307780705 0.9096562030903607 0.2120180818953764 -129.6710215908605 0.6544609118191104 -0.0817888067810884 -0.7517076623064386 158.12530738856327
-0.6540068745755501 0.40916579555775384 -0.6363212624211012 688.1236059064706 0.35462750699184153 0.9088057373062852 0.21988821687886534 -129.48341309643436 0.6682700016836327 -0.08183527258509755 -0.7394534921876932 157.53360070219142
-0.6447615858917937 0.40995011032309336 -0.6451895609868121 687.5447903662939 0.3510218466670921 0.9085790910821011 0.22651177996153884 -129.2855087331698 0.6790712810896422 -0.08041644898020672 -0.7297049516457447 156.91876459384218
-0.6393987438158677 0.41012895352165457 -0.6503918788549055 686.9305942460385 0.3477439165302247 0.9086768027082247 0.2311284777730466 -129.07325987445344 0.6857953986604355 -0.07837358751870091 -0.7236132637462545 156.2633904057197
-0.6362551455176683 0.41119595942255915 -0.6527964834876779 686.3096641185402 0.34492984306422764 0.908482355613234 0.2360572937523796 -128.8525539570881 0.6901266134869195 -0.07496353540495933 -0.7198470016023345 155.59433680481598
-0.6356383196009814 0.41029718808489385 -0.6539618263658433 685.6884593137999 0.339769461419223 0.9093254310053566 0.24025807821084802 -128.6264982236976 0.6932477844567079 -0.06946625488108782 -0.7173954547352223 154.90815455052777
-0.6382830095445466 0.4069919370252427 -0.6534511460091865 685.0768472143087 0.331867405620566 0.9113860657380127 0.24347364267671912 -128.399597777551 0.6946445124314471 -0.06144121710818302 -0.7167765218561938 154.2173959237578
-0.6407999017763852 0.40198561614252415 -0.6540864355706895 684.4254279481379 0.3263232588929678 0.9138032738235575 0.2419016475891501 -128.1632238279918 0.6949538377782695 -0.05842007669666817 -0.7167292811415286 153.48839460790492
-0.6431907570511585 0.39591082866770855 -0.6554434872747977 683.7792107003833 0.3243651707675628 0.916260240899778 0.23514627949428912 -127.94390879075839 0.6936607757085431 -0.06134571875188374 -0.7177367995178954 152.7739011527447
-0.6458435072097859 0.38954245072242377 -0.6566498554695928 683.0946982910866 0.32412605246935716 0.9186077692669303 0.2261450495379397 -127.72462438001254 0.6913034803885916 -0.06676927117303288 -0.7195249783755406 152.02150651852736
-0.6498111063265548 0.38353348442286794 -0.6562725296806474 682.4268996676118 0.3227446709256815 0.9209129599132785 0.21861964124655725 -127.51654598943074 0.6882247663224409 -0.06973314461042113 -0.7221902035485822 151.27576987634046
-0.6538091730202038 0.38219942703289866 -0.6530728614949942 681.7779863475182 0.3239564723916939 0.9213661546734866 0.21488618033733528 -127.31184926494551 0.6838556104063674 -0.07105864964043572 -0.7262006204877425 150.55446914526567
-0.6582605925108337 0.38134685761626497 -0.6490880149754517 681.110294305131 0.32300105796607526 0.9218954306804882 0.214053482012956 -127.09516360607908 0.68002668032258 -0.06873907983919113 -0.7300098622882683 149.79021935345915
-0.6616313918486052 0.37729760949727553 -0.648025941799487 680.4308584529886 0.3192067772542248 0.9237134487513895 0.2118962266502827 -126.87869045391425 0.6785455690788211 -0.06664307077837948 -0.7315804705560167 149.0066552007311
-0.6632993978247158 0.3712791342915702 -0.6497947660037705 679.7456288371534 0.3162656318735243 0.925999678896868 0.206253445736659 -126.67246721468038 0.6782942722796127 -0.0686862248998028 -0.7316243749701725 148.22791585026476
-0.6633686506426222 0.3663975999197973 -0.6524888658384838 679.0478076219368 0.3143836268177649 0.9277243330957735 0.20132180220834098 -126.46875099069551 0.679100565583171 -0.07156766109305134 -0.7305993105384513 147.45307070010617
-0.6645651936946477 0.3634075558843821 -0.6529433405657431 678.3686992949765 0.31112022063367156 0.9290230327540371 0.2004013613262549 -126.26647961069683 0.6794334531677751 -0.06995059479667504 -0.7304463387739873 146.68601043151176
-0.6652695142554232 0.3621147643127077 -0.6529450631596669 677.6789513626206 0.3097669094200592 0.9295804023526903 0.19991357925116995 -126.06109180323942 0.6793628252383117 -0.06925076718132221 -0.730578800409201 145.91148816927287
-0.666802746895966 0.36284964640038264 -0.6509707931500828 676.993750862162 0.3100650137359801 0.9293726603957935 0.20041852181255587 -125.85328221498578 0.6777222576270009 -0.06818999329781818 -0.7322008952090134 145.14090746248704
-0.6675959640653306 0.3635157464385428 -0.6497849281167778 676.3015975170999 0.31010474728553805 0.9291873116926086 0.20121403912962593 -125.64252808729991 0.6769225582372146 -0.06715796129325909 -0.7330355026361168 144.36197364754716
-0.6702771452653363 0.36379741620140615 -0.6468602443731908 675.6110359394174 0.30925083170811746 0.9292640009314144 0.20217098012102697 -125.42905378241969 0.6746596421061588 -0.06451769581169266 -0.7353546620605199 143.56984125032233
-0.6724315240250281 0.363380118149805 -0.6448547743782344 674.9293759509223 0.30935958252340257 0.92944798111936 0.2011553655187998 -125.22163895667164 0.6724615549133095 -0.06421527885213306 -0.7373914359415732 142.7903850126235
-0.6749591596772933 0.36284930154428263 -0.6425075460484599 674.2461661753592 0.30998698108960326 0.9296280071902487 0.1993480107989039 -125.01596499038277 0.6696336911976788 -0.06460396580304782 -0.7399262479907746 142.00511450351507
-0.6776690654601703 0.36256416239742384 -0.6398108336949125 673.5639728006986 0.3103440467879168 0.9297634729511826 0.19815921820470128 -124.80964070424193 0.6667251717212117 -0.06426171704785408 -0.7425778135493354 141.21121989331348
-0.6801248450753185 0.36454278047460964 -0.6360696829625472 672.9073357721037 0.31310465859742825 0.9289555149585347 0.19760398503630605 -124.60816609427725 0.6629226843348577 -0.06474750907200386 -0.7459322270031125 140.44470081616305
-0.6833490640798082 0.36355191419452876 -0.63317438420313 672.2411908589704 0.31363150169258724 0.9293082722549891 0.19509356695337604 -124.41011874080812 0.659348390950096 -0.06525302414239058 -0.749049643118614 139.65619830512992
-0.6858925071104228 0.3607441967237109 -0.6320283649538646 671.5776970824094 0.3125367948337456 0.9303532152726003 0.19184089003168217 -124.21771412486798 0.6572234099262622 -0.06593630135193121 -0.7508547623826612 138.86502655356233
-0.687596301695678 0.3601714073835432 -0.630501620178976 670.9193609056499 0.3130174281983563 0.9305300325572647 0.19019262076723556 -124.02647115392323 0.6552112148906749 -0.06656873194144479 -0.7525557015296096 138.08262346559596
-0.6887536052788712 0.3607078096835755 -0.628930492791167 670.261638385586 0.31246607504743235 0.9304579553361594 0.19144769607694184 -123.82899956472741 0.654258612116281 -0.06464575824236965 -0.753551814755404 137.2910822167554
-0.6890191161551278 0.360630849238196 -0.6286830050565199 669.6209644318727 0.3120872728127323 0.9305265966812422 0.1917317756195481 -123.63563360563808 0.6541592783746986 -0.06408361033003736 -0.7536858818952735 136.5220242222104
-0.6898947467361907 0.3575203042555477 -0.6294989900566318 668.967285240494 0.31009667089192544 0.9316905610386735 0.18929389402021407 -123.44750004555569 0.6541832790590688 -0.06459905146227952 -0.753621263710428 135.7386670692674
-0.6901286495271012 0.3547785382682405 -0.6307924987462858 668.314506513733 0.30918025573799335 0.9326063290432277 0.18625880736205572 -123.26484717874477 0.6543702790995066 -0.06647255819690881 -0.7532957618411417 134.96798698890314
-0.6906739641942714 0.3546115120072363 -0.6302899783411118 667.6798077122622 0.30759489097537696 0.9328305546785891 0.18775568209666796 -123.07931971468851 0.6545423085476245 -0.06418263166729993 -0.753345152497718 134.20779768690028
-0.6902986449153063 0.355086675200088 -0.6304331861356883 667.0282698592398 0.3063907206494535 0.932793465004084 0.18989707296076686 -122.88647428180698 0.655501894150961 -0.06205965567750033 -0.7526878605682151 133.43321415746556
-0.6909271484914897 0.3531252695530016 -0.6308462478854886 666.3782863554651 0.30428443681803746 0.933598983036856 0.18932467389931118 -122.69721359789902 0.655820619282401 -0.06113349185487498 -0.7524858317555 132.65770528710482
-0.6909666406508369 0.3507614562373906 -0.6321202167606844 665.7350767156507 0.3039652506210412 0.9343334660226617 0.18618926723398874 -122.51749454186661 0.6559266547445374 -0.06347861713369957 -0.752199113862367 131.9062126445963
-0.6905939107799748 0.3506106346877871 -0.632610057700411 665.1098449664695 0.3051127596706591 0.9342537769975544 0.1847051046422968 -122.34209921008623 0.6557857107757147 -0.06544796261409525 -0.7521531229181326 131.17434493504933
-0.6910780702500109 0.35003509194343885 -0.6324004472680247 664.4767907548384 0.30456632103740255 0.9344904085075699 0.18441071708352533 -122.16265041458303 0.6555298938770817 -0.06515243016659805 -0.7524018825634001 130.42175805183197
-0.6915353610998223 0.34978870737766954 -0.6320361249047864 663.8457860887482 0.3048660843866513 0.9345453105401608 0.18363508996495936 -121.98591741569776 0.654907600178956 -0.06568308025505805 -0.7528974383088579 129.6756068861346
-0.6930380463737733 0.3471911442571335 -0.6318239670495872 663.2402863370098 0.30417179639842573 0.935408194975676 0.1803657305203397 -121.82181953757063 0.6536416471564033 -0.06716953276091087 -0.7538662293930193 128.95493413775088
-0.6948692389429386 0.3473551865767207 -0.6297197799084696 662.6185300985398 0.303854492809651 0.9354470904489413 0.18069912010119393 -121.64592409321985 0.6518432920556061 -0.06576776630001578 -0.7555453056584254 128.20518314940057
-0.6965392119711037 0.3487467781420258 -0.6271003915882387 662.0007099374964 0.304285677950361 0.9350507941188034 0.18202137332607096 -121.4683045943547 0.649857266311561 -0.06401978432960949 -0.7574044540983426 127.4579592283377
-0.6981485214762976 0.34798641936707797 -0.6257313049706039 661.405622018575 0.30382866575396594 0.935361989090302 0.18118372711088399 -121.30126887148916 0.64834206047114 -0.06360917590895672 -0.7587363706747424 126.73305124236785
-0.6997572678896878 0.34390022882202204 -0.6261920617943159 660.840855917159 0.3020037118871726 0.9367579320171484 0.17697165221713607 -121.15081166998075 0.6474590122433292 -0.0652624199834076 -0.7593493426010676 126.04674648938746
-0.7009012174875597 0.34282141271039845 -0.6255039410014572 660.2876347326817 0.30149120733960805 0.9371462798330651 0.17578558569899425 -121.0015019215283 0.6464598298061175 -0.06536285862674905 -0.7601916942491612 125.37303224503565
-0.7011200106165443 0.3425452378489618 -0.6254099192247181 659.7445060825706 0.30149252923162073 0.9372297887145656 0.175337284979625 -120.85306352540483 0.6462218005125281 -0.06561125378000675 -0.7603726570474681 124.7153809064172
-0.7013693603354035 0.342160448047887 -0.625340939914271 659.21674163586 0.30105348375685503 0.9373893490392021 0.17523910122102784 -120.70702600612586 0.6461557279277952 -0.06534093483131762 -0.760452037562412 124.07258028312388
-0.7024191483959666 0.33958041321242255 -0.6255710419199554 658.7115242875645 0.2986083064898679 0.9383854746500376 0.17409033964445242 -120.57052896910845 0.6461511250379139 -0.06450330523064692 -0.7605283460797266 123.45255737672925
-0.7031779230797638 0.3380435455878798 -0.625550037298596 658.2446497997676 0.2972360143585089 0.9389694644253708 0.17328727687101794 -120.44467839684127 0.6459583176652318 -0.0640715506255101 -0.7607284513594815 122.87871449221244
-0.7027209361978805 0.34038380391632644 -0.6247943333624253 657.7709284124618 0.29922243338102034 0.9381085532928488 0.17452812574255525 -120.31030048383774 0.645538785787474 -0.0642954882154681 -0.7610657939791937 122.29767710462097
-0.7025955891055451 0.3427097945114579 -0.6236628307457522 657.2989554998613 0.30071574830235864 0.9373032363632458 0.17627897502327394 -120.1750054524238 0.6449810998658272 -0.06367995795839361 -0.7615902016733178 121.71407928099306
-0.7040162610122824 0.3424268623969656 -0.6222145721657826 656.832498590192 0.2992449223385178 0.9375653390377402 0.17738497764856484 -120.0417797124636 0.6441155377130179 -0.061300167117409016 -0.7625175253864388 121.12932622849297
-0.7044919811965984 0.34163788027526515 -0.6221092765145196 656.391788492111 0.2984663400570801 0.9378768644607423 0.1770503037656488 -119.91900866790749 0.6439563549775816 -0.06093599162559147 -0.7626810781108188 120.58086916578601
-0.7045803781492361 0.3414530399420767 -0.6221111286453763 655.9820327731458 0.2985336792066161 0.9379254489458516 0.17667879909896567 -119.80516030873918 0.6438286178387191 -0.06122446851145691 -0.7627656614125452 120.07404538442749
-0.7049510072440379 0.340569200510357 -0.6221765013657558 655.5829662325498 0.2978198415802764 0.9382539093758514 0.17613858668551735 -119.69541501661581 0.6437540034191279 -0.06111500454243471 -0.7628374834159125 119.57629068127272
-0.7049820897576564 0.33893564018879835 -0.6230338375477332 655.2114135005755 0.29827659335894124 0.9386689879650217 0.17313016594338834 -119.59757025142791 0.6435092086011587 -0.06377011502790898 -0.7628270647344806 119.12049534630887
-0.7044822290684041 0.33888673499735733 -0.6236249723798607 654.8593810504167 0.2997501031478291 0.938519140568526 0.1713867516323629 -119.50385806825658 0.643371792420711 -0.06618020313956363 -0.7627376253924807 118.68796403247812
-0.7037383406584876 0.3397108566677751 -0.624015901910241 654.5348673367592 0.3015044342228137 0.9380887932209009 0.17066349037521783 -119.41670594262304 0.6433657579211143 -0.06802857984206068 -0.7625798945471841 118.28693991999613
-0.7040421034606076 0.33774646195156066 -0.6247387465602124 654.2283653466519 0.30151818225313165 0.9386281143972814 0.1676458152282029 -119.33988049889699 0.6430266640103512 -0.07032785494007163 -0.7626570717228848 117.90811872288964
-0.7051884325504717 0.3344238849237754 -0.6252332130829708 653.9327662492585 0.2982399257997801 0.939904602038697 0.16635249804217353 -119.26295539204104 0.6432991884325563 -0.06914688037657013 -0.7625352421392887 117.53121403844153
-0.7057940030439639 0.3330030273796881 -0.6253082465466041 653.6600025881331 0.29667484052476667 0.9404667253353336 0.16597369873536297 -119.19101885853519 0.6433586209323494 -0.0683572142584306 -0.7625563639447629 117.18553545234857
-0.7053423311367794 0.33456007107716695 -0.6249866598595701 653.3913457526559 0.2985181555937002 0.939842599183035 0.16620251957835722 -119.12012014766279 0.6430013308352259 -0.06932743313936444 -0.7627702686556261 116.85791448276977
-0.7031329145699776 0.33812502967370694 -0.6255581813863621 653.146191644843 0.3044794374469119 0.9381669083323273 0.16485378479108037 -119.05725848145893 0.6426266433422629 -0.07454316733447572 -0.762594631753062 116.56046073072919
-0.7030073023499065 0.3374889632749047 -0.6260430995794966 652.9287613360189 0.3045432316511687 0.938323051742038 0.16384585084763345 -119.00374927124521 0.6427338611932225 -0.07545983339251118 -0.7624141283920852 116.29061666995938
-0.703447947938219 0.33602374014887243 -0.6263363731427211 652.7320518648575 0.30369790383350553 0.9388178866747086 0.16257475032174173 -118.95703952444042 0.6426518653179194 -0.07584147891090041 -0.7624454048021785 116.0437114293032
-0.7039064128375375 0.3354896019118929 -0.6261073615147346 652.5509632744092 0.3033190163487554 0.9390152209393194 0.16214270615281076 -118.91359824423188 0.6423285079767401 -0.07576448005649612 -0.7627253610158881 115.81484495021235
-0.7036327842970944 0.3357850702746597 -0.6262559231365109 652.3840386755467 0.30371085072997145 0.9388837242912907 0.16216981142499473 -118.87120215834554 0.6424427874626409 -0.07608035605749829 -0.7625976431556261 115.60825848589272
-0.7035520162262705 0.33572577978675594 -0.6263779743783621 652.2352645583851 0.3037659850948233 0.9388898490972669 0.16203022169740752 -118.8347764320246 0.6425050012011532 -0.07626329385439062 -0.7625269412112397 115.42244695070343
-0.7038435448406861 0.33336550126244563 -0.6273111097450159 652.1080057122003 0.3038160085901346 0.939496089122495 0.15838153557051843 -118.80828098552537 0.6421622953165728 -0.07909902775805733 -0.7625267220304274 115.25916644745716
-0.7039654897759383 0.3313968757467272 -0.628216866704975 651.9784143612869 0.3040737579245102 0.9399593378393633 0.1551055915004535 -118.7810827094068 0.6419064987651872 -0.08182313041379925 -0.7624547945917933 115.09547145020534
-0.7037096313295641 0.33113361455777063 -0.6286413069875115 651.839639959645 0.3046227431721656 0.9399452385581744 0.15410945066706727 -118.74925291886203 0.6419262056766799 -0.08303809062133273 -0.7623066427193465 114.9247284887027
-0.703653015763864 0.33108107559826677 -0.6287314528249721 651.6990342176258 0.3048523015916999 0.9399262988432127 0.1537697862957879 -118.71720253963726 0.6418787772866344 -0.08345763562487299 -0.7623005065735843 114.74856263857353
-0.703579107054681 0.33115389333209294 -0.6287763816453993 651.559528078429 0.3050045786082908 0.9398863213108737 0.15371202138067583 -118.68489269974943 0.6418882214246849 -0.08361898993857622 -0.7622751024367801 114.57459235518853
-0.7035378336844136 0.33097876584328667 -0.6289146130437767 651.4214875617897 0.3049586037522893 0.9399338186715637 0.1535128967917869 -118.65380107633305 0.6419551238461004 -0.08377864161347646 -0.7622011557010864 114.40370647674078
-0.7035799814807884 0.33049277508844693 -0.6291229560123979 651.2939379320405 0.3047935129237503 0.9400752098109922 0.15297437448267048 -118.62572556244213 0.6419872657540179 -0.08411082878515877 -0.7621376363900612 114.24569561045514
-0.7039906476956708 0.3292642051990279 -0.6293068052158383 651.1513344429441 0.304083448503688 0.9404789685322601 0.15190107916248238 -118.59519162659785 0.64187318975341 -0.08441268456540227 -0.7621999923030474 114.06659876639492
-0.7041717144980758 0.32875568343364725 -0.6293698729895654 651.0132530320567 0.303669692702221 0.9406613923609438 0.15159714622171314 -118.56457817897085 0.6418704250518947 -0.08435811830001516 -0.7622083409554251 113.89387230752938
-0.7041257845161333 0.32871919282992357 -0.6294395021653219 650.8556998991867 0.30363244438048637 0.9406731953483245 0.15159677448090067 -118.52824403938766 0.6419382520321543 -0.08436305967884869 -0.7621506843277991 113.7045835784279
-0.703822137999573 0.32904395252834 -0.62960926563158 650.7233457332712 0.3040955937336314 0.940524139449512 0.15159234011281753 -118.49790132427017 0.642052071004027 -0.08475538923237465 -0.7620112806291707 113.5452930739853
-0.7036707231648672 0.3291918853276963 -0.6297013583988489 650.5911615554004 0.3044414545464685 0.940438040957281 0.15143249572470924 -118.46819799591124 0.6420542460987505 -0.08513646815570704 -0.7619669891449475 113.38275557076895
-0.7036224807882303 0.32902373976392113 -0.6298428120881576 650.4650761452895 0.30440340066342153 0.940481756142516 0.15123613783150608 -118.44004160052978 0.6421249790136906 -0.08530091433389154 -0.7618887227990315 113.22780034204379
-0.7038751299929249 0.32818696324099356 -0.6299970835978445 650.3355986896835 0.30370802657001783 0.9407826252849709 0.15076132680707097 -118.41152630157892 0.6421772181547786 -0.08520570827988617 -0.7618552889851478 113.06626704881629
-0.7041512778251555 0.32736056228318633 -0.6301183707985951 650.2138244380745 0.3030392016008964 0.9410774216599062 0.1502661392913931 -118.3851467304967 0.6421904727357248 -0.08512820044354324 -0.7618527575198242 112.91359182109318
-0.7041798343398251 0.32730914507793585 -0.6301133705722762 650.0912134299243 0.3030379484818625 0.9410907463535715 0.15018547437965177 -118.35789207497679 0.6421599366731072 -0.08517861607870639 -0.7618731181405356 112.76201731678017
-0.7040550841330723 0.32746767214964806 -0.6301710636700374 649.9719542484933 0.30322621006223305 0.9410243762873614 0.15022299033204933 -118.33048565679917 0.6422084545718245 -0.0853069335779394 -0.7618180048503181 112.6156184704335
-0.7041442017866721 0.3272142860140932 -0.6302032420520116 649.8553750982368 0.3029851384735535 0.9411196052487347 0.15011267688009164 -118.30447670310222 0.6422245778892469 -0.08522912973757815 -0.7618129848480196 112.47029152770531
-0.704388903301128 0.32649048085771726 -0.6303045606305228 649.7570918168803 0.30240780007625984 0.9413760273470715 0.14966835935336759 -118.28361769889531 0.6422279097973781 -0.08517229158959828 -0.7618164151094355 112.34536888167442
-0.7049182563705879 0.3248705392273114 -0.6305502695800879 649.6598614002079 0.30131609654071684 0.9419206543791779 0.14843903325025876 -118.2639586737458 0.6421607123382966 -0.08534557914960958 -0.7618539545810133 112.22080543788516
-0.7050911023134507 0.32427881616031934 -0.6306625553524072 649.5636603419184 0.3010078469565272 0.942106558456518 0.14788596339035576 -118.24393210298523 0.6421159786826369 -0.08554900201910129 -0.7618691023435609 112.09910380529304
-0.7048581075260556 0.32447089059891887 -0.6308237905669873 649.4683491420873 0.3014173990459371 0.9419994381535269 0.147733600988313 -118.22272904183019 0.6421794713116278 -0.08599776742806779 -0.7617649738578917 111.98058874900255
-0.7043897749458436 0.32499084649886906 -0.6310793789613826 649.3746775630758 0.3023104074212975 0.9417429442045891 0.14754461094149354 -118.20151338923962 0.6422737284800095 -0.08684062488137999 -0.7615899683067502 111.86396307150235
-0.7044376319470675 0.3247804591106377 -0.6311336845117475 649.277672707985 0.30210084791649944 0.9418217654231006 0.1474697243328214 -118.17944638605924 0.6423195090034167 -0.08677045102238053 -0.7615592422194652 111.74179198412382
-0.7050994022138806 0.3249860384030748 -0.6302884927736466 649.1702205558701 0.3010223212814594 0.9419382287964084 0.14892396901587007 -118.15130374142525 0.6420996826973516 -0.0847123431173464 -0.7619761955221486 111.60061047603152
-0.7059457529723404 0.3237114384185175 -0.6299968819959197 649.0592081642883 0.29917966440280586 0.942506950759888 0.1490396797056797 -118.12161412629197 0.6420307854783122 -0.08325597009384231 -0.7621947209673289 111.45176394814388
-0.7064771690503119 0.32214941256491636 -0.6302016436206864 648.9725733342418 0.2979377172201542 0.943052437216351 0.14807373233497353 -118.10203079683586 0.6420235179838226 -0.08313760681503762 -0.7622137452757543 111.34080654977147
-0.7068247638534768 0.32074174682784157 -0.6305295704138489 648.8867201847664 0.2977491745806307 0.9434163190665495 0.14612333228366553 -118.08452341761931 0.641727951820254 -0.08444355688381758 -0.7623190456312956 111.23176748055596
-0.7069433547424742 0.32017005400991266 -0.6306870745616322 648.7983878900084 0.29793923146135187 0.9435268855599163 0.1450185558959479 -118.06612915781501 0.6415087695632605 -0.08537398009682089 -0.7623999314851049 111.11968143459835
-0.7070131124114436 0.31987502137156354 -0.6307567735573707 648.7024282807602 0.29776814138953706 0.9436189726942584 0.1447676072003954 -118.04546913139615 0.6415102402151329 -0.08545429620950759 -0.7623892292440413 110.99891977793233
-0.7071248455753525 0.3195142825675425 -0.630816572812433 648.6170759079894 0.2975813347743936 0.9437307337443726 0.1444266800221107 -118.02778369353607 0.641475105191597 -0.08557886279416661 -0.7624052797836892 110.88984023477919
-0.7073458295502032 0.3188153554557085 -0.6309222267164681 648.519143001177 0.29746388543598323 0.9439127362748435 0.14347669484424083 -118.00810309278386 0.6412859813572627 -0.08617633061585042 -0.7624972148290878 110.76600299788493
-0.7078447037577794 0.3173092710142232 -0.6311210067353612 648.4149019484605 0.2967276501361215 0.9443679208556747 0.1419985218133685 -117.98763277653998 0.6410760927255122 -0.0867457176164981 -0.7626090294203081 110.6331308111154
-0.7084182015360238 0.315374099419249 -0.6314471906288834 648.3184497843137 0.2968154343801936 0.9448038908143216 0.1388811184077153 -117.97060821029609 0.6404016472975953 -0.08902497905959646 -0.7629131190138821 110.50801998912968
-0.7090748667341666 0.313123393152992 -0.6318305932275994 648.2096675224692 0.29725619008060095 0.9452492733017102 0.13484912118567036 -117.95279233319756 0.639469989094109 -0.09218468107606201 -0.7633192195615441 110.36731279010176
-0.7100520248857779 0.3109040198357782 -0.6318279230308017 648.0817832082926 0.297333160579989 0.9457349017976638 0.1312225945444458 -117.9313225224439 0.6383484059660203 -0.09467609517834226 -0.763952646782068 110.20178116152147
-0.7120059051932001 0.3079988126007254 -0.6310520512320844 647.9213832268439 0.2958137254268515 0.9466182683345933 0.12825474577568824 -117.90431224625797 0.6368765387383222 -0.09534309119053613 -0.76509764328952 109.99136738723853
-0.7151869539750141 0.3051338187670222 -0.6288423883200481 647.7543628418125 0.2944989147388934 0.9474877558913497 0.12481332425923844 -117.87743201116798 0.6339143176115738 -0.09591598154059433 -0.7674822403622646 109.76948309873522
-0.7193769761644717 0.30514990795250657 -0.624037263529728 647.5730928230075 0.2957538967149771 0.9474193327811493 0.12234128167401309 -117.84709611651559 0.6285664252063388 -0.09653940298605157 -0.7717905787606321 109.53068951368729
-0.7232083599826717 0.3055606222465087 -0.6193897225718279 647.3817664858345 0.298732359930668 0.9469893408899308 0.11836819221143019 -117.81577761531915 0.6227334823371928 -0.09941448501313462 -0.7761414033711329 109.27490916799664
-0.7279107081727624 0.30410456122726914 -0.6145799870749399 647.1753571777085 0.2999136092816903 0.9472149674877839 0.11347766676985914 -117.78438718135718 0.6166575588159777 -0.10170678853121728 -0.7806825978988627 108.99288577726826
-0.7334814418553208 0.30216746297395236 -0.608887237403768 646.9366533498657 0.29895467652024305 0.947896352359505 0.11027479367580584 -117.74628429908829 0.6104918190277998 -0.10113235617550477 -0.7855881462117579 108.65625153470147
-0.7382089711941366 0.3029509647320205 -0.602754769359548 646.6966948272095 0.30179593134388844 0.947420364863183 0.10656461809266232 -117.70775293375159 0.6033540497153087 -0.10322899141481702 -0.7908124457796142 108.31945511239493
-0.7425664967889408 0.30486051865419755 -0.5964056761262453 646.4490563664231 0.3053796508348573 0.9465955443889926 0.10364408914645744 -117.66647932821714 0.5961601837385405 -0.10515449145767067 -0.7959974666139941 107.96514617779216
-0.747752939340975 0.3061518888349732 -0.5892214812592926 646.1827141431838 0.30730146517503926 0.9461904542043839 0.10164474725517876 -117.62047665740936 0.5886425025323947 -0.10505043908395531 -0.8015866040668903 107.57330609764753
-0.7531869226154762 0.3071993104094311 -0.5817078589679621 645.9043878139549 0.30879782620807666 0.9459098863604103 0.09970499200764787 -117.57299428055829 0.5808804346865417 -0.10452052040695536 -0.8072982784095043 107.15406283422728
-0.758914660292238 0.3037937648516615 -0.5760243122319645 645.6365879202682 0.3078517316174062 0.946826222781131 0.09375579777911273 -117.53835724215655 0.5738852948291279 -0.10616434412468471 -0.8120728161206299 106.74105664652558
-0.7639544895712572 0.30378560831136425 -0.5693269354942236 645.3712126797858 0.309183136464268 0.9467299893410561 0.0902819361699723 -117.5019237086205 0.5664335146283338 -0.10704193996171964 -0.8171732132814353 106.33148089202498
-0.7679883899801192 0.30708690892914303 -0.5620823272681534 645.0794248940225 0.3117192706946697 0.9458445875145033 0.09083846894253084 -117.4510311597944 0.5595463506267782 -0.10543603990573111 -0.8221116789270922 105.8753288344412
-0.7719876396325953 0.3103042049625217 -0.5547897360067693 644.7822731796826 0.31489253126289823 0.9448451543213093 0.09029572935914477 -117.40070061803578 0.5522181383454049 -0.10497935604848246 -0.8271101170762236 105.40460623281481
-0.7765343569745241 0.31139714029683785 -0.5477879780227105 644.4853286310638 0.31611261866037904 0.9445760974930716 0.08883822292688931 -117.35256650794216 0.5451000371206138 -0.10416423521850973 -0.8319210860412983 104.92056189832059
-0.7808132683117652 0.31047977609905886 -0.5421979145427912 644.1635273578856 0.3137154563512818 0.9453095463753503 0.08953326216219706 -117.29808565359484 0.5403515694206342 -0.10017468993447415 -0.8355012491551512 104.38364076383684
-0.7840605048750029 0.31151731812351885 -0.536891132327038 643.8239565448171 0.3136207737637429 0.9452535690760554 0.09045337037144616 -117.23806591928492 0.535684684764701 -0.09744698455223985 -0.8388229083658144 103.82565712066653
-0.7874602391894534 0.30922198692660796 -0.5332286332458922 643.4841932533316 0.31131885956519606 0.9461581439490752 0.08892960866143557 -117.1830569330183 0.5320272840364192 -0.09596307837043846 -0.8413172515224504 103.25870115752028
-0.788332783270178 0.3084951136658566 -0.5323610571566315 643.1314165659542 0.31037467542264546 0.9464758068419034 0.08885427932111763 -117.12392495541582 0.5312871498438135 -0.09517205520783473 -0.8418750381524446 102.68128035154979
-0.7904314982134463 0.3062632942192772 -0.530534402497064 642.7620459152355 0.30698596602177136 0.9475100279638043 0.08959703007649174 -117.06108551784686 0.5301365764506094 -0.09203367554882905 -0.8429482948502957 102.07027552427706
-0.7912318815439298 0.306562426214005 -0.5291663535669501 642.3801968870823 0.30762708456942395 0.9473714544298448 0.0888611754281398 -116.99966131722576 0.5285682859638421 -0.09246356999106092 -0.8438855992682851 101.455872170617
-0.7916529664716995 0.306409655821912 -0.5286253904527227 641.9928008811253 0.3075024875208072 0.9474314969566539 0.08865471361580994 -116.93690554462533 0.5280104363557626 -0.09235747313707686 -0.8442465732422332 100.8353457254173
-0.7912561479441568 0.30736815345279245 -0.5286625485278023 641.5903227715168 0.3092169882058187 0.9469569401169048 0.08775514701693005 -116.87367288539092 0.5276032829495035 -0.09402231275647999 -0.8443171517378972 100.19813908447574
-0.7932893362481817 0.30046733139314147 -0.5295819986046088 641.1744826317819 0.30560606146290104 0.9487708766910962 0.08051419068943558 -116.82238635502233 0.5266529976576151 -0.09796003321516138 -0.8444629551841721 99.52119898727852
-0.7944460606331221 0.2948809990981074 -0.5309872592221718 640.7623855055557 0.30271392348073045 0.9501684743322962 0.07475737114617395 -116.77489285612162 0.5265806003389752 -0.1013341345242665 -0.844110305840192 98.8602749862628
-0.7942442386174159 0.2942948522893771 -0.531615053775874 640.3461047585032 0.3058180480357903 0.9496245726517356 0.06879738899898817 -116.72978099611801 0.5250898271313873 -0.10792273522286197 -0.8442223507768772 98.21370486234414
-0.7930210092394803 0.2981276957945256 -0.5313052392835138 639.921399706549 0.31003343650635734 0.9482188536180512 0.06931213506981115 -116.67530970735763 0.5244661392995569 -0.10974337126461303 -0.8443752116102601 97.5436325721173
-0.7935572946311195 0.2981799794013019 -0.5304761288827673 639.4767844532172 0.3088363948087343 0.9484749280108601 0.07113406886605025 -116.61682872956004 0.5243623979178028 -0.10736831512538612 -0.844745081147258 96.82818959232885
-0.7942083294311003 0.2979225745974748 -0.5296468739406816 639.038781505111 0.307658577964896 0.948767176821279 0.0723343329297006 -116.55885886966507 0.524069456492996 -0.10548886005697286 -0.8451636959761903 96.122839076319
-0.7951005386979257 0.29832392898198107 -0.528080125869882 638.5847609717669 0.3075411069463207 0.9487604626247739 0.07292282357448365 -116.49803928366327 0.5227837454016149 -0.10441245530344047 -0.8460932275015859 95.39117908298591
-0.7955093678337197 0.2985793151370718 -0.5273202596927916 638.1334463387478 0.3079100699009957 0.9486629636013205 0.07263690251900788 -116.43942507413772 0.521944413277692 -0.10457099830849169 -0.8465918736879812 94.6666472181441
-0.7962907163026256 0.30022035106104616 -0.5252054825996314 637.6576395103816 0.3089222741132628 0.9482545610232029 0.07366699055241237 -116.37418979391958 0.5201522224414467 -0.10357459823719983 -0.847816887505066 93.89737950588268
-0.7981692116080894 0.3009056937177581 -0.5219505146568486 637.1822449920492 0.30957009325398394 0.948081534299124 0.07316940130229002 -116.31069976165516 0.5168762220705229 -0.10316591888782266 -0.8498674525775476 93.12167911178136
-0.8007047756073286 0.30122465103732976 -0.5178670904149439 636.6881645089288 0.3100021316591226 0.9480214242835548 0.07211175657167072 -116.24585708779058 0.5126786271559385 -0.10278690631163538 -0.8524519604880836 92.30578233166409
-0.8027055642266268 0.30418529679459544 -0.5130164993891344 636.1828917349807 0.3130908682508673 0.9470416400749773 0.07164161465878431 -116.17703456990127 0.5076482192717368 -0.1031009700748859 -0.8554195078257772 91.46270699624985
-0.8045907972078836 0.307538304378876 -0.5080401724202512 635.6785736803748 0.3163517057975594 0.9459594572191495 0.0716126149391865 -116.10713942908883 0.5026171555445594 -0.10308774659088335 -0.8583868958004509 90.61063020020048
-0.8062589535914788 0.3089444948696118 -0.5045306366696681 635.1889424640798 0.3185883825779682 0.945347494854342 0.06975245937547582 -116.0437719737295 0.49851483770902333 -0.10448621726195116 -0.8606073188331235 89.78171836724638
-0.8080712792112466 0.30715078912132715 -0.5027237784116132 634.7071880788588 0.3178846440633466 0.9457916869365005 0.06688447311054994 -115.98697168495472 0.4960236551963778 -0.10574795871035393 -0.8618918636004244 88.95674191717121
-0.8080274525212153 0.3069844209894706 -0.5028955723401343 634.2207278724229 0.3199962117645506 0.9453519464484532 0.06291503513136891 -115.93278462357333 0.4947352786854891 -0.11007474404137126 -0.862090501079905 88.13694766374557
-0.8093016139955689 0.30255758818519257 -0.5035291500705552 633.7385153298155 0.3167925728371564 0.9466423267985129 0.059639392131297375 -115.882583483007 0.4947145525536661 -0.11123527230801468 -0.8619533734910816 87.30733891959315
-0.8094947118600325 0.3004710681212559 -0.5044676281387517 633.2568776354282 0.31555976125871266 0.947168929531426 0.05778396588645513 -115.8346169205768 0.4951866727775522 -0.112400973112486 -0.861530975326594 86.50057035865842
-0.8103328652478885 0.2972597806491194 -0.5050236028269469 632.7817270339126 0.31250421311010534 0.9482462786345831 0.05671058172709146 -115.78648786560082 0.4957528633883742 -0.11185481563198635 -0.8612761815427137 85.69334707510446
-0.8104397098850122 0.29471441888243816 -0.506343875469783 632.30332128732 0.3100868873130155 0.949077131443223 0.056083013888375256 -115.7389155181036 0.4970954551649277 -0.11154575735637133 -0.8605428378242672 84.89035135292733
-0.810218765324786 0.29501454399423455 -0.5065238791122793 631.8183404718876 0.31010573376820433 0.9490342939664886 0.056705275347188645 -115.68704705819839 0.4974448917364342 -0.11111946109585259 -0.8603962849054463 84.08018879048983
-0.8086075911305991 0.29713740849445314 -0.5078558214222464 631.3036932976081 0.3127297849241181 0.9481656534828047 0.05682147108782983 -115.63384196516111 0.49842279198815626 -0.11286247111982682 -0.8596031521063632 83.2341227139156
-0.8077895458823785 0.29774031497034326 -0.508803299432927 630.79775946355 0.31347866426006127 0.9479076210404905 0.057001622021727504 -115.58253843690507 0.4992775884985955 -0.11344080552266063 -0.8590305460605342 82.40402580711148
-0.8074733995682972 0.2961466468063351 -0.5102332340020124 630.280778199729 0.31247685569664263 0.9483044988814983 0.05589150296001693 -115.53576174786413 0.5004157490812323 -0.11429244041140137 -0.858254890443803 81.55868504194177
-0.8066924210021039 0.2958528289875503 -0.5116374838090366 629.7707383688615 0.31324849159131174 0.9481390555570359 0.05435787320255316 -115.49030442809956 0.5011925938209651 -0.11640649791771336 -0.8575171565895732 80.73428949833526
-0.8060110417603159 0.29588505077135435 -0.5126926617414643 629.2664346254252 0.31330350856351025 0.9481064378518694 0.05461563110269431 -115.44251279633032 0.5022540163921199 -0.11659436370791047 -0.8568705233693108 79.91398549934708
-0.8050703038306181 0.29598380831298615 -0.5141132377103173 628.7525624710914 0.3135719248130268 0.94801068520511 0.0547440767225043 -115.39503504837168 0.5035949015532611 -0.11712540906319517 -0.8560110074299733 79.0849793618438
-0.8045998703421309 0.2957138030170417 -0.5150039366602763 628.2286634927574 0.3132884231965882 0.948093347352465 0.054929319761748745 -115.3456741379502 0.5045221063388705 -0.11713559358357944 -0.8554632174612664 78.23446061191868
-0.8035899052933378 0.29566534182330806 -0.516605934742736 627.6975241648274 0.313824646456223 0.9479482961317208 0.054366046203072296 -115.29795623384581 0.5057969049533445 -0.11842273009914774 -0.8545327024322668 77.38442427002441
-0.8027097707212825 0.2953302053401365 -0.5181648743092345 627.1735220686079 0.3142207121358133 0.9478686089611016 0.053463140992880354 -115.25271636937852 0.5069483598331975 -0.11988967796458257 -0.8536455148803788 76.5491188823064
-0.8019137329545907 0.29486436159950535 -0.5196604962095092 626.6607038130261 0.31492808550753915 0.9477279851550864 0.05176937206788829 -115.20769272471269 0.5077684059574763 -0.12212795792930277 -0.8528403987128083 75.73019951030852
-0.8018419233406084 0.2944300929150849 -0.5200182773846013 626.1479029347419 0.3144277543312117 0.9478898660038297 0.05184905629965393 -115.16044321917583 0.5081926172683487 -0.12192022150076356 -0.8526175464868415 74.89783130600092
-0.8017901969723928 0.29387245207432383 -0.5204135774316508 625.6297922014556 0.31389711108512997 0.9480716536755477 0.05174480884716714 -115.11486777085443 0.5086020993527002 -0.12185449723391736 -0.8523827834312584 74.05869883918369
-0.8020038767886529 0.2938200520421291 -0.5201152365081466 625.105338837073 0.3131338871984105 0.9482642643861248 0.05283512342222998 -115.06542365266453 0.5087367599801766 -0.12047845834986486 -0.8524984486989333 73.20386985943614
-0.8020101902355147 0.29332463977388235 -0.5203845346745731 624.5720876169606 0.31287435409202524 0.9483759968007364 0.052364083019187165 -115.01942772369217 0.5088859736444803 -0.1208051977478627 -0.8523628561169253 72.3427548873745
-0.8022825478044515 0.2919867649466557 -0.5207170382512601 624.0404939478368 0.3118345489354719 0.9487630989236339 0.05154931606833144 -114.9748973453289 0.509094868298194 -0.12100722820153817 -0.852209360423174 71.48104065362755
-0.8025706797057423 0.29093822361987315 -0.5208598630268121 623.5129061230055 0.3111498361479466 0.9490357801231583 0.05066034889951892 -114.93180746570465 0.5090597372290776 -0.12139383990332485 -0.8521753193155478 70.62530318763227
-0.802653924774443 0.29168319501907497 -0.5203154623819484 622.987941377275 0.3119663763082274 0.948770330285268 0.050614093072110775 -114.88534716280573 0.5084293786606222 -0.12168220680485115 -0.852510545033863 69.77205111539878
-0.8028573118984128 0.29195494959472823 -0.5198478000756108 622.448139101443 0.31237449907876236 0.9486503904100139 0.05033645810637073 -114.83872553161915 0.5078564420604375 -0.12196107508038696 -0.8528117733224345 68.89324179837395
-0.8035434780368048 0.28963415227735834 -0.5200853292802724 621.9268991736201 0.3110536034943371 0.9492043636619825 0.048017349519122315 -114.7995054044326 0.5075815677332516 -0.12317718243460916 -0.8528003411237439 68.04457651986576
-0.8040237983135216 0.28715977336967113 -0.5207149276772125 621.4044887773869 0.31081219411385896 0.9494923214422467 0.043693498065672354 -114.76497569861446 0.5069686243374876 -0.12670046840991545 -0.8526488600614701 67.20107401422668
-0.8046597728890448 0.28646291642786137 -0.5201163654524357 620.8853196545567 0.3103748978565998 0.9496732317103803 0.04286709897862616 -114.72935029426078 0.5062267765180044 -0.12692405880705285 -0.853056499927435 66.35205385239914
-0.8062965760903524 0.28655308624721565 -0.5175256621034121 620.3575180155422 0.30937235276315034 0.9499492978147482 0.043980350641565594 -114.68818892245885 0.5042325626929343 -0.12463350470415842 -0.8545740129053039 65.47578202356208
-0.8077120022221455 0.2879314572468102 -0.5145452471381953 619.8361782387896 0.30897610224052274 0.9499558719333838 0.04655480570603928 -114.64315616568675 0.5022068106405179 -0.12136628328382826 -0.856236198320681 64.60498599948524
-0.808557057963743 0.2881650152801537 -0.5130836630587063 619.311486270568 0.30879521106039665 0.949996417679525 0.046919155259238766 -114.59927359173747 0.5009553610817892 -0.12048802041868187 -0.8570925744784659 63.72881506847767
-0.8083696401377597 0.2891287997083401 -0.5128357018614448 618.7824017608953 0.31021206648729716 0.9495618121531542 0.046362402947244134 -114.55758396110355 0.5003813722397772 -0.12159679706974444 -0.8572708102072165 62.854712874826596
-0.8088591952066524 0.2884546306995265 -0.5124445134133472 618.2656477088921 0.3102837307723343 0.9496149790141928 0.04476887498871208 -114.51933100151962 0.4995459074121327 -0.12277814163663711 -0.8575897238001469 61.99638352151361
-0.8088386105099349 0.28922253699173905 -0.5120432311725955 617.742818563686 0.3115852874292139 0.9492257394019512 0.04396546159434875 -114.48000444289835 0.4987679025988187 -0.12397093884241735 -0.8578707750669075 61.130814901075325
-0.8090524235579675 0.2896168216881607 -0.511482262840355 617.2224132414528 0.3130116387664063 0.948839216866615 0.042139484888616005 -114.4441519002077 0.4975261138206681 -0.12599369237448838 -0.8582970761176082 60.269606010952515
-0.8092316341449826 0.28849643515291096 -0.5118314040965657 616.7121263152202 0.3131108032735853 0.9489070884613044 0.03980583980176444 -114.41333888383252 0.49717180738222005 -0.12803458147444136 -0.858200151772821 59.427681767774935
-0.8097638400170135 0.2870076074474264 -0.5118259318190065 616.2120692837786 0.31268036046468367 0.949141372436318 0.03753283213811296 -114.38587160434633 0.49657529195220795 -0.12963182452461813 -0.8583055528079152 58.59869747382866
-0.8107177053109559 0.2865259416576209 -0.5105840348942914 615.7130145556631 0.31183967896564996 0.9494138205005406 0.03763222994675763 -114.35372805413273 0.4955460128686513 -0.12869793339627994 -0.8590404107010817 57.75590132292178
-0.8121250405563821 0.28658308825385537 -0.5083102133434606 615.2120586708447 0.3101599105052792 0.9498681716850239 0.03998402134720105 -114.31631805402678 0.49429397884686865 -0.12517235263292453 -0.8602818603101126 56.89991021456052
-0.812623354695871 0.2876301545498172 -0.5069206713395019 614.7158327096837 0.3096001470238336 0.9499330835887486 0.042685313138183516 -114.27646882579458 0.49382622634806966 -0.12224273629574398 -0.8609714997013332 56.059801288400394
-0.8132615341711407 0.285237224087383 -0.5072499415441788 614.2191060144878 0.30747383226393726 0.9506711773435671 0.041610791577301846 -114.24326178395881 0.49410455865347985 -0.12211252839313018 -0.8608304338926442 55.21947126637653
-0.8135832282677278 0.2807951261349008 -0.5092084329785325 613.7301350269503 0.304705955272823 0.9517145728650747 0.03796062157313868 -114.21717599452684 0.49528788065045837 -0.12426169291132845 -0.8598421859433625 54.40596444306854
-0.8133772609009086 0.27910369437973653 -0.5104663485593557 613.2401041475499 0.3037331037549572 0.9520794095681318 0.03658632371437241 -114.19163617125541 0.4962231969346123 -0.1252740555243016 -0.8591559652992915 53.600245010600176
-0.8115401202899508 0.2805840368359824 -0.512574467898939 612.7456251025953 0.30646290435125706 0.9512455959065439 0.035495865128137453 -114.1640769050207 0.4975512050957215 -0.12826570454165637 -0.8579455406230182 52.80218798129038
-0.809279683088019 0.2837581531647676 -0.5143974568880302 612.2370359698283 0.3097589737908112 0.950128009511877 0.03678491667628534 -114.13125758061268 0.49918897046885347 -0.1295567172004424 -0.8567991928223563 51.9828844719031
-0.8082580324871196 0.2839876123333719 -0.5158742177309193 611.7359248624109 0.3105925641517153 0.9498755813397063 0.036271202029962916 -114.10400442241512 0.5003244646913785 -0.13089703505350878 -0.8559326056590062 51.17516652787421
-0.8073459900062394 0.2841137937250883 -0.5172311624191844 611.229558069692 0.31093226546704245 0.9497608947125972 0.036362338291719996 -114.07596191516917 0.5015846331729337 -0.13145367490167517 -0.8551094153917167 50.3614276168793
-0.8063989953368625 0.2845910080015226 -0.518445092325216 610.727022972483 0.3115341560508486 0.949552068072444 0.03666822909844553 -114.04710641955447 0.5027335894089398 -0.13193104522576077 -0.8543609905710315 49.555945363039676
-0.8056295271441183 0.28289026777343257 -0.5205683657621663 610.2272859564919 0.31013187610879334 0.9500250239686135 0.03630412772471864 -114.01819121294685 0.5048304914765205 -0.13218387063995052 -0.8530846427259862 48.74880554677955
-0.8047168340041118 0.27821391078278246 -0.5244860419898111 609.7289241885462 0.30752706159417437 0.951005071415084 0.03261921254950387 -113.99671874585783 0.5078710520811417 -0.13503091957745697 -0.8508311716690722 47.951996952990214
-0.8039999250295538 0.2715049105639791 -0.5290802885625918 609.2338844720298 0.3046562824268296 0.9521420246217651 0.025639043225298804 -113.98878614588378 0.5107281703604227 -0.1405602949728225 -0.848221196187742 47.16521461918966
-0.8031310634125517 0.2662715175587327 -0.53304465641349 608.7620763292231 0.30241953101412217 0.9529818133782442 0.02038638652756019 -113.98303633569179 0.5134174782371778 -0.14481667823059163 -0.8458783806681603 46.42669279964474
-0.8037179065343338 0.26204473112448706 -0.5342536905773632 608.3106996060128 0.2987351757702915 0.9541798676477437 0.018598819044719165 -113.9746640258281 0.5146546446356619 -0.14463882171025202 -0.8451567563691088 45.711076007788385
-0.8023568419572871 0.2649249979550513 -0.5348785556375518 607.870892690029 0.3003911605235314 0.9535943179354133 0.021701241150630192 -113.95631831407216 0.5158132041610561 -0.14324738574941157 -0.8446873519476672 45.02839569300755
-0.8013819670452573 0.2677934437697624 -0.5349120976255984 607.436546106148 0.30229446612123434 0.9529332399956197 0.024178490004801323 -113.93686866948993 0.5162170843118734 -0.14231175017695685 -0.8445990372494114 44.348477290485626
-0.8005133975003975 0.2685414934278354 -0.5358364196391623 607.0094116120212 0.30375932878528744 0.9524829173107457 0.023543175827127692 -113.9230560569923 0.5167042050299657 -0.14390566250883355 -0.8440307542043091 43.68751063931055
-0.8001274424029656 0.2681052723005382 -0.5366320141780953 606.6133832355931 0.3045142151626978 0.9522852562740755 0.02172791668001533 -113.91353167533117 0.5168586103249241 -0.14601377384558886 -0.8435741978167084 43.07685325172962
-0.7993453875513682 0.2678066661394444 -0.5379462810904896 606.2205611000524 0.3082719597676429 0.9511980778783574 0.015464095438713582 -113.91022983478109 0.5158412439912348 -0.15345908436614594 -0.8428753200017921 42.485494026898444
-0.7994052898316872 0.26570767528393513 -0.5388980833026299 605.8705026261604 0.3082213103415119 0.9512669856677923 0.011806820675488048 -113.9086304417473 0.5157791479207436 -0.1566481441676243 -0.8423266519136983 41.94191464720643
-0.7994905689509875 0.26535669074576157 -0.5389454374878998 605.5292356673009 0.30778375860988316 0.951408202532792 0.011855712841581656 -113.90316628391024 0.515908915273422 -0.15638668145200765 -0.8422959519857667 41.405133796602414
-0.7999701622070557 0.2642217705324086 -0.5387904381988864 605.1922617864645 0.306411711275419 0.9518509951650012 0.01183586266544934 -113.8979970309557 0.515981707355796 -0.15561018379644875 -0.8423949867858614 40.86922235004648
-0.7998557733251033 0.264758342574434 -0.5386962494638798 604.8627128538981 0.30705361011545235 0.9516446098336969 0.011796368256166711 -113.89251678435916 0.5157767039966249 -0.15596001820108804 -0.8424555744200154 40.35068078479071
-0.8001697403848437 0.262221682651499 -0.5394706318196241 604.5444837964543 0.306119911180134 0.95197904597697 0.008673640270037586 -113.89440160344577 0.5158450873096231 -0.15818906737263944 -0.8419982255313884 39.85456657122343
-0.8008954911983569 0.2563496155842113 -0.5412139172555671 604.2383711003214 0.30289877278884325 0.9530431570352107 0.0031773276094953047 -113.90185090958165 0.5166202472426258 -0.16137512065168894 -0.8409178671385905 39.372610355347135
-0.8019983936228826 0.2516529048099953 -0.5417839461624359 603.9535300911559 0.2988966083935458 0.9543103724517935 0.0008087346460857415 -113.90485860349881 0.5172399127019676 -0.161275447044593 -0.8405557202355206 38.91547729728056
-0.8020321666726808 0.2515398705097921 -0.541785821553538 603.6831416403883 0.298719179772044 0.9543657466645307 0.0008800191851016581 -113.90542817629435 0.5172897330238136 -0.16112268222770956 -0.840554299841367 38.49173638121725
-0.8022382403254193 0.25185663827878035 -0.5413341520793195 603.4101036309812 0.2983753998689501 0.9544721755105563 0.0018837066733230984 -113.9045551693537 0.5171692041873465 -0.1599963249993173 -0.8408437309797054 38.059576200603615
-0.8021861326406169 0.25250319330338356 -0.5411104704060554 603.1318465935351 0.2981463990132344 0.9545395190222203 0.0034243330061396954 -113.90285039017833 0.5173823928529335 -0.15856981451936655 -0.8409828472956413 37.622417603122656
-0.803345851193189 0.24921056745573186 -0.5409164758793332 602.8625210316624 0.29458677852332965 0.9556461578374528 0.0027718325249154402 -113.90516503299942 0.5176216165486567 -0.15710646917654328 -0.841110268995711 37.18450459744561
-0.8033594765549534 0.2486775960474366 -0.541140887437906 602.5971461845684 0.294075617992588 0.9558038578701311 0.002653529279700657 -113.90757289990712 0.517890584339144 -0.15699109973911524 -0.840966054321013 36.76763790381749
-0.8031795105185022 0.24863275968299323 -0.5414272997584777 602.3414312852913 0.2942311171808019 0.9557565173300195 0.00241873047271762 -113.91080989337621 0.5180803092872936 -0.15734880896870782 -0.8407821397673473 36.36886973669621
-0.8016643411975926 0.2512097940576107 -0.5424819999345707 602.0732632949631 0.29762712635265826 0.9547046275169122 0.0022707578120361362 -113.91163908414137 0.5184868078554914 -0.1596236568472862 -0.8401023726584432 35.956371563694184
-0.8008006486069924 0.2525729733258174 -0.5431246744594789 601.8340693687153 0.29944459972104537 0.9541365040998864 0.002193548980121729 -113.91370151958863 0.5187752665602356 -0.16086582599727647 -0.8396875023387096 35.581508954773405
-0.7998756719448604 0.25390442909635097 -0.5438667692807454 601.6016674749999 0.3014744152465564 0.9534981582591113 0.0017518638577815166 -113.91706717946471 0.5190268723013143 -0.1625474400846219 -0.83920815134776 35.219728877348096
-0.7998145299655935 0.25364076155661847 -0.5440795122580531 601.373052991559 0.3013288321937407 0.9535444129260963 0.001558503566649243 -113.92119866328721 0.5192053224738649 -0.16268721875281908 -0.839070539134549 34.86060065455798
-0.7994085589410979 0.253913126255009 -0.5445496030710705 601.1569712005863 0.3022437087053659 0.9532561126236146 0.000780554694685837 -113.92581530283908 0.519299401216731 -0.16394941230955637 -0.8387665972833055 34.52597704493153
-0.799267727904229 0.2540337474637029 -0.5447003872878766 600.9462322221871 0.3028361794535777 0.9530683354628986 0.00011243036557301669 -113.93060590174389 0.5191713599819677 -0.16485146836422046 -0.8386691917794069 34.195758338605685
-0.7991724223716352 0.25383832599240447 -0.544932223655344 600.7360052257707 0.3030893377392652 0.9529878073913377 -0.0005854172112890511 -113.9359817190211 0.5191713329886712 -0.16561705197788607 -0.8385185768710876 33.868035648860776
-0.7997692265655759 0.25077161299122047 -0.5454749078793095 600.5244294077186 0.30108600048588857 0.9536178137179778 -0.003047334503301585 -113.94393118600838 0.5194173846124026 -0.16665816145315887 -0.8381594500436 33.534199913167114
-0.8001692116608241 0.24820008001661117 -0.5460644040549643 600.3280064299028 0.3006217808794236 0.9537434358673561 -0.007018360746216874 -113.9538023215474 0.5190703564954087 -0.1697605884453551 -0.8377516809839266 33.22763468571604
-0.800029909058158 0.24716155034329587 -0.5467394947627617 600.1379928568957 0.30243705339537824 0.9531237016072109 -0.011681409417890963 -113.96472592220397 0.5182301797687022 -0.1746853829402196 -0.8372592680815026 32.93690059439974
-0.7995041763604127 0.248356359232779 -0.5469676566906881 599.9651533934916 0.3056844603250433 0.9520479983458588 -0.014539443799672706 -113.97375704132055 0.5171355293257269 -0.17880946028790054 -0.8370654626132422 32.66946464342504
-0.8006109277411864 0.24858813275506755 -0.5452408251576213 599.7966927196679 0.30613223651071425 0.951888374878107 -0.015531053466206165 -113.98304334873467 0.515154855780939 -0.17933576255909586 -0.838173529106679 32.39979376772801
-0.8024465879208699 0.24719459774175873 -0.5431724470143583 599.6303301836816 0.3048452038184823 0.9522765448591181 -0.016988818157017176 -113.99502441839218 0.5130579679876359 -0.17920169080871828 -0.839487676995978 32.12725119549053
-0.8035010637297926 0.24477730632383465 -0.5427081759501687 599.4709988390541 0.3028315416163487 0.9528890832722287 -0.018579032976985554 -114.00716456651261 0.5126002859224047 -0.1792630420679669 -0.8397541539810291 31.86529361881631
-0.8046776167843299 0.2421092641676383 -0.5421598752678085 599.3181266514586 0.3003281771154535 0.9536542637631651 -0.019886060804517183 -114.01867535585892 0.5122270434600773 -0.1788140480389131 -0.840076923239533 31.609023033286284
-0.8062007553585433 0.2407866195862612 -0.5404837474616366 599.1708300905523 0.29881095836828764 0.9541145885520066 -0.020659482634920796 -114.02908291021409 0.5107172769440936 -0.17814448403241084 -0.8411378304641082 31.362180674733303
-0.8071865800712542 0.24034861873349336 -0.5392069426967295 599.037375581726 0.2983439812301722 0.9542475287801856 -0.02127204472226055 -114.03982998460631 0.509432151132202 -0.17802581640058188 -0.8419421153681025 31.14078888748443
-0.8077059894456204 0.24020267902508274 -0.5384936184074444 598.9147461356346 0.29822550114185303 0.9542757780328661 -0.021656060063842422 -114.04984838520468 0.5086778086023596 -0.1780704128757017 -0.8423884204244526 30.93801131152148
-0.8082916231909681 0.240276630081102 -0.5375814764755797 598.7975845041897 0.29832095793366237 0.9542370856117439 -0.022047456098941473 -114.05964149916954 0.507690964426287 -0.1781786806009578 -0.8429606178360661 30.743627791279167
-0.808410736719969 0.24001641094949852 -0.537518415557073 598.6909480071063 0.2984230961189738 0.9541887028886348 -0.022753344005517026 -114.06904308963965 0.5074410622532297 -0.17878800407707615 -0.8429822428772591 30.567479745038344
-0.808793780242175 0.23801954318565746 -0.5378310449220325 598.5932963847815 0.29733351985678635 0.9544799788558956 -0.024728431613032655 -114.0783730826698 0.5074707840476277 -0.17990105961825478 -0.8427277753047668 30.40724084250476
-0.8093114508329363 0.2350696260008222 -0.5383484376639385 598.5018597197619 0.29526370450445416 0.9550646150393708 -0.026853939003448 -114.08713703252192 0.5078533149310417 -0.18067380236419672 -0.8423315516243284 30.25526029334131
-0.8093006546948778 0.2344128429943366 -0.5386506675171064 598.4148240662306 0.29520367425596067 0.9550530254983887 -0.027912436827750194 -114.09413213669777 0.5079051884387408 -0.18158721888899276 -0.842103808216759 30.115507556380877
-0.8091432736142377 0.23426678359435166 -0.5389494118935443 598.332265950356 0.2952811339986973 0.9550203764950496 -0.028199334574342705 -114.09969348717031 0.5081100097111918 -0.18194516969296323 -0.841902780991052 29.98352785176837
-0.8090423866827051 0.23392355239945195 -0.5392494385638409 598.2574158671175 0.2952914860040899 0.9550001872009821 -0.028759990403750154 -114.10544476335518 0.508264423982609 -0.18249042397401555 -0.8416915865637256 29.86267559597305
-0.80919409237446 0.23305201385322816 -0.5394002533883822 598.1784782456579 0.29478524156706426 0.9551324287997749 -0.029562501170322626 -114.11275747278268 0.5083172974705786 -0.1829151809325575 -0.8415675515772386 29.73402517043245
-0.8092850395747 0.2325408963606807 -0.5394838202062076 598.1143473975741 0.2944201609251279 0.9552337373896098 -0.029920920755427523 -114.11867030130709 0.5083837708895517 -0.18303573303086826 -0.84150104905651 29.627834779068046
-0.8092391477680493 0.23238962771807303 -0.5396188430968056 598.0476718743938 0.29432127644534883 0.9552622611813864 -0.029996306533448622 -114.12330247665653 0.5085148012394101 -0.18308165095600018 -0.8414120874834327 29.520848148325133
-0.8092386272459569 0.23200721220471024 -0.5397843954073646 597.9857832601493 0.2940836705507144 0.9553264494897388 -0.030279879153124797 -114.12875800265351 0.5086533932081088 -0.183231471479805 -0.8412956647244638 29.419545865549487
-0.809459503639835 0.23083768168652982 -0.539954490969003 597.9314626252673 0.2931731916721702 0.9555836433255284 -0.03098501203337253 -114.1345775234009 0.5088272316993119 -0.18336741417427788 -0.8411608751396047 29.327039607007247
-0.8097430373644794 0.22949771220548593 -0.5401010318905357 597.8766868892874 0.2920097749703308 0.9559190992974743 -0.03161455267426255 -114.13996077718774 0.5090453467931382 -0.1833005228621789 -0.8410436256916055 29.232626826158125
-0.8097324650393398 0.22920134753242383 -0.540243076760412 597.8224886101492 0.291795587187125 0.9559792347741312 -0.03177852029638263 -114.14463328656312 0.5091852718435187 -0.18335860563254214 -0.8409465271433065 29.142660802068196
-0.8096052730223792 0.229253690269755 -0.5404112369026515 597.7688168513696 0.29193770547197123 0.9559336348549112 -0.031839431727824004 -114.14864411671272 0.5093059840630757 -0.1835296186809026 -0.8408359094890012 29.055367417391682
-0.8095470422496908 0.2291331920749356 -0.5405492954299005 597.7186462165566 0.2918903075273452 0.9559447945034022 -0.03193676710120538 -114.15283036733344 0.5094256060477896 -0.18362135306894195 -0.840743491317123 28.972309922567348
-0.8096297050840904 0.2285498615085021 -0.5406725830255859 597.6772437603835 0.29143622525001067 0.9560722043392 -0.032271563639620644 -114.15716819627606 0.5095543121600443 -0.1836856078250275 -0.8406515097486589 28.900212595804447
-0.8096571203780191 0.22807970079828135 -0.5408296123229938 597.6382021222164 0.2911103040371585 0.9561608379436382 -0.032582797054298236 -114.16107541537814 0.5096966989903889 -0.1838079466390023 -0.840538285216517 28.833513671954318
-0.8096220167621332 0.22784075138308404 -0.5409830579152843 597.6004761981932 0.2909786157385547 0.9561946787805712 -0.03276598603010644 -114.16438960899266 0.509827680044039 -0.1839283959126611 -0.840432451927699 28.770102001910573
-0.809541615568226 0.22776625021762426 -0.5411352197511987 597.5640080273488 0.2909790760045142 0.9561920335791441 -0.032847821068585276 -114.16710526135043 0.5099551023153428 -0.1840363734802607 -0.8403314554909439 28.709724894782642
-0.8094807887654506 0.22761286094842148 -0.541291319591158 597.5315715830251 0.2909028922371231 0.9562117547887891 -0.032954903534000615 -114.16958668580764 0.5100956072271043 -0.1841250307503482 -0.8402267471766964 28.655468392901618
-0.8094383962217637 0.22736978112226708 -0.5414570851997423 597.4993860355488 0.29076367532523384 0.9562482259216355 -0.03312849006504165 -114.17219051151623 0.5102422812806569 -0.1842367495275223 -0.8401131489288611 28.601220567463933
-0.80941165959472 0.22710401605072209 -0.5416084301763358 597.4705279596469 0.2905759700207378 0.9563001645974264 -0.033271443003131805 -114.17434844382296 0.5103916669706816 -0.1842938461079195 -0.8400099687549295 28.5520897598573
-0.8093678888155265 0.22686827928095396 -0.5417717473146452 597.4339062474493 0.2904200581209665 0.9563430242352475 -0.03340288351494442 -114.17704516821117 0.5105491512611469 -0.18436192971823465 -0.8398991767539907 28.49291359865067
-0.8093234085116602 0.22665348504227156 -0.5419277898923996 597.4190077530632 0.29030129502847185 0.9563737077338883 -0.03355815255250388 -114.17796852634888 0.5106869948519853 -0.18446706762373244 -0.8397924888470158 28.466392211026438
-0.8092622928351516 0.22649177384119787 -0.5420850753400878 597.3978202388479 0.290204801284368 0.9563995341442263 -0.03364534858472996 -114.1789170373168 0.5108373072835467 -0.18452926844758527 -0.8396870077632004 28.431203503242596
-0.8092273215172386 0.22626220597613608 -0.5422325461950785 597.3776589284936 0.29003560647834475 0.9564468880987734 -0.03374976664861319 -114.17982036947336 0.5109883670879057 -0.18456365944679323 -0.839587263289817 28.397203828826683
-0.8091831720771427 0.22602463179865429 -0.5423972737410598 597.3609029397261 0.28986258832632666 0.9564955256294266 -0.03385643300552183 -114.18030503540011 0.5111562628844393 -0.1846022013664622 -0.8394765873998395 28.368708080773924
-0.8091452437155076 0.2257676220627597 -0.5425612045365483 597.3484627387197 0.28967030892884116 0.9565499025879711 -0.03396964579542169 -114.1803273201255 0.5113255819144704 -0.18463576604290446 -0.8393662439595665 28.346637059347678
-0.809096528268183 0.22555374531543287 -0.5427219461275357 597.337003131712 0.2895154618038411 0.9565933800740509 -0.034061093365085664 -114.18010667855408 0.5114899343952765 -0.18467074117839044 -0.839258354664724 28.326188781987582
-0.8090264800207616 0.2253781966428043 -0.5429009067072612 597.3290549527009 0.2893983886906075 0.9566267258011125 -0.034134454679402876 -114.17939417474204 0.5116681789315739 -0.1847156415984259 -0.8391402146231068 28.311648359923176
-0.8089478840808398 0.22520143960575484 -0.5430907922152514 597.3213258352247 0.28929664198254995 0.9566539113463417 -0.03422842217660034 -114.1787280619313 0.5118497737777638 -0.18478857088108 -0.8390133969457247 28.297280004052435
-0.8088781726161471 0.22500009727918074 -0.5432767699989913 597.313755050933 0.2891864166904232 0.9566822699147911 -0.03435727923372105 -114.17814990748003 0.5120213234213374 -0.18488454094603027 -0.83888732910927 28.28287306460181
-0.8088242446239438 0.22472093475654514 -0.5434720237236534 597.3078646102928 0.28903738493264125 0.9567195074737432 -0.034569769329067385 -114.17761444630182 0.5121904639876768 -0.18503028438579083 -0.8387518919180312 28.270699127021775
-0.8087595901397996 0.2244850941709501 -0.5436669434526754 597.3002086472072 0.28892354383627883 0.9567475948141086 -0.03475807312960201 -114.17703864413507 0.5123575107574111 -0.18517469425494246 -0.838618256971006 28.255951068523437
-0.8086968340955591 0.2242743545300959 -0.543847289262517 597.2901147585911 0.28879445843601104 0.9567819747530432 -0.034877572393626176 -114.17652893155677 0.5125293714318584 -0.1852512409539458 -0.8384961726400241 28.237432252619676
-0.8086232230906838 0.22411171430025587 -0.5440235342055411 597.2786312249222 0.28869600797569195 0.9568089153310811 -0.034955508460477486 -114.17604163372988 0.5127007673977854 -0.18530899071490645 -0.8383787582325546 28.217411568184726
-0.8085591837086193 0.22395085843174062 -0.5441863026123521 597.2661430105137 0.28857297145544475 0.9568449274538184 -0.03499710276519743 -114.1754515874232 0.5128719870803009 -0.18532015358694837 -0.8382716851204809 28.195907598102803
-0.8085006435015983 0.2237757412980994 -0.544344479709478 597.2516403817197 0.28843909281929486 0.9568832359369824 -0.035048646165525645 -114.17523587502087 0.5130390317266168 -0.18533268575338477 -0.8381665613994115 28.171209133147116
-0.8084271270218129 0.2236242936937003 -0.5445173967839249 597.2244301074705 0.28832158141694075 0.9569183522017776 -0.0350772221315458 -114.17678257308413 0.5132218907788643 -0.1853387368156299 -0.838053631689388 28.127801661856253
-0.808377953302345 0.22342008635804553 -0.5446737298281797 597.2184019212197 0.2881451507446205 0.9569698480178548 -0.0351165349907233 -114.17598038004651 0.5133980085190032 -0.1853179555610394 -0.837950265424376 28.115663500461206
-0.808319008613303 0.22325534504259253 -0.5448277576575089 597.1991022689175 0.2880250776462995 0.9570039515967571 -0.03517252888998667 -114.17638975194879 0.513557289672836 -0.1853401301879979 -0.8378475838854348 28.083928262688612
-0.8082527097589262 0.22309212143752374 -0.5449925725829456 597.1753623965078 0.2878925681840245 0.957042586744647 -0.035200610463433216 -114.17693256589924 0.5137357338215538 -0.18533595888203785 -0.8377390853082564 28.045802009348257
-0.808193216441581 0.2229083481971634 -0.545156023162386 597.1507303080266 0.28773194073204933 0.9570899333693857 -0.03522326156511772 -114.17743884346194 0.5139195875553804 -0.18531170873053923 -0.837631797266709 28.006372254357682
-0.8081413091525093 0.2227267112037514 -0.5453088478227932 597.1227800359155 0.28757939292069545 0.9571349688917128 -0.03526159737973525 -114.17858030471064 0.5140875602339938 -0.18530145241364993 -0.8375312888487928 27.961182833458228
-0.8081098609149454 0.22249604222608893 -0.5454489360153933 597.0930467719461 0.2873937790721389 0.9571874468381683 -0.03534370260099307 -114.18029929312416 0.5142403710546025 -0.18530602738435087 -0.8374363356310583 27.912595816189523
-0.8080628923739528 0.22226131513358524 -0.5456141625221885 597.0603103701435 0.2872198973201264 0.9572360483666144 -0.03544260783208953 -114.18234625446635 0.5144113648468477 -0.18533680408777828 -0.8373245420982726 27.859638941618897
-0.8080204017275568 0.22206325493530754 -0.5457571661057388 597.0252658418038 0.28709059432455125 0.9572706122642218 -0.03555234230025416 -114.18497711788336 0.5145499652594137 -0.1853945101630114 -0.8372264276732109 27.80262761512813
-0.8079500490622769 0.22194516986559415 -0.5459108707609537 596.986596196408 0.2870300929958844 0.9572866652435215 -0.03561682900795343 -114.18781243538149 0.5146955958600734 -0.18545498530827872 -0.8371237773067702 27.74047277661848
-0.8078500983177791 0.22186630178567285 -0.5460910119747311 596.9428853658346 0.28701149133477305 0.9572905198878171 -0.03566128383321897 -114.19084982283317 0.5148633387595696 -0.18552882607832188 -0.8370042654506938 27.671265928440818
-0.8077496407683636 0.22173242750386352 -0.5462937673556354 596.9001214559513 0.28694765437741654 0.957307020200184 -0.03572872803132247 -114.19384939796764 0.5150563249907222 -0.18560313218978516 -0.8368691039512225 27.60346020596048
-0.8076741826954884 0.22157999757564487 -0.5464674344281412 596.8527545668105 0.28685569263051425 0.9573320984690722 -0.035799004274539505 -114.1975307221631 0.5152261361586873 -0.18565651920827067 -0.8367527341361636 27.527857838263174
-0.8076478028456813 0.2213708648866838 -0.5465914214867906 596.8028017344147 0.2866890849396548 0.9573790114060283 -0.03587837688901144 -114.20178563457523 0.5153602549548897 -0.18566420364080982 -0.8366685058367981 27.447406448774597
-0.8075512282178161 0.22128285070433365 -0.5467697271558805 596.7468030931649 0.2866649366327084 0.957384142171825 -0.03593251844283533 -114.2060554912204 0.5155250424472281 -0.18574236044509332 -0.836549481268905 27.359644401164648
-0.807503680495735 0.22112521275575084 -0.5469024393264106 596.6908455696803 0.28653246277195593 0.9574222970086649 -0.03596300310944322 -114.2101594776142 0.5156722692580832 -0.18573092340026903 -0.8364610011866672 27.271381181278095
-0.8074751857651922 0.2209213882111365 -0.5470266955188761 596.6238719318837 0.2863305829660019 0.9574821996961229 -0.03597395679484929 -114.21500212582362 0.5158290703748813 -0.18566382953615693 -0.8363792854212148 27.166906052436616
-0.8074208772649565 0.22073466423411334 -0.5471821548444883 596.571316328045 0.286193334248335 0.9575207738443601 -0.03604399454997565 -114.21906676758441 0.5159902762782694 -0.18568771658999111 -0.8362745226056205 27.084364214444076
-0.8073012235780973 0.22064048068996578 -0.5473976207191144 596.5107485761451 0.2862694433974574 0.9574902269597139 -0.03625704101657606 -114.22451333174993 0.5161362270947564 -0.18595846664285953 -0.8361243575875853 26.989677793163185
-0.8069490630124099 0.22100270011366538 -0.5477699994565461 596.444322658333 0.28691306040133896 0.957290109602035 -0.03644366419080626 -114.22975946292222 0.5163290449917493 -0.18655555455769024 -0.8358719704789592 26.887238653939907
-0.8067682692517869 0.2210369751056224 -0.5480239961816902 596.3778449936344 0.2870555791047107 0.957245618467249 -0.03650076748274228 -114.23476540329835 0.5165335690266754 -0.18674580358904486 -0.8357035956553608 26.783790189704714
-0.806534228858017 0.22132607812718572 -0.5482514493848533 596.3095744480829 0.2874649554135046 0.9571222676940984 -0.036510235684626295 -114.24006246568683 0.5166711544422439 -0.1870346276298038 -0.8355538079444166 26.676991994230825
-0.8056545056276624 0.22294198589642242 -0.5488903836243684 596.2396462455653 0.28945509815612835 0.9565286979272267 -0.036351860328519066 -114.24437154054628 0.5169330077266369 -0.1881510706162679 -0.8351414018190096 26.568323063923142
-0.8047028496170301 0.22450789547013733 -0.5496478274604127 596.1699881199253 0.29138906303078865 0.9559493661620984 -0.03614377289940498 -114.24735646211796 0.5173289093065941 -0.18923136633675944 -0.8346520445482994 26.460912565009643
-0.804610640436255 0.2244676351629181 -0.549799369151564 596.1088004513223 0.2913742576744109 0.9559543427060303 -0.03613135800513251 -114.25185475044093 0.5174806859397632 -0.18925398921773734 -0.8345527117705612 26.36290440748836
-0.8045975738234576 0.22422037688571417 -0.5499189310002731 596.0495390879278 0.2911686982590846 0.9560134808851427 -0.0362214190408266 -114.25735496616775 0.5176162904621134 -0.18924789570908696 -0.8344699020370928 26.267843783275666
-0.8044944943034272 0.22406091202197678 -0.5501337307585573 595.9965180842386 0.29110010311132767 0.956030262699047 -0.03632213400669942 -114.26190098291731 0.51781442363293 -0.18935015334045802 -0.8343236878929525 26.18479445229412
-0.8043978196608481 0.22401088920380366 -0.550295287234448 595.9458163430895 0.2911020128777064 0.956028580816856 -0.03635085387037886 -114.26597156775384 0.517963323296257 -0.1894178337625532 -0.834215836491735 26.105024184292702
-0.8043675186316146 0.2239613054493916 -0.5503611730128459 595.898019273336 0.2910576271553509 0.956042681784229 -0.03634631382571922 -114.27018351750547 0.5180364801096077 -0.1894078182924315 -0.8341732854280041 26.028331001801718
-0.8042928109993991 0.223939405783074 -0.5504784739445677 595.8543109037128 0.29103508761142866 0.9560509510729608 -0.036300286455019516 -114.27347477494611 0.518164459244387 -0.18939008488781178 -0.8340977532727282 25.959499224840656
-0.8042803092007562 0.22386732037360985 -0.5505269536141765 595.8159515431055 0.29086268608028515 0.9561098838101049 -0.036140718309039706 -114.27567731360791 0.5182811614605092 -0.1891803456610715 -0.8340729848838646 25.898477454416973
-0.8042630048221694 0.22378524450757284 -0.5505856025430244 595.7834784608086 0.29075924328989383 0.9561426366302861 -0.03610599904397459 -114.27814671470043 0.5183658410633863 -0.18911193732047857 -0.8340359193726091 25.845882674286027
